/usr/local/lib/python3.12/site-packages/yfinance/scrapers/history.py:204: Pandas4Warning: Timestamp.utcnow is deprecated and will be removed in a future version. Use Timestamp.now('UTC') instead.
  dt_now = pd.Timestamp.utcnow()
/usr/local/lib/python3.12/site-packages/yfinance/scrapers/history.py:204: Pandas4Warning: Timestamp.utcnow is deprecated and will be removed in a future version. Use Timestamp.now('UTC') instead.
  dt_now = pd.Timestamp.utcnow()
/usr/local/lib/python3.12/site-packages/yfinance/scrapers/history.py:204: Pandas4Warning: Timestamp.utcnow is deprecated and will be removed in a future version. Use Timestamp.now('UTC') instead.
  dt_now = pd.Timestamp.utcnow()
/usr/local/lib/python3.12/site-packages/yfinance/scrapers/history.py:204: Pandas4Warning: Timestamp.utcnow is deprecated and will be removed in a future version. Use Timestamp.now('UTC') instead.
  dt_now = pd.Timestamp.utcnow()
{"event": "batch_inserted", "batch_index": 1, "attempt": 1, "symbols": ["NVDA", "GOOGL", "GOOG", "AAPL", "MSFT", "AMZN", "AVGO", "TSLA", "META", "MU"], "fetched_bars": 60, "inserted_bars": 60, "no_data_symbols": [], "failed_symbols": []}
/usr/local/lib/python3.12/site-packages/yfinance/scrapers/history.py:204: Pandas4Warning: Timestamp.utcnow is deprecated and will be removed in a future version. Use Timestamp.now('UTC') instead.
  dt_now = pd.Timestamp.utcnow()
/usr/local/lib/python3.12/site-packages/yfinance/scrapers/quote.py:700: Pandas4Warning: Timestamp.utcnow is deprecated and will be removed in a future version. Use Timestamp.now('UTC') instead.
  start = pd.Timestamp.utcnow().floor("D") - datetime.timedelta(days=365 // 2)
/usr/local/lib/python3.12/site-packages/yfinance/scrapers/quote.py:702: Pandas4Warning: Timestamp.utcnow is deprecated and will be removed in a future version. Use Timestamp.now('UTC') instead.
  end = pd.Timestamp.utcnow().ceil("D")

1 Failed download:
['BRK.B']: YFTzMissingError('possibly delisted; no timezone found')
{"event": "batch_inserted", "batch_index": 2, "attempt": 1, "symbols": ["LLY", "BRK.B", "WMT", "JPM", "AMD", "INTC", "XOM", "V", "JNJ", "ORCL"], "fetched_bars": 54, "inserted_bars": 54, "no_data_symbols": ["BRK.B"], "failed_symbols": []}
/usr/local/lib/python3.12/site-packages/yfinance/scrapers/quote.py:700: Pandas4Warning: Timestamp.utcnow is deprecated and will be removed in a future version. Use Timestamp.now('UTC') instead.
  start = pd.Timestamp.utcnow().floor("D") - datetime.timedelta(days=365 // 2)
/usr/local/lib/python3.12/site-packages/yfinance/scrapers/quote.py:702: Pandas4Warning: Timestamp.utcnow is deprecated and will be removed in a future version. Use Timestamp.now('UTC') instead.
  end = pd.Timestamp.utcnow().ceil("D")

1 Failed download:
['BRK.B']: YFTzMissingError('possibly delisted; no timezone found')
{"event": "symbol_inserted", "symbol": "BRK.B", "attempt": 1, "fetched_bars": 0, "inserted_bars": 0, "no_data_symbols": ["BRK.B"], "failed_symbols": []}
/usr/local/lib/python3.12/site-packages/yfinance/scrapers/history.py:204: Pandas4Warning: Timestamp.utcnow is deprecated and will be removed in a future version. Use Timestamp.now('UTC') instead.
  dt_now = pd.Timestamp.utcnow()
/usr/local/lib/python3.12/site-packages/yfinance/scrapers/history.py:204: Pandas4Warning: Timestamp.utcnow is deprecated and will be removed in a future version. Use Timestamp.now('UTC') instead.
  dt_now = pd.Timestamp.utcnow()
{"event": "batch_inserted", "batch_index": 3, "attempt": 1, "symbols": ["CSCO", "LRCX", "AMAT", "COST", "MA", "CAT", "ABBV", "BAC", "CVX", "UNH"], "fetched_bars": 60, "inserted_bars": 60, "no_data_symbols": [], "failed_symbols": []}
/usr/local/lib/python3.12/site-packages/yfinance/scrapers/history.py:204: Pandas4Warning: Timestamp.utcnow is deprecated and will be removed in a future version. Use Timestamp.now('UTC') instead.
  dt_now = pd.Timestamp.utcnow()
/usr/local/lib/python3.12/site-packages/yfinance/scrapers/history.py:204: Pandas4Warning: Timestamp.utcnow is deprecated and will be removed in a future version. Use Timestamp.now('UTC') instead.
  dt_now = pd.Timestamp.utcnow()
{"event": "batch_inserted", "batch_index": 4, "attempt": 1, "symbols": ["KO", "GE", "PG", "NFLX", "MS", "HD", "GS", "PLTR", "MRK", "SNDK"], "fetched_bars": 60, "inserted_bars": 60, "no_data_symbols": [], "failed_symbols": []}
/usr/local/lib/python3.12/site-packages/yfinance/scrapers/history.py:204: Pandas4Warning: Timestamp.utcnow is deprecated and will be removed in a future version. Use Timestamp.now('UTC') instead.
  dt_now = pd.Timestamp.utcnow()
/usr/local/lib/python3.12/site-packages/yfinance/scrapers/history.py:204: Pandas4Warning: Timestamp.utcnow is deprecated and will be removed in a future version. Use Timestamp.now('UTC') instead.
  dt_now = pd.Timestamp.utcnow()
/usr/local/lib/python3.12/site-packages/yfinance/scrapers/history.py:204: Pandas4Warning: Timestamp.utcnow is deprecated and will be removed in a future version. Use Timestamp.now('UTC') instead.
  dt_now = pd.Timestamp.utcnow()
{"event": "batch_inserted", "batch_index": 5, "attempt": 1, "symbols": ["PM", "TXN", "DELL", "WFC", "IBM", "GEV", "RTX", "MRVL", "LIN", "C"], "fetched_bars": 60, "inserted_bars": 60, "no_data_symbols": [], "failed_symbols": []}
/usr/local/lib/python3.12/site-packages/yfinance/scrapers/history.py:204: Pandas4Warning: Timestamp.utcnow is deprecated and will be removed in a future version. Use Timestamp.now('UTC') instead.
  dt_now = pd.Timestamp.utcnow()
/usr/local/lib/python3.12/site-packages/yfinance/scrapers/history.py:204: Pandas4Warning: Timestamp.utcnow is deprecated and will be removed in a future version. Use Timestamp.now('UTC') instead.
  dt_now = pd.Timestamp.utcnow()
{"event": "batch_inserted", "batch_index": 6, "attempt": 1, "symbols": ["PANW", "QCOM", "AXP", "ANET", "TMUS", "ADI", "MCD", "VZ", "PEP", "WDC"], "fetched_bars": 60, "inserted_bars": 60, "no_data_symbols": [], "failed_symbols": []}
/usr/local/lib/python3.12/site-packages/yfinance/scrapers/history.py:204: Pandas4Warning: Timestamp.utcnow is deprecated and will be removed in a future version. Use Timestamp.now('UTC') instead.
  dt_now = pd.Timestamp.utcnow()
{"event": "batch_inserted", "batch_index": 7, "attempt": 1, "symbols": ["AMGN", "APH", "TJX", "NEE", "TMO", "CRWD", "DIS", "BA", "BLK", "APP"], "fetched_bars": 60, "inserted_bars": 60, "no_data_symbols": [], "failed_symbols": []}
/usr/local/lib/python3.12/site-packages/yfinance/scrapers/history.py:204: Pandas4Warning: Timestamp.utcnow is deprecated and will be removed in a future version. Use Timestamp.now('UTC') instead.
  dt_now = pd.Timestamp.utcnow()
{"event": "batch_inserted", "batch_index": 8, "attempt": 1, "symbols": ["T", "UNP", "SCHW", "SCCO", "DE", "GILD", "GLW", "IBKR", "ABT", "ETN"], "fetched_bars": 60, "inserted_bars": 60, "no_data_symbols": [], "failed_symbols": []}
/usr/local/lib/python3.12/site-packages/yfinance/scrapers/history.py:204: Pandas4Warning: Timestamp.utcnow is deprecated and will be removed in a future version. Use Timestamp.now('UTC') instead.
  dt_now = pd.Timestamp.utcnow()
/usr/local/lib/python3.12/site-packages/yfinance/scrapers/history.py:204: Pandas4Warning: Timestamp.utcnow is deprecated and will be removed in a future version. Use Timestamp.now('UTC') instead.
  dt_now = pd.Timestamp.utcnow()
/usr/local/lib/python3.12/site-packages/yfinance/scrapers/history.py:204: Pandas4Warning: Timestamp.utcnow is deprecated and will be removed in a future version. Use Timestamp.now('UTC') instead.
  dt_now = pd.Timestamp.utcnow()
{"event": "batch_inserted", "batch_index": 9, "attempt": 1, "symbols": ["WELL", "PFE", "BX", "ISRG", "COP", "UBER", "HON", "PLD", "CRM", "CVS"], "fetched_bars": 60, "inserted_bars": 60, "no_data_symbols": [], "failed_symbols": []}
/usr/local/lib/python3.12/site-packages/yfinance/scrapers/history.py:204: Pandas4Warning: Timestamp.utcnow is deprecated and will be removed in a future version. Use Timestamp.now('UTC') instead.
  dt_now = pd.Timestamp.utcnow()
/usr/local/lib/python3.12/site-packages/yfinance/scrapers/history.py:204: Pandas4Warning: Timestamp.utcnow is deprecated and will be removed in a future version. Use Timestamp.now('UTC') instead.
  dt_now = pd.Timestamp.utcnow()
{"event": "batch_inserted", "batch_index": 10, "attempt": 1, "symbols": ["BKNG", "DHR", "CB", "LMT", "SPGI", "LOW", "MO", "SYK", "PGR", "SBUX"], "fetched_bars": 60, "inserted_bars": 60, "no_data_symbols": [], "failed_symbols": []}
/usr/local/lib/python3.12/site-packages/yfinance/scrapers/history.py:204: Pandas4Warning: Timestamp.utcnow is deprecated and will be removed in a future version. Use Timestamp.now('UTC') instead.
  dt_now = pd.Timestamp.utcnow()
/usr/local/lib/python3.12/site-packages/yfinance/scrapers/history.py:204: Pandas4Warning: Timestamp.utcnow is deprecated and will be removed in a future version. Use Timestamp.now('UTC') instead.
  dt_now = pd.Timestamp.utcnow()
{"event": "batch_inserted", "batch_index": 11, "attempt": 1, "symbols": ["BMY", "VRT", "COF", "PH", "VRTX", "FTNT", "NEM", "PWR", "CDNS", "MAR"], "fetched_bars": 60, "inserted_bars": 60, "no_data_symbols": [], "failed_symbols": []}
/usr/local/lib/python3.12/site-packages/yfinance/scrapers/history.py:204: Pandas4Warning: Timestamp.utcnow is deprecated and will be removed in a future version. Use Timestamp.now('UTC') instead.
  dt_now = pd.Timestamp.utcnow()
/usr/local/lib/python3.12/site-packages/yfinance/scrapers/history.py:204: Pandas4Warning: Timestamp.utcnow is deprecated and will be removed in a future version. Use Timestamp.now('UTC') instead.
  dt_now = pd.Timestamp.utcnow()
{"event": "batch_inserted", "batch_index": 12, "attempt": 1, "symbols": ["SO", "HWM", "NOW", "ACN", "EQIX", "MDT", "TT", "SPOT", "FCX", "CME"], "fetched_bars": 60, "inserted_bars": 60, "no_data_symbols": [], "failed_symbols": []}
/usr/local/lib/python3.12/site-packages/yfinance/scrapers/history.py:204: Pandas4Warning: Timestamp.utcnow is deprecated and will be removed in a future version. Use Timestamp.now('UTC') instead.
  dt_now = pd.Timestamp.utcnow()
{"event": "batch_inserted", "batch_index": 13, "attempt": 1, "symbols": ["DUK", "GD", "PNC", "MCK", "UPS", "CEG", "USB", "CMI", "MNST", "ADP"], "fetched_bars": 60, "inserted_bars": 60, "no_data_symbols": [], "failed_symbols": []}
/usr/local/lib/python3.12/site-packages/yfinance/scrapers/history.py:204: Pandas4Warning: Timestamp.utcnow is deprecated and will be removed in a future version. Use Timestamp.now('UTC') instead.
  dt_now = pd.Timestamp.utcnow()
/usr/local/lib/python3.12/site-packages/yfinance/scrapers/history.py:204: Pandas4Warning: Timestamp.utcnow is deprecated and will be removed in a future version. Use Timestamp.now('UTC') instead.
  dt_now = pd.Timestamp.utcnow()
{"event": "batch_inserted", "batch_index": 14, "attempt": 1, "symbols": ["JCI", "CSX", "WMB", "WM", "ELV", "CMCSA", "AMT", "SNPS", "KKR", "HCA"], "fetched_bars": 60, "inserted_bars": 60, "no_data_symbols": [], "failed_symbols": []}
/usr/local/lib/python3.12/site-packages/yfinance/scrapers/history.py:204: Pandas4Warning: Timestamp.utcnow is deprecated and will be removed in a future version. Use Timestamp.now('UTC') instead.
  dt_now = pd.Timestamp.utcnow()
{"event": "batch_inserted", "batch_index": 15, "attempt": 1, "symbols": ["SLB", "HOOD", "MMM", "ADBE", "DDOG", "MRSH", "MDLZ", "NET", "FDX", "SNOW"], "fetched_bars": 60, "inserted_bars": 60, "no_data_symbols": [], "failed_symbols": []}
/usr/local/lib/python3.12/site-packages/yfinance/scrapers/history.py:204: Pandas4Warning: Timestamp.utcnow is deprecated and will be removed in a future version. Use Timestamp.now('UTC') instead.
  dt_now = pd.Timestamp.utcnow()
/usr/local/lib/python3.12/site-packages/yfinance/scrapers/history.py:204: Pandas4Warning: Timestamp.utcnow is deprecated and will be removed in a future version. Use Timestamp.now('UTC') instead.
  dt_now = pd.Timestamp.utcnow()
{"event": "batch_inserted", "batch_index": 16, "attempt": 1, "symbols": ["EMR", "ICE", "RCL", "CI", "HLT", "ABNB", "SHW", "MCO", "NOC", "MPWR"], "fetched_bars": 60, "inserted_bars": 60, "no_data_symbols": [], "failed_symbols": []}
/usr/local/lib/python3.12/site-packages/yfinance/scrapers/history.py:204: Pandas4Warning: Timestamp.utcnow is deprecated and will be removed in a future version. Use Timestamp.now('UTC') instead.
  dt_now = pd.Timestamp.utcnow()
/usr/local/lib/python3.12/site-packages/yfinance/scrapers/history.py:204: Pandas4Warning: Timestamp.utcnow is deprecated and will be removed in a future version. Use Timestamp.now('UTC') instead.
  dt_now = pd.Timestamp.utcnow()
{"event": "batch_inserted", "batch_index": 17, "attempt": 1, "symbols": ["ROST", "BAM", "APO", "MPC", "VLO", "CRH", "INTU", "ORLY", "COHR", "ECL"], "fetched_bars": 60, "inserted_bars": 60, "no_data_symbols": [], "failed_symbols": []}
/usr/local/lib/python3.12/site-packages/yfinance/scrapers/history.py:204: Pandas4Warning: Timestamp.utcnow is deprecated and will be removed in a future version. Use Timestamp.now('UTC') instead.
  dt_now = pd.Timestamp.utcnow()
/usr/local/lib/python3.12/site-packages/yfinance/scrapers/history.py:204: Pandas4Warning: Timestamp.utcnow is deprecated and will be removed in a future version. Use Timestamp.now('UTC') instead.
  dt_now = pd.Timestamp.utcnow()
{"event": "batch_inserted", "batch_index": 18, "attempt": 1, "symbols": ["ITW", "BE", "GM", "AEP", "EOG", "PSX", "LITE", "AON", "CL", "KMI"], "fetched_bars": 60, "inserted_bars": 60, "no_data_symbols": [], "failed_symbols": []}
/usr/local/lib/python3.12/site-packages/yfinance/scrapers/history.py:204: Pandas4Warning: Timestamp.utcnow is deprecated and will be removed in a future version. Use Timestamp.now('UTC') instead.
  dt_now = pd.Timestamp.utcnow()
{"event": "batch_inserted", "batch_index": 19, "attempt": 1, "symbols": ["SPG", "CTAS", "NSC", "CVNA", "TDG", "BSX", "MSI", "WBD", "URI", "NKE"], "fetched_bars": 60, "inserted_bars": 60, "no_data_symbols": [], "failed_symbols": []}
/usr/local/lib/python3.12/site-packages/yfinance/scrapers/history.py:204: Pandas4Warning: Timestamp.utcnow is deprecated and will be removed in a future version. Use Timestamp.now('UTC') instead.
  dt_now = pd.Timestamp.utcnow()
{"event": "batch_inserted", "batch_index": 20, "attempt": 1, "symbols": ["FIX", "DASH", "TRV", "DLR", "RSG", "TFC", "REGN", "HPE", "TER", "CIEN"], "fetched_bars": 60, "inserted_bars": 60, "no_data_symbols": [], "failed_symbols": []}
/usr/local/lib/python3.12/site-packages/yfinance/scrapers/history.py:204: Pandas4Warning: Timestamp.utcnow is deprecated and will be removed in a future version. Use Timestamp.now('UTC') instead.
  dt_now = pd.Timestamp.utcnow()
{"event": "batch_inserted", "batch_index": 21, "attempt": 1, "symbols": ["ALAB", "APD", "BKR", "PCAR", "GWW", "TGT", "NUE", "SRE", "KEYS", "AFL"], "fetched_bars": 60, "inserted_bars": 60, "no_data_symbols": [], "failed_symbols": []}
/usr/local/lib/python3.12/site-packages/yfinance/scrapers/history.py:204: Pandas4Warning: Timestamp.utcnow is deprecated and will be removed in a future version. Use Timestamp.now('UTC') instead.
  dt_now = pd.Timestamp.utcnow()
{"event": "batch_inserted", "batch_index": 22, "attempt": 1, "symbols": ["D", "RKLB", "NU", "F", "TRGP", "O", "CARR", "LHX", "PSA", "MET"], "fetched_bars": 60, "inserted_bars": 60, "no_data_symbols": [], "failed_symbols": []}
/usr/local/lib/python3.12/site-packages/yfinance/scrapers/history.py:204: Pandas4Warning: Timestamp.utcnow is deprecated and will be removed in a future version. Use Timestamp.now('UTC') instead.
  dt_now = pd.Timestamp.utcnow()
/usr/local/lib/python3.12/site-packages/yfinance/scrapers/history.py:204: Pandas4Warning: Timestamp.utcnow is deprecated and will be removed in a future version. Use Timestamp.now('UTC') instead.
  dt_now = pd.Timestamp.utcnow()
{"event": "batch_inserted", "batch_index": 23, "attempt": 1, "symbols": ["OKE", "ALL", "AJG", "OXY", "FLEX", "COR", "DAL", "FANG", "FAST", "CAH"], "fetched_bars": 60, "inserted_bars": 60, "no_data_symbols": [], "failed_symbols": []}
/usr/local/lib/python3.12/site-packages/yfinance/scrapers/history.py:204: Pandas4Warning: Timestamp.utcnow is deprecated and will be removed in a future version. Use Timestamp.now('UTC') instead.
  dt_now = pd.Timestamp.utcnow()

1 Failed download:
['EA']: YFPricesMissingError('possibly delisted; no price data found  (1d 2026-09-03 -> 2026-09-14)')
{"event": "batch_inserted", "batch_index": 24, "attempt": 1, "symbols": ["DVN", "AZO", "AME", "MCHP", "ROK", "ODFL", "EA", "CTVA", "ETR", "LNG"], "fetched_bars": 54, "inserted_bars": 54, "no_data_symbols": ["EA"], "failed_symbols": []}
/usr/local/lib/python3.12/site-packages/yfinance/scrapers/history.py:204: Pandas4Warning: Timestamp.utcnow is deprecated and will be removed in a future version. Use Timestamp.now('UTC') instead.
  dt_now = pd.Timestamp.utcnow()

1 Failed download:
['EA']: YFPricesMissingError('possibly delisted; no price data found  (1d 2026-09-03 -> 2026-09-14)')
{"event": "symbol_inserted", "symbol": "EA", "attempt": 1, "fetched_bars": 0, "inserted_bars": 0, "no_data_symbols": ["EA"], "failed_symbols": []}
/usr/local/lib/python3.12/site-packages/yfinance/scrapers/history.py:204: Pandas4Warning: Timestamp.utcnow is deprecated and will be removed in a future version. Use Timestamp.now('UTC') instead.
  dt_now = pd.Timestamp.utcnow()
{"event": "batch_inserted", "batch_index": 25, "attempt": 1, "symbols": ["NDAQ", "VST", "FITB", "XEL", "EW", "EBAY", "MDLN", "EXC", "STT", "HEI"], "fetched_bars": 60, "inserted_bars": 60, "no_data_symbols": [], "failed_symbols": []}
/usr/local/lib/python3.12/site-packages/yfinance/scrapers/history.py:204: Pandas4Warning: Timestamp.utcnow is deprecated and will be removed in a future version. Use Timestamp.now('UTC') instead.
  dt_now = pd.Timestamp.utcnow()
{"event": "batch_inserted", "batch_index": 26, "attempt": 1, "symbols": ["CRDO", "GRMN", "ON", "HUM", "WAB", "GFS", "FERG", "ARES", "MSTR", "IDXX"], "fetched_bars": 60, "inserted_bars": 60, "no_data_symbols": [], "failed_symbols": []}
/usr/local/lib/python3.12/site-packages/yfinance/scrapers/history.py:204: Pandas4Warning: Timestamp.utcnow is deprecated and will be removed in a future version. Use Timestamp.now('UTC') instead.
  dt_now = pd.Timestamp.utcnow()
{"event": "batch_inserted", "batch_index": 27, "attempt": 1, "symbols": ["DHI", "AU", "MSCI", "KDP", "YUM", "COIN", "ADSK", "XYZ", "CMG", "AMP"], "fetched_bars": 60, "inserted_bars": 60, "no_data_symbols": [], "failed_symbols": []}
/usr/local/lib/python3.12/site-packages/yfinance/scrapers/history.py:204: Pandas4Warning: Timestamp.utcnow is deprecated and will be removed in a future version. Use Timestamp.now('UTC') instead.
  dt_now = pd.Timestamp.utcnow()
/usr/local/lib/python3.12/site-packages/yfinance/scrapers/history.py:204: Pandas4Warning: Timestamp.utcnow is deprecated and will be removed in a future version. Use Timestamp.now('UTC') instead.
  dt_now = pd.Timestamp.utcnow()
{"event": "batch_inserted", "batch_index": 28, "attempt": 1, "symbols": ["VIK", "VTR", "STLD", "JBL", "BDX", "CCI", "AIG", "LYV", "KR", "PEG"], "fetched_bars": 60, "inserted_bars": 60, "no_data_symbols": [], "failed_symbols": []}
/usr/local/lib/python3.12/site-packages/yfinance/scrapers/history.py:204: Pandas4Warning: Timestamp.utcnow is deprecated and will be removed in a future version. Use Timestamp.now('UTC') instead.
  dt_now = pd.Timestamp.utcnow()
{"event": "batch_inserted", "batch_index": 29, "attempt": 1, "symbols": ["ED", "TTWO", "CBRE", "TKO", "ADM", "BBT", "SYY", "IRM", "ALNY", "PRU"], "fetched_bars": 60, "inserted_bars": 60, "no_data_symbols": [], "failed_symbols": []}
/usr/local/lib/python3.12/site-packages/yfinance/scrapers/history.py:204: Pandas4Warning: Timestamp.utcnow is deprecated and will be removed in a future version. Use Timestamp.now('UTC') instead.
  dt_now = pd.Timestamp.utcnow()
/usr/local/lib/python3.12/site-packages/yfinance/scrapers/history.py:204: Pandas4Warning: Timestamp.utcnow is deprecated and will be removed in a future version. Use Timestamp.now('UTC') instead.
  dt_now = pd.Timestamp.utcnow()
{"event": "batch_inserted", "batch_index": 30, "attempt": 1, "symbols": ["UAL", "PCG", "VMC", "RKT", "WEC", "HSY", "A", "PYPL", "EME", "CCL"], "fetched_bars": 60, "inserted_bars": 60, "no_data_symbols": [], "failed_symbols": []}
/usr/local/lib/python3.12/site-packages/yfinance/scrapers/history.py:204: Pandas4Warning: Timestamp.utcnow is deprecated and will be removed in a future version. Use Timestamp.now('UTC') instead.
  dt_now = pd.Timestamp.utcnow()

1 Failed download:
['HEI.A']: YFTzMissingError('possibly delisted; no timezone found')
{"event": "batch_inserted", "batch_index": 31, "attempt": 1, "symbols": ["PAYX", "UI", "AXON", "HIG", "HBAN", "WAT", "KVUE", "MLM", "HEI.A", "MTB"], "fetched_bars": 54, "inserted_bars": 54, "no_data_symbols": ["HEI.A"], "failed_symbols": []}

1 Failed download:
['HEI.A']: YFTzMissingError('possibly delisted; no timezone found')
{"event": "symbol_inserted", "symbol": "HEI.A", "attempt": 1, "fetched_bars": 0, "inserted_bars": 0, "no_data_symbols": ["HEI.A"], "failed_symbols": []}
/usr/local/lib/python3.12/site-packages/yfinance/scrapers/history.py:204: Pandas4Warning: Timestamp.utcnow is deprecated and will be removed in a future version. Use Timestamp.now('UTC') instead.
  dt_now = pd.Timestamp.utcnow()

1 Failed download:
['SATS']: YFTzMissingError('possibly delisted; no timezone found')
{"event": "batch_inserted", "batch_index": 32, "attempt": 1, "symbols": ["KMB", "ROP", "LVS", "ZTS", "KLAC", "CASY", "HAL", "SATS", "RVMD", "WDAY"], "fetched_bars": 54, "inserted_bars": 54, "no_data_symbols": ["SATS"], "failed_symbols": []}

1 Failed download:
['SATS']: YFTzMissingError('possibly delisted; no timezone found')
{"event": "symbol_inserted", "symbol": "SATS", "attempt": 1, "fetched_bars": 0, "inserted_bars": 0, "no_data_symbols": ["SATS"], "failed_symbols": []}
/usr/local/lib/python3.12/site-packages/yfinance/scrapers/history.py:204: Pandas4Warning: Timestamp.utcnow is deprecated and will be removed in a future version. Use Timestamp.now('UTC') instead.
  dt_now = pd.Timestamp.utcnow()
{"event": "batch_inserted", "batch_index": 33, "attempt": 1, "symbols": ["EQT", "EL", "NTRS", "CNC", "ACGL", "ASTS", "NTAP", "EXR", "RPRX", "Q"], "fetched_bars": 60, "inserted_bars": 60, "no_data_symbols": [], "failed_symbols": []}
/usr/local/lib/python3.12/site-packages/yfinance/scrapers/history.py:204: Pandas4Warning: Timestamp.utcnow is deprecated and will be removed in a future version. Use Timestamp.now('UTC') instead.
  dt_now = pd.Timestamp.utcnow()
{"event": "batch_inserted", "batch_index": 34, "attempt": 1, "symbols": ["RDDT", "VICI", "RBLX", "TWLO", "CBOE", "DTE", "NTRA", "IQV", "CPNG", "AEE"], "fetched_bars": 60, "inserted_bars": 60, "no_data_symbols": [], "failed_symbols": []}
/usr/local/lib/python3.12/site-packages/yfinance/scrapers/history.py:204: Pandas4Warning: Timestamp.utcnow is deprecated and will be removed in a future version. Use Timestamp.now('UTC') instead.
  dt_now = pd.Timestamp.utcnow()
/usr/local/lib/python3.12/site-packages/yfinance/scrapers/history.py:204: Pandas4Warning: Timestamp.utcnow is deprecated and will be removed in a future version. Use Timestamp.now('UTC') instead.
  dt_now = pd.Timestamp.utcnow()
/usr/local/lib/python3.12/site-packages/yfinance/scrapers/history.py:204: Pandas4Warning: Timestamp.utcnow is deprecated and will be removed in a future version. Use Timestamp.now('UTC') instead.
  dt_now = pd.Timestamp.utcnow()
{"event": "batch_inserted", "batch_index": 35, "attempt": 1, "symbols": ["RJF", "TPR", "GEHC", "BIIB", "DOV", "DXCM", "TDY", "MTSI", "IR", "KHC"], "fetched_bars": 60, "inserted_bars": 60, "no_data_symbols": [], "failed_symbols": []}
/usr/local/lib/python3.12/site-packages/yfinance/scrapers/history.py:204: Pandas4Warning: Timestamp.utcnow is deprecated and will be removed in a future version. Use Timestamp.now('UTC') instead.
  dt_now = pd.Timestamp.utcnow()
/usr/local/lib/python3.12/site-packages/yfinance/scrapers/history.py:204: Pandas4Warning: Timestamp.utcnow is deprecated and will be removed in a future version. Use Timestamp.now('UTC') instead.
  dt_now = pd.Timestamp.utcnow()
{"event": "batch_inserted", "batch_index": 36, "attempt": 1, "symbols": ["FSLR", "MTZ", "FISV", "CFG", "CPRT", "ATO", "RMD", "FTI", "EIX", "CNP"], "fetched_bars": 60, "inserted_bars": 60, "no_data_symbols": [], "failed_symbols": []}
/usr/local/lib/python3.12/site-packages/yfinance/scrapers/history.py:204: Pandas4Warning: Timestamp.utcnow is deprecated and will be removed in a future version. Use Timestamp.now('UTC') instead.
  dt_now = pd.Timestamp.utcnow()
/usr/local/lib/python3.12/site-packages/yfinance/scrapers/history.py:204: Pandas4Warning: Timestamp.utcnow is deprecated and will be removed in a future version. Use Timestamp.now('UTC') instead.
  dt_now = pd.Timestamp.utcnow()
/usr/local/lib/python3.12/site-packages/yfinance/scrapers/history.py:204: Pandas4Warning: Timestamp.utcnow is deprecated and will be removed in a future version. Use Timestamp.now('UTC') instead.
  dt_now = pd.Timestamp.utcnow()
{"event": "batch_inserted", "batch_index": 37, "attempt": 1, "symbols": ["CW", "CRS", "FOXA", "ZM", "MDB", "FICO", "JBHT", "FE", "OTIS", "ATI"], "fetched_bars": 60, "inserted_bars": 60, "no_data_symbols": [], "failed_symbols": []}
/usr/local/lib/python3.12/site-packages/yfinance/scrapers/history.py:204: Pandas4Warning: Timestamp.utcnow is deprecated and will be removed in a future version. Use Timestamp.now('UTC') instead.
  dt_now = pd.Timestamp.utcnow()

1 Failed download:
['AVB']: YFPricesMissingError('possibly delisted; no price data found  (1d 2026-09-03 -> 2026-09-14)')
{"event": "batch_inserted", "batch_index": 38, "attempt": 1, "symbols": ["EXPE", "PPL", "NVT", "XPO", "PPG", "AVB", "NRG", "STRL", "WSM", "XYL"], "fetched_bars": 54, "inserted_bars": 54, "no_data_symbols": ["AVB"], "failed_symbols": []}
/usr/local/lib/python3.12/site-packages/yfinance/scrapers/history.py:204: Pandas4Warning: Timestamp.utcnow is deprecated and will be removed in a future version. Use Timestamp.now('UTC') instead.
  dt_now = pd.Timestamp.utcnow()

1 Failed download:
['AVB']: YFPricesMissingError('possibly delisted; no price data found  (1d 2026-09-03 -> 2026-09-14)')
{"event": "symbol_inserted", "symbol": "AVB", "attempt": 1, "fetched_bars": 0, "inserted_bars": 0, "no_data_symbols": ["AVB"], "failed_symbols": []}
/usr/local/lib/python3.12/site-packages/yfinance/scrapers/history.py:204: Pandas4Warning: Timestamp.utcnow is deprecated and will be removed in a future version. Use Timestamp.now('UTC') instead.
  dt_now = pd.Timestamp.utcnow()
/usr/local/lib/python3.12/site-packages/yfinance/scrapers/history.py:204: Pandas4Warning: Timestamp.utcnow is deprecated and will be removed in a future version. Use Timestamp.now('UTC') instead.
  dt_now = pd.Timestamp.utcnow()
{"event": "batch_inserted", "batch_index": 39, "attempt": 1, "symbols": ["CINF", "TPL", "VEEV", "QSR", "ES", "STZ", "VRSN", "WRB", "DG", "LLYVK"], "fetched_bars": 60, "inserted_bars": 60, "no_data_symbols": [], "failed_symbols": []}
/usr/local/lib/python3.12/site-packages/yfinance/scrapers/history.py:204: Pandas4Warning: Timestamp.utcnow is deprecated and will be removed in a future version. Use Timestamp.now('UTC') instead.
  dt_now = pd.Timestamp.utcnow()

1 Failed download:
['EQR']: YFPricesMissingError('possibly delisted; no price data found  (1d 2026-09-03 -> 2026-09-14)')
{"event": "batch_inserted", "batch_index": 40, "attempt": 1, "symbols": ["EQR", "HUBB", "RF", "FTAI", "WTW", "FOX", "CTSH", "SYF", "BG", "AWK"], "fetched_bars": 54, "inserted_bars": 54, "no_data_symbols": ["EQR"], "failed_symbols": []}
/usr/local/lib/python3.12/site-packages/yfinance/scrapers/history.py:204: Pandas4Warning: Timestamp.utcnow is deprecated and will be removed in a future version. Use Timestamp.now('UTC') instead.
  dt_now = pd.Timestamp.utcnow()

1 Failed download:
['EQR']: YFPricesMissingError('possibly delisted; no price data found  (1d 2026-09-03 -> 2026-09-14)')
{"event": "symbol_inserted", "symbol": "EQR", "attempt": 1, "fetched_bars": 0, "inserted_bars": 0, "no_data_symbols": ["EQR"], "failed_symbols": []}
/usr/local/lib/python3.12/site-packages/yfinance/scrapers/history.py:204: Pandas4Warning: Timestamp.utcnow is deprecated and will be removed in a future version. Use Timestamp.now('UTC') instead.
  dt_now = pd.Timestamp.utcnow()
{"event": "batch_inserted", "batch_index": 41, "attempt": 1, "symbols": ["KEY", "RL", "FCNCA", "DOW", "ILMN", "LLYVA", "DRI", "VRSK", "MKSI", "P"], "fetched_bars": 60, "inserted_bars": 60, "no_data_symbols": [], "failed_symbols": []}
/usr/local/lib/python3.12/site-packages/yfinance/scrapers/history.py:204: Pandas4Warning: Timestamp.utcnow is deprecated and will be removed in a future version. Use Timestamp.now('UTC') instead.
  dt_now = pd.Timestamp.utcnow()
/usr/local/lib/python3.12/site-packages/yfinance/scrapers/history.py:204: Pandas4Warning: Timestamp.utcnow is deprecated and will be removed in a future version. Use Timestamp.now('UTC') instead.
  dt_now = pd.Timestamp.utcnow()
{"event": "batch_inserted", "batch_index": 42, "attempt": 1, "symbols": ["PFG", "LPLA", "TROW", "PHM", "CPAY", "WST", "UTHR", "CHD", "MKL", "HPQ"], "fetched_bars": 60, "inserted_bars": 60, "no_data_symbols": [], "failed_symbols": []}
/usr/local/lib/python3.12/site-packages/yfinance/scrapers/history.py:204: Pandas4Warning: Timestamp.utcnow is deprecated and will be removed in a future version. Use Timestamp.now('UTC') instead.
  dt_now = pd.Timestamp.utcnow()
{"event": "batch_inserted", "batch_index": 43, "attempt": 1, "symbols": ["WWD", "ENTG", "MTD", "CHRW", "CMS", "ROL", "SW", "NI", "SNX", "DGX"], "fetched_bars": 60, "inserted_bars": 60, "no_data_symbols": [], "failed_symbols": []}
/usr/local/lib/python3.12/site-packages/yfinance/scrapers/history.py:204: Pandas4Warning: Timestamp.utcnow is deprecated and will be removed in a future version. Use Timestamp.now('UTC') instead.
  dt_now = pd.Timestamp.utcnow()
/usr/local/lib/python3.12/site-packages/yfinance/scrapers/history.py:204: Pandas4Warning: Timestamp.utcnow is deprecated and will be removed in a future version. Use Timestamp.now('UTC') instead.
  dt_now = pd.Timestamp.utcnow()
{"event": "batch_inserted", "batch_index": 44, "attempt": 1, "symbols": ["TEAM", "FFIV", "FWONK", "L", "LEN", "LUV", "AFRM", "DLTR", "FN", "OMC"], "fetched_bars": 60, "inserted_bars": 60, "no_data_symbols": [], "failed_symbols": []}
/usr/local/lib/python3.12/site-packages/yfinance/scrapers/history.py:204: Pandas4Warning: Timestamp.utcnow is deprecated and will be removed in a future version. Use Timestamp.now('UTC') instead.
  dt_now = pd.Timestamp.utcnow()
/usr/local/lib/python3.12/site-packages/yfinance/scrapers/history.py:204: Pandas4Warning: Timestamp.utcnow is deprecated and will be removed in a future version. Use Timestamp.now('UTC') instead.
  dt_now = pd.Timestamp.utcnow()

1 Failed download:
['LEN.B']: YFPricesMissingError('possibly delisted; no price data found  (1d 2026-09-03 -> 2026-09-14)')
{"event": "batch_inserted", "batch_index": 45, "attempt": 1, "symbols": ["LH", "LEN.B", "EXPD", "SBAC", "INCY", "ROIV", "IONQ", "TW", "RIVN", "BURL"], "fetched_bars": 54, "inserted_bars": 54, "no_data_symbols": ["LEN.B"], "failed_symbols": []}
/usr/local/lib/python3.12/site-packages/yfinance/scrapers/history.py:204: Pandas4Warning: Timestamp.utcnow is deprecated and will be removed in a future version. Use Timestamp.now('UTC') instead.
  dt_now = pd.Timestamp.utcnow()

1 Failed download:
['LEN.B']: YFPricesMissingError('possibly delisted; no price data found  (1d 2026-09-03 -> 2026-09-14)')
{"event": "symbol_inserted", "symbol": "LEN.B", "attempt": 1, "fetched_bars": 0, "inserted_bars": 0, "no_data_symbols": ["LEN.B"], "failed_symbols": []}
/usr/local/lib/python3.12/site-packages/yfinance/scrapers/history.py:204: Pandas4Warning: Timestamp.utcnow is deprecated and will be removed in a future version. Use Timestamp.now('UTC') instead.
  dt_now = pd.Timestamp.utcnow()
{"event": "batch_inserted", "batch_index": 46, "attempt": 1, "symbols": ["SOFI", "EXE", "ROKU", "INSM", "RS", "ZS", "LYB", "AS", "USFD", "FWONA"], "fetched_bars": 60, "inserted_bars": 60, "no_data_symbols": [], "failed_symbols": []}
/usr/local/lib/python3.12/site-packages/yfinance/scrapers/history.py:204: Pandas4Warning: Timestamp.utcnow is deprecated and will be removed in a future version. Use Timestamp.now('UTC') instead.
  dt_now = pd.Timestamp.utcnow()
{"event": "batch_inserted", "batch_index": 47, "attempt": 1, "symbols": ["AMKR", "VLTO", "ULTA", "PKG", "BRO", "FIS", "STE", "TSN", "OKTA", "TTMI"], "fetched_bars": 60, "inserted_bars": 60, "no_data_symbols": [], "failed_symbols": []}
/usr/local/lib/python3.12/site-packages/yfinance/scrapers/history.py:204: Pandas4Warning: Timestamp.utcnow is deprecated and will be removed in a future version. Use Timestamp.now('UTC') instead.
  dt_now = pd.Timestamp.utcnow()
/usr/local/lib/python3.12/site-packages/yfinance/scrapers/history.py:204: Pandas4Warning: Timestamp.utcnow is deprecated and will be removed in a future version. Use Timestamp.now('UTC') instead.
  dt_now = pd.Timestamp.utcnow()
{"event": "batch_inserted", "batch_index": 48, "attempt": 1, "symbols": ["ALB", "SNA", "RBA", "IFF", "MRNA", "LSCC", "DD", "DKS", "IOT", "EFX"], "fetched_bars": 60, "inserted_bars": 60, "no_data_symbols": [], "failed_symbols": []}
/usr/local/lib/python3.12/site-packages/yfinance/scrapers/history.py:204: Pandas4Warning: Timestamp.utcnow is deprecated and will be removed in a future version. Use Timestamp.now('UTC') instead.
  dt_now = pd.Timestamp.utcnow()
{"event": "batch_inserted", "batch_index": 49, "attempt": 1, "symbols": ["AKAM", "CRCL", "EVRG", "SITM", "FLUT", "VTRS", "IP", "RBC", "SN", "LNT"], "fetched_bars": 60, "inserted_bars": 60, "no_data_symbols": [], "failed_symbols": []}
/usr/local/lib/python3.12/site-packages/yfinance/scrapers/history.py:204: Pandas4Warning: Timestamp.utcnow is deprecated and will be removed in a future version. Use Timestamp.now('UTC') instead.
  dt_now = pd.Timestamp.utcnow()
{"event": "batch_inserted", "batch_index": 50, "attempt": 1, "symbols": ["H", "AMCR", "GPN", "GIS", "APG", "FTV", "SMCI", "NXT", "ESS", "EWBC"], "fetched_bars": 60, "inserted_bars": 60, "no_data_symbols": [], "failed_symbols": []}
/usr/local/lib/python3.12/site-packages/yfinance/scrapers/history.py:204: Pandas4Warning: Timestamp.utcnow is deprecated and will be removed in a future version. Use Timestamp.now('UTC') instead.
  dt_now = pd.Timestamp.utcnow()
/usr/local/lib/python3.12/site-packages/yfinance/scrapers/history.py:204: Pandas4Warning: Timestamp.utcnow is deprecated and will be removed in a future version. Use Timestamp.now('UTC') instead.
  dt_now = pd.Timestamp.utcnow()
{"event": "batch_inserted", "batch_index": 51, "attempt": 1, "symbols": ["AA", "CHTR", "WY", "LII", "DOCN", "CDE", "BWXT", "INVH", "RGLD", "KIM"], "fetched_bars": 60, "inserted_bars": 60, "no_data_symbols": [], "failed_symbols": []}
/usr/local/lib/python3.12/site-packages/yfinance/scrapers/history.py:204: Pandas4Warning: Timestamp.utcnow is deprecated and will be removed in a future version. Use Timestamp.now('UTC') instead.
  dt_now = pd.Timestamp.utcnow()
{"event": "batch_inserted", "batch_index": 52, "attempt": 1, "symbols": ["GH", "NVR", "ZBH", "WPC", "HST", "ITT", "WCC", "CDW", "CF", "BR"], "fetched_bars": 60, "inserted_bars": 60, "no_data_symbols": [], "failed_symbols": []}
/usr/local/lib/python3.12/site-packages/yfinance/scrapers/history.py:204: Pandas4Warning: Timestamp.utcnow is deprecated and will be removed in a future version. Use Timestamp.now('UTC') instead.
  dt_now = pd.Timestamp.utcnow()
/usr/local/lib/python3.12/site-packages/yfinance/scrapers/history.py:204: Pandas4Warning: Timestamp.utcnow is deprecated and will be removed in a future version. Use Timestamp.now('UTC') instead.
  dt_now = pd.Timestamp.utcnow()
{"event": "batch_inserted", "batch_index": 53, "attempt": 1, "symbols": ["BEN", "BBY", "TPG", "CG", "TSCO", "TLN", "PFGC", "PR", "SSNC", "IEX"], "fetched_bars": 60, "inserted_bars": 60, "no_data_symbols": [], "failed_symbols": []}
/usr/local/lib/python3.12/site-packages/yfinance/scrapers/history.py:204: Pandas4Warning: Timestamp.utcnow is deprecated and will be removed in a future version. Use Timestamp.now('UTC') instead.
  dt_now = pd.Timestamp.utcnow()
{"event": "batch_inserted", "batch_index": 54, "attempt": 1, "symbols": ["MAA", "OVV", "TXT", "NLY", "ONTO", "NBIX", "NDSN", "NWS", "VNOM", "RMBS"], "fetched_bars": 60, "inserted_bars": 60, "no_data_symbols": [], "failed_symbols": []}
/usr/local/lib/python3.12/site-packages/yfinance/scrapers/history.py:204: Pandas4Warning: Timestamp.utcnow is deprecated and will be removed in a future version. Use Timestamp.now('UTC') instead.
  dt_now = pd.Timestamp.utcnow()
{"event": "batch_inserted", "batch_index": 55, "attempt": 1, "symbols": ["DECK", "TIGO", "LAMR", "SUI", "SMTC", "WSO", "GNRC", "LDOS", "BWA", "MLI"], "fetched_bars": 60, "inserted_bars": 60, "no_data_symbols": [], "failed_symbols": []}
/usr/local/lib/python3.12/site-packages/yfinance/scrapers/history.py:204: Pandas4Warning: Timestamp.utcnow is deprecated and will be removed in a future version. Use Timestamp.now('UTC') instead.
  dt_now = pd.Timestamp.utcnow()
/usr/local/lib/python3.12/site-packages/yfinance/scrapers/history.py:204: Pandas4Warning: Timestamp.utcnow is deprecated and will be removed in a future version. Use Timestamp.now('UTC') instead.
  dt_now = pd.Timestamp.utcnow()
{"event": "batch_inserted", "batch_index": 56, "attempt": 1, "symbols": ["CLH", "SGI", "BALL", "OWL", "THC", "J", "IESC", "MAS", "UNM", "EVR"], "fetched_bars": 60, "inserted_bars": 60, "no_data_symbols": [], "failed_symbols": []}
/usr/local/lib/python3.12/site-packages/yfinance/scrapers/history.py:204: Pandas4Warning: Timestamp.utcnow is deprecated and will be removed in a future version. Use Timestamp.now('UTC') instead.
  dt_now = pd.Timestamp.utcnow()
/usr/local/lib/python3.12/site-packages/yfinance/scrapers/history.py:204: Pandas4Warning: Timestamp.utcnow is deprecated and will be removed in a future version. Use Timestamp.now('UTC') instead.
  dt_now = pd.Timestamp.utcnow()
{"event": "batch_inserted", "batch_index": 57, "attempt": 1, "symbols": ["REG", "GEN", "PNFP", "DTM", "MOD", "JAZZ", "APTV", "TOST", "DKNG", "GPC"], "fetched_bars": 60, "inserted_bars": 60, "no_data_symbols": [], "failed_symbols": []}
/usr/local/lib/python3.12/site-packages/yfinance/scrapers/history.py:204: Pandas4Warning: Timestamp.utcnow is deprecated and will be removed in a future version. Use Timestamp.now('UTC') instead.
  dt_now = pd.Timestamp.utcnow()
/usr/local/lib/python3.12/site-packages/yfinance/scrapers/history.py:204: Pandas4Warning: Timestamp.utcnow is deprecated and will be removed in a future version. Use Timestamp.now('UTC') instead.
  dt_now = pd.Timestamp.utcnow()
{"event": "batch_inserted", "batch_index": 58, "attempt": 1, "symbols": ["ARMK", "DOC", "LECO", "RRX", "DY", "NWSA", "RBRK", "JLL", "CSL", "VICR"], "fetched_bars": 60, "inserted_bars": 60, "no_data_symbols": [], "failed_symbols": []}
/usr/local/lib/python3.12/site-packages/yfinance/scrapers/history.py:204: Pandas4Warning: Timestamp.utcnow is deprecated and will be removed in a future version. Use Timestamp.now('UTC') instead.
  dt_now = pd.Timestamp.utcnow()
{"event": "batch_inserted", "batch_index": 59, "attempt": 1, "symbols": ["RGA", "TOL", "LULU", "SANM", "RPM", "SOLV", "OHI", "HRL", "ALLY", "AAOI"], "fetched_bars": 60, "inserted_bars": 60, "no_data_symbols": [], "failed_symbols": []}
/usr/local/lib/python3.12/site-packages/yfinance/scrapers/history.py:204: Pandas4Warning: Timestamp.utcnow is deprecated and will be removed in a future version. Use Timestamp.now('UTC') instead.
  dt_now = pd.Timestamp.utcnow()
{"event": "batch_inserted", "batch_index": 60, "attempt": 1, "symbols": ["AEIS", "GLPI", "EG", "CSGP", "DVA", "EXEL", "MEDP", "NTNX", "KNX", "COO"], "fetched_bars": 60, "inserted_bars": 60, "no_data_symbols": [], "failed_symbols": []}
/usr/local/lib/python3.12/site-packages/yfinance/scrapers/history.py:204: Pandas4Warning: Timestamp.utcnow is deprecated and will be removed in a future version. Use Timestamp.now('UTC') instead.
  dt_now = pd.Timestamp.utcnow()
/usr/local/lib/python3.12/site-packages/yfinance/scrapers/history.py:204: Pandas4Warning: Timestamp.utcnow is deprecated and will be removed in a future version. Use Timestamp.now('UTC') instead.
  dt_now = pd.Timestamp.utcnow()
{"event": "batch_inserted", "batch_index": 61, "attempt": 1, "symbols": ["SOLS", "VIAV", "MKC", "CNH", "PTC", "AXSM", "CRBG", "APA", "BBIO", "SWK"], "fetched_bars": 60, "inserted_bars": 60, "no_data_symbols": [], "failed_symbols": []}
/usr/local/lib/python3.12/site-packages/yfinance/scrapers/history.py:204: Pandas4Warning: Timestamp.utcnow is deprecated and will be removed in a future version. Use Timestamp.now('UTC') instead.
  dt_now = pd.Timestamp.utcnow()
{"event": "batch_inserted", "batch_index": 62, "attempt": 1, "symbols": ["GL", "DRS", "AIZ", "WULF", "FNF", "SAIA", "ONON", "DINO", "RNR", "IVZ"], "fetched_bars": 60, "inserted_bars": 60, "no_data_symbols": [], "failed_symbols": []}
/usr/local/lib/python3.12/site-packages/yfinance/scrapers/history.py:204: Pandas4Warning: Timestamp.utcnow is deprecated and will be removed in a future version. Use Timestamp.now('UTC') instead.
  dt_now = pd.Timestamp.utcnow()
/usr/local/lib/python3.12/site-packages/yfinance/scrapers/history.py:204: Pandas4Warning: Timestamp.utcnow is deprecated and will be removed in a future version. Use Timestamp.now('UTC') instead.
  dt_now = pd.Timestamp.utcnow()

1 Failed download:
['BF.A']: YFTzMissingError('possibly delisted; no timezone found')
{"event": "batch_inserted", "batch_index": 63, "attempt": 1, "symbols": ["UDR", "TRU", "JEF", "TYL", "ELS", "BF.A", "PNW", "PEN", "MGM", "ALGN"], "fetched_bars": 54, "inserted_bars": 54, "no_data_symbols": ["BF.A"], "failed_symbols": []}

1 Failed download:
['BF.A']: YFTzMissingError('possibly delisted; no timezone found')
{"event": "symbol_inserted", "symbol": "BF.A", "attempt": 1, "fetched_bars": 0, "inserted_bars": 0, "no_data_symbols": ["BF.A"], "failed_symbols": []}
/usr/local/lib/python3.12/site-packages/yfinance/scrapers/history.py:204: Pandas4Warning: Timestamp.utcnow is deprecated and will be removed in a future version. Use Timestamp.now('UTC') instead.
  dt_now = pd.Timestamp.utcnow()

2 Failed downloads:
['BF.B']: YFPricesMissingError('possibly delisted; no price data found  (1d 2026-09-03 -> 2026-09-14)')
['MOG.A']: YFTzMissingError('possibly delisted; no timezone found')
{"event": "batch_inserted", "batch_index": 64, "attempt": 1, "symbols": ["MOG.A", "COKE", "SJM", "EQH", "BF.B", "GGG", "BTSG", "UHAL", "CNA", "APLD"], "fetched_bars": 48, "inserted_bars": 48, "no_data_symbols": ["MOG.A", "BF.B"], "failed_symbols": []}

1 Failed download:
['MOG.A']: YFTzMissingError('possibly delisted; no timezone found')
{"event": "symbol_inserted", "symbol": "MOG.A", "attempt": 1, "fetched_bars": 0, "inserted_bars": 0, "no_data_symbols": ["MOG.A"], "failed_symbols": []}
/usr/local/lib/python3.12/site-packages/yfinance/scrapers/history.py:204: Pandas4Warning: Timestamp.utcnow is deprecated and will be removed in a future version. Use Timestamp.now('UTC') instead.
  dt_now = pd.Timestamp.utcnow()

1 Failed download:
['BF.B']: YFPricesMissingError('possibly delisted; no price data found  (1d 2026-09-03 -> 2026-09-14)')
{"event": "symbol_inserted", "symbol": "BF.B", "attempt": 1, "fetched_bars": 0, "inserted_bars": 0, "no_data_symbols": ["BF.B"], "failed_symbols": []}
/usr/local/lib/python3.12/site-packages/yfinance/scrapers/history.py:204: Pandas4Warning: Timestamp.utcnow is deprecated and will be removed in a future version. Use Timestamp.now('UTC') instead.
  dt_now = pd.Timestamp.utcnow()

1 Failed download:
['WBS']: YFPricesMissingError('possibly delisted; no price data found  (1d 2026-09-03 -> 2026-09-14)')
{"event": "batch_inserted", "batch_index": 65, "attempt": 1, "symbols": ["AVY", "IONS", "ELAN", "QXO", "AUR", "DT", "AMH", "WBS", "LFUS", "FHN"], "fetched_bars": 54, "inserted_bars": 54, "no_data_symbols": ["WBS"], "failed_symbols": []}
/usr/local/lib/python3.12/site-packages/yfinance/scrapers/history.py:204: Pandas4Warning: Timestamp.utcnow is deprecated and will be removed in a future version. Use Timestamp.now('UTC') instead.
  dt_now = pd.Timestamp.utcnow()

1 Failed download:
['WBS']: YFPricesMissingError('possibly delisted; no price data found  (1d 2026-09-03 -> 2026-09-14)')
{"event": "symbol_inserted", "symbol": "WBS", "attempt": 1, "fetched_bars": 0, "inserted_bars": 0, "no_data_symbols": ["WBS"], "failed_symbols": []}
/usr/local/lib/python3.12/site-packages/yfinance/scrapers/history.py:204: Pandas4Warning: Timestamp.utcnow is deprecated and will be removed in a future version. Use Timestamp.now('UTC') instead.
  dt_now = pd.Timestamp.utcnow()
{"event": "batch_inserted", "batch_index": 66, "attempt": 1, "symbols": ["CR", "PNR", "PAG", "U", "NYT", "HAS", "AGNC", "AIT", "TRMB", "HII"], "fetched_bars": 60, "inserted_bars": 60, "no_data_symbols": [], "failed_symbols": []}
/usr/local/lib/python3.12/site-packages/yfinance/scrapers/history.py:204: Pandas4Warning: Timestamp.utcnow is deprecated and will be removed in a future version. Use Timestamp.now('UTC') instead.
  dt_now = pd.Timestamp.utcnow()
/usr/local/lib/python3.12/site-packages/yfinance/scrapers/history.py:204: Pandas4Warning: Timestamp.utcnow is deprecated and will be removed in a future version. Use Timestamp.now('UTC') instead.
  dt_now = pd.Timestamp.utcnow()

1 Failed download:
['BLD']: YFTzMissingError('possibly delisted; no timezone found')
{"event": "batch_inserted", "batch_index": 67, "attempt": 1, "symbols": ["CLX", "BJ", "ARW", "CPT", "BLD", "SPXC", "ALLE", "BROS", "MUSA", "CACI"], "fetched_bars": 54, "inserted_bars": 54, "no_data_symbols": ["BLD"], "failed_symbols": []}

1 Failed download:
['BLD']: YFTzMissingError('possibly delisted; no timezone found')
{"event": "symbol_inserted", "symbol": "BLD", "attempt": 1, "fetched_bars": 0, "inserted_bars": 0, "no_data_symbols": ["BLD"], "failed_symbols": []}
/usr/local/lib/python3.12/site-packages/yfinance/scrapers/history.py:204: Pandas4Warning: Timestamp.utcnow is deprecated and will be removed in a future version. Use Timestamp.now('UTC') instead.
  dt_now = pd.Timestamp.utcnow()
{"event": "batch_inserted", "batch_index": 68, "attempt": 1, "symbols": ["WLK", "PINS", "SF", "AFG", "WYNN", "SWKS", "WTS", "RVTY", "HUT", "PL"], "fetched_bars": 60, "inserted_bars": 60, "no_data_symbols": [], "failed_symbols": []}
/usr/local/lib/python3.12/site-packages/yfinance/scrapers/history.py:204: Pandas4Warning: Timestamp.utcnow is deprecated and will be removed in a future version. Use Timestamp.now('UTC') instead.
  dt_now = pd.Timestamp.utcnow()
/usr/local/lib/python3.12/site-packages/yfinance/scrapers/history.py:204: Pandas4Warning: Timestamp.utcnow is deprecated and will be removed in a future version. Use Timestamp.now('UTC') instead.
  dt_now = pd.Timestamp.utcnow()
{"event": "batch_inserted", "batch_index": 69, "attempt": 1, "symbols": ["MDGL", "CCK", "EGP", "TXRH", "FIVE", "GMED", "ZBRA", "SMMT", "FRT", "FORM"], "fetched_bars": 60, "inserted_bars": 60, "no_data_symbols": [], "failed_symbols": []}
/usr/local/lib/python3.12/site-packages/yfinance/scrapers/history.py:204: Pandas4Warning: Timestamp.utcnow is deprecated and will be removed in a future version. Use Timestamp.now('UTC') instead.
  dt_now = pd.Timestamp.utcnow()
/usr/local/lib/python3.12/site-packages/yfinance/scrapers/history.py:204: Pandas4Warning: Timestamp.utcnow is deprecated and will be removed in a future version. Use Timestamp.now('UTC') instead.
  dt_now = pd.Timestamp.utcnow()
/usr/local/lib/python3.12/site-packages/yfinance/scrapers/history.py:204: Pandas4Warning: Timestamp.utcnow is deprecated and will be removed in a future version. Use Timestamp.now('UTC') instead.
  dt_now = pd.Timestamp.utcnow()
{"event": "batch_inserted", "batch_index": 70, "attempt": 1, "symbols": ["R", "KTOS", "BMRN", "AR", "BAX", "DPZ", "SEIC", "WTFC", "POWL", "ESI"], "fetched_bars": 60, "inserted_bars": 60, "no_data_symbols": [], "failed_symbols": []}
/usr/local/lib/python3.12/site-packages/yfinance/scrapers/history.py:204: Pandas4Warning: Timestamp.utcnow is deprecated and will be removed in a future version. Use Timestamp.now('UTC') instead.
  dt_now = pd.Timestamp.utcnow()
/usr/local/lib/python3.12/site-packages/yfinance/scrapers/history.py:204: Pandas4Warning: Timestamp.utcnow is deprecated and will be removed in a future version. Use Timestamp.now('UTC') instead.
  dt_now = pd.Timestamp.utcnow()
{"event": "batch_inserted", "batch_index": 71, "attempt": 1, "symbols": ["WTRG", "VMI", "SCI", "CAVA", "CGNX", "BXP", "SFD", "ARWR", "AES", "GSAT"], "fetched_bars": 60, "inserted_bars": 60, "no_data_symbols": [], "failed_symbols": []}
/usr/local/lib/python3.12/site-packages/yfinance/scrapers/history.py:204: Pandas4Warning: Timestamp.utcnow is deprecated and will be removed in a future version. Use Timestamp.now('UTC') instead.
  dt_now = pd.Timestamp.utcnow()
{"event": "batch_inserted", "batch_index": 72, "attempt": 1, "symbols": ["MOH", "AAON", "BPOP", "GWRE", "JHX", "PODD", "SNEX", "WMS", "AM", "UMBF"], "fetched_bars": 60, "inserted_bars": 60, "no_data_symbols": [], "failed_symbols": []}
/usr/local/lib/python3.12/site-packages/yfinance/scrapers/history.py:204: Pandas4Warning: Timestamp.utcnow is deprecated and will be removed in a future version. Use Timestamp.now('UTC') instead.
  dt_now = pd.Timestamp.utcnow()
{"event": "batch_inserted", "batch_index": 73, "attempt": 1, "symbols": ["HL", "MP", "W", "LINE", "GDDY", "EHC", "RIOT", "CIFR", "DCI", "OKLO"], "fetched_bars": 60, "inserted_bars": 60, "no_data_symbols": [], "failed_symbols": []}
/usr/local/lib/python3.12/site-packages/yfinance/scrapers/history.py:204: Pandas4Warning: Timestamp.utcnow is deprecated and will be removed in a future version. Use Timestamp.now('UTC') instead.
  dt_now = pd.Timestamp.utcnow()

1 Failed download:
['GTLS']: YFPricesMissingError('possibly delisted; no price data found  (1d 2026-09-03 -> 2026-09-14)')
/usr/local/lib/python3.12/site-packages/yfinance/scrapers/history.py:204: Pandas4Warning: Timestamp.utcnow is deprecated and will be removed in a future version. Use Timestamp.now('UTC') instead.
  dt_now = pd.Timestamp.utcnow()
{"event": "batch_inserted", "batch_index": 74, "attempt": 1, "symbols": ["BRX", "FLS", "IT", "AAL", "GTLS", "ZION", "OGE", "FCFS", "OC", "GME"], "fetched_bars": 54, "inserted_bars": 54, "no_data_symbols": ["GTLS"], "failed_symbols": []}

1 Failed download:
['GTLS']: YFPricesMissingError('possibly delisted; no price data found  (1d 2026-09-03 -> 2026-09-14)')
{"event": "symbol_inserted", "symbol": "GTLS", "attempt": 1, "fetched_bars": 0, "inserted_bars": 0, "no_data_symbols": ["GTLS"], "failed_symbols": []}
/usr/local/lib/python3.12/site-packages/yfinance/scrapers/history.py:204: Pandas4Warning: Timestamp.utcnow is deprecated and will be removed in a future version. Use Timestamp.now('UTC') instead.
  dt_now = pd.Timestamp.utcnow()
/usr/local/lib/python3.12/site-packages/yfinance/scrapers/history.py:204: Pandas4Warning: Timestamp.utcnow is deprecated and will be removed in a future version. Use Timestamp.now('UTC') instead.
  dt_now = pd.Timestamp.utcnow()

1 Failed download:
['NUVL']: YFPricesMissingError('possibly delisted; no price data found  (1d 2026-09-03 -> 2026-09-14)')
{"event": "batch_inserted", "batch_index": 75, "attempt": 1, "symbols": ["NUVL", "ALSN", "ONB", "CART", "SSB", "HUBS", "VSAT", "DDS", "TKR", "HLI"], "fetched_bars": 54, "inserted_bars": 54, "no_data_symbols": ["NUVL"], "failed_symbols": []}
/usr/local/lib/python3.12/site-packages/yfinance/scrapers/history.py:204: Pandas4Warning: Timestamp.utcnow is deprecated and will be removed in a future version. Use Timestamp.now('UTC') instead.
  dt_now = pd.Timestamp.utcnow()

1 Failed download:
['NUVL']: YFPricesMissingError('possibly delisted; no price data found  (1d 2026-09-03 -> 2026-09-14)')
{"event": "symbol_inserted", "symbol": "NUVL", "attempt": 1, "fetched_bars": 0, "inserted_bars": 0, "no_data_symbols": ["NUVL"], "failed_symbols": []}
/usr/local/lib/python3.12/site-packages/yfinance/scrapers/history.py:204: Pandas4Warning: Timestamp.utcnow is deprecated and will be removed in a future version. Use Timestamp.now('UTC') instead.
  dt_now = pd.Timestamp.utcnow()
/usr/local/lib/python3.12/site-packages/yfinance/scrapers/history.py:204: Pandas4Warning: Timestamp.utcnow is deprecated and will be removed in a future version. Use Timestamp.now('UTC') instead.
  dt_now = pd.Timestamp.utcnow()

1 Failed download:
['MASI']: YFTzMissingError('possibly delisted; no timezone found')
{"event": "batch_inserted", "batch_index": 76, "attempt": 1, "symbols": ["CYTK", "CUBE", "MASI", "CNM", "RYAN", "ORI", "ALGM", "KRYS", "AMG", "BSY"], "fetched_bars": 54, "inserted_bars": 54, "no_data_symbols": ["MASI"], "failed_symbols": []}

1 Failed download:
['MASI']: YFTzMissingError('possibly delisted; no timezone found')
{"event": "symbol_inserted", "symbol": "MASI", "attempt": 1, "fetched_bars": 0, "inserted_bars": 0, "no_data_symbols": ["MASI"], "failed_symbols": []}
/usr/local/lib/python3.12/site-packages/yfinance/scrapers/history.py:204: Pandas4Warning: Timestamp.utcnow is deprecated and will be removed in a future version. Use Timestamp.now('UTC') instead.
  dt_now = pd.Timestamp.utcnow()
/usr/local/lib/python3.12/site-packages/yfinance/scrapers/history.py:204: Pandas4Warning: Timestamp.utcnow is deprecated and will be removed in a future version. Use Timestamp.now('UTC') instead.
  dt_now = pd.Timestamp.utcnow()
{"event": "batch_inserted", "batch_index": 77, "attempt": 1, "symbols": ["CFR", "LGN", "BAH", "ARE", "SIRI", "MSGS", "HSIC", "WAL", "JKHY", "ADC"], "fetched_bars": 60, "inserted_bars": 60, "no_data_symbols": [], "failed_symbols": []}
/usr/local/lib/python3.12/site-packages/yfinance/scrapers/history.py:204: Pandas4Warning: Timestamp.utcnow is deprecated and will be removed in a future version. Use Timestamp.now('UTC') instead.
  dt_now = pd.Timestamp.utcnow()
/usr/local/lib/python3.12/site-packages/yfinance/scrapers/history.py:204: Pandas4Warning: Timestamp.utcnow is deprecated and will be removed in a future version. Use Timestamp.now('UTC') instead.
  dt_now = pd.Timestamp.utcnow()
{"event": "batch_inserted", "batch_index": 78, "attempt": 1, "symbols": ["RRC", "COLB", "TTD", "DAR", "CRL", "AYI", "ACM", "JOBY", "BIRK", "AGX"], "fetched_bars": 60, "inserted_bars": 60, "no_data_symbols": [], "failed_symbols": []}
/usr/local/lib/python3.12/site-packages/yfinance/scrapers/history.py:204: Pandas4Warning: Timestamp.utcnow is deprecated and will be removed in a future version. Use Timestamp.now('UTC') instead.
  dt_now = pd.Timestamp.utcnow()
/usr/local/lib/python3.12/site-packages/yfinance/scrapers/history.py:204: Pandas4Warning: Timestamp.utcnow is deprecated and will be removed in a future version. Use Timestamp.now('UTC') instead.
  dt_now = pd.Timestamp.utcnow()
/usr/local/lib/python3.12/site-packages/yfinance/scrapers/history.py:204: Pandas4Warning: Timestamp.utcnow is deprecated and will be removed in a future version. Use Timestamp.now('UTC') instead.
  dt_now = pd.Timestamp.utcnow()
{"event": "batch_inserted", "batch_index": 79, "attempt": 1, "symbols": ["SARO", "VIRT", "NCLH", "CORT", "UHS", "NNN", "TTC", "PRI", "FDS", "CORZ"], "fetched_bars": 60, "inserted_bars": 60, "no_data_symbols": [], "failed_symbols": []}
/usr/local/lib/python3.12/site-packages/yfinance/scrapers/history.py:204: Pandas4Warning: Timestamp.utcnow is deprecated and will be removed in a future version. Use Timestamp.now('UTC') instead.
  dt_now = pd.Timestamp.utcnow()
{"event": "batch_inserted", "batch_index": 80, "attempt": 1, "symbols": ["PRMB", "DOCU", "LUMN", "ENSG", "CTRE", "QRVO", "QBTS", "AVAV", "CMC", "EMN"], "fetched_bars": 60, "inserted_bars": 60, "no_data_symbols": [], "failed_symbols": []}
/usr/local/lib/python3.12/site-packages/yfinance/scrapers/history.py:204: Pandas4Warning: Timestamp.utcnow is deprecated and will be removed in a future version. Use Timestamp.now('UTC') instead.
  dt_now = pd.Timestamp.utcnow()
{"event": "batch_inserted", "batch_index": 81, "attempt": 1, "symbols": ["TEM", "OSCR", "ORA", "FRHC", "MANH", "TECH", "FR", "OSK", "BLDR", "CRUS"], "fetched_bars": 60, "inserted_bars": 60, "no_data_symbols": [], "failed_symbols": []}
/usr/local/lib/python3.12/site-packages/yfinance/scrapers/history.py:204: Pandas4Warning: Timestamp.utcnow is deprecated and will be removed in a future version. Use Timestamp.now('UTC') instead.
  dt_now = pd.Timestamp.utcnow()
/usr/local/lib/python3.12/site-packages/yfinance/scrapers/history.py:204: Pandas4Warning: Timestamp.utcnow is deprecated and will be removed in a future version. Use Timestamp.now('UTC') instead.
  dt_now = pd.Timestamp.utcnow()
{"event": "batch_inserted", "batch_index": 82, "attempt": 1, "symbols": ["VOYA", "SAIL", "XP", "BRKR", "HALO", "ENS", "BOKF", "AGCO", "AOS", "MTCH"], "fetched_bars": 60, "inserted_bars": 60, "no_data_symbols": [], "failed_symbols": []}
/usr/local/lib/python3.12/site-packages/yfinance/scrapers/history.py:204: Pandas4Warning: Timestamp.utcnow is deprecated and will be removed in a future version. Use Timestamp.now('UTC') instead.
  dt_now = pd.Timestamp.utcnow()

1 Failed download:
['JHG']: YFTzMissingError('possibly delisted; no timezone found')
{"event": "batch_inserted", "batch_index": 83, "attempt": 1, "symbols": ["CBSH", "ESE", "SFM", "VLY", "VSH", "ZWS", "JHG", "SSD", "IDA", "REXR"], "fetched_bars": 54, "inserted_bars": 54, "no_data_symbols": ["JHG"], "failed_symbols": []}

1 Failed download:
['JHG']: YFTzMissingError('possibly delisted; no timezone found')
{"event": "symbol_inserted", "symbol": "JHG", "attempt": 1, "fetched_bars": 0, "inserted_bars": 0, "no_data_symbols": ["JHG"], "failed_symbols": []}
/usr/local/lib/python3.12/site-packages/yfinance/scrapers/history.py:204: Pandas4Warning: Timestamp.utcnow is deprecated and will be removed in a future version. Use Timestamp.now('UTC') instead.
  dt_now = pd.Timestamp.utcnow()
{"event": "batch_inserted", "batch_index": 84, "attempt": 1, "symbols": ["CHWY", "PLXS", "GAP", "CLF", "RHP", "KNTK", "CWEN", "KEX", "NEU", "BIO"], "fetched_bars": 60, "inserted_bars": 60, "no_data_symbols": [], "failed_symbols": []}
/usr/local/lib/python3.12/site-packages/yfinance/scrapers/history.py:204: Pandas4Warning: Timestamp.utcnow is deprecated and will be removed in a future version. Use Timestamp.now('UTC') instead.
  dt_now = pd.Timestamp.utcnow()
{"event": "batch_inserted", "batch_index": 85, "attempt": 1, "symbols": ["QGEN", "LTH", "ACI", "CHRD", "LSTR", "ECG", "NOV", "TGTX", "JXN", "MXL"], "fetched_bars": 60, "inserted_bars": 60, "no_data_symbols": [], "failed_symbols": []}
/usr/local/lib/python3.12/site-packages/yfinance/scrapers/history.py:204: Pandas4Warning: Timestamp.utcnow is deprecated and will be removed in a future version. Use Timestamp.now('UTC') instead.
  dt_now = pd.Timestamp.utcnow()
{"event": "batch_inserted", "batch_index": 86, "attempt": 1, "symbols": ["ATR", "UGI", "NE", "AXS", "SM", "CELH", "GKOS", "IBRX", "PRAX", "AVT"], "fetched_bars": 60, "inserted_bars": 60, "no_data_symbols": [], "failed_symbols": []}
/usr/local/lib/python3.12/site-packages/yfinance/scrapers/history.py:204: Pandas4Warning: Timestamp.utcnow is deprecated and will be removed in a future version. Use Timestamp.now('UTC') instead.
  dt_now = pd.Timestamp.utcnow()
{"event": "batch_inserted", "batch_index": 87, "attempt": 1, "symbols": ["STAG", "RAL", "TAP", "HQY", "ALKS", "TTEK", "ZG", "NFG", "HXL", "RGEN"], "fetched_bars": 60, "inserted_bars": 60, "no_data_symbols": [], "failed_symbols": []}
/usr/local/lib/python3.12/site-packages/yfinance/scrapers/history.py:204: Pandas4Warning: Timestamp.utcnow is deprecated and will be removed in a future version. Use Timestamp.now('UTC') instead.
  dt_now = pd.Timestamp.utcnow()

1 Failed download:
['CWAN']: YFPricesMissingError('possibly delisted; no price data found  (1d 2026-09-03 -> 2026-09-14)')
{"event": "batch_inserted", "batch_index": 88, "attempt": 1, "symbols": ["IDCC", "ST", "PB", "Z", "WFRD", "TEX", "KMX", "LEA", "CWAN", "SLAB"], "fetched_bars": 54, "inserted_bars": 54, "no_data_symbols": ["CWAN"], "failed_symbols": []}
/usr/local/lib/python3.12/site-packages/yfinance/scrapers/history.py:204: Pandas4Warning: Timestamp.utcnow is deprecated and will be removed in a future version. Use Timestamp.now('UTC') instead.
  dt_now = pd.Timestamp.utcnow()

1 Failed download:
['CWAN']: YFPricesMissingError('possibly delisted; no price data found  (1d 2026-09-03 -> 2026-09-14)')
{"event": "symbol_inserted", "symbol": "CWAN", "attempt": 1, "fetched_bars": 0, "inserted_bars": 0, "no_data_symbols": ["CWAN"], "failed_symbols": []}
/usr/local/lib/python3.12/site-packages/yfinance/scrapers/history.py:204: Pandas4Warning: Timestamp.utcnow is deprecated and will be removed in a future version. Use Timestamp.now('UTC') instead.
  dt_now = pd.Timestamp.utcnow()
/usr/local/lib/python3.12/site-packages/yfinance/scrapers/history.py:204: Pandas4Warning: Timestamp.utcnow is deprecated and will be removed in a future version. Use Timestamp.now('UTC') instead.
  dt_now = pd.Timestamp.utcnow()
{"event": "batch_inserted", "batch_index": 89, "attempt": 1, "symbols": ["MRCY", "MAC", "MOS", "VNO", "ENPH", "KNSL", "HR", "MIDD", "PPC", "TRNO"], "fetched_bars": 60, "inserted_bars": 60, "no_data_symbols": [], "failed_symbols": []}
/usr/local/lib/python3.12/site-packages/yfinance/scrapers/history.py:204: Pandas4Warning: Timestamp.utcnow is deprecated and will be removed in a future version. Use Timestamp.now('UTC') instead.
  dt_now = pd.Timestamp.utcnow()
{"event": "batch_inserted", "batch_index": 90, "attempt": 1, "symbols": ["LAD", "LNC", "POOL", "KYMR", "FLR", "AXTA", "NPO", "PTGX", "SYRE", "RGTI"], "fetched_bars": 60, "inserted_bars": 60, "no_data_symbols": [], "failed_symbols": []}
/usr/local/lib/python3.12/site-packages/yfinance/scrapers/history.py:204: Pandas4Warning: Timestamp.utcnow is deprecated and will be removed in a future version. Use Timestamp.now('UTC') instead.
  dt_now = pd.Timestamp.utcnow()
{"event": "batch_inserted", "batch_index": 91, "attempt": 1, "symbols": ["KGS", "MYRG", "THG", "VFC", "CBC", "IMVT", "GTES", "INGM", "RSI", "PCVX"], "fetched_bars": 60, "inserted_bars": 60, "no_data_symbols": [], "failed_symbols": []}
/usr/local/lib/python3.12/site-packages/yfinance/scrapers/history.py:204: Pandas4Warning: Timestamp.utcnow is deprecated and will be removed in a future version. Use Timestamp.now('UTC') instead.
  dt_now = pd.Timestamp.utcnow()
/usr/local/lib/python3.12/site-packages/yfinance/scrapers/history.py:204: Pandas4Warning: Timestamp.utcnow is deprecated and will be removed in a future version. Use Timestamp.now('UTC') instead.
  dt_now = pd.Timestamp.utcnow()

1 Failed download:
['TMHC']: YFPricesMissingError('possibly delisted; no price data found  (1d 2026-09-03 -> 2026-09-14)')
{"event": "batch_inserted", "batch_index": 92, "attempt": 1, "symbols": ["SGHC", "EAT", "LNTH", "CPB", "RIG", "SNDR", "TMHC", "YOU", "MTDR", "FAF"], "fetched_bars": 54, "inserted_bars": 54, "no_data_symbols": ["TMHC"], "failed_symbols": []}
/usr/local/lib/python3.12/site-packages/yfinance/scrapers/history.py:204: Pandas4Warning: Timestamp.utcnow is deprecated and will be removed in a future version. Use Timestamp.now('UTC') instead.
  dt_now = pd.Timestamp.utcnow()

1 Failed download:
['TMHC']: YFPricesMissingError('possibly delisted; no price data found  (1d 2026-09-03 -> 2026-09-14)')
{"event": "symbol_inserted", "symbol": "TMHC", "attempt": 1, "fetched_bars": 0, "inserted_bars": 0, "no_data_symbols": ["TMHC"], "failed_symbols": []}
/usr/local/lib/python3.12/site-packages/yfinance/scrapers/history.py:204: Pandas4Warning: Timestamp.utcnow is deprecated and will be removed in a future version. Use Timestamp.now('UTC') instead.
  dt_now = pd.Timestamp.utcnow()
{"event": "batch_inserted", "batch_index": 93, "attempt": 1, "symbols": ["M", "EPRT", "LKQ", "MORN", "EXP", "APGE", "FSS", "BEPC", "BBUC", "FNB"], "fetched_bars": 55, "inserted_bars": 55, "no_data_symbols": [], "failed_symbols": []}
/usr/local/lib/python3.12/site-packages/yfinance/scrapers/history.py:204: Pandas4Warning: Timestamp.utcnow is deprecated and will be removed in a future version. Use Timestamp.now('UTC') instead.
  dt_now = pd.Timestamp.utcnow()
{"event": "batch_inserted", "batch_index": 94, "attempt": 1, "symbols": ["CAR", "ETSY", "RYN", "URBN", "RRR", "AWI", "CAG", "MHK", "OMF", "JBTM"], "fetched_bars": 60, "inserted_bars": 60, "no_data_symbols": [], "failed_symbols": []}
/usr/local/lib/python3.12/site-packages/yfinance/scrapers/history.py:204: Pandas4Warning: Timestamp.utcnow is deprecated and will be removed in a future version. Use Timestamp.now('UTC') instead.
  dt_now = pd.Timestamp.utcnow()
{"event": "batch_inserted", "batch_index": 95, "attempt": 1, "symbols": ["MSM", "BYD", "GBCI", "ACMR", "SWX", "ROAD", "COMP", "AROC", "AVTR", "AN"], "fetched_bars": 60, "inserted_bars": 60, "no_data_symbols": [], "failed_symbols": []}
/usr/local/lib/python3.12/site-packages/yfinance/scrapers/history.py:204: Pandas4Warning: Timestamp.utcnow is deprecated and will be removed in a future version. Use Timestamp.now('UTC') instead.
  dt_now = pd.Timestamp.utcnow()
{"event": "batch_inserted", "batch_index": 96, "attempt": 1, "symbols": ["INGR", "PCOR", "LOAR", "ACA", "KRMN", "LQDA", "ESTC", "TXNM", "STWD", "UBSI"], "fetched_bars": 60, "inserted_bars": 60, "no_data_symbols": [], "failed_symbols": []}
/usr/local/lib/python3.12/site-packages/yfinance/scrapers/history.py:204: Pandas4Warning: Timestamp.utcnow is deprecated and will be removed in a future version. Use Timestamp.now('UTC') instead.
  dt_now = pd.Timestamp.utcnow()
{"event": "batch_inserted", "batch_index": 97, "attempt": 1, "symbols": ["GTX", "FIGR", "PAYC", "LW", "PTCT", "VAL", "FLG", "HIMS", "GATX", "CROX"], "fetched_bars": 60, "inserted_bars": 60, "no_data_symbols": [], "failed_symbols": []}
/usr/local/lib/python3.12/site-packages/yfinance/scrapers/history.py:204: Pandas4Warning: Timestamp.utcnow is deprecated and will be removed in a future version. Use Timestamp.now('UTC') instead.
  dt_now = pd.Timestamp.utcnow()
{"event": "batch_inserted", "batch_index": 98, "attempt": 1, "symbols": ["MSA", "GVA", "MATX", "DBX", "PJT", "DOX", "PSN", "CHDN", "MIRM", "RYTM"], "fetched_bars": 60, "inserted_bars": 60, "no_data_symbols": [], "failed_symbols": []}
/usr/local/lib/python3.12/site-packages/yfinance/scrapers/history.py:204: Pandas4Warning: Timestamp.utcnow is deprecated and will be removed in a future version. Use Timestamp.now('UTC') instead.
  dt_now = pd.Timestamp.utcnow()
/usr/local/lib/python3.12/site-packages/yfinance/scrapers/history.py:204: Pandas4Warning: Timestamp.utcnow is deprecated and will be removed in a future version. Use Timestamp.now('UTC') instead.
  dt_now = pd.Timestamp.utcnow()
{"event": "batch_inserted", "batch_index": 99, "attempt": 1, "symbols": ["CENX", "CZR", "ABCB", "WH", "KRG", "ACT", "KLIC", "HWC", "POR", "CE"], "fetched_bars": 60, "inserted_bars": 60, "no_data_symbols": [], "failed_symbols": []}
/usr/local/lib/python3.12/site-packages/yfinance/scrapers/history.py:204: Pandas4Warning: Timestamp.utcnow is deprecated and will be removed in a future version. Use Timestamp.now('UTC') instead.
  dt_now = pd.Timestamp.utcnow()
{"event": "batch_inserted", "batch_index": 100, "attempt": 1, "symbols": ["PCTY", "PRM", "LUNR", "TFX", "AUB", "FND", "GOLF", "PACS", "VSNT", "CACC"], "fetched_bars": 60, "inserted_bars": 60, "no_data_symbols": [], "failed_symbols": []}
/usr/local/lib/python3.12/site-packages/yfinance/scrapers/history.py:204: Pandas4Warning: Timestamp.utcnow is deprecated and will be removed in a future version. Use Timestamp.now('UTC') instead.
  dt_now = pd.Timestamp.utcnow()
/usr/local/lib/python3.12/site-packages/yfinance/scrapers/history.py:204: Pandas4Warning: Timestamp.utcnow is deprecated and will be removed in a future version. Use Timestamp.now('UTC') instead.
  dt_now = pd.Timestamp.utcnow()
{"event": "batch_inserted", "batch_index": 101, "attempt": 1, "symbols": ["GXO", "NOVT", "DUOL", "APPF", "OZK", "HOMB", "CWST", "COGT", "SSRM", "PSMT"], "fetched_bars": 60, "inserted_bars": 60, "no_data_symbols": [], "failed_symbols": []}
/usr/local/lib/python3.12/site-packages/yfinance/scrapers/history.py:204: Pandas4Warning: Timestamp.utcnow is deprecated and will be removed in a future version. Use Timestamp.now('UTC') instead.
  dt_now = pd.Timestamp.utcnow()
/usr/local/lib/python3.12/site-packages/yfinance/scrapers/history.py:204: Pandas4Warning: Timestamp.utcnow is deprecated and will be removed in a future version. Use Timestamp.now('UTC') instead.
  dt_now = pd.Timestamp.utcnow()
{"event": "batch_inserted", "batch_index": 102, "attempt": 1, "symbols": ["PIPR", "BKH", "MCY", "AMTM", "ESAB", "MUR", "CHE", "NJR", "NVTS", "ACLS"], "fetched_bars": 60, "inserted_bars": 60, "no_data_symbols": [], "failed_symbols": []}
/usr/local/lib/python3.12/site-packages/yfinance/scrapers/history.py:204: Pandas4Warning: Timestamp.utcnow is deprecated and will be removed in a future version. Use Timestamp.now('UTC') instead.
  dt_now = pd.Timestamp.utcnow()
{"event": "batch_inserted", "batch_index": 103, "attempt": 1, "symbols": ["SIGI", "IBP", "OUT", "RUSHB", "GNTX", "VSEC", "PATH", "SPHR", "PEGA", "MTG"], "fetched_bars": 60, "inserted_bars": 60, "no_data_symbols": [], "failed_symbols": []}
/usr/local/lib/python3.12/site-packages/yfinance/scrapers/history.py:204: Pandas4Warning: Timestamp.utcnow is deprecated and will be removed in a future version. Use Timestamp.now('UTC') instead.
  dt_now = pd.Timestamp.utcnow()
{"event": "batch_inserted", "batch_index": 104, "attempt": 1, "symbols": ["SEI", "RUSHA", "G", "UEC", "ESNT", "ADT", "MARA", "BC", "PRIM", "SYNA"], "fetched_bars": 60, "inserted_bars": 60, "no_data_symbols": [], "failed_symbols": []}
/usr/local/lib/python3.12/site-packages/yfinance/scrapers/history.py:204: Pandas4Warning: Timestamp.utcnow is deprecated and will be removed in a future version. Use Timestamp.now('UTC') instead.
  dt_now = pd.Timestamp.utcnow()
/usr/local/lib/python3.12/site-packages/yfinance/scrapers/history.py:204: Pandas4Warning: Timestamp.utcnow is deprecated and will be removed in a future version. Use Timestamp.now('UTC') instead.
  dt_now = pd.Timestamp.utcnow()
{"event": "batch_inserted", "batch_index": 105, "attempt": 1, "symbols": ["NXST", "MC", "VCTR", "BCPC", "STEP", "SRRK", "PECO", "SXT", "ALK", "CVLT"], "fetched_bars": 60, "inserted_bars": 60, "no_data_symbols": [], "failed_symbols": []}
/usr/local/lib/python3.12/site-packages/yfinance/scrapers/history.py:204: Pandas4Warning: Timestamp.utcnow is deprecated and will be removed in a future version. Use Timestamp.now('UTC') instead.
  dt_now = pd.Timestamp.utcnow()
{"event": "batch_inserted", "batch_index": 106, "attempt": 1, "symbols": ["CGON", "LPX", "GLNG", "CRC", "RITM", "HCC", "BOOT", "AMRX", "FBIN", "LAUR"], "fetched_bars": 60, "inserted_bars": 60, "no_data_symbols": [], "failed_symbols": []}
/usr/local/lib/python3.12/site-packages/yfinance/scrapers/history.py:204: Pandas4Warning: Timestamp.utcnow is deprecated and will be removed in a future version. Use Timestamp.now('UTC') instead.
  dt_now = pd.Timestamp.utcnow()
{"event": "batch_inserted", "batch_index": 107, "attempt": 1, "symbols": ["MTRN", "LYFT", "AX", "AIR", "LGND", "MGY", "FLY", "SEB", "WSC", "S"], "fetched_bars": 60, "inserted_bars": 60, "no_data_symbols": [], "failed_symbols": []}
/usr/local/lib/python3.12/site-packages/yfinance/scrapers/history.py:204: Pandas4Warning: Timestamp.utcnow is deprecated and will be removed in a future version. Use Timestamp.now('UTC') instead.
  dt_now = pd.Timestamp.utcnow()
/usr/local/lib/python3.12/site-packages/yfinance/scrapers/history.py:204: Pandas4Warning: Timestamp.utcnow is deprecated and will be removed in a future version. Use Timestamp.now('UTC') instead.
  dt_now = pd.Timestamp.utcnow()
{"event": "batch_inserted", "batch_index": 108, "attempt": 1, "symbols": ["CAI", "GHC", "OLLI", "ALH", "ZETA", "XENE", "NAVN", "WTM", "IRDM", "SON"], "fetched_bars": 60, "inserted_bars": 60, "no_data_symbols": [], "failed_symbols": []}
/usr/local/lib/python3.12/site-packages/yfinance/scrapers/history.py:204: Pandas4Warning: Timestamp.utcnow is deprecated and will be removed in a future version. Use Timestamp.now('UTC') instead.
  dt_now = pd.Timestamp.utcnow()

1 Failed download:
['LBRDK']: YFPricesMissingError('possibly delisted; no price data found  (1d 2026-09-03 -> 2026-09-14)')
{"event": "batch_inserted", "batch_index": 109, "attempt": 1, "symbols": ["RLI", "DIOD", "CHH", "EPAM", "BIPC", "DLB", "MTH", "REYN", "PBF", "LBRDK"], "fetched_bars": 54, "inserted_bars": 54, "no_data_symbols": ["LBRDK"], "failed_symbols": []}
/usr/local/lib/python3.12/site-packages/yfinance/scrapers/history.py:204: Pandas4Warning: Timestamp.utcnow is deprecated and will be removed in a future version. Use Timestamp.now('UTC') instead.
  dt_now = pd.Timestamp.utcnow()

1 Failed download:
['LBRDK']: YFPricesMissingError('possibly delisted; no price data found  (1d 2026-09-03 -> 2026-09-14)')
{"event": "symbol_inserted", "symbol": "LBRDK", "attempt": 1, "fetched_bars": 0, "inserted_bars": 0, "no_data_symbols": ["LBRDK"], "failed_symbols": []}
/usr/local/lib/python3.12/site-packages/yfinance/scrapers/history.py:204: Pandas4Warning: Timestamp.utcnow is deprecated and will be removed in a future version. Use Timestamp.now('UTC') instead.
  dt_now = pd.Timestamp.utcnow()

1 Failed download:
['LBRDA']: YFPricesMissingError('possibly delisted; no price data found  (1d 2026-09-03 -> 2026-09-14)')
{"event": "batch_inserted", "batch_index": 110, "attempt": 1, "symbols": ["SAIC", "ASB", "USAR", "LBRDA", "HASI", "UCTT", "OGS", "GBTG", "IPGP", "CSTM"], "fetched_bars": 54, "inserted_bars": 54, "no_data_symbols": ["LBRDA"], "failed_symbols": []}
/usr/local/lib/python3.12/site-packages/yfinance/scrapers/history.py:204: Pandas4Warning: Timestamp.utcnow is deprecated and will be removed in a future version. Use Timestamp.now('UTC') instead.
  dt_now = pd.Timestamp.utcnow()

1 Failed download:
['LBRDA']: YFPricesMissingError('possibly delisted; no price data found  (1d 2026-09-03 -> 2026-09-14)')
{"event": "symbol_inserted", "symbol": "LBRDA", "attempt": 1, "fetched_bars": 0, "inserted_bars": 0, "no_data_symbols": ["LBRDA"], "failed_symbols": []}
/usr/local/lib/python3.12/site-packages/yfinance/scrapers/history.py:204: Pandas4Warning: Timestamp.utcnow is deprecated and will be removed in a future version. Use Timestamp.now('UTC') instead.
  dt_now = pd.Timestamp.utcnow()
/usr/local/lib/python3.12/site-packages/yfinance/scrapers/history.py:204: Pandas4Warning: Timestamp.utcnow is deprecated and will be removed in a future version. Use Timestamp.now('UTC') instead.
  dt_now = pd.Timestamp.utcnow()
/usr/local/lib/python3.12/site-packages/yfinance/scrapers/history.py:204: Pandas4Warning: Timestamp.utcnow is deprecated and will be removed in a future version. Use Timestamp.now('UTC') instead.
  dt_now = pd.Timestamp.utcnow()
{"event": "batch_inserted", "batch_index": 111, "attempt": 1, "symbols": ["TVTX", "FTDR", "HRI", "FFIN", "CRSP", "VVV", "EBC", "REZI", "UNF", "FCN"], "fetched_bars": 60, "inserted_bars": 60, "no_data_symbols": [], "failed_symbols": []}
/usr/local/lib/python3.12/site-packages/yfinance/scrapers/history.py:204: Pandas4Warning: Timestamp.utcnow is deprecated and will be removed in a future version. Use Timestamp.now('UTC') instead.
  dt_now = pd.Timestamp.utcnow()
/usr/local/lib/python3.12/site-packages/yfinance/scrapers/history.py:204: Pandas4Warning: Timestamp.utcnow is deprecated and will be removed in a future version. Use Timestamp.now('UTC') instead.
  dt_now = pd.Timestamp.utcnow()
{"event": "batch_inserted", "batch_index": 112, "attempt": 1, "symbols": ["UFPI", "CUZ", "IBOC", "MTN", "TFSL", "TWST", "TREX", "WHD", "VECO", "SBRA"], "fetched_bars": 60, "inserted_bars": 60, "no_data_symbols": [], "failed_symbols": []}
/usr/local/lib/python3.12/site-packages/yfinance/scrapers/history.py:204: Pandas4Warning: Timestamp.utcnow is deprecated and will be removed in a future version. Use Timestamp.now('UTC') instead.
  dt_now = pd.Timestamp.utcnow()
/usr/local/lib/python3.12/site-packages/yfinance/scrapers/history.py:204: Pandas4Warning: Timestamp.utcnow is deprecated and will be removed in a future version. Use Timestamp.now('UTC') instead.
  dt_now = pd.Timestamp.utcnow()
{"event": "batch_inserted", "batch_index": 113, "attempt": 1, "symbols": ["SITE", "AHR", "LBRT", "ENVA", "CNO", "WEX", "GTLB", "CNX", "NNI", "SR"], "fetched_bars": 60, "inserted_bars": 60, "no_data_symbols": [], "failed_symbols": []}
/usr/local/lib/python3.12/site-packages/yfinance/scrapers/history.py:204: Pandas4Warning: Timestamp.utcnow is deprecated and will be removed in a future version. Use Timestamp.now('UTC') instead.
  dt_now = pd.Timestamp.utcnow()
/usr/local/lib/python3.12/site-packages/yfinance/scrapers/history.py:204: Pandas4Warning: Timestamp.utcnow is deprecated and will be removed in a future version. Use Timestamp.now('UTC') instead.
  dt_now = pd.Timestamp.utcnow()
/usr/local/lib/python3.12/site-packages/yfinance/scrapers/history.py:204: Pandas4Warning: Timestamp.utcnow is deprecated and will be removed in a future version. Use Timestamp.now('UTC') instead.
  dt_now = pd.Timestamp.utcnow()
{"event": "batch_inserted", "batch_index": 114, "attempt": 1, "symbols": ["RXO", "XMTR", "INDV", "SKT", "CNR", "HRB", "TNL", "COCO", "SHC", "RDN"], "fetched_bars": 60, "inserted_bars": 60, "no_data_symbols": [], "failed_symbols": []}
/usr/local/lib/python3.12/site-packages/yfinance/scrapers/history.py:204: Pandas4Warning: Timestamp.utcnow is deprecated and will be removed in a future version. Use Timestamp.now('UTC') instead.
  dt_now = pd.Timestamp.utcnow()
{"event": "batch_inserted", "batch_index": 115, "attempt": 1, "symbols": ["ACIW", "EPR", "FELE", "TDS", "CVCO", "FRMI", "KBR", "AZZ", "CBT", "SFBS"], "fetched_bars": 60, "inserted_bars": 60, "no_data_symbols": [], "failed_symbols": []}
/usr/local/lib/python3.12/site-packages/yfinance/scrapers/history.py:204: Pandas4Warning: Timestamp.utcnow is deprecated and will be removed in a future version. Use Timestamp.now('UTC') instead.
  dt_now = pd.Timestamp.utcnow()
{"event": "batch_inserted", "batch_index": 116, "attempt": 1, "symbols": ["DNTH", "BDC", "TNGX", "FULT", "SEZL", "KRC", "RDNT", "MRX", "HLNE", "CSW"], "fetched_bars": 60, "inserted_bars": 60, "no_data_symbols": [], "failed_symbols": []}
/usr/local/lib/python3.12/site-packages/yfinance/scrapers/history.py:204: Pandas4Warning: Timestamp.utcnow is deprecated and will be removed in a future version. Use Timestamp.now('UTC') instead.
  dt_now = pd.Timestamp.utcnow()
/usr/local/lib/python3.12/site-packages/yfinance/scrapers/history.py:204: Pandas4Warning: Timestamp.utcnow is deprecated and will be removed in a future version. Use Timestamp.now('UTC') instead.
  dt_now = pd.Timestamp.utcnow()
/usr/local/lib/python3.12/site-packages/yfinance/scrapers/history.py:204: Pandas4Warning: Timestamp.utcnow is deprecated and will be removed in a future version. Use Timestamp.now('UTC') instead.
  dt_now = pd.Timestamp.utcnow()
{"event": "batch_inserted", "batch_index": 117, "attempt": 1, "symbols": ["TCBI", "WING", "LMND", "MDU", "EXLS", "NWE", "FLNC", "CVSA", "ERAS", "POWI"], "fetched_bars": 60, "inserted_bars": 60, "no_data_symbols": [], "failed_symbols": []}
/usr/local/lib/python3.12/site-packages/yfinance/scrapers/history.py:204: Pandas4Warning: Timestamp.utcnow is deprecated and will be removed in a future version. Use Timestamp.now('UTC') instead.
  dt_now = pd.Timestamp.utcnow()
{"event": "batch_inserted", "batch_index": 118, "attempt": 1, "symbols": ["KTB", "KNF", "PTEN", "QS", "LIVN", "BTDR", "SLGN", "CELC", "SKY", "LAZ"], "fetched_bars": 60, "inserted_bars": 60, "no_data_symbols": [], "failed_symbols": []}
/usr/local/lib/python3.12/site-packages/yfinance/scrapers/history.py:204: Pandas4Warning: Timestamp.utcnow is deprecated and will be removed in a future version. Use Timestamp.now('UTC') instead.
  dt_now = pd.Timestamp.utcnow()
{"event": "batch_inserted", "batch_index": 119, "attempt": 1, "symbols": ["GFF", "MKTX", "OLED", "MAT", "PFSI", "CLSK", "POST", "SLM", "ORKA", "LBTYA"], "fetched_bars": 60, "inserted_bars": 60, "no_data_symbols": [], "failed_symbols": []}
/usr/local/lib/python3.12/site-packages/yfinance/scrapers/history.py:204: Pandas4Warning: Timestamp.utcnow is deprecated and will be removed in a future version. Use Timestamp.now('UTC') instead.
  dt_now = pd.Timestamp.utcnow()
/usr/local/lib/python3.12/site-packages/yfinance/scrapers/history.py:204: Pandas4Warning: Timestamp.utcnow is deprecated and will be removed in a future version. Use Timestamp.now('UTC') instead.
  dt_now = pd.Timestamp.utcnow()
/usr/local/lib/python3.12/site-packages/yfinance/scrapers/history.py:204: Pandas4Warning: Timestamp.utcnow is deprecated and will be removed in a future version. Use Timestamp.now('UTC') instead.
  dt_now = pd.Timestamp.utcnow()
{"event": "batch_inserted", "batch_index": 120, "attempt": 1, "symbols": ["BCO", "BELFB", "LION", "LRN", "MIR", "UCB", "COLD", "VNT", "BFH", "MIAX"], "fetched_bars": 60, "inserted_bars": 60, "no_data_symbols": [], "failed_symbols": []}
/usr/local/lib/python3.12/site-packages/yfinance/scrapers/history.py:204: Pandas4Warning: Timestamp.utcnow is deprecated and will be removed in a future version. Use Timestamp.now('UTC') instead.
  dt_now = pd.Timestamp.utcnow()
{"event": "batch_inserted", "batch_index": 121, "attempt": 1, "symbols": ["BLSH", "CATY", "ALHC", "EXTR", "ATMU", "LBTYK", "INSW", "THO", "PLNT", "ANF"], "fetched_bars": 60, "inserted_bars": 60, "no_data_symbols": [], "failed_symbols": []}
/usr/local/lib/python3.12/site-packages/yfinance/scrapers/history.py:204: Pandas4Warning: Timestamp.utcnow is deprecated and will be removed in a future version. Use Timestamp.now('UTC') instead.
  dt_now = pd.Timestamp.utcnow()
{"event": "batch_inserted", "batch_index": 122, "attempt": 1, "symbols": ["HGV", "PI", "BNL", "MWA", "PII", "INDB", "RELY", "OPLN", "NVST", "HHH"], "fetched_bars": 60, "inserted_bars": 60, "no_data_symbols": [], "failed_symbols": []}
/usr/local/lib/python3.12/site-packages/yfinance/scrapers/history.py:204: Pandas4Warning: Timestamp.utcnow is deprecated and will be removed in a future version. Use Timestamp.now('UTC') instead.
  dt_now = pd.Timestamp.utcnow()
/usr/local/lib/python3.12/site-packages/yfinance/scrapers/history.py:204: Pandas4Warning: Timestamp.utcnow is deprecated and will be removed in a future version. Use Timestamp.now('UTC') instead.
  dt_now = pd.Timestamp.utcnow()
{"event": "batch_inserted", "batch_index": 123, "attempt": 1, "symbols": ["STNG", "IRT", "CRK", "MMSI", "CNS", "RNST", "CNK", "FBP", "ZGN", "TPC"], "fetched_bars": 60, "inserted_bars": 60, "no_data_symbols": [], "failed_symbols": []}
/usr/local/lib/python3.12/site-packages/yfinance/scrapers/history.py:204: Pandas4Warning: Timestamp.utcnow is deprecated and will be removed in a future version. Use Timestamp.now('UTC') instead.
  dt_now = pd.Timestamp.utcnow()

1 Failed download:
['GEF.B']: YFPricesMissingError('possibly delisted; no price data found  (1d 2026-09-03 -> 2026-09-14)')
{"event": "batch_inserted", "batch_index": 124, "attempt": 1, "symbols": ["LASR", "OII", "GEF.B", "HP", "QLYS", "CDP", "WSFS", "BBWI", "LOPE", "BANF"], "fetched_bars": 54, "inserted_bars": 54, "no_data_symbols": ["GEF.B"], "failed_symbols": []}
/usr/local/lib/python3.12/site-packages/yfinance/scrapers/history.py:204: Pandas4Warning: Timestamp.utcnow is deprecated and will be removed in a future version. Use Timestamp.now('UTC') instead.
  dt_now = pd.Timestamp.utcnow()

1 Failed download:
['GEF.B']: YFPricesMissingError('possibly delisted; no price data found  (1d 2026-09-03 -> 2026-09-14)')
{"event": "symbol_inserted", "symbol": "GEF.B", "attempt": 1, "fetched_bars": 0, "inserted_bars": 0, "no_data_symbols": ["GEF.B"], "failed_symbols": []}
/usr/local/lib/python3.12/site-packages/yfinance/scrapers/history.py:204: Pandas4Warning: Timestamp.utcnow is deprecated and will be removed in a future version. Use Timestamp.now('UTC') instead.
  dt_now = pd.Timestamp.utcnow()

1 Failed download:
['CPRX']: YFPricesMissingError('possibly delisted; no price data found  (1d 2026-09-03 -> 2026-09-14)')
{"event": "batch_inserted", "batch_index": 125, "attempt": 1, "symbols": ["EE", "GPI", "ACHR", "ARCB", "PLUG", "BMI", "CPRX", "FG", "APLE", "VRNS"], "fetched_bars": 54, "inserted_bars": 54, "no_data_symbols": ["CPRX"], "failed_symbols": []}
/usr/local/lib/python3.12/site-packages/yfinance/scrapers/history.py:204: Pandas4Warning: Timestamp.utcnow is deprecated and will be removed in a future version. Use Timestamp.now('UTC') instead.
  dt_now = pd.Timestamp.utcnow()

1 Failed download:
['CPRX']: YFPricesMissingError('possibly delisted; no price data found  (1d 2026-09-03 -> 2026-09-14)')
{"event": "symbol_inserted", "symbol": "CPRX", "attempt": 1, "fetched_bars": 0, "inserted_bars": 0, "no_data_symbols": ["CPRX"], "failed_symbols": []}
/usr/local/lib/python3.12/site-packages/yfinance/scrapers/history.py:204: Pandas4Warning: Timestamp.utcnow is deprecated and will be removed in a future version. Use Timestamp.now('UTC') instead.
  dt_now = pd.Timestamp.utcnow()
/usr/local/lib/python3.12/site-packages/yfinance/scrapers/history.py:204: Pandas4Warning: Timestamp.utcnow is deprecated and will be removed in a future version. Use Timestamp.now('UTC') instead.
  dt_now = pd.Timestamp.utcnow()
/usr/local/lib/python3.12/site-packages/yfinance/scrapers/history.py:204: Pandas4Warning: Timestamp.utcnow is deprecated and will be removed in a future version. Use Timestamp.now('UTC') instead.
  dt_now = pd.Timestamp.utcnow()
{"event": "batch_inserted", "batch_index": 126, "attempt": 1, "symbols": ["TDW", "CRGY", "DORM", "YETI", "UWMC", "GEO", "KFY", "VCYT", "PVH", "OTTR"], "fetched_bars": 60, "inserted_bars": 60, "no_data_symbols": [], "failed_symbols": []}
/usr/local/lib/python3.12/site-packages/yfinance/scrapers/history.py:204: Pandas4Warning: Timestamp.utcnow is deprecated and will be removed in a future version. Use Timestamp.now('UTC') instead.
  dt_now = pd.Timestamp.utcnow()
/usr/local/lib/python3.12/site-packages/yfinance/scrapers/history.py:204: Pandas4Warning: Timestamp.utcnow is deprecated and will be removed in a future version. Use Timestamp.now('UTC') instead.
  dt_now = pd.Timestamp.utcnow()
{"event": "batch_inserted", "batch_index": 127, "attempt": 1, "symbols": ["UUUU", "EWTX", "CVBF", "BETA", "CAKE", "IRTC", "JOE", "OSIS", "BELFA", "ABG"], "fetched_bars": 60, "inserted_bars": 60, "no_data_symbols": [], "failed_symbols": []}
/usr/local/lib/python3.12/site-packages/yfinance/scrapers/history.py:204: Pandas4Warning: Timestamp.utcnow is deprecated and will be removed in a future version. Use Timestamp.now('UTC') instead.
  dt_now = pd.Timestamp.utcnow()
{"event": "batch_inserted", "batch_index": 128, "attempt": 1, "symbols": ["GPGI", "CHEF", "CALM", "SXI", "LIF", "AAP", "DOCS", "TXG", "DAVE", "SKYW"], "fetched_bars": 60, "inserted_bars": 60, "no_data_symbols": [], "failed_symbols": []}
/usr/local/lib/python3.12/site-packages/yfinance/scrapers/history.py:204: Pandas4Warning: Timestamp.utcnow is deprecated and will be removed in a future version. Use Timestamp.now('UTC') instead.
  dt_now = pd.Timestamp.utcnow()

1 Failed download:
['CRNX']: YFPricesMissingError('possibly delisted; no price data found  (1d 2026-09-03 -> 2026-09-14)')
{"event": "batch_inserted", "batch_index": 129, "attempt": 1, "symbols": ["SLG", "ELF", "CRNX", "BHF", "MHO", "SMR", "ACAD", "FIBK", "CON", "WAY"], "fetched_bars": 54, "inserted_bars": 54, "no_data_symbols": ["CRNX"], "failed_symbols": []}
/usr/local/lib/python3.12/site-packages/yfinance/scrapers/history.py:204: Pandas4Warning: Timestamp.utcnow is deprecated and will be removed in a future version. Use Timestamp.now('UTC') instead.
  dt_now = pd.Timestamp.utcnow()

1 Failed download:
['CRNX']: YFPricesMissingError('possibly delisted; no price data found  (1d 2026-09-03 -> 2026-09-14)')
{"event": "symbol_inserted", "symbol": "CRNX", "attempt": 1, "fetched_bars": 0, "inserted_bars": 0, "no_data_symbols": ["CRNX"], "failed_symbols": []}
/usr/local/lib/python3.12/site-packages/yfinance/scrapers/history.py:204: Pandas4Warning: Timestamp.utcnow is deprecated and will be removed in a future version. Use Timestamp.now('UTC') instead.
  dt_now = pd.Timestamp.utcnow()

1 Failed download:
['NSA']: YFPricesMissingError('possibly delisted; no price data found  (1d 2026-09-03 -> 2026-09-14)')
{"event": "batch_inserted", "batch_index": 130, "attempt": 1, "symbols": ["YSS", "SMG", "SIG", "ITRI", "BKU", "HAE", "ICUI", "WSBC", "NSA", "OGN"], "fetched_bars": 54, "inserted_bars": 54, "no_data_symbols": ["NSA"], "failed_symbols": []}
/usr/local/lib/python3.12/site-packages/yfinance/scrapers/history.py:204: Pandas4Warning: Timestamp.utcnow is deprecated and will be removed in a future version. Use Timestamp.now('UTC') instead.
  dt_now = pd.Timestamp.utcnow()

1 Failed download:
['NSA']: YFPricesMissingError('possibly delisted; no price data found  (1d 2026-09-03 -> 2026-09-14)')
{"event": "symbol_inserted", "symbol": "NSA", "attempt": 1, "fetched_bars": 0, "inserted_bars": 0, "no_data_symbols": ["NSA"], "failed_symbols": []}
/usr/local/lib/python3.12/site-packages/yfinance/scrapers/history.py:204: Pandas4Warning: Timestamp.utcnow is deprecated and will be removed in a future version. Use Timestamp.now('UTC') instead.
  dt_now = pd.Timestamp.utcnow()
{"event": "batch_inserted", "batch_index": 131, "attempt": 1, "symbols": ["ADEA", "BOX", "BATRA", "AVA", "NHI", "FHB", "BULL", "CBU", "MSGE", "CECO"], "fetched_bars": 60, "inserted_bars": 60, "no_data_symbols": [], "failed_symbols": []}
/usr/local/lib/python3.12/site-packages/yfinance/scrapers/history.py:204: Pandas4Warning: Timestamp.utcnow is deprecated and will be removed in a future version. Use Timestamp.now('UTC') instead.
  dt_now = pd.Timestamp.utcnow()
/usr/local/lib/python3.12/site-packages/yfinance/scrapers/history.py:204: Pandas4Warning: Timestamp.utcnow is deprecated and will be removed in a future version. Use Timestamp.now('UTC') instead.
  dt_now = pd.Timestamp.utcnow()
{"event": "batch_inserted", "batch_index": 132, "attempt": 1, "symbols": ["FUL", "AVNT", "FIZZ", "ATRO", "DNLI", "COLM", "GNW", "BFAM", "AEHR", "KN"], "fetched_bars": 60, "inserted_bars": 60, "no_data_symbols": [], "failed_symbols": []}
/usr/local/lib/python3.12/site-packages/yfinance/scrapers/history.py:204: Pandas4Warning: Timestamp.utcnow is deprecated and will be removed in a future version. Use Timestamp.now('UTC') instead.
  dt_now = pd.Timestamp.utcnow()
/usr/local/lib/python3.12/site-packages/yfinance/scrapers/history.py:204: Pandas4Warning: Timestamp.utcnow is deprecated and will be removed in a future version. Use Timestamp.now('UTC') instead.
  dt_now = pd.Timestamp.utcnow()
{"event": "batch_inserted", "batch_index": 133, "attempt": 1, "symbols": ["FFBC", "AGO", "KBH", "SHOO", "NSIT", "VKTX", "BTU", "KAI", "DAN", "RHI"], "fetched_bars": 60, "inserted_bars": 60, "no_data_symbols": [], "failed_symbols": []}
/usr/local/lib/python3.12/site-packages/yfinance/scrapers/history.py:204: Pandas4Warning: Timestamp.utcnow is deprecated and will be removed in a future version. Use Timestamp.now('UTC') instead.
  dt_now = pd.Timestamp.utcnow()
{"event": "batch_inserted", "batch_index": 134, "attempt": 1, "symbols": ["VGNT", "CC", "BILL", "HWKN", "LFST", "INOD", "TOWN", "ASO", "HIW", "MMS"], "fetched_bars": 60, "inserted_bars": 60, "no_data_symbols": [], "failed_symbols": []}
/usr/local/lib/python3.12/site-packages/yfinance/scrapers/history.py:204: Pandas4Warning: Timestamp.utcnow is deprecated and will be removed in a future version. Use Timestamp.now('UTC') instead.
  dt_now = pd.Timestamp.utcnow()
{"event": "batch_inserted", "batch_index": 135, "attempt": 1, "symbols": ["CURB", "NATL", "FOUR", "SFNC", "NG", "PRK", "IPAR", "OPCH", "PENG", "BATRK"], "fetched_bars": 60, "inserted_bars": 60, "no_data_symbols": [], "failed_symbols": []}
/usr/local/lib/python3.12/site-packages/yfinance/scrapers/history.py:204: Pandas4Warning: Timestamp.utcnow is deprecated and will be removed in a future version. Use Timestamp.now('UTC') instead.
  dt_now = pd.Timestamp.utcnow()
/usr/local/lib/python3.12/site-packages/yfinance/scrapers/history.py:204: Pandas4Warning: Timestamp.utcnow is deprecated and will be removed in a future version. Use Timestamp.now('UTC') instead.
  dt_now = pd.Timestamp.utcnow()
{"event": "batch_inserted", "batch_index": 136, "attempt": 1, "symbols": ["WRBY", "RNG", "BHE", "BANC", "BKD", "VAC", "LEU", "RLAY", "BOH", "HAYW"], "fetched_bars": 60, "inserted_bars": 60, "no_data_symbols": [], "failed_symbols": []}
/usr/local/lib/python3.12/site-packages/yfinance/scrapers/history.py:204: Pandas4Warning: Timestamp.utcnow is deprecated and will be removed in a future version. Use Timestamp.now('UTC') instead.
  dt_now = pd.Timestamp.utcnow()
/usr/local/lib/python3.12/site-packages/yfinance/scrapers/history.py:204: Pandas4Warning: Timestamp.utcnow is deprecated and will be removed in a future version. Use Timestamp.now('UTC') instead.
  dt_now = pd.Timestamp.utcnow()
{"event": "batch_inserted", "batch_index": 137, "attempt": 1, "symbols": ["HG", "GPK", "CWK", "VC", "NIC", "GEF", "PHIN", "AEO", "LXP", "CALY"], "fetched_bars": 60, "inserted_bars": 60, "no_data_symbols": [], "failed_symbols": []}
/usr/local/lib/python3.12/site-packages/yfinance/scrapers/history.py:204: Pandas4Warning: Timestamp.utcnow is deprecated and will be removed in a future version. Use Timestamp.now('UTC') instead.
  dt_now = pd.Timestamp.utcnow()
/usr/local/lib/python3.12/site-packages/yfinance/scrapers/history.py:204: Pandas4Warning: Timestamp.utcnow is deprecated and will be removed in a future version. Use Timestamp.now('UTC') instead.
  dt_now = pd.Timestamp.utcnow()
{"event": "batch_inserted", "batch_index": 138, "attempt": 1, "symbols": ["SBCF", "KALU", "GRBK", "USLM", "TDC", "BXMT", "UNIT", "ITGR", "NHC", "CVI"], "fetched_bars": 60, "inserted_bars": 60, "no_data_symbols": [], "failed_symbols": []}
/usr/local/lib/python3.12/site-packages/yfinance/scrapers/history.py:204: Pandas4Warning: Timestamp.utcnow is deprecated and will be removed in a future version. Use Timestamp.now('UTC') instead.
  dt_now = pd.Timestamp.utcnow()
{"event": "batch_inserted", "batch_index": 139, "attempt": 1, "symbols": ["ALMS", "RUN", "PFS", "CTRI", "TTAM", "UNFI", "MZTI", "CRVL", "ARQT", "AWR"], "fetched_bars": 60, "inserted_bars": 60, "no_data_symbols": [], "failed_symbols": []}
/usr/local/lib/python3.12/site-packages/yfinance/scrapers/history.py:204: Pandas4Warning: Timestamp.utcnow is deprecated and will be removed in a future version. Use Timestamp.now('UTC') instead.
  dt_now = pd.Timestamp.utcnow()
{"event": "batch_inserted", "batch_index": 140, "attempt": 1, "symbols": ["PLMR", "ICHR", "UE", "PPTA", "RDW", "DYN", "WDFC", "CLMT", "RCUS", "GPOR"], "fetched_bars": 60, "inserted_bars": 60, "no_data_symbols": [], "failed_symbols": []}
/usr/local/lib/python3.12/site-packages/yfinance/scrapers/history.py:204: Pandas4Warning: Timestamp.utcnow is deprecated and will be removed in a future version. Use Timestamp.now('UTC') instead.
  dt_now = pd.Timestamp.utcnow()
{"event": "batch_inserted", "batch_index": 141, "attempt": 1, "symbols": ["BEAM", "SOUN", "ASH", "AMBA", "MPT", "CPK", "NTCT", "TENB", "PRVA", "AKR"], "fetched_bars": 60, "inserted_bars": 60, "no_data_symbols": [], "failed_symbols": []}
/usr/local/lib/python3.12/site-packages/yfinance/scrapers/history.py:204: Pandas4Warning: Timestamp.utcnow is deprecated and will be removed in a future version. Use Timestamp.now('UTC') instead.
  dt_now = pd.Timestamp.utcnow()
{"event": "batch_inserted", "batch_index": 142, "attempt": 1, "symbols": ["CDNL", "WOR", "NN", "MGEE", "TR", "PK", "UPST", "APAM", "FSLY", "DBRG"], "fetched_bars": 60, "inserted_bars": 60, "no_data_symbols": [], "failed_symbols": []}
/usr/local/lib/python3.12/site-packages/yfinance/scrapers/history.py:204: Pandas4Warning: Timestamp.utcnow is deprecated and will be removed in a future version. Use Timestamp.now('UTC') instead.
  dt_now = pd.Timestamp.utcnow()
/usr/local/lib/python3.12/site-packages/yfinance/scrapers/history.py:204: Pandas4Warning: Timestamp.utcnow is deprecated and will be removed in a future version. Use Timestamp.now('UTC') instead.
  dt_now = pd.Timestamp.utcnow()
{"event": "batch_inserted", "batch_index": 143, "attempt": 1, "symbols": ["PENN", "DK", "COHU", "RH", "HTFL", "OLN", "VISN", "PATK", "VVX", "HUBG"], "fetched_bars": 60, "inserted_bars": 60, "no_data_symbols": [], "failed_symbols": []}
/usr/local/lib/python3.12/site-packages/yfinance/scrapers/history.py:204: Pandas4Warning: Timestamp.utcnow is deprecated and will be removed in a future version. Use Timestamp.now('UTC') instead.
  dt_now = pd.Timestamp.utcnow()
/usr/local/lib/python3.12/site-packages/yfinance/scrapers/history.py:204: Pandas4Warning: Timestamp.utcnow is deprecated and will be removed in a future version. Use Timestamp.now('UTC') instead.
  dt_now = pd.Timestamp.utcnow()
/usr/local/lib/python3.12/site-packages/yfinance/scrapers/history.py:204: Pandas4Warning: Timestamp.utcnow is deprecated and will be removed in a future version. Use Timestamp.now('UTC') instead.
  dt_now = pd.Timestamp.utcnow()
/usr/local/lib/python3.12/site-packages/yfinance/scrapers/history.py:204: Pandas4Warning: Timestamp.utcnow is deprecated and will be removed in a future version. Use Timestamp.now('UTC') instead.
  dt_now = pd.Timestamp.utcnow()
/usr/local/lib/python3.12/site-packages/yfinance/scrapers/history.py:204: Pandas4Warning: Timestamp.utcnow is deprecated and will be removed in a future version. Use Timestamp.now('UTC') instead.
  dt_now = pd.Timestamp.utcnow()
{"event": "batch_inserted", "batch_index": 144, "attempt": 1, "symbols": ["FBK", "DBD", "DHT", "FA", "MGRC", "ADPT", "NMIH", "ELVN", "PARR", "AAMI"], "fetched_bars": 60, "inserted_bars": 60, "no_data_symbols": [], "failed_symbols": []}
/usr/local/lib/python3.12/site-packages/yfinance/scrapers/history.py:204: Pandas4Warning: Timestamp.utcnow is deprecated and will be removed in a future version. Use Timestamp.now('UTC') instead.
  dt_now = pd.Timestamp.utcnow()
/usr/local/lib/python3.12/site-packages/yfinance/scrapers/history.py:204: Pandas4Warning: Timestamp.utcnow is deprecated and will be removed in a future version. Use Timestamp.now('UTC') instead.
  dt_now = pd.Timestamp.utcnow()
{"event": "batch_inserted", "batch_index": 145, "attempt": 1, "symbols": ["HLIO", "DX", "WHR", "FCPT", "EXPO", "SDRL", "TRN", "HUN", "WT", "SPNT"], "fetched_bars": 60, "inserted_bars": 60, "no_data_symbols": [], "failed_symbols": []}
/usr/local/lib/python3.12/site-packages/yfinance/scrapers/history.py:204: Pandas4Warning: Timestamp.utcnow is deprecated and will be removed in a future version. Use Timestamp.now('UTC') instead.
  dt_now = pd.Timestamp.utcnow()
/usr/local/lib/python3.12/site-packages/yfinance/scrapers/history.py:204: Pandas4Warning: Timestamp.utcnow is deprecated and will be removed in a future version. Use Timestamp.now('UTC') instead.
  dt_now = pd.Timestamp.utcnow()
{"event": "batch_inserted", "batch_index": 146, "attempt": 1, "symbols": ["QTWO", "WK", "BKV", "WAFD", "STNE", "GRDN", "IVT", "CWT", "CCC", "DFTX"], "fetched_bars": 60, "inserted_bars": 60, "no_data_symbols": [], "failed_symbols": []}
/usr/local/lib/python3.12/site-packages/yfinance/scrapers/history.py:204: Pandas4Warning: Timestamp.utcnow is deprecated and will be removed in a future version. Use Timestamp.now('UTC') instead.
  dt_now = pd.Timestamp.utcnow()
{"event": "batch_inserted", "batch_index": 147, "attempt": 1, "symbols": ["HOG", "ROG", "NMRK", "TRMK", "ABM", "PDFS", "CENT", "CXW", "ATKR", "SAH"], "fetched_bars": 60, "inserted_bars": 60, "no_data_symbols": [], "failed_symbols": []}
/usr/local/lib/python3.12/site-packages/yfinance/scrapers/history.py:204: Pandas4Warning: Timestamp.utcnow is deprecated and will be removed in a future version. Use Timestamp.now('UTC') instead.
  dt_now = pd.Timestamp.utcnow()
/usr/local/lib/python3.12/site-packages/yfinance/scrapers/history.py:204: Pandas4Warning: Timestamp.utcnow is deprecated and will be removed in a future version. Use Timestamp.now('UTC') instead.
  dt_now = pd.Timestamp.utcnow()
{"event": "batch_inserted", "batch_index": 148, "attempt": 1, "symbols": ["NESR", "KMT", "TARS", "FRME", "CUBI", "KD", "WERN", "DXPE", "OSW", "WTTR"], "fetched_bars": 60, "inserted_bars": 60, "no_data_symbols": [], "failed_symbols": []}
/usr/local/lib/python3.12/site-packages/yfinance/scrapers/history.py:204: Pandas4Warning: Timestamp.utcnow is deprecated and will be removed in a future version. Use Timestamp.now('UTC') instead.
  dt_now = pd.Timestamp.utcnow()
/usr/local/lib/python3.12/site-packages/yfinance/scrapers/history.py:204: Pandas4Warning: Timestamp.utcnow is deprecated and will be removed in a future version. Use Timestamp.now('UTC') instead.
  dt_now = pd.Timestamp.utcnow()
{"event": "batch_inserted", "batch_index": 149, "attempt": 1, "symbols": ["TNK", "FRSH", "IRON", "DGII", "FRPT", "BWIN", "UAA", "SUPN", "GRAL", "DNOW"], "fetched_bars": 60, "inserted_bars": 60, "no_data_symbols": [], "failed_symbols": []}
/usr/local/lib/python3.12/site-packages/yfinance/scrapers/history.py:204: Pandas4Warning: Timestamp.utcnow is deprecated and will be removed in a future version. Use Timestamp.now('UTC') instead.
  dt_now = pd.Timestamp.utcnow()
/usr/local/lib/python3.12/site-packages/yfinance/scrapers/history.py:204: Pandas4Warning: Timestamp.utcnow is deprecated and will be removed in a future version. Use Timestamp.now('UTC') instead.
  dt_now = pd.Timestamp.utcnow()
{"event": "batch_inserted", "batch_index": 150, "attempt": 1, "symbols": ["FBNC", "AGYS", "AMR", "IDYA", "EEFT", "OUST", "TMDX", "AMBP", "KWR", "NBTB"], "fetched_bars": 60, "inserted_bars": 60, "no_data_symbols": [], "failed_symbols": []}
/usr/local/lib/python3.12/site-packages/yfinance/scrapers/history.py:204: Pandas4Warning: Timestamp.utcnow is deprecated and will be removed in a future version. Use Timestamp.now('UTC') instead.
  dt_now = pd.Timestamp.utcnow()
/usr/local/lib/python3.12/site-packages/yfinance/scrapers/history.py:204: Pandas4Warning: Timestamp.utcnow is deprecated and will be removed in a future version. Use Timestamp.now('UTC') instead.
  dt_now = pd.Timestamp.utcnow()
{"event": "batch_inserted", "batch_index": 151, "attempt": 1, "symbols": ["PAGS", "UA", "BCC", "NGVT", "TALO", "CLOV", "SHAK", "DCO", "ALGT", "VERA"], "fetched_bars": 60, "inserted_bars": 60, "no_data_symbols": [], "failed_symbols": []}
/usr/local/lib/python3.12/site-packages/yfinance/scrapers/history.py:204: Pandas4Warning: Timestamp.utcnow is deprecated and will be removed in a future version. Use Timestamp.now('UTC') instead.
  dt_now = pd.Timestamp.utcnow()
/usr/local/lib/python3.12/site-packages/yfinance/scrapers/history.py:204: Pandas4Warning: Timestamp.utcnow is deprecated and will be removed in a future version. Use Timestamp.now('UTC') instead.
  dt_now = pd.Timestamp.utcnow()
/usr/local/lib/python3.12/site-packages/yfinance/scrapers/history.py:204: Pandas4Warning: Timestamp.utcnow is deprecated and will be removed in a future version. Use Timestamp.now('UTC') instead.
  dt_now = pd.Timestamp.utcnow()
/usr/local/lib/python3.12/site-packages/yfinance/scrapers/history.py:204: Pandas4Warning: Timestamp.utcnow is deprecated and will be removed in a future version. Use Timestamp.now('UTC') instead.
  dt_now = pd.Timestamp.utcnow()
{"event": "batch_inserted", "batch_index": 152, "attempt": 1, "symbols": ["BLBD", "CPRI", "CLDX", "CARG", "CALX", "ANDE", "CXT", "NIQ", "BRZE", "VOYG"], "fetched_bars": 60, "inserted_bars": 60, "no_data_symbols": [], "failed_symbols": []}
/usr/local/lib/python3.12/site-packages/yfinance/scrapers/history.py:204: Pandas4Warning: Timestamp.utcnow is deprecated and will be removed in a future version. Use Timestamp.now('UTC') instead.
  dt_now = pd.Timestamp.utcnow()
{"event": "batch_inserted", "batch_index": 153, "attempt": 1, "symbols": ["DRH", "RUM", "BUSE", "CTOS", "MTX", "PTON", "RARE", "FUN", "TBBK", "HTO"], "fetched_bars": 60, "inserted_bars": 60, "no_data_symbols": [], "failed_symbols": []}
/usr/local/lib/python3.12/site-packages/yfinance/scrapers/history.py:204: Pandas4Warning: Timestamp.utcnow is deprecated and will be removed in a future version. Use Timestamp.now('UTC') instead.
  dt_now = pd.Timestamp.utcnow()
{"event": "batch_inserted", "batch_index": 154, "attempt": 1, "symbols": ["HNI", "TE", "CENTA", "WU", "AMPX", "NTB", "EFSC", "PBI", "BKE", "MGNI"], "fetched_bars": 60, "inserted_bars": 60, "no_data_symbols": [], "failed_symbols": []}
/usr/local/lib/python3.12/site-packages/yfinance/scrapers/history.py:204: Pandas4Warning: Timestamp.utcnow is deprecated and will be removed in a future version. Use Timestamp.now('UTC') instead.
  dt_now = pd.Timestamp.utcnow()
{"event": "batch_inserted", "batch_index": 155, "attempt": 1, "symbols": ["IMAX", "HE", "ALRM", "AVPT", "MBIN", "GCMG", "MCRI", "AXGN", "ATEN", "BANR"], "fetched_bars": 60, "inserted_bars": 60, "no_data_symbols": [], "failed_symbols": []}
/usr/local/lib/python3.12/site-packages/yfinance/scrapers/history.py:204: Pandas4Warning: Timestamp.utcnow is deprecated and will be removed in a future version. Use Timestamp.now('UTC') instead.
  dt_now = pd.Timestamp.utcnow()
{"event": "batch_inserted", "batch_index": 156, "attempt": 1, "symbols": ["WLY", "PBH", "ACHC", "RAMP", "LCII", "PAYO", "HTH", "MH", "QUBT", "GRC"], "fetched_bars": 60, "inserted_bars": 60, "no_data_symbols": [], "failed_symbols": []}
/usr/local/lib/python3.12/site-packages/yfinance/scrapers/history.py:204: Pandas4Warning: Timestamp.utcnow is deprecated and will be removed in a future version. Use Timestamp.now('UTC') instead.
  dt_now = pd.Timestamp.utcnow()
{"event": "batch_inserted", "batch_index": 157, "attempt": 1, "symbols": ["SYBT", "NEXT", "DRVN", "BCRX", "WS", "NOG", "BRSL", "DHC", "SHO", "TNET"], "fetched_bars": 60, "inserted_bars": 60, "no_data_symbols": [], "failed_symbols": []}
/usr/local/lib/python3.12/site-packages/yfinance/scrapers/history.py:204: Pandas4Warning: Timestamp.utcnow is deprecated and will be removed in a future version. Use Timestamp.now('UTC') instead.
  dt_now = pd.Timestamp.utcnow()
{"event": "batch_inserted", "batch_index": 158, "attempt": 1, "symbols": ["PLUS", "NWBI", "DJT", "UTI", "CLBK", "CMPR", "FLOC", "PRDO", "IOSP", "KOD"], "fetched_bars": 60, "inserted_bars": 60, "no_data_symbols": [], "failed_symbols": []}
/usr/local/lib/python3.12/site-packages/yfinance/scrapers/history.py:204: Pandas4Warning: Timestamp.utcnow is deprecated and will be removed in a future version. Use Timestamp.now('UTC') instead.
  dt_now = pd.Timestamp.utcnow()

1 Failed download:
['LC']: YFTzMissingError('possibly delisted; no timezone found')
{"event": "batch_inserted", "batch_index": 159, "attempt": 1, "symbols": ["PRKS", "ARR", "LMAT", "NWN", "BAND", "NWL", "PGNY", "LC", "IMNM", "GRND"], "fetched_bars": 54, "inserted_bars": 54, "no_data_symbols": ["LC"], "failed_symbols": []}

1 Failed download:
['LC']: YFTzMissingError('possibly delisted; no timezone found')
{"event": "symbol_inserted", "symbol": "LC", "attempt": 1, "fetched_bars": 0, "inserted_bars": 0, "no_data_symbols": ["LC"], "failed_symbols": []}
/usr/local/lib/python3.12/site-packages/yfinance/scrapers/history.py:204: Pandas4Warning: Timestamp.utcnow is deprecated and will be removed in a future version. Use Timestamp.now('UTC') instead.
  dt_now = pd.Timestamp.utcnow()
/usr/local/lib/python3.12/site-packages/yfinance/scrapers/history.py:204: Pandas4Warning: Timestamp.utcnow is deprecated and will be removed in a future version. Use Timestamp.now('UTC') instead.
  dt_now = pd.Timestamp.utcnow()

1 Failed download:
['SEM']: YFTzMissingError('possibly delisted; no timezone found')
{"event": "batch_inserted", "batch_index": 160, "attempt": 1, "symbols": ["SEM", "PEB", "NVCR", "EOSE", "DEI", "HCI", "WMK", "AUPH", "TGLS", "OFG"], "fetched_bars": 54, "inserted_bars": 54, "no_data_symbols": ["SEM"], "failed_symbols": []}

1 Failed download:
['SEM']: YFTzMissingError('possibly delisted; no timezone found')
{"event": "symbol_inserted", "symbol": "SEM", "attempt": 1, "fetched_bars": 0, "inserted_bars": 0, "no_data_symbols": ["SEM"], "failed_symbols": []}
/usr/local/lib/python3.12/site-packages/yfinance/scrapers/history.py:204: Pandas4Warning: Timestamp.utcnow is deprecated and will be removed in a future version. Use Timestamp.now('UTC') instead.
  dt_now = pd.Timestamp.utcnow()
/usr/local/lib/python3.12/site-packages/yfinance/scrapers/history.py:204: Pandas4Warning: Timestamp.utcnow is deprecated and will be removed in a future version. Use Timestamp.now('UTC') instead.
  dt_now = pd.Timestamp.utcnow()
/usr/local/lib/python3.12/site-packages/yfinance/scrapers/history.py:204: Pandas4Warning: Timestamp.utcnow is deprecated and will be removed in a future version. Use Timestamp.now('UTC') instead.
  dt_now = pd.Timestamp.utcnow()
{"event": "batch_inserted", "batch_index": 161, "attempt": 1, "symbols": ["LCID", "SKWD", "SPSC", "KSS", "INVX", "FCF", "XRAY", "GTY", "TRVI", "AIN"], "fetched_bars": 60, "inserted_bars": 60, "no_data_symbols": [], "failed_symbols": []}
/usr/local/lib/python3.12/site-packages/yfinance/scrapers/history.py:204: Pandas4Warning: Timestamp.utcnow is deprecated and will be removed in a future version. Use Timestamp.now('UTC') instead.
  dt_now = pd.Timestamp.utcnow()
{"event": "batch_inserted", "batch_index": 162, "attempt": 1, "symbols": ["SGRY", "CMRE", "GNL", "FIGS", "MD", "HRMY", "VERX", "STC", "NTST", "NEOG"], "fetched_bars": 60, "inserted_bars": 60, "no_data_symbols": [], "failed_symbols": []}
/usr/local/lib/python3.12/site-packages/yfinance/scrapers/history.py:204: Pandas4Warning: Timestamp.utcnow is deprecated and will be removed in a future version. Use Timestamp.now('UTC') instead.
  dt_now = pd.Timestamp.utcnow()

1 Failed download:
['STEL']: YFTzMissingError('possibly delisted; no timezone found')
{"event": "batch_inserted", "batch_index": 163, "attempt": 1, "symbols": ["STEL", "AGM", "HMN", "NBHC", "OCUL", "MLYS", "LPG", "SPB", "BBAI", "ASTH"], "fetched_bars": 54, "inserted_bars": 54, "no_data_symbols": ["STEL"], "failed_symbols": []}

1 Failed download:
['STEL']: YFTzMissingError('possibly delisted; no timezone found')
{"event": "symbol_inserted", "symbol": "STEL", "attempt": 1, "fetched_bars": 0, "inserted_bars": 0, "no_data_symbols": ["STEL"], "failed_symbols": []}
/usr/local/lib/python3.12/site-packages/yfinance/scrapers/history.py:204: Pandas4Warning: Timestamp.utcnow is deprecated and will be removed in a future version. Use Timestamp.now('UTC') instead.
  dt_now = pd.Timestamp.utcnow()
{"event": "batch_inserted", "batch_index": 164, "attempt": 1, "symbols": ["SLDE", "VCEL", "AMSC", "ADMA", "PUMP", "SAM", "AIP", "CBZ", "CTS", "SRCE"], "fetched_bars": 60, "inserted_bars": 60, "no_data_symbols": [], "failed_symbols": []}
/usr/local/lib/python3.12/site-packages/yfinance/scrapers/history.py:204: Pandas4Warning: Timestamp.utcnow is deprecated and will be removed in a future version. Use Timestamp.now('UTC') instead.
  dt_now = pd.Timestamp.utcnow()
/usr/local/lib/python3.12/site-packages/yfinance/scrapers/history.py:204: Pandas4Warning: Timestamp.utcnow is deprecated and will be removed in a future version. Use Timestamp.now('UTC') instead.
  dt_now = pd.Timestamp.utcnow()
/usr/local/lib/python3.12/site-packages/yfinance/scrapers/history.py:204: Pandas4Warning: Timestamp.utcnow is deprecated and will be removed in a future version. Use Timestamp.now('UTC') instead.
  dt_now = pd.Timestamp.utcnow()
/usr/local/lib/python3.12/site-packages/yfinance/scrapers/history.py:204: Pandas4Warning: Timestamp.utcnow is deprecated and will be removed in a future version. Use Timestamp.now('UTC') instead.
  dt_now = pd.Timestamp.utcnow()
{"event": "batch_inserted", "batch_index": 165, "attempt": 1, "symbols": ["LTC", "AGL", "PRLB", "PLAB", "ALG", "TIC", "BLX", "XPRO", "PAX", "JBLU"], "fetched_bars": 60, "inserted_bars": 60, "no_data_symbols": [], "failed_symbols": []}
/usr/local/lib/python3.12/site-packages/yfinance/scrapers/history.py:204: Pandas4Warning: Timestamp.utcnow is deprecated and will be removed in a future version. Use Timestamp.now('UTC') instead.
  dt_now = pd.Timestamp.utcnow()
/usr/local/lib/python3.12/site-packages/yfinance/scrapers/history.py:204: Pandas4Warning: Timestamp.utcnow is deprecated and will be removed in a future version. Use Timestamp.now('UTC') instead.
  dt_now = pd.Timestamp.utcnow()
/usr/local/lib/python3.12/site-packages/yfinance/scrapers/history.py:204: Pandas4Warning: Timestamp.utcnow is deprecated and will be removed in a future version. Use Timestamp.now('UTC') instead.
  dt_now = pd.Timestamp.utcnow()
{"event": "batch_inserted", "batch_index": 166, "attempt": 1, "symbols": ["ANIP", "STOK", "VPG", "TILE", "CHCO", "TH", "INTA", "GT", "CNXN", "RAPP"], "fetched_bars": 60, "inserted_bars": 60, "no_data_symbols": [], "failed_symbols": []}
/usr/local/lib/python3.12/site-packages/yfinance/scrapers/history.py:204: Pandas4Warning: Timestamp.utcnow is deprecated and will be removed in a future version. Use Timestamp.now('UTC') instead.
  dt_now = pd.Timestamp.utcnow()
{"event": "batch_inserted", "batch_index": 167, "attempt": 1, "symbols": ["PLPC", "GENI", "SONO", "WD", "COTY", "IOVA", "MBC", "UFPT", "AMBQ", "EPAC"], "fetched_bars": 60, "inserted_bars": 60, "no_data_symbols": [], "failed_symbols": []}
/usr/local/lib/python3.12/site-packages/yfinance/scrapers/history.py:204: Pandas4Warning: Timestamp.utcnow is deprecated and will be removed in a future version. Use Timestamp.now('UTC') instead.
  dt_now = pd.Timestamp.utcnow()
/usr/local/lib/python3.12/site-packages/yfinance/scrapers/history.py:204: Pandas4Warning: Timestamp.utcnow is deprecated and will be removed in a future version. Use Timestamp.now('UTC') instead.
  dt_now = pd.Timestamp.utcnow()

1 Failed download:
['SKYT']: YFPricesMissingError('possibly delisted; no price data found  (1d 2026-09-03 -> 2026-09-14)')
{"event": "batch_inserted", "batch_index": 168, "attempt": 1, "symbols": ["VRDN", "LOB", "TFIN", "SKYT", "XHR", "FLYW", "SMA", "WGS", "ADNT", "CASH"], "fetched_bars": 54, "inserted_bars": 54, "no_data_symbols": ["SKYT"], "failed_symbols": []}
/usr/local/lib/python3.12/site-packages/yfinance/scrapers/history.py:204: Pandas4Warning: Timestamp.utcnow is deprecated and will be removed in a future version. Use Timestamp.now('UTC') instead.
  dt_now = pd.Timestamp.utcnow()

1 Failed download:
['SKYT']: YFPricesMissingError('possibly delisted; no price data found  (1d 2026-09-03 -> 2026-09-14)')
{"event": "symbol_inserted", "symbol": "SKYT", "attempt": 1, "fetched_bars": 0, "inserted_bars": 0, "no_data_symbols": ["SKYT"], "failed_symbols": []}
/usr/local/lib/python3.12/site-packages/yfinance/scrapers/history.py:204: Pandas4Warning: Timestamp.utcnow is deprecated and will be removed in a future version. Use Timestamp.now('UTC') instead.
  dt_now = pd.Timestamp.utcnow()
{"event": "batch_inserted", "batch_index": 169, "attempt": 1, "symbols": ["HURN", "DCOM", "NVRI", "APPN", "NRIX", "AGIO", "STRA", "SHLS", "IMKTA", "IE"], "fetched_bars": 60, "inserted_bars": 60, "no_data_symbols": [], "failed_symbols": []}
/usr/local/lib/python3.12/site-packages/yfinance/scrapers/history.py:204: Pandas4Warning: Timestamp.utcnow is deprecated and will be removed in a future version. Use Timestamp.now('UTC') instead.
  dt_now = pd.Timestamp.utcnow()
{"event": "batch_inserted", "batch_index": 170, "attempt": 1, "symbols": ["ECPG", "VSTS", "ADUS", "IIPR", "CCS", "GABC", "STBA", "OMCL", "RBCAA", "EFC"], "fetched_bars": 60, "inserted_bars": 60, "no_data_symbols": [], "failed_symbols": []}
/usr/local/lib/python3.12/site-packages/yfinance/scrapers/history.py:204: Pandas4Warning: Timestamp.utcnow is deprecated and will be removed in a future version. Use Timestamp.now('UTC') instead.
  dt_now = pd.Timestamp.utcnow()
/usr/local/lib/python3.12/site-packages/yfinance/scrapers/history.py:204: Pandas4Warning: Timestamp.utcnow is deprecated and will be removed in a future version. Use Timestamp.now('UTC') instead.
  dt_now = pd.Timestamp.utcnow()
{"event": "batch_inserted", "batch_index": 171, "attempt": 1, "symbols": ["NUVB", "ZD", "ASAN", "KOS", "BHVN", "NTLA", "FLNG", "RCAT", "MBX", "SFL"], "fetched_bars": 60, "inserted_bars": 60, "no_data_symbols": [], "failed_symbols": []}
/usr/local/lib/python3.12/site-packages/yfinance/scrapers/history.py:204: Pandas4Warning: Timestamp.utcnow is deprecated and will be removed in a future version. Use Timestamp.now('UTC') instead.
  dt_now = pd.Timestamp.utcnow()
/usr/local/lib/python3.12/site-packages/yfinance/scrapers/history.py:204: Pandas4Warning: Timestamp.utcnow is deprecated and will be removed in a future version. Use Timestamp.now('UTC') instead.
  dt_now = pd.Timestamp.utcnow()
/usr/local/lib/python3.12/site-packages/yfinance/scrapers/history.py:204: Pandas4Warning: Timestamp.utcnow is deprecated and will be removed in a future version. Use Timestamp.now('UTC') instead.
  dt_now = pd.Timestamp.utcnow()

1 Failed download:
['SILA']: YFTzMissingError('possibly delisted; no timezone found')
{"event": "batch_inserted", "batch_index": 172, "attempt": 1, "symbols": ["PLSE", "HOPE", "BL", "TCBK", "SOC", "INVA", "NCNO", "RLJ", "SILA", "ZYME"], "fetched_bars": 54, "inserted_bars": 54, "no_data_symbols": ["SILA"], "failed_symbols": []}

1 Failed download:
['SILA']: YFTzMissingError('possibly delisted; no timezone found')
{"event": "symbol_inserted", "symbol": "SILA", "attempt": 1, "fetched_bars": 0, "inserted_bars": 0, "no_data_symbols": ["SILA"], "failed_symbols": []}
/usr/local/lib/python3.12/site-packages/yfinance/scrapers/history.py:204: Pandas4Warning: Timestamp.utcnow is deprecated and will be removed in a future version. Use Timestamp.now('UTC') instead.
  dt_now = pd.Timestamp.utcnow()
{"event": "batch_inserted", "batch_index": 173, "attempt": 1, "symbols": ["RXRX", "SNDA", "SLVM", "LILAK", "FLO", "CNOB", "LILA", "STGW", "TSHA", "ANAB"], "fetched_bars": 60, "inserted_bars": 60, "no_data_symbols": [], "failed_symbols": []}
/usr/local/lib/python3.12/site-packages/yfinance/scrapers/history.py:204: Pandas4Warning: Timestamp.utcnow is deprecated and will be removed in a future version. Use Timestamp.now('UTC') instead.
  dt_now = pd.Timestamp.utcnow()
{"event": "batch_inserted", "batch_index": 174, "attempt": 1, "symbols": ["WKC", "BFC", "FSUN", "ALKT", "FIVN", "MQ", "WBTN", "AMLX", "SION", "SEPN"], "fetched_bars": 60, "inserted_bars": 60, "no_data_symbols": [], "failed_symbols": []}
/usr/local/lib/python3.12/site-packages/yfinance/scrapers/history.py:204: Pandas4Warning: Timestamp.utcnow is deprecated and will be removed in a future version. Use Timestamp.now('UTC') instead.
  dt_now = pd.Timestamp.utcnow()
/usr/local/lib/python3.12/site-packages/yfinance/scrapers/history.py:204: Pandas4Warning: Timestamp.utcnow is deprecated and will be removed in a future version. Use Timestamp.now('UTC') instead.
  dt_now = pd.Timestamp.utcnow()
{"event": "batch_inserted", "batch_index": 175, "attempt": 1, "symbols": ["HLIT", "HTZ", "EVTC", "GLOB", "SNDX", "SRPT", "EVCM", "BY", "PCT", "TYRA"], "fetched_bars": 60, "inserted_bars": 60, "no_data_symbols": [], "failed_symbols": []}
/usr/local/lib/python3.12/site-packages/yfinance/scrapers/history.py:204: Pandas4Warning: Timestamp.utcnow is deprecated and will be removed in a future version. Use Timestamp.now('UTC') instead.
  dt_now = pd.Timestamp.utcnow()
/usr/local/lib/python3.12/site-packages/yfinance/scrapers/history.py:204: Pandas4Warning: Timestamp.utcnow is deprecated and will be removed in a future version. Use Timestamp.now('UTC') instead.
  dt_now = pd.Timestamp.utcnow()
{"event": "batch_inserted", "batch_index": 176, "attempt": 1, "symbols": ["TPB", "CNXC", "RES", "QCRH", "PGEN", "AI", "MAN", "RYZ", "CRI", "LZB"], "fetched_bars": 60, "inserted_bars": 60, "no_data_symbols": [], "failed_symbols": []}
/usr/local/lib/python3.12/site-packages/yfinance/scrapers/history.py:204: Pandas4Warning: Timestamp.utcnow is deprecated and will be removed in a future version. Use Timestamp.now('UTC') instead.
  dt_now = pd.Timestamp.utcnow()
/usr/local/lib/python3.12/site-packages/yfinance/scrapers/history.py:204: Pandas4Warning: Timestamp.utcnow is deprecated and will be removed in a future version. Use Timestamp.now('UTC') instead.
  dt_now = pd.Timestamp.utcnow()
{"event": "batch_inserted", "batch_index": 177, "attempt": 1, "symbols": ["AEVA", "DV", "PVLA", "FTRE", "ALNT", "OBK", "ATEX", "AVAH", "PRG", "GLUE"], "fetched_bars": 60, "inserted_bars": 60, "no_data_symbols": [], "failed_symbols": []}
/usr/local/lib/python3.12/site-packages/yfinance/scrapers/history.py:204: Pandas4Warning: Timestamp.utcnow is deprecated and will be removed in a future version. Use Timestamp.now('UTC') instead.
  dt_now = pd.Timestamp.utcnow()

1 Failed download:
['KW']: YFTzMissingError('possibly delisted; no timezone found')
{"event": "batch_inserted", "batch_index": 178, "attempt": 1, "symbols": ["LKFN", "SVV", "LIND", "CBL", "HCSG", "COUR", "KW", "PRGO", "HLMN", "DCH"], "fetched_bars": 54, "inserted_bars": 54, "no_data_symbols": ["KW"], "failed_symbols": []}

1 Failed download:
['KW']: YFTzMissingError('possibly delisted; no timezone found')
{"event": "symbol_inserted", "symbol": "KW", "attempt": 1, "fetched_bars": 0, "inserted_bars": 0, "no_data_symbols": ["KW"], "failed_symbols": []}
/usr/local/lib/python3.12/site-packages/yfinance/scrapers/history.py:204: Pandas4Warning: Timestamp.utcnow is deprecated and will be removed in a future version. Use Timestamp.now('UTC') instead.
  dt_now = pd.Timestamp.utcnow()
/usr/local/lib/python3.12/site-packages/yfinance/scrapers/history.py:204: Pandas4Warning: Timestamp.utcnow is deprecated and will be removed in a future version. Use Timestamp.now('UTC') instead.
  dt_now = pd.Timestamp.utcnow()
{"event": "batch_inserted", "batch_index": 179, "attempt": 1, "symbols": ["NBR", "DXC", "AAT", "CAPR", "JJSF", "EYE", "GBX", "FOR", "GIII", "AMRC"], "fetched_bars": 60, "inserted_bars": 60, "no_data_symbols": [], "failed_symbols": []}
/usr/local/lib/python3.12/site-packages/yfinance/scrapers/history.py:204: Pandas4Warning: Timestamp.utcnow is deprecated and will be removed in a future version. Use Timestamp.now('UTC') instead.
  dt_now = pd.Timestamp.utcnow()
/usr/local/lib/python3.12/site-packages/yfinance/scrapers/history.py:204: Pandas4Warning: Timestamp.utcnow is deprecated and will be removed in a future version. Use Timestamp.now('UTC') instead.
  dt_now = pd.Timestamp.utcnow()
{"event": "batch_inserted", "batch_index": 180, "attempt": 1, "symbols": ["PWP", "FMC", "MRTN", "TRS", "TNC", "WWW", "RVLV", "KMPR", "LINC", "PRCT"], "fetched_bars": 60, "inserted_bars": 60, "no_data_symbols": [], "failed_symbols": []}
/usr/local/lib/python3.12/site-packages/yfinance/scrapers/history.py:204: Pandas4Warning: Timestamp.utcnow is deprecated and will be removed in a future version. Use Timestamp.now('UTC') instead.
  dt_now = pd.Timestamp.utcnow()
/usr/local/lib/python3.12/site-packages/yfinance/scrapers/history.py:204: Pandas4Warning: Timestamp.utcnow is deprecated and will be removed in a future version. Use Timestamp.now('UTC') instead.
  dt_now = pd.Timestamp.utcnow()
/usr/local/lib/python3.12/site-packages/yfinance/scrapers/history.py:204: Pandas4Warning: Timestamp.utcnow is deprecated and will be removed in a future version. Use Timestamp.now('UTC') instead.
  dt_now = pd.Timestamp.utcnow()
{"event": "batch_inserted", "batch_index": 181, "attempt": 1, "symbols": ["NVAX", "ATRC", "SLS", "WLDN", "ENVX", "VIR", "NEO", "BFLY", "URGN", "REX"], "fetched_bars": 60, "inserted_bars": 60, "no_data_symbols": [], "failed_symbols": []}
/usr/local/lib/python3.12/site-packages/yfinance/scrapers/history.py:204: Pandas4Warning: Timestamp.utcnow is deprecated and will be removed in a future version. Use Timestamp.now('UTC') instead.
  dt_now = pd.Timestamp.utcnow()

3 Failed downloads:
['KALV', 'HLX', 'LEG']: YFPricesMissingError('possibly delisted; no price data found  (1d 2026-09-03 -> 2026-09-14)')
{"event": "batch_inserted", "batch_index": 182, "attempt": 1, "symbols": ["LEG", "TRIP", "KALV", "ULCC", "HLX", "WINA", "ECVT", "AMC", "BCAX", "AVBP"], "fetched_bars": 42, "inserted_bars": 42, "no_data_symbols": ["LEG", "KALV", "HLX"], "failed_symbols": []}
/usr/local/lib/python3.12/site-packages/yfinance/scrapers/history.py:204: Pandas4Warning: Timestamp.utcnow is deprecated and will be removed in a future version. Use Timestamp.now('UTC') instead.
  dt_now = pd.Timestamp.utcnow()

1 Failed download:
['LEG']: YFPricesMissingError('possibly delisted; no price data found  (1d 2026-09-03 -> 2026-09-14)')
{"event": "symbol_inserted", "symbol": "LEG", "attempt": 1, "fetched_bars": 0, "inserted_bars": 0, "no_data_symbols": ["LEG"], "failed_symbols": []}
/usr/local/lib/python3.12/site-packages/yfinance/scrapers/history.py:204: Pandas4Warning: Timestamp.utcnow is deprecated and will be removed in a future version. Use Timestamp.now('UTC') instead.
  dt_now = pd.Timestamp.utcnow()

1 Failed download:
['KALV']: YFPricesMissingError('possibly delisted; no price data found  (1d 2026-09-03 -> 2026-09-14)')
{"event": "symbol_inserted", "symbol": "KALV", "attempt": 1, "fetched_bars": 0, "inserted_bars": 0, "no_data_symbols": ["KALV"], "failed_symbols": []}
/usr/local/lib/python3.12/site-packages/yfinance/scrapers/history.py:204: Pandas4Warning: Timestamp.utcnow is deprecated and will be removed in a future version. Use Timestamp.now('UTC') instead.
  dt_now = pd.Timestamp.utcnow()

1 Failed download:
['HLX']: YFPricesMissingError('possibly delisted; no price data found  (1d 2026-09-03 -> 2026-09-14)')
{"event": "symbol_inserted", "symbol": "HLX", "attempt": 1, "fetched_bars": 0, "inserted_bars": 0, "no_data_symbols": ["HLX"], "failed_symbols": []}
/usr/local/lib/python3.12/site-packages/yfinance/scrapers/history.py:204: Pandas4Warning: Timestamp.utcnow is deprecated and will be removed in a future version. Use Timestamp.now('UTC') instead.
  dt_now = pd.Timestamp.utcnow()
/usr/local/lib/python3.12/site-packages/yfinance/scrapers/history.py:204: Pandas4Warning: Timestamp.utcnow is deprecated and will be removed in a future version. Use Timestamp.now('UTC') instead.
  dt_now = pd.Timestamp.utcnow()
{"event": "batch_inserted", "batch_index": 183, "attempt": 1, "symbols": ["NVGS", "CLVT", "STAA", "BORR", "TTI", "ARI", "OI", "ARDX", "ARLO", "HROW"], "fetched_bars": 60, "inserted_bars": 60, "no_data_symbols": [], "failed_symbols": []}
/usr/local/lib/python3.12/site-packages/yfinance/scrapers/history.py:204: Pandas4Warning: Timestamp.utcnow is deprecated and will be removed in a future version. Use Timestamp.now('UTC') instead.
  dt_now = pd.Timestamp.utcnow()

2 Failed downloads:
['OLPX']: YFPricesMissingError('possibly delisted; no price data found  (1d 2026-09-03 -> 2026-09-14)')
['FDP']: YFTzMissingError('possibly delisted; no timezone found')
{"event": "batch_inserted", "batch_index": 184, "attempt": 1, "symbols": ["NSP", "ATLC", "ENR", "FDP", "IART", "AHCO", "DFH", "OLPX", "IDT", "ODC"], "fetched_bars": 48, "inserted_bars": 48, "no_data_symbols": ["FDP", "OLPX"], "failed_symbols": []}

1 Failed download:
['FDP']: YFTzMissingError('possibly delisted; no timezone found')
{"event": "symbol_inserted", "symbol": "FDP", "attempt": 1, "fetched_bars": 0, "inserted_bars": 0, "no_data_symbols": ["FDP"], "failed_symbols": []}
/usr/local/lib/python3.12/site-packages/yfinance/scrapers/history.py:204: Pandas4Warning: Timestamp.utcnow is deprecated and will be removed in a future version. Use Timestamp.now('UTC') instead.
  dt_now = pd.Timestamp.utcnow()

1 Failed download:
['OLPX']: YFPricesMissingError('possibly delisted; no price data found  (1d 2026-09-03 -> 2026-09-14)')
{"event": "symbol_inserted", "symbol": "OLPX", "attempt": 1, "fetched_bars": 0, "inserted_bars": 0, "no_data_symbols": ["OLPX"], "failed_symbols": []}
/usr/local/lib/python3.12/site-packages/yfinance/scrapers/history.py:204: Pandas4Warning: Timestamp.utcnow is deprecated and will be removed in a future version. Use Timestamp.now('UTC') instead.
  dt_now = pd.Timestamp.utcnow()
{"event": "batch_inserted", "batch_index": 185, "attempt": 1, "symbols": ["ACDC", "WABC", "DOLE", "RXT", "AOSL", "INBX", "BHRB", "UVV", "ALX", "ARDT"], "fetched_bars": 60, "inserted_bars": 60, "no_data_symbols": [], "failed_symbols": []}
/usr/local/lib/python3.12/site-packages/yfinance/scrapers/history.py:204: Pandas4Warning: Timestamp.utcnow is deprecated and will be removed in a future version. Use Timestamp.now('UTC') instead.
  dt_now = pd.Timestamp.utcnow()
/usr/local/lib/python3.12/site-packages/yfinance/scrapers/history.py:204: Pandas4Warning: Timestamp.utcnow is deprecated and will be removed in a future version. Use Timestamp.now('UTC') instead.
  dt_now = pd.Timestamp.utcnow()
{"event": "batch_inserted", "batch_index": 186, "attempt": 1, "symbols": ["WLTH", "WLFC", "AMAL", "MAZE", "NSSC", "AHRT", "TDOC", "PRGS", "TMP", "SBH"], "fetched_bars": 60, "inserted_bars": 60, "no_data_symbols": [], "failed_symbols": []}
/usr/local/lib/python3.12/site-packages/yfinance/scrapers/history.py:204: Pandas4Warning: Timestamp.utcnow is deprecated and will be removed in a future version. Use Timestamp.now('UTC') instead.
  dt_now = pd.Timestamp.utcnow()
{"event": "batch_inserted", "batch_index": 187, "attempt": 1, "symbols": ["CMP", "HYLN", "ICFI", "PEBO", "PRCH", "GSHD", "PRSU", "ORC", "CDRE", "VTOL"], "fetched_bars": 60, "inserted_bars": 60, "no_data_symbols": [], "failed_symbols": []}
/usr/local/lib/python3.12/site-packages/yfinance/scrapers/history.py:204: Pandas4Warning: Timestamp.utcnow is deprecated and will be removed in a future version. Use Timestamp.now('UTC') instead.
  dt_now = pd.Timestamp.utcnow()

1 Failed download:
['TWO']: YFPricesMissingError('possibly delisted; no price data found  (1d 2026-09-03 -> 2026-09-14)')
{"event": "batch_inserted", "batch_index": 188, "attempt": 1, "symbols": ["UMH", "TWO", "WEN", "LADR", "CTBI", "MRVI", "CEVA", "BLKB", "DSGR", "TROX"], "fetched_bars": 54, "inserted_bars": 54, "no_data_symbols": ["TWO"], "failed_symbols": []}
/usr/local/lib/python3.12/site-packages/yfinance/scrapers/history.py:204: Pandas4Warning: Timestamp.utcnow is deprecated and will be removed in a future version. Use Timestamp.now('UTC') instead.
  dt_now = pd.Timestamp.utcnow()

1 Failed download:
['TWO']: YFPricesMissingError('possibly delisted; no price data found  (1d 2026-09-03 -> 2026-09-14)')
{"event": "symbol_inserted", "symbol": "TWO", "attempt": 1, "fetched_bars": 0, "inserted_bars": 0, "no_data_symbols": ["TWO"], "failed_symbols": []}
/usr/local/lib/python3.12/site-packages/yfinance/scrapers/history.py:204: Pandas4Warning: Timestamp.utcnow is deprecated and will be removed in a future version. Use Timestamp.now('UTC') instead.
  dt_now = pd.Timestamp.utcnow()

1 Failed download:
['PRA']: YFTzMissingError('possibly delisted; no timezone found')
{"event": "batch_inserted", "batch_index": 189, "attempt": 1, "symbols": ["PAHC", "PGY", "PRA", "BLFS", "ATEC", "YELP", "NPKI", "GOLD", "MPLT", "LGIH"], "fetched_bars": 54, "inserted_bars": 54, "no_data_symbols": ["PRA"], "failed_symbols": []}

1 Failed download:
['PRA']: YFTzMissingError('possibly delisted; no timezone found')
{"event": "symbol_inserted", "symbol": "PRA", "attempt": 1, "fetched_bars": 0, "inserted_bars": 0, "no_data_symbols": ["PRA"], "failed_symbols": []}
/usr/local/lib/python3.12/site-packages/yfinance/scrapers/history.py:204: Pandas4Warning: Timestamp.utcnow is deprecated and will be removed in a future version. Use Timestamp.now('UTC') instead.
  dt_now = pd.Timestamp.utcnow()
{"event": "batch_inserted", "batch_index": 190, "attempt": 1, "symbols": ["ENOV", "GCT", "HLF", "ZBIO", "CXM", "HTLD", "XPEL", "UFCS", "FMBH", "NWPX"], "fetched_bars": 60, "inserted_bars": 60, "no_data_symbols": [], "failed_symbols": []}
/usr/local/lib/python3.12/site-packages/yfinance/scrapers/history.py:204: Pandas4Warning: Timestamp.utcnow is deprecated and will be removed in a future version. Use Timestamp.now('UTC') instead.
  dt_now = pd.Timestamp.utcnow()
/usr/local/lib/python3.12/site-packages/yfinance/scrapers/history.py:204: Pandas4Warning: Timestamp.utcnow is deprecated and will be removed in a future version. Use Timestamp.now('UTC') instead.
  dt_now = pd.Timestamp.utcnow()
/usr/local/lib/python3.12/site-packages/yfinance/scrapers/history.py:204: Pandas4Warning: Timestamp.utcnow is deprecated and will be removed in a future version. Use Timestamp.now('UTC') instead.
  dt_now = pd.Timestamp.utcnow()
{"event": "batch_inserted", "batch_index": 191, "attempt": 1, "symbols": ["REAL", "SCL", "INNV", "ADTN", "INSP", "VIA", "GIC", "KMTS", "GHM", "NNE"], "fetched_bars": 60, "inserted_bars": 60, "no_data_symbols": [], "failed_symbols": []}
/usr/local/lib/python3.12/site-packages/yfinance/scrapers/history.py:204: Pandas4Warning: Timestamp.utcnow is deprecated and will be removed in a future version. Use Timestamp.now('UTC') instead.
  dt_now = pd.Timestamp.utcnow()
{"event": "batch_inserted", "batch_index": 192, "attempt": 1, "symbols": ["BKSY", "PFBC", "BV", "LNN", "PLTK", "MCB", "HFWA", "IRMD", "ROCK", "ARRY"], "fetched_bars": 60, "inserted_bars": 60, "no_data_symbols": [], "failed_symbols": []}
/usr/local/lib/python3.12/site-packages/yfinance/scrapers/history.py:204: Pandas4Warning: Timestamp.utcnow is deprecated and will be removed in a future version. Use Timestamp.now('UTC') instead.
  dt_now = pd.Timestamp.utcnow()
{"event": "batch_inserted", "batch_index": 193, "attempt": 1, "symbols": ["AMN", "XZO", "SENEA", "CDNA", "UVSP", "LQDT", "ASTE", "APPS", "NAT", "XERS"], "fetched_bars": 60, "inserted_bars": 60, "no_data_symbols": [], "failed_symbols": []}
/usr/local/lib/python3.12/site-packages/yfinance/scrapers/history.py:204: Pandas4Warning: Timestamp.utcnow is deprecated and will be removed in a future version. Use Timestamp.now('UTC') instead.
  dt_now = pd.Timestamp.utcnow()

1 Failed download:
['AVNS']: YFPricesMissingError('possibly delisted; no price data found  (1d 2026-09-03 -> 2026-09-14)')
{"event": "batch_inserted", "batch_index": 194, "attempt": 1, "symbols": ["AKTS", "AVNS", "OSBC", "ASST", "CVLG", "PNTG", "MMI", "PDM", "TNDM", "SMPL"], "fetched_bars": 54, "inserted_bars": 54, "no_data_symbols": ["AVNS"], "failed_symbols": []}
/usr/local/lib/python3.12/site-packages/yfinance/scrapers/history.py:204: Pandas4Warning: Timestamp.utcnow is deprecated and will be removed in a future version. Use Timestamp.now('UTC') instead.
  dt_now = pd.Timestamp.utcnow()

1 Failed download:
['AVNS']: YFPricesMissingError('possibly delisted; no price data found  (1d 2026-09-03 -> 2026-09-14)')
{"event": "symbol_inserted", "symbol": "AVNS", "attempt": 1, "fetched_bars": 0, "inserted_bars": 0, "no_data_symbols": ["AVNS"], "failed_symbols": []}
/usr/local/lib/python3.12/site-packages/yfinance/scrapers/history.py:204: Pandas4Warning: Timestamp.utcnow is deprecated and will be removed in a future version. Use Timestamp.now('UTC') instead.
  dt_now = pd.Timestamp.utcnow()
/usr/local/lib/python3.12/site-packages/yfinance/scrapers/history.py:204: Pandas4Warning: Timestamp.utcnow is deprecated and will be removed in a future version. Use Timestamp.now('UTC') instead.
  dt_now = pd.Timestamp.utcnow()
{"event": "batch_inserted", "batch_index": 195, "attempt": 1, "symbols": ["TDAY", "SAFE", "MNKD", "WVE", "COLL", "CCB", "CIM", "DEA", "THRM", "HBT"], "fetched_bars": 60, "inserted_bars": 60, "no_data_symbols": [], "failed_symbols": []}
/usr/local/lib/python3.12/site-packages/yfinance/scrapers/history.py:204: Pandas4Warning: Timestamp.utcnow is deprecated and will be removed in a future version. Use Timestamp.now('UTC') instead.
  dt_now = pd.Timestamp.utcnow()
/usr/local/lib/python3.12/site-packages/yfinance/scrapers/history.py:204: Pandas4Warning: Timestamp.utcnow is deprecated and will be removed in a future version. Use Timestamp.now('UTC') instead.
  dt_now = pd.Timestamp.utcnow()
{"event": "batch_inserted", "batch_index": 196, "attempt": 1, "symbols": ["NBN", "MLKN", "BJRI", "UPBD", "PXED", "EVLV", "EYPT", "PLOW", "DLX", "RHLD"], "fetched_bars": 60, "inserted_bars": 60, "no_data_symbols": [], "failed_symbols": []}
/usr/local/lib/python3.12/site-packages/yfinance/scrapers/history.py:204: Pandas4Warning: Timestamp.utcnow is deprecated and will be removed in a future version. Use Timestamp.now('UTC') instead.
  dt_now = pd.Timestamp.utcnow()
/usr/local/lib/python3.12/site-packages/yfinance/scrapers/history.py:204: Pandas4Warning: Timestamp.utcnow is deprecated and will be removed in a future version. Use Timestamp.now('UTC') instead.
  dt_now = pd.Timestamp.utcnow()
{"event": "batch_inserted", "batch_index": 197, "attempt": 1, "symbols": ["VYX", "SDGR", "SVRA", "SG", "ACEL", "TK", "PZZA", "OPK", "OCFC", "FUBO"], "fetched_bars": 60, "inserted_bars": 60, "no_data_symbols": [], "failed_symbols": []}
/usr/local/lib/python3.12/site-packages/yfinance/scrapers/history.py:204: Pandas4Warning: Timestamp.utcnow is deprecated and will be removed in a future version. Use Timestamp.now('UTC') instead.
  dt_now = pd.Timestamp.utcnow()
{"event": "batch_inserted", "batch_index": 198, "attempt": 1, "symbols": ["ABSI", "UVE", "NMAX", "EPC", "SAFT", "GPRE", "ACVA", "UPWK", "GNK", "SVC"], "fetched_bars": 60, "inserted_bars": 60, "no_data_symbols": [], "failed_symbols": []}
/usr/local/lib/python3.12/site-packages/yfinance/scrapers/history.py:204: Pandas4Warning: Timestamp.utcnow is deprecated and will be removed in a future version. Use Timestamp.now('UTC') instead.
  dt_now = pd.Timestamp.utcnow()
{"event": "batch_inserted", "batch_index": 199, "attempt": 1, "symbols": ["CNMD", "CFFN", "CBRL", "UAMY", "AZTA", "TRUP", "UTZ", "BRBR", "SBSI", "OMDA"], "fetched_bars": 60, "inserted_bars": 60, "no_data_symbols": [], "failed_symbols": []}
/usr/local/lib/python3.12/site-packages/yfinance/scrapers/history.py:204: Pandas4Warning: Timestamp.utcnow is deprecated and will be removed in a future version. Use Timestamp.now('UTC') instead.
  dt_now = pd.Timestamp.utcnow()
{"event": "batch_inserted", "batch_index": 200, "attempt": 1, "symbols": ["MYE", "SCSC", "ARHS", "LZ", "SBGI", "HBNC", "PSNL", "CRVS", "ABR", "DEC"], "fetched_bars": 60, "inserted_bars": 60, "no_data_symbols": [], "failed_symbols": []}
/usr/local/lib/python3.12/site-packages/yfinance/scrapers/history.py:204: Pandas4Warning: Timestamp.utcnow is deprecated and will be removed in a future version. Use Timestamp.now('UTC') instead.
  dt_now = pd.Timestamp.utcnow()

1 Failed download:
['EEX']: YFPricesMissingError('possibly delisted; no price data found  (1d 2026-09-03 -> 2026-09-14)')
{"event": "batch_inserted", "batch_index": 201, "attempt": 1, "symbols": ["ESQ", "EQBK", "USPH", "ASIC", "METC", "EEX", "NUTX", "HPK", "SATL", "MSEX"], "fetched_bars": 54, "inserted_bars": 54, "no_data_symbols": ["EEX"], "failed_symbols": []}
/usr/local/lib/python3.12/site-packages/yfinance/scrapers/history.py:204: Pandas4Warning: Timestamp.utcnow is deprecated and will be removed in a future version. Use Timestamp.now('UTC') instead.
  dt_now = pd.Timestamp.utcnow()

1 Failed download:
['EEX']: YFPricesMissingError('possibly delisted; no price data found  (1d 2026-09-03 -> 2026-09-14)')
{"event": "symbol_inserted", "symbol": "EEX", "attempt": 1, "fetched_bars": 0, "inserted_bars": 0, "no_data_symbols": ["EEX"], "failed_symbols": []}
/usr/local/lib/python3.12/site-packages/yfinance/scrapers/history.py:204: Pandas4Warning: Timestamp.utcnow is deprecated and will be removed in a future version. Use Timestamp.now('UTC') instead.
  dt_now = pd.Timestamp.utcnow()
/usr/local/lib/python3.12/site-packages/yfinance/scrapers/history.py:204: Pandas4Warning: Timestamp.utcnow is deprecated and will be removed in a future version. Use Timestamp.now('UTC') instead.
  dt_now = pd.Timestamp.utcnow()

1 Failed download:
['WSR']: YFPricesMissingError('possibly delisted; no price data found  (1d 2026-09-03 -> 2026-09-14)')
{"event": "batch_inserted", "batch_index": 202, "attempt": 1, "symbols": ["MCBS", "CSR", "DAKT", "WSR", "AORT", "CRAI", "CCNE", "VRTS", "SPRY", "ARKO"], "fetched_bars": 54, "inserted_bars": 54, "no_data_symbols": ["WSR"], "failed_symbols": []}
/usr/local/lib/python3.12/site-packages/yfinance/scrapers/history.py:204: Pandas4Warning: Timestamp.utcnow is deprecated and will be removed in a future version. Use Timestamp.now('UTC') instead.
  dt_now = pd.Timestamp.utcnow()

1 Failed download:
['WSR']: YFPricesMissingError('possibly delisted; no price data found  (1d 2026-09-03 -> 2026-09-14)')
{"event": "symbol_inserted", "symbol": "WSR", "attempt": 1, "fetched_bars": 0, "inserted_bars": 0, "no_data_symbols": ["WSR"], "failed_symbols": []}
/usr/local/lib/python3.12/site-packages/yfinance/scrapers/history.py:204: Pandas4Warning: Timestamp.utcnow is deprecated and will be removed in a future version. Use Timestamp.now('UTC') instead.
  dt_now = pd.Timestamp.utcnow()
{"event": "batch_inserted", "batch_index": 203, "attempt": 1, "symbols": ["TRST", "QDEL", "DFIN", "MFA", "FSBC", "AEBI", "APEI", "BFST", "CPF", "SCHL"], "fetched_bars": 60, "inserted_bars": 60, "no_data_symbols": [], "failed_symbols": []}
/usr/local/lib/python3.12/site-packages/yfinance/scrapers/history.py:204: Pandas4Warning: Timestamp.utcnow is deprecated and will be removed in a future version. Use Timestamp.now('UTC') instead.
  dt_now = pd.Timestamp.utcnow()
{"event": "batch_inserted", "batch_index": 204, "attempt": 1, "symbols": ["WYFI", "MBWM", "GO", "HAFC", "EVEX", "LMB", "CRCT", "KODK", "AMTB", "LYTS"], "fetched_bars": 60, "inserted_bars": 60, "no_data_symbols": [], "failed_symbols": []}
/usr/local/lib/python3.12/site-packages/yfinance/scrapers/history.py:204: Pandas4Warning: Timestamp.utcnow is deprecated and will be removed in a future version. Use Timestamp.now('UTC') instead.
  dt_now = pd.Timestamp.utcnow()
{"event": "batch_inserted", "batch_index": 205, "attempt": 1, "symbols": ["PSIX", "ESRT", "BUR", "UTL", "NPK", "INDI", "JBSS", "LMRI", "NBBK", "ABX"], "fetched_bars": 60, "inserted_bars": 60, "no_data_symbols": [], "failed_symbols": []}
/usr/local/lib/python3.12/site-packages/yfinance/scrapers/history.py:204: Pandas4Warning: Timestamp.utcnow is deprecated and will be removed in a future version. Use Timestamp.now('UTC') instead.
  dt_now = pd.Timestamp.utcnow()
{"event": "batch_inserted", "batch_index": 206, "attempt": 1, "symbols": ["BFS", "XNCR", "AMPL", "SHEN", "JCAP", "RPC", "PCRX", "GLIBK", "KOPN", "MEC"], "fetched_bars": 60, "inserted_bars": 60, "no_data_symbols": [], "failed_symbols": []}
/usr/local/lib/python3.12/site-packages/yfinance/scrapers/history.py:204: Pandas4Warning: Timestamp.utcnow is deprecated and will be removed in a future version. Use Timestamp.now('UTC') instead.
  dt_now = pd.Timestamp.utcnow()
/usr/local/lib/python3.12/site-packages/yfinance/scrapers/history.py:204: Pandas4Warning: Timestamp.utcnow is deprecated and will be removed in a future version. Use Timestamp.now('UTC') instead.
  dt_now = pd.Timestamp.utcnow()
/usr/local/lib/python3.12/site-packages/yfinance/scrapers/history.py:204: Pandas4Warning: Timestamp.utcnow is deprecated and will be removed in a future version. Use Timestamp.now('UTC') instead.
  dt_now = pd.Timestamp.utcnow()
{"event": "batch_inserted", "batch_index": 207, "attempt": 1, "symbols": ["RZLV", "CRSR", "BOW", "GLIBA", "THFF", "KFRC", "FTK", "CAC", "AVR", "EVC"], "fetched_bars": 60, "inserted_bars": 60, "no_data_symbols": [], "failed_symbols": []}
/usr/local/lib/python3.12/site-packages/yfinance/scrapers/history.py:204: Pandas4Warning: Timestamp.utcnow is deprecated and will be removed in a future version. Use Timestamp.now('UTC') instead.
  dt_now = pd.Timestamp.utcnow()

1 Failed download:
['TALK']: YFPricesMissingError('possibly delisted; no price data found  (1d 2026-09-03 -> 2026-09-14)')
{"event": "batch_inserted", "batch_index": 208, "attempt": 1, "symbols": ["WOOF", "MGTX", "AMPH", "PMT", "WRLD", "LXU", "SMP", "TALK", "EGBN", "ROOT"], "fetched_bars": 54, "inserted_bars": 54, "no_data_symbols": ["TALK"], "failed_symbols": []}
/usr/local/lib/python3.12/site-packages/yfinance/scrapers/history.py:204: Pandas4Warning: Timestamp.utcnow is deprecated and will be removed in a future version. Use Timestamp.now('UTC') instead.
  dt_now = pd.Timestamp.utcnow()

1 Failed download:
['TALK']: YFPricesMissingError('possibly delisted; no price data found  (1d 2026-09-03 -> 2026-09-14)')
{"event": "symbol_inserted", "symbol": "TALK", "attempt": 1, "fetched_bars": 0, "inserted_bars": 0, "no_data_symbols": ["TALK"], "failed_symbols": []}
/usr/local/lib/python3.12/site-packages/yfinance/scrapers/history.py:204: Pandas4Warning: Timestamp.utcnow is deprecated and will be removed in a future version. Use Timestamp.now('UTC') instead.
  dt_now = pd.Timestamp.utcnow()
{"event": "batch_inserted", "batch_index": 209, "attempt": 1, "symbols": ["MPB", "ETON", "OLMA", "EFOR", "FMNB", "MOV", "TBPH", "JBGS", "APOG", "ORIC"], "fetched_bars": 60, "inserted_bars": 60, "no_data_symbols": [], "failed_symbols": []}
/usr/local/lib/python3.12/site-packages/yfinance/scrapers/history.py:204: Pandas4Warning: Timestamp.utcnow is deprecated and will be removed in a future version. Use Timestamp.now('UTC') instead.
  dt_now = pd.Timestamp.utcnow()
{"event": "batch_inserted", "batch_index": 210, "attempt": 1, "symbols": ["MTUS", "TRNS", "EIG", "CGEM", "ABUS", "BBSI", "MATW", "ADAM", "KOP", "INR"], "fetched_bars": 60, "inserted_bars": 60, "no_data_symbols": [], "failed_symbols": []}
/usr/local/lib/python3.12/site-packages/yfinance/scrapers/history.py:204: Pandas4Warning: Timestamp.utcnow is deprecated and will be removed in a future version. Use Timestamp.now('UTC') instead.
  dt_now = pd.Timestamp.utcnow()
/usr/local/lib/python3.12/site-packages/yfinance/scrapers/history.py:204: Pandas4Warning: Timestamp.utcnow is deprecated and will be removed in a future version. Use Timestamp.now('UTC') instead.
  dt_now = pd.Timestamp.utcnow()
{"event": "batch_inserted", "batch_index": 211, "attempt": 1, "symbols": ["FCBC", "HPP", "GTM", "PHAT", "JANX", "WGO", "GSBC", "ASPI", "CWH", "PGC"], "fetched_bars": 60, "inserted_bars": 60, "no_data_symbols": [], "failed_symbols": []}
/usr/local/lib/python3.12/site-packages/yfinance/scrapers/history.py:204: Pandas4Warning: Timestamp.utcnow is deprecated and will be removed in a future version. Use Timestamp.now('UTC') instead.
  dt_now = pd.Timestamp.utcnow()
/usr/local/lib/python3.12/site-packages/yfinance/scrapers/history.py:204: Pandas4Warning: Timestamp.utcnow is deprecated and will be removed in a future version. Use Timestamp.now('UTC') instead.
  dt_now = pd.Timestamp.utcnow()

1 Failed download:
['ESPR']: YFTzMissingError('possibly delisted; no timezone found')
{"event": "batch_inserted", "batch_index": 212, "attempt": 1, "symbols": ["LBRX", "SXC", "SPFI", "ESPR", "KRO", "CERT", "CCBG", "HTB", "KURA", "BIOA"], "fetched_bars": 54, "inserted_bars": 54, "no_data_symbols": ["ESPR"], "failed_symbols": []}

1 Failed download:
['ESPR']: YFTzMissingError('possibly delisted; no timezone found')
{"event": "symbol_inserted", "symbol": "ESPR", "attempt": 1, "fetched_bars": 0, "inserted_bars": 0, "no_data_symbols": ["ESPR"], "failed_symbols": []}
/usr/local/lib/python3.12/site-packages/yfinance/scrapers/history.py:204: Pandas4Warning: Timestamp.utcnow is deprecated and will be removed in a future version. Use Timestamp.now('UTC') instead.
  dt_now = pd.Timestamp.utcnow()
{"event": "batch_inserted", "batch_index": 213, "attempt": 1, "symbols": ["NXDR", "SMBC", "CCOI", "AVO", "NB", "ORRF", "NX", "BH", "SMBK", "RDVT"], "fetched_bars": 60, "inserted_bars": 60, "no_data_symbols": [], "failed_symbols": []}
/usr/local/lib/python3.12/site-packages/yfinance/scrapers/history.py:204: Pandas4Warning: Timestamp.utcnow is deprecated and will be removed in a future version. Use Timestamp.now('UTC') instead.
  dt_now = pd.Timestamp.utcnow()
/usr/local/lib/python3.12/site-packages/yfinance/scrapers/history.py:204: Pandas4Warning: Timestamp.utcnow is deprecated and will be removed in a future version. Use Timestamp.now('UTC') instead.
  dt_now = pd.Timestamp.utcnow()
{"event": "batch_inserted", "batch_index": 214, "attempt": 1, "symbols": ["HNRG", "CODI", "ANNX", "DJCO", "REPX", "GSM", "FWRG", "HSTM", "SHBI", "ALRS"], "fetched_bars": 60, "inserted_bars": 60, "no_data_symbols": [], "failed_symbols": []}
/usr/local/lib/python3.12/site-packages/yfinance/scrapers/history.py:204: Pandas4Warning: Timestamp.utcnow is deprecated and will be removed in a future version. Use Timestamp.now('UTC') instead.
  dt_now = pd.Timestamp.utcnow()
{"event": "batch_inserted", "batch_index": 215, "attempt": 1, "symbols": ["FOXF", "JBIO", "NAVI", "HZO", "BZH", "ZVRA", "FISI", "SANA", "PKE", "DNUT"], "fetched_bars": 60, "inserted_bars": 60, "no_data_symbols": [], "failed_symbols": []}
/usr/local/lib/python3.12/site-packages/yfinance/scrapers/history.py:204: Pandas4Warning: Timestamp.utcnow is deprecated and will be removed in a future version. Use Timestamp.now('UTC') instead.
  dt_now = pd.Timestamp.utcnow()
{"event": "batch_inserted", "batch_index": 216, "attempt": 1, "symbols": ["MITK", "GDOT", "FEIM", "GERN", "IVR", "CYRX", "REPL", "SPIR", "BRSP", "NXRT"], "fetched_bars": 60, "inserted_bars": 60, "no_data_symbols": [], "failed_symbols": []}
/usr/local/lib/python3.12/site-packages/yfinance/scrapers/history.py:204: Pandas4Warning: Timestamp.utcnow is deprecated and will be removed in a future version. Use Timestamp.now('UTC') instead.
  dt_now = pd.Timestamp.utcnow()
/usr/local/lib/python3.12/site-packages/yfinance/scrapers/history.py:204: Pandas4Warning: Timestamp.utcnow is deprecated and will be removed in a future version. Use Timestamp.now('UTC') instead.
  dt_now = pd.Timestamp.utcnow()
/usr/local/lib/python3.12/site-packages/yfinance/scrapers/history.py:204: Pandas4Warning: Timestamp.utcnow is deprecated and will be removed in a future version. Use Timestamp.now('UTC') instead.
  dt_now = pd.Timestamp.utcnow()
{"event": "batch_inserted", "batch_index": 217, "attempt": 1, "symbols": ["BALY", "IBCP", "IBTA", "JBI", "NGVC", "DSP", "HSHP", "VTS", "EVMN", "OPFI"], "fetched_bars": 60, "inserted_bars": 60, "no_data_symbols": [], "failed_symbols": []}
/usr/local/lib/python3.12/site-packages/yfinance/scrapers/history.py:204: Pandas4Warning: Timestamp.utcnow is deprecated and will be removed in a future version. Use Timestamp.now('UTC') instead.
  dt_now = pd.Timestamp.utcnow()
/usr/local/lib/python3.12/site-packages/yfinance/scrapers/history.py:204: Pandas4Warning: Timestamp.utcnow is deprecated and will be removed in a future version. Use Timestamp.now('UTC') instead.
  dt_now = pd.Timestamp.utcnow()
{"event": "batch_inserted", "batch_index": 218, "attempt": 1, "symbols": ["BLMN", "VRRM", "QNST", "ELA", "CTO", "EVER", "HOV", "SB", "SKYH", "SLDB"], "fetched_bars": 60, "inserted_bars": 60, "no_data_symbols": [], "failed_symbols": []}
/usr/local/lib/python3.12/site-packages/yfinance/scrapers/history.py:204: Pandas4Warning: Timestamp.utcnow is deprecated and will be removed in a future version. Use Timestamp.now('UTC') instead.
  dt_now = pd.Timestamp.utcnow()
{"event": "batch_inserted", "batch_index": 219, "attempt": 1, "symbols": ["CBLL", "ASC", "HELE", "PD", "MCS", "VEL", "RMR", "CRMD", "DSGN", "WASH"], "fetched_bars": 60, "inserted_bars": 60, "no_data_symbols": [], "failed_symbols": []}
/usr/local/lib/python3.12/site-packages/yfinance/scrapers/history.py:204: Pandas4Warning: Timestamp.utcnow is deprecated and will be removed in a future version. Use Timestamp.now('UTC') instead.
  dt_now = pd.Timestamp.utcnow()
{"event": "batch_inserted", "batch_index": 220, "attempt": 1, "symbols": ["SIBN", "HRTG", "RSVR", "SABR", "INN", "HY", "TIPT", "HIPO", "TCBX", "TRTX"], "fetched_bars": 60, "inserted_bars": 60, "no_data_symbols": [], "failed_symbols": []}
/usr/local/lib/python3.12/site-packages/yfinance/scrapers/history.py:204: Pandas4Warning: Timestamp.utcnow is deprecated and will be removed in a future version. Use Timestamp.now('UTC') instead.
  dt_now = pd.Timestamp.utcnow()
{"event": "batch_inserted", "batch_index": 221, "attempt": 1, "symbols": ["CARE", "AURA", "PSTL", "DC", "AROW", "NTGR", "SWIM", "RWT", "SWBI", "ALLO"], "fetched_bars": 60, "inserted_bars": 60, "no_data_symbols": [], "failed_symbols": []}
/usr/local/lib/python3.12/site-packages/yfinance/scrapers/history.py:204: Pandas4Warning: Timestamp.utcnow is deprecated and will be removed in a future version. Use Timestamp.now('UTC') instead.
  dt_now = pd.Timestamp.utcnow()
{"event": "batch_inserted", "batch_index": 222, "attempt": 1, "symbols": ["DGICA", "TDUP", "GRNT", "BBNX", "HIFS", "GRPN", "GOOD", "FBRT", "CCSI", "CSV"], "fetched_bars": 60, "inserted_bars": 60, "no_data_symbols": [], "failed_symbols": []}
/usr/local/lib/python3.12/site-packages/yfinance/scrapers/history.py:204: Pandas4Warning: Timestamp.utcnow is deprecated and will be removed in a future version. Use Timestamp.now('UTC') instead.
  dt_now = pd.Timestamp.utcnow()
{"event": "batch_inserted", "batch_index": 223, "attempt": 1, "symbols": ["CASS", "PFIS", "BCAL", "CNNE", "OMER", "NPB", "SLDP", "RGR", "CSTL", "EVGO"], "fetched_bars": 60, "inserted_bars": 60, "no_data_symbols": [], "failed_symbols": []}
/usr/local/lib/python3.12/site-packages/yfinance/scrapers/history.py:204: Pandas4Warning: Timestamp.utcnow is deprecated and will be removed in a future version. Use Timestamp.now('UTC') instead.
  dt_now = pd.Timestamp.utcnow()
/usr/local/lib/python3.12/site-packages/yfinance/scrapers/history.py:204: Pandas4Warning: Timestamp.utcnow is deprecated and will be removed in a future version. Use Timestamp.now('UTC') instead.
  dt_now = pd.Timestamp.utcnow()

1 Failed download:
['NFBK']: YFPricesMissingError('possibly delisted; no price data found  (1d 2026-09-03 -> 2026-09-14)')
{"event": "batch_inserted", "batch_index": 224, "attempt": 1, "symbols": ["CADL", "MSBI", "PACK", "KE", "BHB", "NFBK", "VTEX", "TRAX", "ASIX", "OPTU"], "fetched_bars": 54, "inserted_bars": 54, "no_data_symbols": ["NFBK"], "failed_symbols": []}
/usr/local/lib/python3.12/site-packages/yfinance/scrapers/history.py:204: Pandas4Warning: Timestamp.utcnow is deprecated and will be removed in a future version. Use Timestamp.now('UTC') instead.
  dt_now = pd.Timestamp.utcnow()

1 Failed download:
['NFBK']: YFPricesMissingError('possibly delisted; no price data found  (1d 2026-09-03 -> 2026-09-14)')
{"event": "symbol_inserted", "symbol": "NFBK", "attempt": 1, "fetched_bars": 0, "inserted_bars": 0, "no_data_symbols": ["NFBK"], "failed_symbols": []}
/usr/local/lib/python3.12/site-packages/yfinance/scrapers/history.py:204: Pandas4Warning: Timestamp.utcnow is deprecated and will be removed in a future version. Use Timestamp.now('UTC') instead.
  dt_now = pd.Timestamp.utcnow()
/usr/local/lib/python3.12/site-packages/yfinance/scrapers/history.py:204: Pandas4Warning: Timestamp.utcnow is deprecated and will be removed in a future version. Use Timestamp.now('UTC') instead.
  dt_now = pd.Timestamp.utcnow()
{"event": "batch_inserted", "batch_index": 225, "attempt": 1, "symbols": ["PAR", "VLGEA", "RRBI", "SMC", "RIGL", "BTBT", "MAMA", "CLB", "NABL", "WTI"], "fetched_bars": 60, "inserted_bars": 60, "no_data_symbols": [], "failed_symbols": []}
/usr/local/lib/python3.12/site-packages/yfinance/scrapers/history.py:204: Pandas4Warning: Timestamp.utcnow is deprecated and will be removed in a future version. Use Timestamp.now('UTC') instead.
  dt_now = pd.Timestamp.utcnow()
/usr/local/lib/python3.12/site-packages/yfinance/scrapers/history.py:204: Pandas4Warning: Timestamp.utcnow is deprecated and will be removed in a future version. Use Timestamp.now('UTC') instead.
  dt_now = pd.Timestamp.utcnow()
{"event": "batch_inserted", "batch_index": 226, "attempt": 1, "symbols": ["ACRS", "IHRT", "IRWD", "CLDT", "ILPT", "KRT", "FET", "PRAA", "DRUG", "KRUS"], "fetched_bars": 60, "inserted_bars": 60, "no_data_symbols": [], "failed_symbols": []}
/usr/local/lib/python3.12/site-packages/yfinance/scrapers/history.py:204: Pandas4Warning: Timestamp.utcnow is deprecated and will be removed in a future version. Use Timestamp.now('UTC') instead.
  dt_now = pd.Timestamp.utcnow()
{"event": "batch_inserted", "batch_index": 227, "attempt": 1, "symbols": ["LEGH", "TCMD", "MG", "AMSF", "MAX", "ORN", "ACNB", "MLAB", "RYAM", "BVS"], "fetched_bars": 60, "inserted_bars": 60, "no_data_symbols": [], "failed_symbols": []}
/usr/local/lib/python3.12/site-packages/yfinance/scrapers/history.py:204: Pandas4Warning: Timestamp.utcnow is deprecated and will be removed in a future version. Use Timestamp.now('UTC') instead.
  dt_now = pd.Timestamp.utcnow()
/usr/local/lib/python3.12/site-packages/yfinance/scrapers/history.py:204: Pandas4Warning: Timestamp.utcnow is deprecated and will be removed in a future version. Use Timestamp.now('UTC') instead.
  dt_now = pd.Timestamp.utcnow()
{"event": "batch_inserted", "batch_index": 228, "attempt": 1, "symbols": ["IIIV", "IDR", "SFST", "NRIM", "TECX", "FIP", "EGY", "KRNY", "UNTY", "AIOT"], "fetched_bars": 60, "inserted_bars": 60, "no_data_symbols": [], "failed_symbols": []}
/usr/local/lib/python3.12/site-packages/yfinance/scrapers/history.py:204: Pandas4Warning: Timestamp.utcnow is deprecated and will be removed in a future version. Use Timestamp.now('UTC') instead.
  dt_now = pd.Timestamp.utcnow()
{"event": "batch_inserted", "batch_index": 229, "attempt": 1, "symbols": ["NVEC", "CIVB", "BDN", "MCFT", "BBCP", "IIIN", "PHR", "NRDS", "UHT", "BWB"], "fetched_bars": 60, "inserted_bars": 60, "no_data_symbols": [], "failed_symbols": []}
/usr/local/lib/python3.12/site-packages/yfinance/scrapers/history.py:204: Pandas4Warning: Timestamp.utcnow is deprecated and will be removed in a future version. Use Timestamp.now('UTC') instead.
  dt_now = pd.Timestamp.utcnow()

1 Failed download:
['CRD.A']: YFTzMissingError('possibly delisted; no timezone found')
{"event": "batch_inserted", "batch_index": 230, "attempt": 1, "symbols": ["SD", "CBNK", "OXM", "MLR", "ETD", "MBUU", "BWMN", "CRD.A", "GYRE", "EVH"], "fetched_bars": 54, "inserted_bars": 54, "no_data_symbols": ["CRD.A"], "failed_symbols": []}

1 Failed download:
['CRD.A']: YFTzMissingError('possibly delisted; no timezone found')
{"event": "symbol_inserted", "symbol": "CRD.A", "attempt": 1, "fetched_bars": 0, "inserted_bars": 0, "no_data_symbols": ["CRD.A"], "failed_symbols": []}
/usr/local/lib/python3.12/site-packages/yfinance/scrapers/history.py:204: Pandas4Warning: Timestamp.utcnow is deprecated and will be removed in a future version. Use Timestamp.now('UTC') instead.
  dt_now = pd.Timestamp.utcnow()
/usr/local/lib/python3.12/site-packages/yfinance/scrapers/history.py:204: Pandas4Warning: Timestamp.utcnow is deprecated and will be removed in a future version. Use Timestamp.now('UTC') instead.
  dt_now = pd.Timestamp.utcnow()
{"event": "batch_inserted", "batch_index": 231, "attempt": 1, "symbols": ["SERV", "OLP", "MDXG", "CLFD", "GLRE", "NGS", "HBCP", "NPCE", "CTGO", "OSPN"], "fetched_bars": 60, "inserted_bars": 60, "no_data_symbols": [], "failed_symbols": []}
/usr/local/lib/python3.12/site-packages/yfinance/scrapers/history.py:204: Pandas4Warning: Timestamp.utcnow is deprecated and will be removed in a future version. Use Timestamp.now('UTC') instead.
  dt_now = pd.Timestamp.utcnow()

1 Failed download:
['TOI']: YFPricesMissingError('possibly delisted; no price data found  (1d 2026-09-03 -> 2026-09-14)')
{"event": "batch_inserted", "batch_index": 232, "attempt": 1, "symbols": ["TOI", "FLGT", "CARS", "GDYN", "PUBM", "CTEV", "BSRR", "SSTK", "SFIX", "EBF"], "fetched_bars": 54, "inserted_bars": 54, "no_data_symbols": ["TOI"], "failed_symbols": []}
/usr/local/lib/python3.12/site-packages/yfinance/scrapers/history.py:204: Pandas4Warning: Timestamp.utcnow is deprecated and will be removed in a future version. Use Timestamp.now('UTC') instead.
  dt_now = pd.Timestamp.utcnow()

1 Failed download:
['TOI']: YFPricesMissingError('possibly delisted; no price data found  (1d 2026-09-03 -> 2026-09-14)')
{"event": "symbol_inserted", "symbol": "TOI", "attempt": 1, "fetched_bars": 0, "inserted_bars": 0, "no_data_symbols": ["TOI"], "failed_symbols": []}
/usr/local/lib/python3.12/site-packages/yfinance/scrapers/history.py:204: Pandas4Warning: Timestamp.utcnow is deprecated and will be removed in a future version. Use Timestamp.now('UTC') instead.
  dt_now = pd.Timestamp.utcnow()
/usr/local/lib/python3.12/site-packages/yfinance/scrapers/history.py:204: Pandas4Warning: Timestamp.utcnow is deprecated and will be removed in a future version. Use Timestamp.now('UTC') instead.
  dt_now = pd.Timestamp.utcnow()
/usr/local/lib/python3.12/site-packages/yfinance/scrapers/history.py:204: Pandas4Warning: Timestamp.utcnow is deprecated and will be removed in a future version. Use Timestamp.now('UTC') instead.
  dt_now = pd.Timestamp.utcnow()

1 Failed download:
['XOMA']: YFPricesMissingError('possibly delisted; no price data found  (1d 2026-09-03 -> 2026-09-14)')
{"event": "batch_inserted", "batch_index": 233, "attempt": 1, "symbols": ["XOMA", "CPS", "AQST", "ADV", "TRC", "GCBC", "CERS", "CHCT", "OIS", "CTKB"], "fetched_bars": 54, "inserted_bars": 54, "no_data_symbols": ["XOMA"], "failed_symbols": []}
/usr/local/lib/python3.12/site-packages/yfinance/scrapers/history.py:204: Pandas4Warning: Timestamp.utcnow is deprecated and will be removed in a future version. Use Timestamp.now('UTC') instead.
  dt_now = pd.Timestamp.utcnow()

1 Failed download:
['XOMA']: YFPricesMissingError('possibly delisted; no price data found  (1d 2026-09-03 -> 2026-09-14)')
{"event": "symbol_inserted", "symbol": "XOMA", "attempt": 1, "fetched_bars": 0, "inserted_bars": 0, "no_data_symbols": ["XOMA"], "failed_symbols": []}
/usr/local/lib/python3.12/site-packages/yfinance/scrapers/history.py:204: Pandas4Warning: Timestamp.utcnow is deprecated and will be removed in a future version. Use Timestamp.now('UTC') instead.
  dt_now = pd.Timestamp.utcnow()
{"event": "batch_inserted", "batch_index": 234, "attempt": 1, "symbols": ["TREE", "ALT", "FBIZ", "PRTH", "ACIC", "PANL", "PRME", "BETR", "PKOH", "ANGO"], "fetched_bars": 60, "inserted_bars": 60, "no_data_symbols": [], "failed_symbols": []}
/usr/local/lib/python3.12/site-packages/yfinance/scrapers/history.py:204: Pandas4Warning: Timestamp.utcnow is deprecated and will be removed in a future version. Use Timestamp.now('UTC') instead.
  dt_now = pd.Timestamp.utcnow()
/usr/local/lib/python3.12/site-packages/yfinance/scrapers/history.py:204: Pandas4Warning: Timestamp.utcnow is deprecated and will be removed in a future version. Use Timestamp.now('UTC') instead.
  dt_now = pd.Timestamp.utcnow()
{"event": "batch_inserted", "batch_index": 235, "attempt": 1, "symbols": ["TWI", "GOGO", "CAL", "OBT", "DNA", "ASPN", "XRN", "JOUT", "KLC", "ARVN"], "fetched_bars": 60, "inserted_bars": 60, "no_data_symbols": [], "failed_symbols": []}
/usr/local/lib/python3.12/site-packages/yfinance/scrapers/history.py:204: Pandas4Warning: Timestamp.utcnow is deprecated and will be removed in a future version. Use Timestamp.now('UTC') instead.
  dt_now = pd.Timestamp.utcnow()
/usr/local/lib/python3.12/site-packages/yfinance/scrapers/history.py:204: Pandas4Warning: Timestamp.utcnow is deprecated and will be removed in a future version. Use Timestamp.now('UTC') instead.
  dt_now = pd.Timestamp.utcnow()

1 Failed download:
['SCVL']: YFTzMissingError('possibly delisted; no timezone found')
{"event": "batch_inserted", "batch_index": 236, "attempt": 1, "symbols": ["LXFR", "COFS", "YORW", "IPI", "OOMA", "CWCO", "CRNC", "ITIC", "MNRO", "SCVL"], "fetched_bars": 54, "inserted_bars": 54, "no_data_symbols": ["SCVL"], "failed_symbols": []}

1 Failed download:
['SCVL']: YFTzMissingError('possibly delisted; no timezone found')
{"event": "symbol_inserted", "symbol": "SCVL", "attempt": 1, "fetched_bars": 0, "inserted_bars": 0, "no_data_symbols": ["SCVL"], "failed_symbols": []}
/usr/local/lib/python3.12/site-packages/yfinance/scrapers/history.py:204: Pandas4Warning: Timestamp.utcnow is deprecated and will be removed in a future version. Use Timestamp.now('UTC') instead.
  dt_now = pd.Timestamp.utcnow()
/usr/local/lib/python3.12/site-packages/yfinance/scrapers/history.py:204: Pandas4Warning: Timestamp.utcnow is deprecated and will be removed in a future version. Use Timestamp.now('UTC') instead.
  dt_now = pd.Timestamp.utcnow()
{"event": "batch_inserted", "batch_index": 237, "attempt": 1, "symbols": ["RPD", "LOCO", "RR", "BLZE", "RBBN", "TITN", "INV", "SRTA", "PDLB", "GBFH"], "fetched_bars": 60, "inserted_bars": 60, "no_data_symbols": [], "failed_symbols": []}
/usr/local/lib/python3.12/site-packages/yfinance/scrapers/history.py:204: Pandas4Warning: Timestamp.utcnow is deprecated and will be removed in a future version. Use Timestamp.now('UTC') instead.
  dt_now = pd.Timestamp.utcnow()
{"event": "batch_inserted", "batch_index": 238, "attempt": 1, "symbols": ["ACTG", "OEC", "KREF", "VREX", "ALTI", "FDMT", "GCO", "ALMU", "ABAT", "NGNE"], "fetched_bars": 60, "inserted_bars": 60, "no_data_symbols": [], "failed_symbols": []}
/usr/local/lib/python3.12/site-packages/yfinance/scrapers/history.py:204: Pandas4Warning: Timestamp.utcnow is deprecated and will be removed in a future version. Use Timestamp.now('UTC') instead.
  dt_now = pd.Timestamp.utcnow()
/usr/local/lib/python3.12/site-packages/yfinance/scrapers/history.py:204: Pandas4Warning: Timestamp.utcnow is deprecated and will be removed in a future version. Use Timestamp.now('UTC') instead.
  dt_now = pd.Timestamp.utcnow()
{"event": "batch_inserted", "batch_index": 239, "attempt": 1, "symbols": ["KIDS", "FRPH", "VITL", "XRX", "MAGN", "ULH", "IMXI", "FVR", "PLAY", "MATV"], "fetched_bars": 60, "inserted_bars": 60, "no_data_symbols": [], "failed_symbols": []}
/usr/local/lib/python3.12/site-packages/yfinance/scrapers/history.py:204: Pandas4Warning: Timestamp.utcnow is deprecated and will be removed in a future version. Use Timestamp.now('UTC') instead.
  dt_now = pd.Timestamp.utcnow()
/usr/local/lib/python3.12/site-packages/yfinance/scrapers/history.py:204: Pandas4Warning: Timestamp.utcnow is deprecated and will be removed in a future version. Use Timestamp.now('UTC') instead.
  dt_now = pd.Timestamp.utcnow()
{"event": "batch_inserted", "batch_index": 240, "attempt": 1, "symbols": ["MTW", "CBAN", "BWFG", "FSTR", "EOLS", "AMCX", "BSVN", "DDD", "CYH", "WEAV"], "fetched_bars": 60, "inserted_bars": 60, "no_data_symbols": [], "failed_symbols": []}
/usr/local/lib/python3.12/site-packages/yfinance/scrapers/history.py:204: Pandas4Warning: Timestamp.utcnow is deprecated and will be removed in a future version. Use Timestamp.now('UTC') instead.
  dt_now = pd.Timestamp.utcnow()
{"event": "batch_inserted", "batch_index": 241, "attempt": 1, "symbols": ["SPT", "ATNI", "FPI", "BBBY", "CMDB", "DIN", "PRTA", "RLGT", "WTBA", "ERII"], "fetched_bars": 60, "inserted_bars": 60, "no_data_symbols": [], "failed_symbols": []}
/usr/local/lib/python3.12/site-packages/yfinance/scrapers/history.py:204: Pandas4Warning: Timestamp.utcnow is deprecated and will be removed in a future version. Use Timestamp.now('UTC') instead.
  dt_now = pd.Timestamp.utcnow()
{"event": "batch_inserted", "batch_index": 242, "attempt": 1, "symbols": ["EBS", "BXC", "MPTI", "MEI", "BMRC", "NRC", "CTRN", "PBFS", "CBK", "FWRD"], "fetched_bars": 60, "inserted_bars": 60, "no_data_symbols": [], "failed_symbols": []}
/usr/local/lib/python3.12/site-packages/yfinance/scrapers/history.py:204: Pandas4Warning: Timestamp.utcnow is deprecated and will be removed in a future version. Use Timestamp.now('UTC') instead.
  dt_now = pd.Timestamp.utcnow()
{"event": "batch_inserted", "batch_index": 243, "attempt": 1, "symbols": ["CLMB", "CLNE", "EDIT", "RBB", "VHI", "KELYA", "NATH", "ISTR", "IBEX", "FRBA"], "fetched_bars": 60, "inserted_bars": 60, "no_data_symbols": [], "failed_symbols": []}
/usr/local/lib/python3.12/site-packages/yfinance/scrapers/history.py:204: Pandas4Warning: Timestamp.utcnow is deprecated and will be removed in a future version. Use Timestamp.now('UTC') instead.
  dt_now = pd.Timestamp.utcnow()

1 Failed download:
['CCRN']: YFPricesMissingError('possibly delisted; no price data found  (1d 2026-09-03 -> 2026-09-14)')
{"event": "batch_inserted", "batch_index": 244, "attempt": 1, "symbols": ["BOC", "BMBL", "ALIT", "BLND", "MYGN", "CCRN", "PACB", "YEXT", "NEWT", "DCTH"], "fetched_bars": 54, "inserted_bars": 54, "no_data_symbols": ["CCRN"], "failed_symbols": []}
/usr/local/lib/python3.12/site-packages/yfinance/scrapers/history.py:204: Pandas4Warning: Timestamp.utcnow is deprecated and will be removed in a future version. Use Timestamp.now('UTC') instead.
  dt_now = pd.Timestamp.utcnow()

1 Failed download:
['CCRN']: YFPricesMissingError('possibly delisted; no price data found  (1d 2026-09-03 -> 2026-09-14)')
{"event": "symbol_inserted", "symbol": "CCRN", "attempt": 1, "fetched_bars": 0, "inserted_bars": 0, "no_data_symbols": ["CCRN"], "failed_symbols": []}
/usr/local/lib/python3.12/site-packages/yfinance/scrapers/history.py:204: Pandas4Warning: Timestamp.utcnow is deprecated and will be removed in a future version. Use Timestamp.now('UTC') instead.
  dt_now = pd.Timestamp.utcnow()
{"event": "batch_inserted", "batch_index": 245, "attempt": 1, "symbols": ["BBW", "CLPT", "GTN", "NC", "VMD", "MNPR", "HNST", "SVCO", "CMCO", "FMAO"], "fetched_bars": 60, "inserted_bars": 60, "no_data_symbols": [], "failed_symbols": []}
/usr/local/lib/python3.12/site-packages/yfinance/scrapers/history.py:204: Pandas4Warning: Timestamp.utcnow is deprecated and will be removed in a future version. Use Timestamp.now('UTC') instead.
  dt_now = pd.Timestamp.utcnow()

1 Failed download:
['TBRG']: YFTzMissingError('possibly delisted; no timezone found')
{"event": "batch_inserted", "batch_index": 246, "attempt": 1, "symbols": ["CZNC", "WNC", "PLBC", "TBRG", "QUAD", "PAYS", "CMCL", "FRST", "SI", "LAND"], "fetched_bars": 54, "inserted_bars": 54, "no_data_symbols": ["TBRG"], "failed_symbols": []}

1 Failed download:
['TBRG']: YFTzMissingError('possibly delisted; no timezone found')
{"event": "symbol_inserted", "symbol": "TBRG", "attempt": 1, "fetched_bars": 0, "inserted_bars": 0, "no_data_symbols": ["TBRG"], "failed_symbols": []}
/usr/local/lib/python3.12/site-packages/yfinance/scrapers/history.py:204: Pandas4Warning: Timestamp.utcnow is deprecated and will be removed in a future version. Use Timestamp.now('UTC') instead.
  dt_now = pd.Timestamp.utcnow()
{"event": "batch_inserted", "batch_index": 247, "attempt": 1, "symbols": ["MTRX", "RZLT", "RMNI", "BNTC", "LWAY", "LE", "NPWR", "HVT", "LDI", "BNED"], "fetched_bars": 60, "inserted_bars": 60, "no_data_symbols": [], "failed_symbols": []}
/usr/local/lib/python3.12/site-packages/yfinance/scrapers/history.py:204: Pandas4Warning: Timestamp.utcnow is deprecated and will be removed in a future version. Use Timestamp.now('UTC') instead.
  dt_now = pd.Timestamp.utcnow()
{"event": "batch_inserted", "batch_index": 248, "attempt": 1, "symbols": ["PCB", "AIRS", "PKBK", "RNGR", "MVST", "OFIX", "BKKT", "PBYI", "ACCO", "XPER"], "fetched_bars": 60, "inserted_bars": 60, "no_data_symbols": [], "failed_symbols": []}
/usr/local/lib/python3.12/site-packages/yfinance/scrapers/history.py:204: Pandas4Warning: Timestamp.utcnow is deprecated and will be removed in a future version. Use Timestamp.now('UTC') instead.
  dt_now = pd.Timestamp.utcnow()
{"event": "batch_inserted", "batch_index": 249, "attempt": 1, "symbols": ["GNE", "USNA", "CMPX", "MVBF", "PSFE", "MLP", "NATR", "LRMR", "VSTM", "AVIR"], "fetched_bars": 60, "inserted_bars": 60, "no_data_symbols": [], "failed_symbols": []}
/usr/local/lib/python3.12/site-packages/yfinance/scrapers/history.py:204: Pandas4Warning: Timestamp.utcnow is deprecated and will be removed in a future version. Use Timestamp.now('UTC') instead.
  dt_now = pd.Timestamp.utcnow()
{"event": "batch_inserted", "batch_index": 250, "attempt": 1, "symbols": ["CV", "NECB", "TSSI", "TCI", "USCB", "VOXR", "CMTG", "WSBF", "VNDA", "WEYS"], "fetched_bars": 60, "inserted_bars": 60, "no_data_symbols": [], "failed_symbols": []}
/usr/local/lib/python3.12/site-packages/yfinance/scrapers/history.py:204: Pandas4Warning: Timestamp.utcnow is deprecated and will be removed in a future version. Use Timestamp.now('UTC') instead.
  dt_now = pd.Timestamp.utcnow()
/usr/local/lib/python3.12/site-packages/yfinance/scrapers/history.py:204: Pandas4Warning: Timestamp.utcnow is deprecated and will be removed in a future version. Use Timestamp.now('UTC') instead.
  dt_now = pd.Timestamp.utcnow()
{"event": "batch_inserted", "batch_index": 251, "attempt": 1, "symbols": ["MGPI", "BCML", "BYND", "NWFL", "CHMG", "DBI", "ATOM", "REAX", "FNLC", "LAB"], "fetched_bars": 60, "inserted_bars": 60, "no_data_symbols": [], "failed_symbols": []}
/usr/local/lib/python3.12/site-packages/yfinance/scrapers/history.py:204: Pandas4Warning: Timestamp.utcnow is deprecated and will be removed in a future version. Use Timestamp.now('UTC') instead.
  dt_now = pd.Timestamp.utcnow()
{"event": "batch_inserted", "batch_index": 252, "attempt": 1, "symbols": ["ENTA", "RGNX", "LXEO", "RM", "TLS", "GEVO", "NCMI", "BRCC", "OPAL", "PTLO"], "fetched_bars": 60, "inserted_bars": 60, "no_data_symbols": [], "failed_symbols": []}
/usr/local/lib/python3.12/site-packages/yfinance/scrapers/history.py:204: Pandas4Warning: Timestamp.utcnow is deprecated and will be removed in a future version. Use Timestamp.now('UTC') instead.
  dt_now = pd.Timestamp.utcnow()
/usr/local/lib/python3.12/site-packages/yfinance/scrapers/history.py:204: Pandas4Warning: Timestamp.utcnow is deprecated and will be removed in a future version. Use Timestamp.now('UTC') instead.
  dt_now = pd.Timestamp.utcnow()
{"event": "batch_inserted", "batch_index": 253, "attempt": 1, "symbols": ["CATX", "CDZI", "CZFS", "TSBK", "GLSI", "AII", "PINE", "PAMT", "UPB", "LTBR"], "fetched_bars": 60, "inserted_bars": 60, "no_data_symbols": [], "failed_symbols": []}
/usr/local/lib/python3.12/site-packages/yfinance/scrapers/history.py:204: Pandas4Warning: Timestamp.utcnow is deprecated and will be removed in a future version. Use Timestamp.now('UTC') instead.
  dt_now = pd.Timestamp.utcnow()
/usr/local/lib/python3.12/site-packages/yfinance/scrapers/history.py:204: Pandas4Warning: Timestamp.utcnow is deprecated and will be removed in a future version. Use Timestamp.now('UTC') instead.
  dt_now = pd.Timestamp.utcnow()
{"event": "batch_inserted", "batch_index": 254, "attempt": 1, "symbols": ["SLP", "OABI", "BGS", "COSO", "STRT", "VALU", "NODK", "XPOF", "CIX", "ZUMZ"], "fetched_bars": 60, "inserted_bars": 60, "no_data_symbols": [], "failed_symbols": []}
/usr/local/lib/python3.12/site-packages/yfinance/scrapers/history.py:204: Pandas4Warning: Timestamp.utcnow is deprecated and will be removed in a future version. Use Timestamp.now('UTC') instead.
  dt_now = pd.Timestamp.utcnow()
/usr/local/lib/python3.12/site-packages/yfinance/scrapers/history.py:204: Pandas4Warning: Timestamp.utcnow is deprecated and will be removed in a future version. Use Timestamp.now('UTC') instead.
  dt_now = pd.Timestamp.utcnow()
{"event": "batch_inserted", "batch_index": 255, "attempt": 1, "symbols": ["FSBW", "SEG", "ABEO", "MBI", "MASS", "FENC", "BKTI", "ESOA", "OFLX", "CARL"], "fetched_bars": 60, "inserted_bars": 60, "no_data_symbols": [], "failed_symbols": []}
/usr/local/lib/python3.12/site-packages/yfinance/scrapers/history.py:204: Pandas4Warning: Timestamp.utcnow is deprecated and will be removed in a future version. Use Timestamp.now('UTC') instead.
  dt_now = pd.Timestamp.utcnow()
{"event": "batch_inserted", "batch_index": 256, "attempt": 1, "symbols": ["GETY", "SIGA", "HLLY", "PNRG", "ONIT", "PPHC", "ELMD", "JMSB", "DMAC", "ALCO"], "fetched_bars": 60, "inserted_bars": 60, "no_data_symbols": [], "failed_symbols": []}
/usr/local/lib/python3.12/site-packages/yfinance/scrapers/history.py:204: Pandas4Warning: Timestamp.utcnow is deprecated and will be removed in a future version. Use Timestamp.now('UTC') instead.
  dt_now = pd.Timestamp.utcnow()
{"event": "batch_inserted", "batch_index": 257, "attempt": 1, "symbols": ["FCCO", "PDYN", "RCKY", "FVCB", "ORGO", "FNKO", "RCKT", "NREF", "MYFW", "RPAY"], "fetched_bars": 60, "inserted_bars": 60, "no_data_symbols": [], "failed_symbols": []}
/usr/local/lib/python3.12/site-packages/yfinance/scrapers/history.py:204: Pandas4Warning: Timestamp.utcnow is deprecated and will be removed in a future version. Use Timestamp.now('UTC') instead.
  dt_now = pd.Timestamp.utcnow()
/usr/local/lib/python3.12/site-packages/yfinance/scrapers/history.py:204: Pandas4Warning: Timestamp.utcnow is deprecated and will be removed in a future version. Use Timestamp.now('UTC') instead.
  dt_now = pd.Timestamp.utcnow()
{"event": "batch_inserted", "batch_index": 258, "attempt": 1, "symbols": ["BRBS", "ASLE", "NL", "SBC", "ZIP", "OVLY", "FDBC", "MPAA", "OSUR", "AIRJ"], "fetched_bars": 60, "inserted_bars": 60, "no_data_symbols": [], "failed_symbols": []}
/usr/local/lib/python3.12/site-packages/yfinance/scrapers/history.py:204: Pandas4Warning: Timestamp.utcnow is deprecated and will be removed in a future version. Use Timestamp.now('UTC') instead.
  dt_now = pd.Timestamp.utcnow()
/usr/local/lib/python3.12/site-packages/yfinance/scrapers/history.py:204: Pandas4Warning: Timestamp.utcnow is deprecated and will be removed in a future version. Use Timestamp.now('UTC') instead.
  dt_now = pd.Timestamp.utcnow()
{"event": "batch_inserted", "batch_index": 259, "attempt": 1, "symbols": ["TG", "CLW", "BRT", "NVCT", "CIA", "UIS", "RNAC", "RC", "SGHT", "HCKT"], "fetched_bars": 60, "inserted_bars": 60, "no_data_symbols": [], "failed_symbols": []}
/usr/local/lib/python3.12/site-packages/yfinance/scrapers/history.py:204: Pandas4Warning: Timestamp.utcnow is deprecated and will be removed in a future version. Use Timestamp.now('UTC') instead.
  dt_now = pd.Timestamp.utcnow()
{"event": "batch_inserted", "batch_index": 260, "attempt": 1, "symbols": ["FLWS", "ELDN", "WNEB", "HBB", "NAGE", "FC", "SSP", "ACRE", "FRAF", "FXNC"], "fetched_bars": 60, "inserted_bars": 60, "no_data_symbols": [], "failed_symbols": []}
/usr/local/lib/python3.12/site-packages/yfinance/scrapers/history.py:204: Pandas4Warning: Timestamp.utcnow is deprecated and will be removed in a future version. Use Timestamp.now('UTC') instead.
  dt_now = pd.Timestamp.utcnow()
{"event": "batch_inserted", "batch_index": 261, "attempt": 1, "symbols": ["FUNC", "AFRI", "ATLO", "CABO", "NUS", "MKTW", "EU", "TBCH", "TMCI", "TTGT"], "fetched_bars": 60, "inserted_bars": 60, "no_data_symbols": [], "failed_symbols": []}
/usr/local/lib/python3.12/site-packages/yfinance/scrapers/history.py:204: Pandas4Warning: Timestamp.utcnow is deprecated and will be removed in a future version. Use Timestamp.now('UTC') instead.
  dt_now = pd.Timestamp.utcnow()

1 Failed download:
['LPRO']: YFPricesMissingError('possibly delisted; no price data found  (1d 2026-09-03 -> 2026-09-14)')
{"event": "batch_inserted", "batch_index": 262, "attempt": 1, "symbols": ["HWBK", "VUZI", "SITC", "PCYO", "LPRO", "JAKK", "FLXS", "ESCA", "RELL", "BPRN"], "fetched_bars": 54, "inserted_bars": 54, "no_data_symbols": ["LPRO"], "failed_symbols": []}
/usr/local/lib/python3.12/site-packages/yfinance/scrapers/history.py:204: Pandas4Warning: Timestamp.utcnow is deprecated and will be removed in a future version. Use Timestamp.now('UTC') instead.
  dt_now = pd.Timestamp.utcnow()

1 Failed download:
['LPRO']: YFPricesMissingError('possibly delisted; no price data found  (1d 2026-09-03 -> 2026-09-14)')
{"event": "symbol_inserted", "symbol": "LPRO", "attempt": 1, "fetched_bars": 0, "inserted_bars": 0, "no_data_symbols": ["LPRO"], "failed_symbols": []}
/usr/local/lib/python3.12/site-packages/yfinance/scrapers/history.py:204: Pandas4Warning: Timestamp.utcnow is deprecated and will be removed in a future version. Use Timestamp.now('UTC') instead.
  dt_now = pd.Timestamp.utcnow()
/usr/local/lib/python3.12/site-packages/yfinance/scrapers/history.py:204: Pandas4Warning: Timestamp.utcnow is deprecated and will be removed in a future version. Use Timestamp.now('UTC') instead.
  dt_now = pd.Timestamp.utcnow()
{"event": "batch_inserted", "batch_index": 263, "attempt": 1, "symbols": ["ACH", "NXDT", "JACK", "USAU", "AIRO", "ASUR", "DMRC", "EGHT", "CFFI", "TRDA"], "fetched_bars": 60, "inserted_bars": 60, "no_data_symbols": [], "failed_symbols": []}
/usr/local/lib/python3.12/site-packages/yfinance/scrapers/history.py:204: Pandas4Warning: Timestamp.utcnow is deprecated and will be removed in a future version. Use Timestamp.now('UTC') instead.
  dt_now = pd.Timestamp.utcnow()
{"event": "batch_inserted", "batch_index": 264, "attempt": 1, "symbols": ["AVNW", "SNFCA", "RGCO", "LCNB", "MITT", "AKBA", "FRD", "FHTX", "CBNA", "VABK"], "fetched_bars": 60, "inserted_bars": 60, "no_data_symbols": [], "failed_symbols": []}
/usr/local/lib/python3.12/site-packages/yfinance/scrapers/history.py:204: Pandas4Warning: Timestamp.utcnow is deprecated and will be removed in a future version. Use Timestamp.now('UTC') instead.
  dt_now = pd.Timestamp.utcnow()
/usr/local/lib/python3.12/site-packages/yfinance/scrapers/history.py:204: Pandas4Warning: Timestamp.utcnow is deprecated and will be removed in a future version. Use Timestamp.now('UTC') instead.
  dt_now = pd.Timestamp.utcnow()
{"event": "batch_inserted", "batch_index": 265, "attempt": 1, "symbols": ["LVWR", "HDSN", "PEBK", "LOVE", "REFI", "ARL", "OPRT", "FATE", "WALD", "POWW"], "fetched_bars": 60, "inserted_bars": 60, "no_data_symbols": [], "failed_symbols": []}
/usr/local/lib/python3.12/site-packages/yfinance/scrapers/history.py:204: Pandas4Warning: Timestamp.utcnow is deprecated and will be removed in a future version. Use Timestamp.now('UTC') instead.
  dt_now = pd.Timestamp.utcnow()
/usr/local/lib/python3.12/site-packages/yfinance/scrapers/history.py:204: Pandas4Warning: Timestamp.utcnow is deprecated and will be removed in a future version. Use Timestamp.now('UTC') instead.
  dt_now = pd.Timestamp.utcnow()
{"event": "batch_inserted", "batch_index": 266, "attempt": 1, "symbols": ["MRBK", "MNTK", "OVBC", "BRCB", "KINS", "CXDO", "LMNR", "HUMA", "MFIN", "PESI"], "fetched_bars": 60, "inserted_bars": 60, "no_data_symbols": [], "failed_symbols": []}
/usr/local/lib/python3.12/site-packages/yfinance/scrapers/history.py:204: Pandas4Warning: Timestamp.utcnow is deprecated and will be removed in a future version. Use Timestamp.now('UTC') instead.
  dt_now = pd.Timestamp.utcnow()
{"event": "batch_inserted", "batch_index": 267, "attempt": 1, "symbols": ["FBLA", "PAL", "AVXL", "TLSI", "NKSH", "FULC", "LAW", "ALTG", "STRS", "INBK"], "fetched_bars": 60, "inserted_bars": 60, "no_data_symbols": [], "failed_symbols": []}
/usr/local/lib/python3.12/site-packages/yfinance/scrapers/history.py:204: Pandas4Warning: Timestamp.utcnow is deprecated and will be removed in a future version. Use Timestamp.now('UTC') instead.
  dt_now = pd.Timestamp.utcnow()
{"event": "batch_inserted", "batch_index": 268, "attempt": 1, "symbols": ["SPOK", "LFMD", "ANGI", "TKNO", "CMRC", "INSE", "JILL", "IKT", "TARA", "GENC"], "fetched_bars": 60, "inserted_bars": 60, "no_data_symbols": [], "failed_symbols": []}
/usr/local/lib/python3.12/site-packages/yfinance/scrapers/history.py:204: Pandas4Warning: Timestamp.utcnow is deprecated and will be removed in a future version. Use Timestamp.now('UTC') instead.
  dt_now = pd.Timestamp.utcnow()
/usr/local/lib/python3.12/site-packages/yfinance/scrapers/history.py:204: Pandas4Warning: Timestamp.utcnow is deprecated and will be removed in a future version. Use Timestamp.now('UTC') instead.
  dt_now = pd.Timestamp.utcnow()
{"event": "batch_inserted", "batch_index": 269, "attempt": 1, "symbols": ["PMTS", "CDXS", "EVI", "CNDT", "SGC", "IMMR", "CHRS", "UTMD", "FCAP", "LENZ"], "fetched_bars": 60, "inserted_bars": 60, "no_data_symbols": [], "failed_symbols": []}
/usr/local/lib/python3.12/site-packages/yfinance/scrapers/history.py:204: Pandas4Warning: Timestamp.utcnow is deprecated and will be removed in a future version. Use Timestamp.now('UTC') instead.
  dt_now = pd.Timestamp.utcnow()
{"event": "batch_inserted", "batch_index": 270, "attempt": 1, "symbols": ["TBI", "OPBK", "RNA", "LFCR", "VYGR", "CMT", "KLTR", "AOMR", "BZAI", "RICK"], "fetched_bars": 60, "inserted_bars": 60, "no_data_symbols": [], "failed_symbols": []}
/usr/local/lib/python3.12/site-packages/yfinance/scrapers/history.py:204: Pandas4Warning: Timestamp.utcnow is deprecated and will be removed in a future version. Use Timestamp.now('UTC') instead.
  dt_now = pd.Timestamp.utcnow()
/usr/local/lib/python3.12/site-packages/yfinance/scrapers/history.py:204: Pandas4Warning: Timestamp.utcnow is deprecated and will be removed in a future version. Use Timestamp.now('UTC') instead.
  dt_now = pd.Timestamp.utcnow()
{"event": "batch_inserted", "batch_index": 271, "attempt": 1, "symbols": ["CZWI", "CPSS", "QSI", "NKTX", "EGAN", "CFBK", "GWRS", "FINW", "FF", "III"], "fetched_bars": 60, "inserted_bars": 60, "no_data_symbols": [], "failed_symbols": []}
/usr/local/lib/python3.12/site-packages/yfinance/scrapers/history.py:204: Pandas4Warning: Timestamp.utcnow is deprecated and will be removed in a future version. Use Timestamp.now('UTC') instead.
  dt_now = pd.Timestamp.utcnow()

1 Failed download:
['RMAX']: YFPricesMissingError('possibly delisted; no price data found  (1d 2026-09-03 -> 2026-09-14)')
{"event": "batch_inserted", "batch_index": 272, "attempt": 1, "symbols": ["KROS", "SMHI", "PDEX", "ARCT", "CURV", "ANIK", "RMAX", "RXST", "COOK", "BCBP"], "fetched_bars": 54, "inserted_bars": 54, "no_data_symbols": ["RMAX"], "failed_symbols": []}
/usr/local/lib/python3.12/site-packages/yfinance/scrapers/history.py:204: Pandas4Warning: Timestamp.utcnow is deprecated and will be removed in a future version. Use Timestamp.now('UTC') instead.
  dt_now = pd.Timestamp.utcnow()

1 Failed download:
['RMAX']: YFPricesMissingError('possibly delisted; no price data found  (1d 2026-09-03 -> 2026-09-14)')
{"event": "symbol_inserted", "symbol": "RMAX", "attempt": 1, "fetched_bars": 0, "inserted_bars": 0, "no_data_symbols": ["RMAX"], "failed_symbols": []}
/usr/local/lib/python3.12/site-packages/yfinance/scrapers/history.py:204: Pandas4Warning: Timestamp.utcnow is deprecated and will be removed in a future version. Use Timestamp.now('UTC') instead.
  dt_now = pd.Timestamp.utcnow()

1 Failed download:
['MDV']: YFPricesMissingError('possibly delisted; no price data found  (1d 2026-09-03 -> 2026-09-14)')
{"event": "batch_inserted", "batch_index": 273, "attempt": 1, "symbols": ["HQI", "JRVR", "FLYX", "SMTI", "KGEI", "CBFV", "SEVN", "NRDY", "MDV", "EBMT"], "fetched_bars": 54, "inserted_bars": 54, "no_data_symbols": ["MDV"], "failed_symbols": []}
/usr/local/lib/python3.12/site-packages/yfinance/scrapers/history.py:204: Pandas4Warning: Timestamp.utcnow is deprecated and will be removed in a future version. Use Timestamp.now('UTC') instead.
  dt_now = pd.Timestamp.utcnow()

1 Failed download:
['MDV']: YFPricesMissingError('possibly delisted; no price data found  (1d 2026-09-03 -> 2026-09-14)')
{"event": "symbol_inserted", "symbol": "MDV", "attempt": 1, "fetched_bars": 0, "inserted_bars": 0, "no_data_symbols": ["MDV"], "failed_symbols": []}
/usr/local/lib/python3.12/site-packages/yfinance/scrapers/history.py:204: Pandas4Warning: Timestamp.utcnow is deprecated and will be removed in a future version. Use Timestamp.now('UTC') instead.
  dt_now = pd.Timestamp.utcnow()
/usr/local/lib/python3.12/site-packages/yfinance/scrapers/history.py:204: Pandas4Warning: Timestamp.utcnow is deprecated and will be removed in a future version. Use Timestamp.now('UTC') instead.
  dt_now = pd.Timestamp.utcnow()
{"event": "batch_inserted", "batch_index": 274, "attempt": 1, "symbols": ["RBKB", "ONEW", "EMBC", "KRMD", "LUCD", "LARK", "MDWD", "RCMT", "MRDN", "TNXP"], "fetched_bars": 60, "inserted_bars": 60, "no_data_symbols": [], "failed_symbols": []}
/usr/local/lib/python3.12/site-packages/yfinance/scrapers/history.py:204: Pandas4Warning: Timestamp.utcnow is deprecated and will be removed in a future version. Use Timestamp.now('UTC') instead.
  dt_now = pd.Timestamp.utcnow()
/usr/local/lib/python3.12/site-packages/yfinance/scrapers/history.py:204: Pandas4Warning: Timestamp.utcnow is deprecated and will be removed in a future version. Use Timestamp.now('UTC') instead.
  dt_now = pd.Timestamp.utcnow()
{"event": "batch_inserted", "batch_index": 275, "attempt": 1, "symbols": ["INSG", "FOA", "STXS", "STRW", "MNSB", "KULR", "NLOP", "ACU", "INGN", "HNVR"], "fetched_bars": 60, "inserted_bars": 60, "no_data_symbols": [], "failed_symbols": []}
/usr/local/lib/python3.12/site-packages/yfinance/scrapers/history.py:204: Pandas4Warning: Timestamp.utcnow is deprecated and will be removed in a future version. Use Timestamp.now('UTC') instead.
  dt_now = pd.Timestamp.utcnow()
/usr/local/lib/python3.12/site-packages/yfinance/scrapers/history.py:204: Pandas4Warning: Timestamp.utcnow is deprecated and will be removed in a future version. Use Timestamp.now('UTC') instead.
  dt_now = pd.Timestamp.utcnow()
/usr/local/lib/python3.12/site-packages/yfinance/scrapers/history.py:204: Pandas4Warning: Timestamp.utcnow is deprecated and will be removed in a future version. Use Timestamp.now('UTC') instead.
  dt_now = pd.Timestamp.utcnow()
{"event": "batch_inserted", "batch_index": 276, "attempt": 1, "symbols": ["THRY", "TRAK", "EPSN", "ALEC", "ECBK", "PLX", "KRRO", "SMID", "WHG", "RGP"], "fetched_bars": 60, "inserted_bars": 60, "no_data_symbols": [], "failed_symbols": []}
/usr/local/lib/python3.12/site-packages/yfinance/scrapers/history.py:204: Pandas4Warning: Timestamp.utcnow is deprecated and will be removed in a future version. Use Timestamp.now('UTC') instead.
  dt_now = pd.Timestamp.utcnow()
/usr/local/lib/python3.12/site-packages/yfinance/scrapers/history.py:204: Pandas4Warning: Timestamp.utcnow is deprecated and will be removed in a future version. Use Timestamp.now('UTC') instead.
  dt_now = pd.Timestamp.utcnow()
{"event": "batch_inserted", "batch_index": 277, "attempt": 1, "symbols": ["TUSK", "RMBI", "DOUG", "SLQT", "SRBK", "JELD", "EFSI", "CURI", "EPM", "BHR"], "fetched_bars": 60, "inserted_bars": 60, "no_data_symbols": [], "failed_symbols": []}
/usr/local/lib/python3.12/site-packages/yfinance/scrapers/history.py:204: Pandas4Warning: Timestamp.utcnow is deprecated and will be removed in a future version. Use Timestamp.now('UTC') instead.
  dt_now = pd.Timestamp.utcnow()
{"event": "batch_inserted", "batch_index": 278, "attempt": 1, "symbols": ["TCX", "HURA", "FNWD", "SBFG", "QTRX", "NFE", "BOOM", "BYRN", "SKYX", "HCAT"], "fetched_bars": 60, "inserted_bars": 60, "no_data_symbols": [], "failed_symbols": []}
/usr/local/lib/python3.12/site-packages/yfinance/scrapers/history.py:204: Pandas4Warning: Timestamp.utcnow is deprecated and will be removed in a future version. Use Timestamp.now('UTC') instead.
  dt_now = pd.Timestamp.utcnow()
{"event": "batch_inserted", "batch_index": 279, "attempt": 1, "symbols": ["JYNT", "DERM", "DOMO", "BSET", "FORR", "ADCT", "CVRX", "MED", "EML", "AOUT"], "fetched_bars": 60, "inserted_bars": 60, "no_data_symbols": [], "failed_symbols": []}
/usr/local/lib/python3.12/site-packages/yfinance/scrapers/history.py:204: Pandas4Warning: Timestamp.utcnow is deprecated and will be removed in a future version. Use Timestamp.now('UTC') instead.
  dt_now = pd.Timestamp.utcnow()
/usr/local/lib/python3.12/site-packages/yfinance/scrapers/history.py:204: Pandas4Warning: Timestamp.utcnow is deprecated and will be removed in a future version. Use Timestamp.now('UTC') instead.
  dt_now = pd.Timestamp.utcnow()
{"event": "batch_inserted", "batch_index": 280, "attempt": 1, "symbols": ["SAMG", "ACR", "SNWV", "ACNT", "RVSB", "NNOX", "EXFY", "DH", "RCEL", "MVIS"], "fetched_bars": 60, "inserted_bars": 60, "no_data_symbols": [], "failed_symbols": []}
/usr/local/lib/python3.12/site-packages/yfinance/scrapers/history.py:204: Pandas4Warning: Timestamp.utcnow is deprecated and will be removed in a future version. Use Timestamp.now('UTC') instead.
  dt_now = pd.Timestamp.utcnow()
{"event": "batch_inserted", "batch_index": 281, "attempt": 1, "symbols": ["MXCT", "CLAR", "EP", "SUNS", "ARQ", "TTEC", "LFVN", "PNBK", "ZVIA", "SAFX"], "fetched_bars": 60, "inserted_bars": 60, "no_data_symbols": [], "failed_symbols": []}
/usr/local/lib/python3.12/site-packages/yfinance/scrapers/history.py:204: Pandas4Warning: Timestamp.utcnow is deprecated and will be removed in a future version. Use Timestamp.now('UTC') instead.
  dt_now = pd.Timestamp.utcnow()
{"event": "batch_inserted", "batch_index": 282, "attempt": 1, "symbols": ["SFBC", "TZOO", "UNB", "LAKE", "USGO", "ALDX", "CRDF", "SSTI", "FTLF", "VIRC"], "fetched_bars": 60, "inserted_bars": 60, "no_data_symbols": [], "failed_symbols": []}
/usr/local/lib/python3.12/site-packages/yfinance/scrapers/history.py:204: Pandas4Warning: Timestamp.utcnow is deprecated and will be removed in a future version. Use Timestamp.now('UTC') instead.
  dt_now = pd.Timestamp.utcnow()
{"event": "batch_inserted", "batch_index": 283, "attempt": 1, "symbols": ["HFFG", "OPRX", "LPA", "SLSN", "CSPI", "STIM", "BTMD", "ISPR", "KG", "FFAI"], "fetched_bars": 60, "inserted_bars": 60, "no_data_symbols": [], "failed_symbols": []}
/usr/local/lib/python3.12/site-packages/yfinance/scrapers/history.py:204: Pandas4Warning: Timestamp.utcnow is deprecated and will be removed in a future version. Use Timestamp.now('UTC') instead.
  dt_now = pd.Timestamp.utcnow()

1 Failed download:
['GAMB']: YFPricesMissingError('possibly delisted; no price data found  (1d 2026-09-03 -> 2026-09-14)')
{"event": "batch_inserted", "batch_index": 284, "attempt": 1, "symbols": ["GAMB", "SEAT", "AARD", "SKIN", "BARK", "AVD", "AEYE", "OM", "PROP", "MYPS"], "fetched_bars": 54, "inserted_bars": 54, "no_data_symbols": ["GAMB"], "failed_symbols": []}
/usr/local/lib/python3.12/site-packages/yfinance/scrapers/history.py:204: Pandas4Warning: Timestamp.utcnow is deprecated and will be removed in a future version. Use Timestamp.now('UTC') instead.
  dt_now = pd.Timestamp.utcnow()

1 Failed download:
['GAMB']: YFPricesMissingError('possibly delisted; no price data found  (1d 2026-09-03 -> 2026-09-14)')
{"event": "symbol_inserted", "symbol": "GAMB", "attempt": 1, "fetched_bars": 0, "inserted_bars": 0, "no_data_symbols": ["GAMB"], "failed_symbols": []}
/usr/local/lib/python3.12/site-packages/yfinance/scrapers/history.py:204: Pandas4Warning: Timestamp.utcnow is deprecated and will be removed in a future version. Use Timestamp.now('UTC') instead.
  dt_now = pd.Timestamp.utcnow()
/usr/local/lib/python3.12/site-packages/yfinance/scrapers/history.py:204: Pandas4Warning: Timestamp.utcnow is deprecated and will be removed in a future version. Use Timestamp.now('UTC') instead.
  dt_now = pd.Timestamp.utcnow()
{"event": "batch_inserted", "batch_index": 285, "attempt": 1, "symbols": ["HRTX", "SIEB", "NXXT", "FSP", "LNSR", "CD", "GAIA", "VGAS", "AREN", "LUNG"], "fetched_bars": 55, "inserted_bars": 55, "no_data_symbols": [], "failed_symbols": []}
/usr/local/lib/python3.12/site-packages/yfinance/scrapers/history.py:204: Pandas4Warning: Timestamp.utcnow is deprecated and will be removed in a future version. Use Timestamp.now('UTC') instead.
  dt_now = pd.Timestamp.utcnow()

1 Failed download:
['ATLN']: YFTzMissingError('possibly delisted; no timezone found')
{"event": "batch_inserted", "batch_index": 286, "attempt": 1, "symbols": ["EHTH", "DCGO", "HAIN", "LFT", "SLND", "SKIL", "CLPR", "ACTU", "ATLN", "MYO"], "fetched_bars": 54, "inserted_bars": 54, "no_data_symbols": ["ATLN"], "failed_symbols": []}

1 Failed download:
['ATLN']: YFTzMissingError('possibly delisted; no timezone found')
{"event": "symbol_inserted", "symbol": "ATLN", "attempt": 1, "fetched_bars": 0, "inserted_bars": 0, "no_data_symbols": ["ATLN"], "failed_symbols": []}
/usr/local/lib/python3.12/site-packages/yfinance/scrapers/history.py:204: Pandas4Warning: Timestamp.utcnow is deprecated and will be removed in a future version. Use Timestamp.now('UTC') instead.
  dt_now = pd.Timestamp.utcnow()
/usr/local/lib/python3.12/site-packages/yfinance/scrapers/history.py:204: Pandas4Warning: Timestamp.utcnow is deprecated and will be removed in a future version. Use Timestamp.now('UTC') instead.
  dt_now = pd.Timestamp.utcnow()
/usr/local/lib/python3.12/site-packages/yfinance/scrapers/history.py:204: Pandas4Warning: Timestamp.utcnow is deprecated and will be removed in a future version. Use Timestamp.now('UTC') instead.
  dt_now = pd.Timestamp.utcnow()
{"event": "batch_inserted", "batch_index": 287, "attempt": 1, "symbols": ["ATYR", "ARAY", "GOSS", "INMB", "FLD", "ARAI", "TVRD", "NEON", "CRMT", "PMI"], "fetched_bars": 60, "inserted_bars": 60, "no_data_symbols": [], "failed_symbols": []}
/usr/local/lib/python3.12/site-packages/yfinance/scrapers/history.py:204: Pandas4Warning: Timestamp.utcnow is deprecated and will be removed in a future version. Use Timestamp.now('UTC') instead.
  dt_now = pd.Timestamp.utcnow()

2 Failed downloads:
['SNBR', 'GOCO']: YFTzMissingError('possibly delisted; no timezone found')
{"event": "batch_inserted", "batch_index": 288, "attempt": 1, "symbols": ["SNBR", "GOCO", "MCHB", "CWBC", "RPT", "BGC", "WEST", "OSG", "SPWR", "VRM"], "fetched_bars": 48, "inserted_bars": 48, "no_data_symbols": ["SNBR", "GOCO"], "failed_symbols": []}

1 Failed download:
['SNBR']: YFTzMissingError('possibly delisted; no timezone found')
{"event": "symbol_inserted", "symbol": "SNBR", "attempt": 1, "fetched_bars": 0, "inserted_bars": 0, "no_data_symbols": ["SNBR"], "failed_symbols": []}

1 Failed download:
['GOCO']: YFTzMissingError('possibly delisted; no timezone found')
{"event": "symbol_inserted", "symbol": "GOCO", "attempt": 1, "fetched_bars": 0, "inserted_bars": 0, "no_data_symbols": ["GOCO"], "failed_symbols": []}
/usr/local/lib/python3.12/site-packages/yfinance/scrapers/history.py:204: Pandas4Warning: Timestamp.utcnow is deprecated and will be removed in a future version. Use Timestamp.now('UTC') instead.
  dt_now = pd.Timestamp.utcnow()
/usr/local/lib/python3.12/site-packages/yfinance/scrapers/history.py:204: Pandas4Warning: Timestamp.utcnow is deprecated and will be removed in a future version. Use Timestamp.now('UTC') instead.
  dt_now = pd.Timestamp.utcnow()
{"event": "batch_inserted", "batch_index": 289, "attempt": 1, "symbols": ["AESI", "LZM", "BVFL", "BEEP", "FBYD", "AISP", "NEXN", "TVGN", "CRML", "MRP"], "fetched_bars": 60, "inserted_bars": 60, "no_data_symbols": [], "failed_symbols": []}
/usr/local/lib/python3.12/site-packages/yfinance/scrapers/history.py:204: Pandas4Warning: Timestamp.utcnow is deprecated and will be removed in a future version. Use Timestamp.now('UTC') instead.
  dt_now = pd.Timestamp.utcnow()
{"event": "batch_inserted", "batch_index": 290, "attempt": 1, "symbols": ["STRZ", "AVBH"], "fetched_bars": 12, "inserted_bars": 12, "no_data_symbols": [], "failed_symbols": []}
{"event": "failed_symbols_file_written", "path": "/tmp/showmeedge-russell3000-current-eod-20260912-211258-failed.json", "failed_symbols": []}
{"event": "no_data_symbols_file_written", "path": "/tmp/showmeedge-russell3000-current-eod-20260912-211258-no-data.json", "no_data_symbols": ["BRK.B", "EA", "HEI.A", "SATS", "AVB", "EQR", "LEN.B", "BF.A", "MOG.A", "BF.B", "WBS", "BLD", "GTLS", "NUVL", "MASI", "JHG", "CWAN", "TMHC", "LBRDK", "LBRDA", "GEF.B", "CPRX", "CRNX", "NSA", "LC", "SEM", "STEL", "SKYT", "SILA", "KW", "LEG", "KALV", "HLX", "FDP", "OLPX", "TWO", "PRA", "AVNS", "EEX", "WSR", "TALK", "ESPR", "NFBK", "CRD.A", "TOI", "XOMA", "SCVL", "CCRN", "TBRG", "LPRO", "RMAX", "MDV", "GAMB", "ATLN", "SNBR", "GOCO"]}
{"event": "run_summary_file_written", "path": "/tmp/showmeedge-russell3000-current-eod-20260912-211258-summary.json"}
{
  "event": "daily_recent_update_complete",
  "provider": "yfinance",
  "universe": "russell3000_current",
  "symbols": [
    "NVDA",
    "GOOGL",
    "GOOG",
    "AAPL",
    "MSFT",
    "AMZN",
    "AVGO",
    "TSLA",
    "META",
    "MU",
    "LLY",
    "BRK.B",
    "WMT",
    "JPM",
    "AMD",
    "INTC",
    "XOM",
    "V",
    "JNJ",
    "ORCL",
    "CSCO",
    "LRCX",
    "AMAT",
    "COST",
    "MA",
    "CAT",
    "ABBV",
    "BAC",
    "CVX",
    "UNH",
    "KO",
    "GE",
    "PG",
    "NFLX",
    "MS",
    "HD",
    "GS",
    "PLTR",
    "MRK",
    "SNDK",
    "PM",
    "TXN",
    "DELL",
    "WFC",
    "IBM",
    "GEV",
    "RTX",
    "MRVL",
    "LIN",
    "C",
    "PANW",
    "QCOM",
    "AXP",
    "ANET",
    "TMUS",
    "ADI",
    "MCD",
    "VZ",
    "PEP",
    "WDC",
    "AMGN",
    "APH",
    "TJX",
    "NEE",
    "TMO",
    "CRWD",
    "DIS",
    "BA",
    "BLK",
    "APP",
    "T",
    "UNP",
    "SCHW",
    "SCCO",
    "DE",
    "GILD",
    "GLW",
    "IBKR",
    "ABT",
    "ETN",
    "WELL",
    "PFE",
    "BX",
    "ISRG",
    "COP",
    "UBER",
    "HON",
    "PLD",
    "CRM",
    "CVS",
    "BKNG",
    "DHR",
    "CB",
    "LMT",
    "SPGI",
    "LOW",
    "MO",
    "SYK",
    "PGR",
    "SBUX",
    "BMY",
    "VRT",
    "COF",
    "PH",
    "VRTX",
    "FTNT",
    "NEM",
    "PWR",
    "CDNS",
    "MAR",
    "SO",
    "HWM",
    "NOW",
    "ACN",
    "EQIX",
    "MDT",
    "TT",
    "SPOT",
    "FCX",
    "CME",
    "DUK",
    "GD",
    "PNC",
    "MCK",
    "UPS",
    "CEG",
    "USB",
    "CMI",
    "MNST",
    "ADP",
    "JCI",
    "CSX",
    "WMB",
    "WM",
    "ELV",
    "CMCSA",
    "AMT",
    "SNPS",
    "KKR",
    "HCA",
    "SLB",
    "HOOD",
    "MMM",
    "ADBE",
    "DDOG",
    "MRSH",
    "MDLZ",
    "NET",
    "FDX",
    "SNOW",
    "EMR",
    "ICE",
    "RCL",
    "CI",
    "HLT",
    "ABNB",
    "SHW",
    "MCO",
    "NOC",
    "MPWR",
    "ROST",
    "BAM",
    "APO",
    "MPC",
    "VLO",
    "CRH",
    "INTU",
    "ORLY",
    "COHR",
    "ECL",
    "ITW",
    "BE",
    "GM",
    "AEP",
    "EOG",
    "PSX",
    "LITE",
    "AON",
    "CL",
    "KMI",
    "SPG",
    "CTAS",
    "NSC",
    "CVNA",
    "TDG",
    "BSX",
    "MSI",
    "WBD",
    "URI",
    "NKE",
    "FIX",
    "DASH",
    "TRV",
    "DLR",
    "RSG",
    "TFC",
    "REGN",
    "HPE",
    "TER",
    "CIEN",
    "ALAB",
    "APD",
    "BKR",
    "PCAR",
    "GWW",
    "TGT",
    "NUE",
    "SRE",
    "KEYS",
    "AFL",
    "D",
    "RKLB",
    "NU",
    "F",
    "TRGP",
    "O",
    "CARR",
    "LHX",
    "PSA",
    "MET",
    "OKE",
    "ALL",
    "AJG",
    "OXY",
    "FLEX",
    "COR",
    "DAL",
    "FANG",
    "FAST",
    "CAH",
    "DVN",
    "AZO",
    "AME",
    "MCHP",
    "ROK",
    "ODFL",
    "EA",
    "CTVA",
    "ETR",
    "LNG",
    "NDAQ",
    "VST",
    "FITB",
    "XEL",
    "EW",
    "EBAY",
    "MDLN",
    "EXC",
    "STT",
    "HEI",
    "CRDO",
    "GRMN",
    "ON",
    "HUM",
    "WAB",
    "GFS",
    "FERG",
    "ARES",
    "MSTR",
    "IDXX",
    "DHI",
    "AU",
    "MSCI",
    "KDP",
    "YUM",
    "COIN",
    "ADSK",
    "XYZ",
    "CMG",
    "AMP",
    "VIK",
    "VTR",
    "STLD",
    "JBL",
    "BDX",
    "CCI",
    "AIG",
    "LYV",
    "KR",
    "PEG",
    "ED",
    "TTWO",
    "CBRE",
    "TKO",
    "ADM",
    "BBT",
    "SYY",
    "IRM",
    "ALNY",
    "PRU",
    "UAL",
    "PCG",
    "VMC",
    "RKT",
    "WEC",
    "HSY",
    "A",
    "PYPL",
    "EME",
    "CCL",
    "PAYX",
    "UI",
    "AXON",
    "HIG",
    "HBAN",
    "WAT",
    "KVUE",
    "MLM",
    "HEI.A",
    "MTB",
    "KMB",
    "ROP",
    "LVS",
    "ZTS",
    "KLAC",
    "CASY",
    "HAL",
    "SATS",
    "RVMD",
    "WDAY",
    "EQT",
    "EL",
    "NTRS",
    "CNC",
    "ACGL",
    "ASTS",
    "NTAP",
    "EXR",
    "RPRX",
    "Q",
    "RDDT",
    "VICI",
    "RBLX",
    "TWLO",
    "CBOE",
    "DTE",
    "NTRA",
    "IQV",
    "CPNG",
    "AEE",
    "RJF",
    "TPR",
    "GEHC",
    "BIIB",
    "DOV",
    "DXCM",
    "TDY",
    "MTSI",
    "IR",
    "KHC",
    "FSLR",
    "MTZ",
    "FISV",
    "CFG",
    "CPRT",
    "ATO",
    "RMD",
    "FTI",
    "EIX",
    "CNP",
    "CW",
    "CRS",
    "FOXA",
    "ZM",
    "MDB",
    "FICO",
    "JBHT",
    "FE",
    "OTIS",
    "ATI",
    "EXPE",
    "PPL",
    "NVT",
    "XPO",
    "PPG",
    "AVB",
    "NRG",
    "STRL",
    "WSM",
    "XYL",
    "CINF",
    "TPL",
    "VEEV",
    "QSR",
    "ES",
    "STZ",
    "VRSN",
    "WRB",
    "DG",
    "LLYVK",
    "EQR",
    "HUBB",
    "RF",
    "FTAI",
    "WTW",
    "FOX",
    "CTSH",
    "SYF",
    "BG",
    "AWK",
    "KEY",
    "RL",
    "FCNCA",
    "DOW",
    "ILMN",
    "LLYVA",
    "DRI",
    "VRSK",
    "MKSI",
    "P",
    "PFG",
    "LPLA",
    "TROW",
    "PHM",
    "CPAY",
    "WST",
    "UTHR",
    "CHD",
    "MKL",
    "HPQ",
    "WWD",
    "ENTG",
    "MTD",
    "CHRW",
    "CMS",
    "ROL",
    "SW",
    "NI",
    "SNX",
    "DGX",
    "TEAM",
    "FFIV",
    "FWONK",
    "L",
    "LEN",
    "LUV",
    "AFRM",
    "DLTR",
    "FN",
    "OMC",
    "LH",
    "LEN.B",
    "EXPD",
    "SBAC",
    "INCY",
    "ROIV",
    "IONQ",
    "TW",
    "RIVN",
    "BURL",
    "SOFI",
    "EXE",
    "ROKU",
    "INSM",
    "RS",
    "ZS",
    "LYB",
    "AS",
    "USFD",
    "FWONA",
    "AMKR",
    "VLTO",
    "ULTA",
    "PKG",
    "BRO",
    "FIS",
    "STE",
    "TSN",
    "OKTA",
    "TTMI",
    "ALB",
    "SNA",
    "RBA",
    "IFF",
    "MRNA",
    "LSCC",
    "DD",
    "DKS",
    "IOT",
    "EFX",
    "AKAM",
    "CRCL",
    "EVRG",
    "SITM",
    "FLUT",
    "VTRS",
    "IP",
    "RBC",
    "SN",
    "LNT",
    "H",
    "AMCR",
    "GPN",
    "GIS",
    "APG",
    "FTV",
    "SMCI",
    "NXT",
    "ESS",
    "EWBC",
    "AA",
    "CHTR",
    "WY",
    "LII",
    "DOCN",
    "CDE",
    "BWXT",
    "INVH",
    "RGLD",
    "KIM",
    "GH",
    "NVR",
    "ZBH",
    "WPC",
    "HST",
    "ITT",
    "WCC",
    "CDW",
    "CF",
    "BR",
    "BEN",
    "BBY",
    "TPG",
    "CG",
    "TSCO",
    "TLN",
    "PFGC",
    "PR",
    "SSNC",
    "IEX",
    "MAA",
    "OVV",
    "TXT",
    "NLY",
    "ONTO",
    "NBIX",
    "NDSN",
    "NWS",
    "VNOM",
    "RMBS",
    "DECK",
    "TIGO",
    "LAMR",
    "SUI",
    "SMTC",
    "WSO",
    "GNRC",
    "LDOS",
    "BWA",
    "MLI",
    "CLH",
    "SGI",
    "BALL",
    "OWL",
    "THC",
    "J",
    "IESC",
    "MAS",
    "UNM",
    "EVR",
    "REG",
    "GEN",
    "PNFP",
    "DTM",
    "MOD",
    "JAZZ",
    "APTV",
    "TOST",
    "DKNG",
    "GPC",
    "ARMK",
    "DOC",
    "LECO",
    "RRX",
    "DY",
    "NWSA",
    "RBRK",
    "JLL",
    "CSL",
    "VICR",
    "RGA",
    "TOL",
    "LULU",
    "SANM",
    "RPM",
    "SOLV",
    "OHI",
    "HRL",
    "ALLY",
    "AAOI",
    "AEIS",
    "GLPI",
    "EG",
    "CSGP",
    "DVA",
    "EXEL",
    "MEDP",
    "NTNX",
    "KNX",
    "COO",
    "SOLS",
    "VIAV",
    "MKC",
    "CNH",
    "PTC",
    "AXSM",
    "CRBG",
    "APA",
    "BBIO",
    "SWK",
    "GL",
    "DRS",
    "AIZ",
    "WULF",
    "FNF",
    "SAIA",
    "ONON",
    "DINO",
    "RNR",
    "IVZ",
    "UDR",
    "TRU",
    "JEF",
    "TYL",
    "ELS",
    "BF.A",
    "PNW",
    "PEN",
    "MGM",
    "ALGN",
    "MOG.A",
    "COKE",
    "SJM",
    "EQH",
    "BF.B",
    "GGG",
    "BTSG",
    "UHAL",
    "CNA",
    "APLD",
    "AVY",
    "IONS",
    "ELAN",
    "QXO",
    "AUR",
    "DT",
    "AMH",
    "WBS",
    "LFUS",
    "FHN",
    "CR",
    "PNR",
    "PAG",
    "U",
    "NYT",
    "HAS",
    "AGNC",
    "AIT",
    "TRMB",
    "HII",
    "CLX",
    "BJ",
    "ARW",
    "CPT",
    "BLD",
    "SPXC",
    "ALLE",
    "BROS",
    "MUSA",
    "CACI",
    "WLK",
    "PINS",
    "SF",
    "AFG",
    "WYNN",
    "SWKS",
    "WTS",
    "RVTY",
    "HUT",
    "PL",
    "MDGL",
    "CCK",
    "EGP",
    "TXRH",
    "FIVE",
    "GMED",
    "ZBRA",
    "SMMT",
    "FRT",
    "FORM",
    "R",
    "KTOS",
    "BMRN",
    "AR",
    "BAX",
    "DPZ",
    "SEIC",
    "WTFC",
    "POWL",
    "ESI",
    "WTRG",
    "VMI",
    "SCI",
    "CAVA",
    "CGNX",
    "BXP",
    "SFD",
    "ARWR",
    "AES",
    "GSAT",
    "MOH",
    "AAON",
    "BPOP",
    "GWRE",
    "JHX",
    "PODD",
    "SNEX",
    "WMS",
    "AM",
    "UMBF",
    "HL",
    "MP",
    "W",
    "LINE",
    "GDDY",
    "EHC",
    "RIOT",
    "CIFR",
    "DCI",
    "OKLO",
    "BRX",
    "FLS",
    "IT",
    "AAL",
    "GTLS",
    "ZION",
    "OGE",
    "FCFS",
    "OC",
    "GME",
    "NUVL",
    "ALSN",
    "ONB",
    "CART",
    "SSB",
    "HUBS",
    "VSAT",
    "DDS",
    "TKR",
    "HLI",
    "CYTK",
    "CUBE",
    "MASI",
    "CNM",
    "RYAN",
    "ORI",
    "ALGM",
    "KRYS",
    "AMG",
    "BSY",
    "CFR",
    "LGN",
    "BAH",
    "ARE",
    "SIRI",
    "MSGS",
    "HSIC",
    "WAL",
    "JKHY",
    "ADC",
    "RRC",
    "COLB",
    "TTD",
    "DAR",
    "CRL",
    "AYI",
    "ACM",
    "JOBY",
    "BIRK",
    "AGX",
    "SARO",
    "VIRT",
    "NCLH",
    "CORT",
    "UHS",
    "NNN",
    "TTC",
    "PRI",
    "FDS",
    "CORZ",
    "PRMB",
    "DOCU",
    "LUMN",
    "ENSG",
    "CTRE",
    "QRVO",
    "QBTS",
    "AVAV",
    "CMC",
    "EMN",
    "TEM",
    "OSCR",
    "ORA",
    "FRHC",
    "MANH",
    "TECH",
    "FR",
    "OSK",
    "BLDR",
    "CRUS",
    "VOYA",
    "SAIL",
    "XP",
    "BRKR",
    "HALO",
    "ENS",
    "BOKF",
    "AGCO",
    "AOS",
    "MTCH",
    "CBSH",
    "ESE",
    "SFM",
    "VLY",
    "VSH",
    "ZWS",
    "JHG",
    "SSD",
    "IDA",
    "REXR",
    "CHWY",
    "PLXS",
    "GAP",
    "CLF",
    "RHP",
    "KNTK",
    "CWEN",
    "KEX",
    "NEU",
    "BIO",
    "QGEN",
    "LTH",
    "ACI",
    "CHRD",
    "LSTR",
    "ECG",
    "NOV",
    "TGTX",
    "JXN",
    "MXL",
    "ATR",
    "UGI",
    "NE",
    "AXS",
    "SM",
    "CELH",
    "GKOS",
    "IBRX",
    "PRAX",
    "AVT",
    "STAG",
    "RAL",
    "TAP",
    "HQY",
    "ALKS",
    "TTEK",
    "ZG",
    "NFG",
    "HXL",
    "RGEN",
    "IDCC",
    "ST",
    "PB",
    "Z",
    "WFRD",
    "TEX",
    "KMX",
    "LEA",
    "CWAN",
    "SLAB",
    "MRCY",
    "MAC",
    "MOS",
    "VNO",
    "ENPH",
    "KNSL",
    "HR",
    "MIDD",
    "PPC",
    "TRNO",
    "LAD",
    "LNC",
    "POOL",
    "KYMR",
    "FLR",
    "AXTA",
    "NPO",
    "PTGX",
    "SYRE",
    "RGTI",
    "KGS",
    "MYRG",
    "THG",
    "VFC",
    "CBC",
    "IMVT",
    "GTES",
    "INGM",
    "RSI",
    "PCVX",
    "SGHC",
    "EAT",
    "LNTH",
    "CPB",
    "RIG",
    "SNDR",
    "TMHC",
    "YOU",
    "MTDR",
    "FAF",
    "M",
    "EPRT",
    "LKQ",
    "MORN",
    "EXP",
    "APGE",
    "FSS",
    "BEPC",
    "BBUC",
    "FNB",
    "CAR",
    "ETSY",
    "RYN",
    "URBN",
    "RRR",
    "AWI",
    "CAG",
    "MHK",
    "OMF",
    "JBTM",
    "MSM",
    "BYD",
    "GBCI",
    "ACMR",
    "SWX",
    "ROAD",
    "COMP",
    "AROC",
    "AVTR",
    "AN",
    "INGR",
    "PCOR",
    "LOAR",
    "ACA",
    "KRMN",
    "LQDA",
    "ESTC",
    "TXNM",
    "STWD",
    "UBSI",
    "GTX",
    "FIGR",
    "PAYC",
    "LW",
    "PTCT",
    "VAL",
    "FLG",
    "HIMS",
    "GATX",
    "CROX",
    "MSA",
    "GVA",
    "MATX",
    "DBX",
    "PJT",
    "DOX",
    "PSN",
    "CHDN",
    "MIRM",
    "RYTM",
    "CENX",
    "CZR",
    "ABCB",
    "WH",
    "KRG",
    "ACT",
    "KLIC",
    "HWC",
    "POR",
    "CE",
    "PCTY",
    "PRM",
    "LUNR",
    "TFX",
    "AUB",
    "FND",
    "GOLF",
    "PACS",
    "VSNT",
    "CACC",
    "GXO",
    "NOVT",
    "DUOL",
    "APPF",
    "OZK",
    "HOMB",
    "CWST",
    "COGT",
    "SSRM",
    "PSMT",
    "PIPR",
    "BKH",
    "MCY",
    "AMTM",
    "ESAB",
    "MUR",
    "CHE",
    "NJR",
    "NVTS",
    "ACLS",
    "SIGI",
    "IBP",
    "OUT",
    "RUSHB",
    "GNTX",
    "VSEC",
    "PATH",
    "SPHR",
    "PEGA",
    "MTG",
    "SEI",
    "RUSHA",
    "G",
    "UEC",
    "ESNT",
    "ADT",
    "MARA",
    "BC",
    "PRIM",
    "SYNA",
    "NXST",
    "MC",
    "VCTR",
    "BCPC",
    "STEP",
    "SRRK",
    "PECO",
    "SXT",
    "ALK",
    "CVLT",
    "CGON",
    "LPX",
    "GLNG",
    "CRC",
    "RITM",
    "HCC",
    "BOOT",
    "AMRX",
    "FBIN",
    "LAUR",
    "MTRN",
    "LYFT",
    "AX",
    "AIR",
    "LGND",
    "MGY",
    "FLY",
    "SEB",
    "WSC",
    "S",
    "CAI",
    "GHC",
    "OLLI",
    "ALH",
    "ZETA",
    "XENE",
    "NAVN",
    "WTM",
    "IRDM",
    "SON",
    "RLI",
    "DIOD",
    "CHH",
    "EPAM",
    "BIPC",
    "DLB",
    "MTH",
    "REYN",
    "PBF",
    "LBRDK",
    "SAIC",
    "ASB",
    "USAR",
    "LBRDA",
    "HASI",
    "UCTT",
    "OGS",
    "GBTG",
    "IPGP",
    "CSTM",
    "TVTX",
    "FTDR",
    "HRI",
    "FFIN",
    "CRSP",
    "VVV",
    "EBC",
    "REZI",
    "UNF",
    "FCN",
    "UFPI",
    "CUZ",
    "IBOC",
    "MTN",
    "TFSL",
    "TWST",
    "TREX",
    "WHD",
    "VECO",
    "SBRA",
    "SITE",
    "AHR",
    "LBRT",
    "ENVA",
    "CNO",
    "WEX",
    "GTLB",
    "CNX",
    "NNI",
    "SR",
    "RXO",
    "XMTR",
    "INDV",
    "SKT",
    "CNR",
    "HRB",
    "TNL",
    "COCO",
    "SHC",
    "RDN",
    "ACIW",
    "EPR",
    "FELE",
    "TDS",
    "CVCO",
    "FRMI",
    "KBR",
    "AZZ",
    "CBT",
    "SFBS",
    "DNTH",
    "BDC",
    "TNGX",
    "FULT",
    "SEZL",
    "KRC",
    "RDNT",
    "MRX",
    "HLNE",
    "CSW",
    "TCBI",
    "WING",
    "LMND",
    "MDU",
    "EXLS",
    "NWE",
    "FLNC",
    "CVSA",
    "ERAS",
    "POWI",
    "KTB",
    "KNF",
    "PTEN",
    "QS",
    "LIVN",
    "BTDR",
    "SLGN",
    "CELC",
    "SKY",
    "LAZ",
    "GFF",
    "MKTX",
    "OLED",
    "MAT",
    "PFSI",
    "CLSK",
    "POST",
    "SLM",
    "ORKA",
    "LBTYA",
    "BCO",
    "BELFB",
    "LION",
    "LRN",
    "MIR",
    "UCB",
    "COLD",
    "VNT",
    "BFH",
    "MIAX",
    "BLSH",
    "CATY",
    "ALHC",
    "EXTR",
    "ATMU",
    "LBTYK",
    "INSW",
    "THO",
    "PLNT",
    "ANF",
    "HGV",
    "PI",
    "BNL",
    "MWA",
    "PII",
    "INDB",
    "RELY",
    "OPLN",
    "NVST",
    "HHH",
    "STNG",
    "IRT",
    "CRK",
    "MMSI",
    "CNS",
    "RNST",
    "CNK",
    "FBP",
    "ZGN",
    "TPC",
    "LASR",
    "OII",
    "GEF.B",
    "HP",
    "QLYS",
    "CDP",
    "WSFS",
    "BBWI",
    "LOPE",
    "BANF",
    "EE",
    "GPI",
    "ACHR",
    "ARCB",
    "PLUG",
    "BMI",
    "CPRX",
    "FG",
    "APLE",
    "VRNS",
    "TDW",
    "CRGY",
    "DORM",
    "YETI",
    "UWMC",
    "GEO",
    "KFY",
    "VCYT",
    "PVH",
    "OTTR",
    "UUUU",
    "EWTX",
    "CVBF",
    "BETA",
    "CAKE",
    "IRTC",
    "JOE",
    "OSIS",
    "BELFA",
    "ABG",
    "GPGI",
    "CHEF",
    "CALM",
    "SXI",
    "LIF",
    "AAP",
    "DOCS",
    "TXG",
    "DAVE",
    "SKYW",
    "SLG",
    "ELF",
    "CRNX",
    "BHF",
    "MHO",
    "SMR",
    "ACAD",
    "FIBK",
    "CON",
    "WAY",
    "YSS",
    "SMG",
    "SIG",
    "ITRI",
    "BKU",
    "HAE",
    "ICUI",
    "WSBC",
    "NSA",
    "OGN",
    "ADEA",
    "BOX",
    "BATRA",
    "AVA",
    "NHI",
    "FHB",
    "BULL",
    "CBU",
    "MSGE",
    "CECO",
    "FUL",
    "AVNT",
    "FIZZ",
    "ATRO",
    "DNLI",
    "COLM",
    "GNW",
    "BFAM",
    "AEHR",
    "KN",
    "FFBC",
    "AGO",
    "KBH",
    "SHOO",
    "NSIT",
    "VKTX",
    "BTU",
    "KAI",
    "DAN",
    "RHI",
    "VGNT",
    "CC",
    "BILL",
    "HWKN",
    "LFST",
    "INOD",
    "TOWN",
    "ASO",
    "HIW",
    "MMS",
    "CURB",
    "NATL",
    "FOUR",
    "SFNC",
    "NG",
    "PRK",
    "IPAR",
    "OPCH",
    "PENG",
    "BATRK",
    "WRBY",
    "RNG",
    "BHE",
    "BANC",
    "BKD",
    "VAC",
    "LEU",
    "RLAY",
    "BOH",
    "HAYW",
    "HG",
    "GPK",
    "CWK",
    "VC",
    "NIC",
    "GEF",
    "PHIN",
    "AEO",
    "LXP",
    "CALY",
    "SBCF",
    "KALU",
    "GRBK",
    "USLM",
    "TDC",
    "BXMT",
    "UNIT",
    "ITGR",
    "NHC",
    "CVI",
    "ALMS",
    "RUN",
    "PFS",
    "CTRI",
    "TTAM",
    "UNFI",
    "MZTI",
    "CRVL",
    "ARQT",
    "AWR",
    "PLMR",
    "ICHR",
    "UE",
    "PPTA",
    "RDW",
    "DYN",
    "WDFC",
    "CLMT",
    "RCUS",
    "GPOR",
    "BEAM",
    "SOUN",
    "ASH",
    "AMBA",
    "MPT",
    "CPK",
    "NTCT",
    "TENB",
    "PRVA",
    "AKR",
    "CDNL",
    "WOR",
    "NN",
    "MGEE",
    "TR",
    "PK",
    "UPST",
    "APAM",
    "FSLY",
    "DBRG",
    "PENN",
    "DK",
    "COHU",
    "RH",
    "HTFL",
    "OLN",
    "VISN",
    "PATK",
    "VVX",
    "HUBG",
    "FBK",
    "DBD",
    "DHT",
    "FA",
    "MGRC",
    "ADPT",
    "NMIH",
    "ELVN",
    "PARR",
    "AAMI",
    "HLIO",
    "DX",
    "WHR",
    "FCPT",
    "EXPO",
    "SDRL",
    "TRN",
    "HUN",
    "WT",
    "SPNT",
    "QTWO",
    "WK",
    "BKV",
    "WAFD",
    "STNE",
    "GRDN",
    "IVT",
    "CWT",
    "CCC",
    "DFTX",
    "HOG",
    "ROG",
    "NMRK",
    "TRMK",
    "ABM",
    "PDFS",
    "CENT",
    "CXW",
    "ATKR",
    "SAH",
    "NESR",
    "KMT",
    "TARS",
    "FRME",
    "CUBI",
    "KD",
    "WERN",
    "DXPE",
    "OSW",
    "WTTR",
    "TNK",
    "FRSH",
    "IRON",
    "DGII",
    "FRPT",
    "BWIN",
    "UAA",
    "SUPN",
    "GRAL",
    "DNOW",
    "FBNC",
    "AGYS",
    "AMR",
    "IDYA",
    "EEFT",
    "OUST",
    "TMDX",
    "AMBP",
    "KWR",
    "NBTB",
    "PAGS",
    "UA",
    "BCC",
    "NGVT",
    "TALO",
    "CLOV",
    "SHAK",
    "DCO",
    "ALGT",
    "VERA",
    "BLBD",
    "CPRI",
    "CLDX",
    "CARG",
    "CALX",
    "ANDE",
    "CXT",
    "NIQ",
    "BRZE",
    "VOYG",
    "DRH",
    "RUM",
    "BUSE",
    "CTOS",
    "MTX",
    "PTON",
    "RARE",
    "FUN",
    "TBBK",
    "HTO",
    "HNI",
    "TE",
    "CENTA",
    "WU",
    "AMPX",
    "NTB",
    "EFSC",
    "PBI",
    "BKE",
    "MGNI",
    "IMAX",
    "HE",
    "ALRM",
    "AVPT",
    "MBIN",
    "GCMG",
    "MCRI",
    "AXGN",
    "ATEN",
    "BANR",
    "WLY",
    "PBH",
    "ACHC",
    "RAMP",
    "LCII",
    "PAYO",
    "HTH",
    "MH",
    "QUBT",
    "GRC",
    "SYBT",
    "NEXT",
    "DRVN",
    "BCRX",
    "WS",
    "NOG",
    "BRSL",
    "DHC",
    "SHO",
    "TNET",
    "PLUS",
    "NWBI",
    "DJT",
    "UTI",
    "CLBK",
    "CMPR",
    "FLOC",
    "PRDO",
    "IOSP",
    "KOD",
    "PRKS",
    "ARR",
    "LMAT",
    "NWN",
    "BAND",
    "NWL",
    "PGNY",
    "LC",
    "IMNM",
    "GRND",
    "SEM",
    "PEB",
    "NVCR",
    "EOSE",
    "DEI",
    "HCI",
    "WMK",
    "AUPH",
    "TGLS",
    "OFG",
    "LCID",
    "SKWD",
    "SPSC",
    "KSS",
    "INVX",
    "FCF",
    "XRAY",
    "GTY",
    "TRVI",
    "AIN",
    "SGRY",
    "CMRE",
    "GNL",
    "FIGS",
    "MD",
    "HRMY",
    "VERX",
    "STC",
    "NTST",
    "NEOG",
    "STEL",
    "AGM",
    "HMN",
    "NBHC",
    "OCUL",
    "MLYS",
    "LPG",
    "SPB",
    "BBAI",
    "ASTH",
    "SLDE",
    "VCEL",
    "AMSC",
    "ADMA",
    "PUMP",
    "SAM",
    "AIP",
    "CBZ",
    "CTS",
    "SRCE",
    "LTC",
    "AGL",
    "PRLB",
    "PLAB",
    "ALG",
    "TIC",
    "BLX",
    "XPRO",
    "PAX",
    "JBLU",
    "ANIP",
    "STOK",
    "VPG",
    "TILE",
    "CHCO",
    "TH",
    "INTA",
    "GT",
    "CNXN",
    "RAPP",
    "PLPC",
    "GENI",
    "SONO",
    "WD",
    "COTY",
    "IOVA",
    "MBC",
    "UFPT",
    "AMBQ",
    "EPAC",
    "VRDN",
    "LOB",
    "TFIN",
    "SKYT",
    "XHR",
    "FLYW",
    "SMA",
    "WGS",
    "ADNT",
    "CASH",
    "HURN",
    "DCOM",
    "NVRI",
    "APPN",
    "NRIX",
    "AGIO",
    "STRA",
    "SHLS",
    "IMKTA",
    "IE",
    "ECPG",
    "VSTS",
    "ADUS",
    "IIPR",
    "CCS",
    "GABC",
    "STBA",
    "OMCL",
    "RBCAA",
    "EFC",
    "NUVB",
    "ZD",
    "ASAN",
    "KOS",
    "BHVN",
    "NTLA",
    "FLNG",
    "RCAT",
    "MBX",
    "SFL",
    "PLSE",
    "HOPE",
    "BL",
    "TCBK",
    "SOC",
    "INVA",
    "NCNO",
    "RLJ",
    "SILA",
    "ZYME",
    "RXRX",
    "SNDA",
    "SLVM",
    "LILAK",
    "FLO",
    "CNOB",
    "LILA",
    "STGW",
    "TSHA",
    "ANAB",
    "WKC",
    "BFC",
    "FSUN",
    "ALKT",
    "FIVN",
    "MQ",
    "WBTN",
    "AMLX",
    "SION",
    "SEPN",
    "HLIT",
    "HTZ",
    "EVTC",
    "GLOB",
    "SNDX",
    "SRPT",
    "EVCM",
    "BY",
    "PCT",
    "TYRA",
    "TPB",
    "CNXC",
    "RES",
    "QCRH",
    "PGEN",
    "AI",
    "MAN",
    "RYZ",
    "CRI",
    "LZB",
    "AEVA",
    "DV",
    "PVLA",
    "FTRE",
    "ALNT",
    "OBK",
    "ATEX",
    "AVAH",
    "PRG",
    "GLUE",
    "LKFN",
    "SVV",
    "LIND",
    "CBL",
    "HCSG",
    "COUR",
    "KW",
    "PRGO",
    "HLMN",
    "DCH",
    "NBR",
    "DXC",
    "AAT",
    "CAPR",
    "JJSF",
    "EYE",
    "GBX",
    "FOR",
    "GIII",
    "AMRC",
    "PWP",
    "FMC",
    "MRTN",
    "TRS",
    "TNC",
    "WWW",
    "RVLV",
    "KMPR",
    "LINC",
    "PRCT",
    "NVAX",
    "ATRC",
    "SLS",
    "WLDN",
    "ENVX",
    "VIR",
    "NEO",
    "BFLY",
    "URGN",
    "REX",
    "LEG",
    "TRIP",
    "KALV",
    "ULCC",
    "HLX",
    "WINA",
    "ECVT",
    "AMC",
    "BCAX",
    "AVBP",
    "NVGS",
    "CLVT",
    "STAA",
    "BORR",
    "TTI",
    "ARI",
    "OI",
    "ARDX",
    "ARLO",
    "HROW",
    "NSP",
    "ATLC",
    "ENR",
    "FDP",
    "IART",
    "AHCO",
    "DFH",
    "OLPX",
    "IDT",
    "ODC",
    "ACDC",
    "WABC",
    "DOLE",
    "RXT",
    "AOSL",
    "INBX",
    "BHRB",
    "UVV",
    "ALX",
    "ARDT",
    "WLTH",
    "WLFC",
    "AMAL",
    "MAZE",
    "NSSC",
    "AHRT",
    "TDOC",
    "PRGS",
    "TMP",
    "SBH",
    "CMP",
    "HYLN",
    "ICFI",
    "PEBO",
    "PRCH",
    "GSHD",
    "PRSU",
    "ORC",
    "CDRE",
    "VTOL",
    "UMH",
    "TWO",
    "WEN",
    "LADR",
    "CTBI",
    "MRVI",
    "CEVA",
    "BLKB",
    "DSGR",
    "TROX",
    "PAHC",
    "PGY",
    "PRA",
    "BLFS",
    "ATEC",
    "YELP",
    "NPKI",
    "GOLD",
    "MPLT",
    "LGIH",
    "ENOV",
    "GCT",
    "HLF",
    "ZBIO",
    "CXM",
    "HTLD",
    "XPEL",
    "UFCS",
    "FMBH",
    "NWPX",
    "REAL",
    "SCL",
    "INNV",
    "ADTN",
    "INSP",
    "VIA",
    "GIC",
    "KMTS",
    "GHM",
    "NNE",
    "BKSY",
    "PFBC",
    "BV",
    "LNN",
    "PLTK",
    "MCB",
    "HFWA",
    "IRMD",
    "ROCK",
    "ARRY",
    "AMN",
    "XZO",
    "SENEA",
    "CDNA",
    "UVSP",
    "LQDT",
    "ASTE",
    "APPS",
    "NAT",
    "XERS",
    "AKTS",
    "AVNS",
    "OSBC",
    "ASST",
    "CVLG",
    "PNTG",
    "MMI",
    "PDM",
    "TNDM",
    "SMPL",
    "TDAY",
    "SAFE",
    "MNKD",
    "WVE",
    "COLL",
    "CCB",
    "CIM",
    "DEA",
    "THRM",
    "HBT",
    "NBN",
    "MLKN",
    "BJRI",
    "UPBD",
    "PXED",
    "EVLV",
    "EYPT",
    "PLOW",
    "DLX",
    "RHLD",
    "VYX",
    "SDGR",
    "SVRA",
    "SG",
    "ACEL",
    "TK",
    "PZZA",
    "OPK",
    "OCFC",
    "FUBO",
    "ABSI",
    "UVE",
    "NMAX",
    "EPC",
    "SAFT",
    "GPRE",
    "ACVA",
    "UPWK",
    "GNK",
    "SVC",
    "CNMD",
    "CFFN",
    "CBRL",
    "UAMY",
    "AZTA",
    "TRUP",
    "UTZ",
    "BRBR",
    "SBSI",
    "OMDA",
    "MYE",
    "SCSC",
    "ARHS",
    "LZ",
    "SBGI",
    "HBNC",
    "PSNL",
    "CRVS",
    "ABR",
    "DEC",
    "ESQ",
    "EQBK",
    "USPH",
    "ASIC",
    "METC",
    "EEX",
    "NUTX",
    "HPK",
    "SATL",
    "MSEX",
    "MCBS",
    "CSR",
    "DAKT",
    "WSR",
    "AORT",
    "CRAI",
    "CCNE",
    "VRTS",
    "SPRY",
    "ARKO",
    "TRST",
    "QDEL",
    "DFIN",
    "MFA",
    "FSBC",
    "AEBI",
    "APEI",
    "BFST",
    "CPF",
    "SCHL",
    "WYFI",
    "MBWM",
    "GO",
    "HAFC",
    "EVEX",
    "LMB",
    "CRCT",
    "KODK",
    "AMTB",
    "LYTS",
    "PSIX",
    "ESRT",
    "BUR",
    "UTL",
    "NPK",
    "INDI",
    "JBSS",
    "LMRI",
    "NBBK",
    "ABX",
    "BFS",
    "XNCR",
    "AMPL",
    "SHEN",
    "JCAP",
    "RPC",
    "PCRX",
    "GLIBK",
    "KOPN",
    "MEC",
    "RZLV",
    "CRSR",
    "BOW",
    "GLIBA",
    "THFF",
    "KFRC",
    "FTK",
    "CAC",
    "AVR",
    "EVC",
    "WOOF",
    "MGTX",
    "AMPH",
    "PMT",
    "WRLD",
    "LXU",
    "SMP",
    "TALK",
    "EGBN",
    "ROOT",
    "MPB",
    "ETON",
    "OLMA",
    "EFOR",
    "FMNB",
    "MOV",
    "TBPH",
    "JBGS",
    "APOG",
    "ORIC",
    "MTUS",
    "TRNS",
    "EIG",
    "CGEM",
    "ABUS",
    "BBSI",
    "MATW",
    "ADAM",
    "KOP",
    "INR",
    "FCBC",
    "HPP",
    "GTM",
    "PHAT",
    "JANX",
    "WGO",
    "GSBC",
    "ASPI",
    "CWH",
    "PGC",
    "LBRX",
    "SXC",
    "SPFI",
    "ESPR",
    "KRO",
    "CERT",
    "CCBG",
    "HTB",
    "KURA",
    "BIOA",
    "NXDR",
    "SMBC",
    "CCOI",
    "AVO",
    "NB",
    "ORRF",
    "NX",
    "BH",
    "SMBK",
    "RDVT",
    "HNRG",
    "CODI",
    "ANNX",
    "DJCO",
    "REPX",
    "GSM",
    "FWRG",
    "HSTM",
    "SHBI",
    "ALRS",
    "FOXF",
    "JBIO",
    "NAVI",
    "HZO",
    "BZH",
    "ZVRA",
    "FISI",
    "SANA",
    "PKE",
    "DNUT",
    "MITK",
    "GDOT",
    "FEIM",
    "GERN",
    "IVR",
    "CYRX",
    "REPL",
    "SPIR",
    "BRSP",
    "NXRT",
    "BALY",
    "IBCP",
    "IBTA",
    "JBI",
    "NGVC",
    "DSP",
    "HSHP",
    "VTS",
    "EVMN",
    "OPFI",
    "BLMN",
    "VRRM",
    "QNST",
    "ELA",
    "CTO",
    "EVER",
    "HOV",
    "SB",
    "SKYH",
    "SLDB",
    "CBLL",
    "ASC",
    "HELE",
    "PD",
    "MCS",
    "VEL",
    "RMR",
    "CRMD",
    "DSGN",
    "WASH",
    "SIBN",
    "HRTG",
    "RSVR",
    "SABR",
    "INN",
    "HY",
    "TIPT",
    "HIPO",
    "TCBX",
    "TRTX",
    "CARE",
    "AURA",
    "PSTL",
    "DC",
    "AROW",
    "NTGR",
    "SWIM",
    "RWT",
    "SWBI",
    "ALLO",
    "DGICA",
    "TDUP",
    "GRNT",
    "BBNX",
    "HIFS",
    "GRPN",
    "GOOD",
    "FBRT",
    "CCSI",
    "CSV",
    "CASS",
    "PFIS",
    "BCAL",
    "CNNE",
    "OMER",
    "NPB",
    "SLDP",
    "RGR",
    "CSTL",
    "EVGO",
    "CADL",
    "MSBI",
    "PACK",
    "KE",
    "BHB",
    "NFBK",
    "VTEX",
    "TRAX",
    "ASIX",
    "OPTU",
    "PAR",
    "VLGEA",
    "RRBI",
    "SMC",
    "RIGL",
    "BTBT",
    "MAMA",
    "CLB",
    "NABL",
    "WTI",
    "ACRS",
    "IHRT",
    "IRWD",
    "CLDT",
    "ILPT",
    "KRT",
    "FET",
    "PRAA",
    "DRUG",
    "KRUS",
    "LEGH",
    "TCMD",
    "MG",
    "AMSF",
    "MAX",
    "ORN",
    "ACNB",
    "MLAB",
    "RYAM",
    "BVS",
    "IIIV",
    "IDR",
    "SFST",
    "NRIM",
    "TECX",
    "FIP",
    "EGY",
    "KRNY",
    "UNTY",
    "AIOT",
    "NVEC",
    "CIVB",
    "BDN",
    "MCFT",
    "BBCP",
    "IIIN",
    "PHR",
    "NRDS",
    "UHT",
    "BWB",
    "SD",
    "CBNK",
    "OXM",
    "MLR",
    "ETD",
    "MBUU",
    "BWMN",
    "CRD.A",
    "GYRE",
    "EVH",
    "SERV",
    "OLP",
    "MDXG",
    "CLFD",
    "GLRE",
    "NGS",
    "HBCP",
    "NPCE",
    "CTGO",
    "OSPN",
    "TOI",
    "FLGT",
    "CARS",
    "GDYN",
    "PUBM",
    "CTEV",
    "BSRR",
    "SSTK",
    "SFIX",
    "EBF",
    "XOMA",
    "CPS",
    "AQST",
    "ADV",
    "TRC",
    "GCBC",
    "CERS",
    "CHCT",
    "OIS",
    "CTKB",
    "TREE",
    "ALT",
    "FBIZ",
    "PRTH",
    "ACIC",
    "PANL",
    "PRME",
    "BETR",
    "PKOH",
    "ANGO",
    "TWI",
    "GOGO",
    "CAL",
    "OBT",
    "DNA",
    "ASPN",
    "XRN",
    "JOUT",
    "KLC",
    "ARVN",
    "LXFR",
    "COFS",
    "YORW",
    "IPI",
    "OOMA",
    "CWCO",
    "CRNC",
    "ITIC",
    "MNRO",
    "SCVL",
    "RPD",
    "LOCO",
    "RR",
    "BLZE",
    "RBBN",
    "TITN",
    "INV",
    "SRTA",
    "PDLB",
    "GBFH",
    "ACTG",
    "OEC",
    "KREF",
    "VREX",
    "ALTI",
    "FDMT",
    "GCO",
    "ALMU",
    "ABAT",
    "NGNE",
    "KIDS",
    "FRPH",
    "VITL",
    "XRX",
    "MAGN",
    "ULH",
    "IMXI",
    "FVR",
    "PLAY",
    "MATV",
    "MTW",
    "CBAN",
    "BWFG",
    "FSTR",
    "EOLS",
    "AMCX",
    "BSVN",
    "DDD",
    "CYH",
    "WEAV",
    "SPT",
    "ATNI",
    "FPI",
    "BBBY",
    "CMDB",
    "DIN",
    "PRTA",
    "RLGT",
    "WTBA",
    "ERII",
    "EBS",
    "BXC",
    "MPTI",
    "MEI",
    "BMRC",
    "NRC",
    "CTRN",
    "PBFS",
    "CBK",
    "FWRD",
    "CLMB",
    "CLNE",
    "EDIT",
    "RBB",
    "VHI",
    "KELYA",
    "NATH",
    "ISTR",
    "IBEX",
    "FRBA",
    "BOC",
    "BMBL",
    "ALIT",
    "BLND",
    "MYGN",
    "CCRN",
    "PACB",
    "YEXT",
    "NEWT",
    "DCTH",
    "BBW",
    "CLPT",
    "GTN",
    "NC",
    "VMD",
    "MNPR",
    "HNST",
    "SVCO",
    "CMCO",
    "FMAO",
    "CZNC",
    "WNC",
    "PLBC",
    "TBRG",
    "QUAD",
    "PAYS",
    "CMCL",
    "FRST",
    "SI",
    "LAND",
    "MTRX",
    "RZLT",
    "RMNI",
    "BNTC",
    "LWAY",
    "LE",
    "NPWR",
    "HVT",
    "LDI",
    "BNED",
    "PCB",
    "AIRS",
    "PKBK",
    "RNGR",
    "MVST",
    "OFIX",
    "BKKT",
    "PBYI",
    "ACCO",
    "XPER",
    "GNE",
    "USNA",
    "CMPX",
    "MVBF",
    "PSFE",
    "MLP",
    "NATR",
    "LRMR",
    "VSTM",
    "AVIR",
    "CV",
    "NECB",
    "TSSI",
    "TCI",
    "USCB",
    "VOXR",
    "CMTG",
    "WSBF",
    "VNDA",
    "WEYS",
    "MGPI",
    "BCML",
    "BYND",
    "NWFL",
    "CHMG",
    "DBI",
    "ATOM",
    "REAX",
    "FNLC",
    "LAB",
    "ENTA",
    "RGNX",
    "LXEO",
    "RM",
    "TLS",
    "GEVO",
    "NCMI",
    "BRCC",
    "OPAL",
    "PTLO",
    "CATX",
    "CDZI",
    "CZFS",
    "TSBK",
    "GLSI",
    "AII",
    "PINE",
    "PAMT",
    "UPB",
    "LTBR",
    "SLP",
    "OABI",
    "BGS",
    "COSO",
    "STRT",
    "VALU",
    "NODK",
    "XPOF",
    "CIX",
    "ZUMZ",
    "FSBW",
    "SEG",
    "ABEO",
    "MBI",
    "MASS",
    "FENC",
    "BKTI",
    "ESOA",
    "OFLX",
    "CARL",
    "GETY",
    "SIGA",
    "HLLY",
    "PNRG",
    "ONIT",
    "PPHC",
    "ELMD",
    "JMSB",
    "DMAC",
    "ALCO",
    "FCCO",
    "PDYN",
    "RCKY",
    "FVCB",
    "ORGO",
    "FNKO",
    "RCKT",
    "NREF",
    "MYFW",
    "RPAY",
    "BRBS",
    "ASLE",
    "NL",
    "SBC",
    "ZIP",
    "OVLY",
    "FDBC",
    "MPAA",
    "OSUR",
    "AIRJ",
    "TG",
    "CLW",
    "BRT",
    "NVCT",
    "CIA",
    "UIS",
    "RNAC",
    "RC",
    "SGHT",
    "HCKT",
    "FLWS",
    "ELDN",
    "WNEB",
    "HBB",
    "NAGE",
    "FC",
    "SSP",
    "ACRE",
    "FRAF",
    "FXNC",
    "FUNC",
    "AFRI",
    "ATLO",
    "CABO",
    "NUS",
    "MKTW",
    "EU",
    "TBCH",
    "TMCI",
    "TTGT",
    "HWBK",
    "VUZI",
    "SITC",
    "PCYO",
    "LPRO",
    "JAKK",
    "FLXS",
    "ESCA",
    "RELL",
    "BPRN",
    "ACH",
    "NXDT",
    "JACK",
    "USAU",
    "AIRO",
    "ASUR",
    "DMRC",
    "EGHT",
    "CFFI",
    "TRDA",
    "AVNW",
    "SNFCA",
    "RGCO",
    "LCNB",
    "MITT",
    "AKBA",
    "FRD",
    "FHTX",
    "CBNA",
    "VABK",
    "LVWR",
    "HDSN",
    "PEBK",
    "LOVE",
    "REFI",
    "ARL",
    "OPRT",
    "FATE",
    "WALD",
    "POWW",
    "MRBK",
    "MNTK",
    "OVBC",
    "BRCB",
    "KINS",
    "CXDO",
    "LMNR",
    "HUMA",
    "MFIN",
    "PESI",
    "FBLA",
    "PAL",
    "AVXL",
    "TLSI",
    "NKSH",
    "FULC",
    "LAW",
    "ALTG",
    "STRS",
    "INBK",
    "SPOK",
    "LFMD",
    "ANGI",
    "TKNO",
    "CMRC",
    "INSE",
    "JILL",
    "IKT",
    "TARA",
    "GENC",
    "PMTS",
    "CDXS",
    "EVI",
    "CNDT",
    "SGC",
    "IMMR",
    "CHRS",
    "UTMD",
    "FCAP",
    "LENZ",
    "TBI",
    "OPBK",
    "RNA",
    "LFCR",
    "VYGR",
    "CMT",
    "KLTR",
    "AOMR",
    "BZAI",
    "RICK",
    "CZWI",
    "CPSS",
    "QSI",
    "NKTX",
    "EGAN",
    "CFBK",
    "GWRS",
    "FINW",
    "FF",
    "III",
    "KROS",
    "SMHI",
    "PDEX",
    "ARCT",
    "CURV",
    "ANIK",
    "RMAX",
    "RXST",
    "COOK",
    "BCBP",
    "HQI",
    "JRVR",
    "FLYX",
    "SMTI",
    "KGEI",
    "CBFV",
    "SEVN",
    "NRDY",
    "MDV",
    "EBMT",
    "RBKB",
    "ONEW",
    "EMBC",
    "KRMD",
    "LUCD",
    "LARK",
    "MDWD",
    "RCMT",
    "MRDN",
    "TNXP",
    "INSG",
    "FOA",
    "STXS",
    "STRW",
    "MNSB",
    "KULR",
    "NLOP",
    "ACU",
    "INGN",
    "HNVR",
    "THRY",
    "TRAK",
    "EPSN",
    "ALEC",
    "ECBK",
    "PLX",
    "KRRO",
    "SMID",
    "WHG",
    "RGP",
    "TUSK",
    "RMBI",
    "DOUG",
    "SLQT",
    "SRBK",
    "JELD",
    "EFSI",
    "CURI",
    "EPM",
    "BHR",
    "TCX",
    "HURA",
    "FNWD",
    "SBFG",
    "QTRX",
    "NFE",
    "BOOM",
    "BYRN",
    "SKYX",
    "HCAT",
    "JYNT",
    "DERM",
    "DOMO",
    "BSET",
    "FORR",
    "ADCT",
    "CVRX",
    "MED",
    "EML",
    "AOUT",
    "SAMG",
    "ACR",
    "SNWV",
    "ACNT",
    "RVSB",
    "NNOX",
    "EXFY",
    "DH",
    "RCEL",
    "MVIS",
    "MXCT",
    "CLAR",
    "EP",
    "SUNS",
    "ARQ",
    "TTEC",
    "LFVN",
    "PNBK",
    "ZVIA",
    "SAFX",
    "SFBC",
    "TZOO",
    "UNB",
    "LAKE",
    "USGO",
    "ALDX",
    "CRDF",
    "SSTI",
    "FTLF",
    "VIRC",
    "HFFG",
    "OPRX",
    "LPA",
    "SLSN",
    "CSPI",
    "STIM",
    "BTMD",
    "ISPR",
    "KG",
    "FFAI",
    "GAMB",
    "SEAT",
    "AARD",
    "SKIN",
    "BARK",
    "AVD",
    "AEYE",
    "OM",
    "PROP",
    "MYPS",
    "HRTX",
    "SIEB",
    "NXXT",
    "FSP",
    "LNSR",
    "CD",
    "GAIA",
    "VGAS",
    "AREN",
    "LUNG",
    "EHTH",
    "DCGO",
    "HAIN",
    "LFT",
    "SLND",
    "SKIL",
    "CLPR",
    "ACTU",
    "ATLN",
    "MYO",
    "ATYR",
    "ARAY",
    "GOSS",
    "INMB",
    "FLD",
    "ARAI",
    "TVRD",
    "NEON",
    "CRMT",
    "PMI",
    "SNBR",
    "GOCO",
    "MCHB",
    "CWBC",
    "RPT",
    "BGC",
    "WEST",
    "OSG",
    "SPWR",
    "VRM",
    "AESI",
    "LZM",
    "BVFL",
    "BEEP",
    "FBYD",
    "AISP",
    "NEXN",
    "TVGN",
    "CRML",
    "MRP",
    "STRZ",
    "AVBH"
  ],
  "processed_symbols": [
    "NVDA",
    "GOOGL",
    "GOOG",
    "AAPL",
    "MSFT",
    "AMZN",
    "AVGO",
    "TSLA",
    "META",
    "MU",
    "LLY",
    "BRK.B",
    "WMT",
    "JPM",
    "AMD",
    "INTC",
    "XOM",
    "V",
    "JNJ",
    "ORCL",
    "CSCO",
    "LRCX",
    "AMAT",
    "COST",
    "MA",
    "CAT",
    "ABBV",
    "BAC",
    "CVX",
    "UNH",
    "KO",
    "GE",
    "PG",
    "NFLX",
    "MS",
    "HD",
    "GS",
    "PLTR",
    "MRK",
    "SNDK",
    "PM",
    "TXN",
    "DELL",
    "WFC",
    "IBM",
    "GEV",
    "RTX",
    "MRVL",
    "LIN",
    "C",
    "PANW",
    "QCOM",
    "AXP",
    "ANET",
    "TMUS",
    "ADI",
    "MCD",
    "VZ",
    "PEP",
    "WDC",
    "AMGN",
    "APH",
    "TJX",
    "NEE",
    "TMO",
    "CRWD",
    "DIS",
    "BA",
    "BLK",
    "APP",
    "T",
    "UNP",
    "SCHW",
    "SCCO",
    "DE",
    "GILD",
    "GLW",
    "IBKR",
    "ABT",
    "ETN",
    "WELL",
    "PFE",
    "BX",
    "ISRG",
    "COP",
    "UBER",
    "HON",
    "PLD",
    "CRM",
    "CVS",
    "BKNG",
    "DHR",
    "CB",
    "LMT",
    "SPGI",
    "LOW",
    "MO",
    "SYK",
    "PGR",
    "SBUX",
    "BMY",
    "VRT",
    "COF",
    "PH",
    "VRTX",
    "FTNT",
    "NEM",
    "PWR",
    "CDNS",
    "MAR",
    "SO",
    "HWM",
    "NOW",
    "ACN",
    "EQIX",
    "MDT",
    "TT",
    "SPOT",
    "FCX",
    "CME",
    "DUK",
    "GD",
    "PNC",
    "MCK",
    "UPS",
    "CEG",
    "USB",
    "CMI",
    "MNST",
    "ADP",
    "JCI",
    "CSX",
    "WMB",
    "WM",
    "ELV",
    "CMCSA",
    "AMT",
    "SNPS",
    "KKR",
    "HCA",
    "SLB",
    "HOOD",
    "MMM",
    "ADBE",
    "DDOG",
    "MRSH",
    "MDLZ",
    "NET",
    "FDX",
    "SNOW",
    "EMR",
    "ICE",
    "RCL",
    "CI",
    "HLT",
    "ABNB",
    "SHW",
    "MCO",
    "NOC",
    "MPWR",
    "ROST",
    "BAM",
    "APO",
    "MPC",
    "VLO",
    "CRH",
    "INTU",
    "ORLY",
    "COHR",
    "ECL",
    "ITW",
    "BE",
    "GM",
    "AEP",
    "EOG",
    "PSX",
    "LITE",
    "AON",
    "CL",
    "KMI",
    "SPG",
    "CTAS",
    "NSC",
    "CVNA",
    "TDG",
    "BSX",
    "MSI",
    "WBD",
    "URI",
    "NKE",
    "FIX",
    "DASH",
    "TRV",
    "DLR",
    "RSG",
    "TFC",
    "REGN",
    "HPE",
    "TER",
    "CIEN",
    "ALAB",
    "APD",
    "BKR",
    "PCAR",
    "GWW",
    "TGT",
    "NUE",
    "SRE",
    "KEYS",
    "AFL",
    "D",
    "RKLB",
    "NU",
    "F",
    "TRGP",
    "O",
    "CARR",
    "LHX",
    "PSA",
    "MET",
    "OKE",
    "ALL",
    "AJG",
    "OXY",
    "FLEX",
    "COR",
    "DAL",
    "FANG",
    "FAST",
    "CAH",
    "DVN",
    "AZO",
    "AME",
    "MCHP",
    "ROK",
    "ODFL",
    "EA",
    "CTVA",
    "ETR",
    "LNG",
    "NDAQ",
    "VST",
    "FITB",
    "XEL",
    "EW",
    "EBAY",
    "MDLN",
    "EXC",
    "STT",
    "HEI",
    "CRDO",
    "GRMN",
    "ON",
    "HUM",
    "WAB",
    "GFS",
    "FERG",
    "ARES",
    "MSTR",
    "IDXX",
    "DHI",
    "AU",
    "MSCI",
    "KDP",
    "YUM",
    "COIN",
    "ADSK",
    "XYZ",
    "CMG",
    "AMP",
    "VIK",
    "VTR",
    "STLD",
    "JBL",
    "BDX",
    "CCI",
    "AIG",
    "LYV",
    "KR",
    "PEG",
    "ED",
    "TTWO",
    "CBRE",
    "TKO",
    "ADM",
    "BBT",
    "SYY",
    "IRM",
    "ALNY",
    "PRU",
    "UAL",
    "PCG",
    "VMC",
    "RKT",
    "WEC",
    "HSY",
    "A",
    "PYPL",
    "EME",
    "CCL",
    "PAYX",
    "UI",
    "AXON",
    "HIG",
    "HBAN",
    "WAT",
    "KVUE",
    "MLM",
    "HEI.A",
    "MTB",
    "KMB",
    "ROP",
    "LVS",
    "ZTS",
    "KLAC",
    "CASY",
    "HAL",
    "SATS",
    "RVMD",
    "WDAY",
    "EQT",
    "EL",
    "NTRS",
    "CNC",
    "ACGL",
    "ASTS",
    "NTAP",
    "EXR",
    "RPRX",
    "Q",
    "RDDT",
    "VICI",
    "RBLX",
    "TWLO",
    "CBOE",
    "DTE",
    "NTRA",
    "IQV",
    "CPNG",
    "AEE",
    "RJF",
    "TPR",
    "GEHC",
    "BIIB",
    "DOV",
    "DXCM",
    "TDY",
    "MTSI",
    "IR",
    "KHC",
    "FSLR",
    "MTZ",
    "FISV",
    "CFG",
    "CPRT",
    "ATO",
    "RMD",
    "FTI",
    "EIX",
    "CNP",
    "CW",
    "CRS",
    "FOXA",
    "ZM",
    "MDB",
    "FICO",
    "JBHT",
    "FE",
    "OTIS",
    "ATI",
    "EXPE",
    "PPL",
    "NVT",
    "XPO",
    "PPG",
    "AVB",
    "NRG",
    "STRL",
    "WSM",
    "XYL",
    "CINF",
    "TPL",
    "VEEV",
    "QSR",
    "ES",
    "STZ",
    "VRSN",
    "WRB",
    "DG",
    "LLYVK",
    "EQR",
    "HUBB",
    "RF",
    "FTAI",
    "WTW",
    "FOX",
    "CTSH",
    "SYF",
    "BG",
    "AWK",
    "KEY",
    "RL",
    "FCNCA",
    "DOW",
    "ILMN",
    "LLYVA",
    "DRI",
    "VRSK",
    "MKSI",
    "P",
    "PFG",
    "LPLA",
    "TROW",
    "PHM",
    "CPAY",
    "WST",
    "UTHR",
    "CHD",
    "MKL",
    "HPQ",
    "WWD",
    "ENTG",
    "MTD",
    "CHRW",
    "CMS",
    "ROL",
    "SW",
    "NI",
    "SNX",
    "DGX",
    "TEAM",
    "FFIV",
    "FWONK",
    "L",
    "LEN",
    "LUV",
    "AFRM",
    "DLTR",
    "FN",
    "OMC",
    "LH",
    "LEN.B",
    "EXPD",
    "SBAC",
    "INCY",
    "ROIV",
    "IONQ",
    "TW",
    "RIVN",
    "BURL",
    "SOFI",
    "EXE",
    "ROKU",
    "INSM",
    "RS",
    "ZS",
    "LYB",
    "AS",
    "USFD",
    "FWONA",
    "AMKR",
    "VLTO",
    "ULTA",
    "PKG",
    "BRO",
    "FIS",
    "STE",
    "TSN",
    "OKTA",
    "TTMI",
    "ALB",
    "SNA",
    "RBA",
    "IFF",
    "MRNA",
    "LSCC",
    "DD",
    "DKS",
    "IOT",
    "EFX",
    "AKAM",
    "CRCL",
    "EVRG",
    "SITM",
    "FLUT",
    "VTRS",
    "IP",
    "RBC",
    "SN",
    "LNT",
    "H",
    "AMCR",
    "GPN",
    "GIS",
    "APG",
    "FTV",
    "SMCI",
    "NXT",
    "ESS",
    "EWBC",
    "AA",
    "CHTR",
    "WY",
    "LII",
    "DOCN",
    "CDE",
    "BWXT",
    "INVH",
    "RGLD",
    "KIM",
    "GH",
    "NVR",
    "ZBH",
    "WPC",
    "HST",
    "ITT",
    "WCC",
    "CDW",
    "CF",
    "BR",
    "BEN",
    "BBY",
    "TPG",
    "CG",
    "TSCO",
    "TLN",
    "PFGC",
    "PR",
    "SSNC",
    "IEX",
    "MAA",
    "OVV",
    "TXT",
    "NLY",
    "ONTO",
    "NBIX",
    "NDSN",
    "NWS",
    "VNOM",
    "RMBS",
    "DECK",
    "TIGO",
    "LAMR",
    "SUI",
    "SMTC",
    "WSO",
    "GNRC",
    "LDOS",
    "BWA",
    "MLI",
    "CLH",
    "SGI",
    "BALL",
    "OWL",
    "THC",
    "J",
    "IESC",
    "MAS",
    "UNM",
    "EVR",
    "REG",
    "GEN",
    "PNFP",
    "DTM",
    "MOD",
    "JAZZ",
    "APTV",
    "TOST",
    "DKNG",
    "GPC",
    "ARMK",
    "DOC",
    "LECO",
    "RRX",
    "DY",
    "NWSA",
    "RBRK",
    "JLL",
    "CSL",
    "VICR",
    "RGA",
    "TOL",
    "LULU",
    "SANM",
    "RPM",
    "SOLV",
    "OHI",
    "HRL",
    "ALLY",
    "AAOI",
    "AEIS",
    "GLPI",
    "EG",
    "CSGP",
    "DVA",
    "EXEL",
    "MEDP",
    "NTNX",
    "KNX",
    "COO",
    "SOLS",
    "VIAV",
    "MKC",
    "CNH",
    "PTC",
    "AXSM",
    "CRBG",
    "APA",
    "BBIO",
    "SWK",
    "GL",
    "DRS",
    "AIZ",
    "WULF",
    "FNF",
    "SAIA",
    "ONON",
    "DINO",
    "RNR",
    "IVZ",
    "UDR",
    "TRU",
    "JEF",
    "TYL",
    "ELS",
    "BF.A",
    "PNW",
    "PEN",
    "MGM",
    "ALGN",
    "MOG.A",
    "COKE",
    "SJM",
    "EQH",
    "BF.B",
    "GGG",
    "BTSG",
    "UHAL",
    "CNA",
    "APLD",
    "AVY",
    "IONS",
    "ELAN",
    "QXO",
    "AUR",
    "DT",
    "AMH",
    "WBS",
    "LFUS",
    "FHN",
    "CR",
    "PNR",
    "PAG",
    "U",
    "NYT",
    "HAS",
    "AGNC",
    "AIT",
    "TRMB",
    "HII",
    "CLX",
    "BJ",
    "ARW",
    "CPT",
    "BLD",
    "SPXC",
    "ALLE",
    "BROS",
    "MUSA",
    "CACI",
    "WLK",
    "PINS",
    "SF",
    "AFG",
    "WYNN",
    "SWKS",
    "WTS",
    "RVTY",
    "HUT",
    "PL",
    "MDGL",
    "CCK",
    "EGP",
    "TXRH",
    "FIVE",
    "GMED",
    "ZBRA",
    "SMMT",
    "FRT",
    "FORM",
    "R",
    "KTOS",
    "BMRN",
    "AR",
    "BAX",
    "DPZ",
    "SEIC",
    "WTFC",
    "POWL",
    "ESI",
    "WTRG",
    "VMI",
    "SCI",
    "CAVA",
    "CGNX",
    "BXP",
    "SFD",
    "ARWR",
    "AES",
    "GSAT",
    "MOH",
    "AAON",
    "BPOP",
    "GWRE",
    "JHX",
    "PODD",
    "SNEX",
    "WMS",
    "AM",
    "UMBF",
    "HL",
    "MP",
    "W",
    "LINE",
    "GDDY",
    "EHC",
    "RIOT",
    "CIFR",
    "DCI",
    "OKLO",
    "BRX",
    "FLS",
    "IT",
    "AAL",
    "GTLS",
    "ZION",
    "OGE",
    "FCFS",
    "OC",
    "GME",
    "NUVL",
    "ALSN",
    "ONB",
    "CART",
    "SSB",
    "HUBS",
    "VSAT",
    "DDS",
    "TKR",
    "HLI",
    "CYTK",
    "CUBE",
    "MASI",
    "CNM",
    "RYAN",
    "ORI",
    "ALGM",
    "KRYS",
    "AMG",
    "BSY",
    "CFR",
    "LGN",
    "BAH",
    "ARE",
    "SIRI",
    "MSGS",
    "HSIC",
    "WAL",
    "JKHY",
    "ADC",
    "RRC",
    "COLB",
    "TTD",
    "DAR",
    "CRL",
    "AYI",
    "ACM",
    "JOBY",
    "BIRK",
    "AGX",
    "SARO",
    "VIRT",
    "NCLH",
    "CORT",
    "UHS",
    "NNN",
    "TTC",
    "PRI",
    "FDS",
    "CORZ",
    "PRMB",
    "DOCU",
    "LUMN",
    "ENSG",
    "CTRE",
    "QRVO",
    "QBTS",
    "AVAV",
    "CMC",
    "EMN",
    "TEM",
    "OSCR",
    "ORA",
    "FRHC",
    "MANH",
    "TECH",
    "FR",
    "OSK",
    "BLDR",
    "CRUS",
    "VOYA",
    "SAIL",
    "XP",
    "BRKR",
    "HALO",
    "ENS",
    "BOKF",
    "AGCO",
    "AOS",
    "MTCH",
    "CBSH",
    "ESE",
    "SFM",
    "VLY",
    "VSH",
    "ZWS",
    "JHG",
    "SSD",
    "IDA",
    "REXR",
    "CHWY",
    "PLXS",
    "GAP",
    "CLF",
    "RHP",
    "KNTK",
    "CWEN",
    "KEX",
    "NEU",
    "BIO",
    "QGEN",
    "LTH",
    "ACI",
    "CHRD",
    "LSTR",
    "ECG",
    "NOV",
    "TGTX",
    "JXN",
    "MXL",
    "ATR",
    "UGI",
    "NE",
    "AXS",
    "SM",
    "CELH",
    "GKOS",
    "IBRX",
    "PRAX",
    "AVT",
    "STAG",
    "RAL",
    "TAP",
    "HQY",
    "ALKS",
    "TTEK",
    "ZG",
    "NFG",
    "HXL",
    "RGEN",
    "IDCC",
    "ST",
    "PB",
    "Z",
    "WFRD",
    "TEX",
    "KMX",
    "LEA",
    "CWAN",
    "SLAB",
    "MRCY",
    "MAC",
    "MOS",
    "VNO",
    "ENPH",
    "KNSL",
    "HR",
    "MIDD",
    "PPC",
    "TRNO",
    "LAD",
    "LNC",
    "POOL",
    "KYMR",
    "FLR",
    "AXTA",
    "NPO",
    "PTGX",
    "SYRE",
    "RGTI",
    "KGS",
    "MYRG",
    "THG",
    "VFC",
    "CBC",
    "IMVT",
    "GTES",
    "INGM",
    "RSI",
    "PCVX",
    "SGHC",
    "EAT",
    "LNTH",
    "CPB",
    "RIG",
    "SNDR",
    "TMHC",
    "YOU",
    "MTDR",
    "FAF",
    "M",
    "EPRT",
    "LKQ",
    "MORN",
    "EXP",
    "APGE",
    "FSS",
    "BEPC",
    "BBUC",
    "FNB",
    "CAR",
    "ETSY",
    "RYN",
    "URBN",
    "RRR",
    "AWI",
    "CAG",
    "MHK",
    "OMF",
    "JBTM",
    "MSM",
    "BYD",
    "GBCI",
    "ACMR",
    "SWX",
    "ROAD",
    "COMP",
    "AROC",
    "AVTR",
    "AN",
    "INGR",
    "PCOR",
    "LOAR",
    "ACA",
    "KRMN",
    "LQDA",
    "ESTC",
    "TXNM",
    "STWD",
    "UBSI",
    "GTX",
    "FIGR",
    "PAYC",
    "LW",
    "PTCT",
    "VAL",
    "FLG",
    "HIMS",
    "GATX",
    "CROX",
    "MSA",
    "GVA",
    "MATX",
    "DBX",
    "PJT",
    "DOX",
    "PSN",
    "CHDN",
    "MIRM",
    "RYTM",
    "CENX",
    "CZR",
    "ABCB",
    "WH",
    "KRG",
    "ACT",
    "KLIC",
    "HWC",
    "POR",
    "CE",
    "PCTY",
    "PRM",
    "LUNR",
    "TFX",
    "AUB",
    "FND",
    "GOLF",
    "PACS",
    "VSNT",
    "CACC",
    "GXO",
    "NOVT",
    "DUOL",
    "APPF",
    "OZK",
    "HOMB",
    "CWST",
    "COGT",
    "SSRM",
    "PSMT",
    "PIPR",
    "BKH",
    "MCY",
    "AMTM",
    "ESAB",
    "MUR",
    "CHE",
    "NJR",
    "NVTS",
    "ACLS",
    "SIGI",
    "IBP",
    "OUT",
    "RUSHB",
    "GNTX",
    "VSEC",
    "PATH",
    "SPHR",
    "PEGA",
    "MTG",
    "SEI",
    "RUSHA",
    "G",
    "UEC",
    "ESNT",
    "ADT",
    "MARA",
    "BC",
    "PRIM",
    "SYNA",
    "NXST",
    "MC",
    "VCTR",
    "BCPC",
    "STEP",
    "SRRK",
    "PECO",
    "SXT",
    "ALK",
    "CVLT",
    "CGON",
    "LPX",
    "GLNG",
    "CRC",
    "RITM",
    "HCC",
    "BOOT",
    "AMRX",
    "FBIN",
    "LAUR",
    "MTRN",
    "LYFT",
    "AX",
    "AIR",
    "LGND",
    "MGY",
    "FLY",
    "SEB",
    "WSC",
    "S",
    "CAI",
    "GHC",
    "OLLI",
    "ALH",
    "ZETA",
    "XENE",
    "NAVN",
    "WTM",
    "IRDM",
    "SON",
    "RLI",
    "DIOD",
    "CHH",
    "EPAM",
    "BIPC",
    "DLB",
    "MTH",
    "REYN",
    "PBF",
    "LBRDK",
    "SAIC",
    "ASB",
    "USAR",
    "LBRDA",
    "HASI",
    "UCTT",
    "OGS",
    "GBTG",
    "IPGP",
    "CSTM",
    "TVTX",
    "FTDR",
    "HRI",
    "FFIN",
    "CRSP",
    "VVV",
    "EBC",
    "REZI",
    "UNF",
    "FCN",
    "UFPI",
    "CUZ",
    "IBOC",
    "MTN",
    "TFSL",
    "TWST",
    "TREX",
    "WHD",
    "VECO",
    "SBRA",
    "SITE",
    "AHR",
    "LBRT",
    "ENVA",
    "CNO",
    "WEX",
    "GTLB",
    "CNX",
    "NNI",
    "SR",
    "RXO",
    "XMTR",
    "INDV",
    "SKT",
    "CNR",
    "HRB",
    "TNL",
    "COCO",
    "SHC",
    "RDN",
    "ACIW",
    "EPR",
    "FELE",
    "TDS",
    "CVCO",
    "FRMI",
    "KBR",
    "AZZ",
    "CBT",
    "SFBS",
    "DNTH",
    "BDC",
    "TNGX",
    "FULT",
    "SEZL",
    "KRC",
    "RDNT",
    "MRX",
    "HLNE",
    "CSW",
    "TCBI",
    "WING",
    "LMND",
    "MDU",
    "EXLS",
    "NWE",
    "FLNC",
    "CVSA",
    "ERAS",
    "POWI",
    "KTB",
    "KNF",
    "PTEN",
    "QS",
    "LIVN",
    "BTDR",
    "SLGN",
    "CELC",
    "SKY",
    "LAZ",
    "GFF",
    "MKTX",
    "OLED",
    "MAT",
    "PFSI",
    "CLSK",
    "POST",
    "SLM",
    "ORKA",
    "LBTYA",
    "BCO",
    "BELFB",
    "LION",
    "LRN",
    "MIR",
    "UCB",
    "COLD",
    "VNT",
    "BFH",
    "MIAX",
    "BLSH",
    "CATY",
    "ALHC",
    "EXTR",
    "ATMU",
    "LBTYK",
    "INSW",
    "THO",
    "PLNT",
    "ANF",
    "HGV",
    "PI",
    "BNL",
    "MWA",
    "PII",
    "INDB",
    "RELY",
    "OPLN",
    "NVST",
    "HHH",
    "STNG",
    "IRT",
    "CRK",
    "MMSI",
    "CNS",
    "RNST",
    "CNK",
    "FBP",
    "ZGN",
    "TPC",
    "LASR",
    "OII",
    "GEF.B",
    "HP",
    "QLYS",
    "CDP",
    "WSFS",
    "BBWI",
    "LOPE",
    "BANF",
    "EE",
    "GPI",
    "ACHR",
    "ARCB",
    "PLUG",
    "BMI",
    "CPRX",
    "FG",
    "APLE",
    "VRNS",
    "TDW",
    "CRGY",
    "DORM",
    "YETI",
    "UWMC",
    "GEO",
    "KFY",
    "VCYT",
    "PVH",
    "OTTR",
    "UUUU",
    "EWTX",
    "CVBF",
    "BETA",
    "CAKE",
    "IRTC",
    "JOE",
    "OSIS",
    "BELFA",
    "ABG",
    "GPGI",
    "CHEF",
    "CALM",
    "SXI",
    "LIF",
    "AAP",
    "DOCS",
    "TXG",
    "DAVE",
    "SKYW",
    "SLG",
    "ELF",
    "CRNX",
    "BHF",
    "MHO",
    "SMR",
    "ACAD",
    "FIBK",
    "CON",
    "WAY",
    "YSS",
    "SMG",
    "SIG",
    "ITRI",
    "BKU",
    "HAE",
    "ICUI",
    "WSBC",
    "NSA",
    "OGN",
    "ADEA",
    "BOX",
    "BATRA",
    "AVA",
    "NHI",
    "FHB",
    "BULL",
    "CBU",
    "MSGE",
    "CECO",
    "FUL",
    "AVNT",
    "FIZZ",
    "ATRO",
    "DNLI",
    "COLM",
    "GNW",
    "BFAM",
    "AEHR",
    "KN",
    "FFBC",
    "AGO",
    "KBH",
    "SHOO",
    "NSIT",
    "VKTX",
    "BTU",
    "KAI",
    "DAN",
    "RHI",
    "VGNT",
    "CC",
    "BILL",
    "HWKN",
    "LFST",
    "INOD",
    "TOWN",
    "ASO",
    "HIW",
    "MMS",
    "CURB",
    "NATL",
    "FOUR",
    "SFNC",
    "NG",
    "PRK",
    "IPAR",
    "OPCH",
    "PENG",
    "BATRK",
    "WRBY",
    "RNG",
    "BHE",
    "BANC",
    "BKD",
    "VAC",
    "LEU",
    "RLAY",
    "BOH",
    "HAYW",
    "HG",
    "GPK",
    "CWK",
    "VC",
    "NIC",
    "GEF",
    "PHIN",
    "AEO",
    "LXP",
    "CALY",
    "SBCF",
    "KALU",
    "GRBK",
    "USLM",
    "TDC",
    "BXMT",
    "UNIT",
    "ITGR",
    "NHC",
    "CVI",
    "ALMS",
    "RUN",
    "PFS",
    "CTRI",
    "TTAM",
    "UNFI",
    "MZTI",
    "CRVL",
    "ARQT",
    "AWR",
    "PLMR",
    "ICHR",
    "UE",
    "PPTA",
    "RDW",
    "DYN",
    "WDFC",
    "CLMT",
    "RCUS",
    "GPOR",
    "BEAM",
    "SOUN",
    "ASH",
    "AMBA",
    "MPT",
    "CPK",
    "NTCT",
    "TENB",
    "PRVA",
    "AKR",
    "CDNL",
    "WOR",
    "NN",
    "MGEE",
    "TR",
    "PK",
    "UPST",
    "APAM",
    "FSLY",
    "DBRG",
    "PENN",
    "DK",
    "COHU",
    "RH",
    "HTFL",
    "OLN",
    "VISN",
    "PATK",
    "VVX",
    "HUBG",
    "FBK",
    "DBD",
    "DHT",
    "FA",
    "MGRC",
    "ADPT",
    "NMIH",
    "ELVN",
    "PARR",
    "AAMI",
    "HLIO",
    "DX",
    "WHR",
    "FCPT",
    "EXPO",
    "SDRL",
    "TRN",
    "HUN",
    "WT",
    "SPNT",
    "QTWO",
    "WK",
    "BKV",
    "WAFD",
    "STNE",
    "GRDN",
    "IVT",
    "CWT",
    "CCC",
    "DFTX",
    "HOG",
    "ROG",
    "NMRK",
    "TRMK",
    "ABM",
    "PDFS",
    "CENT",
    "CXW",
    "ATKR",
    "SAH",
    "NESR",
    "KMT",
    "TARS",
    "FRME",
    "CUBI",
    "KD",
    "WERN",
    "DXPE",
    "OSW",
    "WTTR",
    "TNK",
    "FRSH",
    "IRON",
    "DGII",
    "FRPT",
    "BWIN",
    "UAA",
    "SUPN",
    "GRAL",
    "DNOW",
    "FBNC",
    "AGYS",
    "AMR",
    "IDYA",
    "EEFT",
    "OUST",
    "TMDX",
    "AMBP",
    "KWR",
    "NBTB",
    "PAGS",
    "UA",
    "BCC",
    "NGVT",
    "TALO",
    "CLOV",
    "SHAK",
    "DCO",
    "ALGT",
    "VERA",
    "BLBD",
    "CPRI",
    "CLDX",
    "CARG",
    "CALX",
    "ANDE",
    "CXT",
    "NIQ",
    "BRZE",
    "VOYG",
    "DRH",
    "RUM",
    "BUSE",
    "CTOS",
    "MTX",
    "PTON",
    "RARE",
    "FUN",
    "TBBK",
    "HTO",
    "HNI",
    "TE",
    "CENTA",
    "WU",
    "AMPX",
    "NTB",
    "EFSC",
    "PBI",
    "BKE",
    "MGNI",
    "IMAX",
    "HE",
    "ALRM",
    "AVPT",
    "MBIN",
    "GCMG",
    "MCRI",
    "AXGN",
    "ATEN",
    "BANR",
    "WLY",
    "PBH",
    "ACHC",
    "RAMP",
    "LCII",
    "PAYO",
    "HTH",
    "MH",
    "QUBT",
    "GRC",
    "SYBT",
    "NEXT",
    "DRVN",
    "BCRX",
    "WS",
    "NOG",
    "BRSL",
    "DHC",
    "SHO",
    "TNET",
    "PLUS",
    "NWBI",
    "DJT",
    "UTI",
    "CLBK",
    "CMPR",
    "FLOC",
    "PRDO",
    "IOSP",
    "KOD",
    "PRKS",
    "ARR",
    "LMAT",
    "NWN",
    "BAND",
    "NWL",
    "PGNY",
    "LC",
    "IMNM",
    "GRND",
    "SEM",
    "PEB",
    "NVCR",
    "EOSE",
    "DEI",
    "HCI",
    "WMK",
    "AUPH",
    "TGLS",
    "OFG",
    "LCID",
    "SKWD",
    "SPSC",
    "KSS",
    "INVX",
    "FCF",
    "XRAY",
    "GTY",
    "TRVI",
    "AIN",
    "SGRY",
    "CMRE",
    "GNL",
    "FIGS",
    "MD",
    "HRMY",
    "VERX",
    "STC",
    "NTST",
    "NEOG",
    "STEL",
    "AGM",
    "HMN",
    "NBHC",
    "OCUL",
    "MLYS",
    "LPG",
    "SPB",
    "BBAI",
    "ASTH",
    "SLDE",
    "VCEL",
    "AMSC",
    "ADMA",
    "PUMP",
    "SAM",
    "AIP",
    "CBZ",
    "CTS",
    "SRCE",
    "LTC",
    "AGL",
    "PRLB",
    "PLAB",
    "ALG",
    "TIC",
    "BLX",
    "XPRO",
    "PAX",
    "JBLU",
    "ANIP",
    "STOK",
    "VPG",
    "TILE",
    "CHCO",
    "TH",
    "INTA",
    "GT",
    "CNXN",
    "RAPP",
    "PLPC",
    "GENI",
    "SONO",
    "WD",
    "COTY",
    "IOVA",
    "MBC",
    "UFPT",
    "AMBQ",
    "EPAC",
    "VRDN",
    "LOB",
    "TFIN",
    "SKYT",
    "XHR",
    "FLYW",
    "SMA",
    "WGS",
    "ADNT",
    "CASH",
    "HURN",
    "DCOM",
    "NVRI",
    "APPN",
    "NRIX",
    "AGIO",
    "STRA",
    "SHLS",
    "IMKTA",
    "IE",
    "ECPG",
    "VSTS",
    "ADUS",
    "IIPR",
    "CCS",
    "GABC",
    "STBA",
    "OMCL",
    "RBCAA",
    "EFC",
    "NUVB",
    "ZD",
    "ASAN",
    "KOS",
    "BHVN",
    "NTLA",
    "FLNG",
    "RCAT",
    "MBX",
    "SFL",
    "PLSE",
    "HOPE",
    "BL",
    "TCBK",
    "SOC",
    "INVA",
    "NCNO",
    "RLJ",
    "SILA",
    "ZYME",
    "RXRX",
    "SNDA",
    "SLVM",
    "LILAK",
    "FLO",
    "CNOB",
    "LILA",
    "STGW",
    "TSHA",
    "ANAB",
    "WKC",
    "BFC",
    "FSUN",
    "ALKT",
    "FIVN",
    "MQ",
    "WBTN",
    "AMLX",
    "SION",
    "SEPN",
    "HLIT",
    "HTZ",
    "EVTC",
    "GLOB",
    "SNDX",
    "SRPT",
    "EVCM",
    "BY",
    "PCT",
    "TYRA",
    "TPB",
    "CNXC",
    "RES",
    "QCRH",
    "PGEN",
    "AI",
    "MAN",
    "RYZ",
    "CRI",
    "LZB",
    "AEVA",
    "DV",
    "PVLA",
    "FTRE",
    "ALNT",
    "OBK",
    "ATEX",
    "AVAH",
    "PRG",
    "GLUE",
    "LKFN",
    "SVV",
    "LIND",
    "CBL",
    "HCSG",
    "COUR",
    "KW",
    "PRGO",
    "HLMN",
    "DCH",
    "NBR",
    "DXC",
    "AAT",
    "CAPR",
    "JJSF",
    "EYE",
    "GBX",
    "FOR",
    "GIII",
    "AMRC",
    "PWP",
    "FMC",
    "MRTN",
    "TRS",
    "TNC",
    "WWW",
    "RVLV",
    "KMPR",
    "LINC",
    "PRCT",
    "NVAX",
    "ATRC",
    "SLS",
    "WLDN",
    "ENVX",
    "VIR",
    "NEO",
    "BFLY",
    "URGN",
    "REX",
    "LEG",
    "TRIP",
    "KALV",
    "ULCC",
    "HLX",
    "WINA",
    "ECVT",
    "AMC",
    "BCAX",
    "AVBP",
    "NVGS",
    "CLVT",
    "STAA",
    "BORR",
    "TTI",
    "ARI",
    "OI",
    "ARDX",
    "ARLO",
    "HROW",
    "NSP",
    "ATLC",
    "ENR",
    "FDP",
    "IART",
    "AHCO",
    "DFH",
    "OLPX",
    "IDT",
    "ODC",
    "ACDC",
    "WABC",
    "DOLE",
    "RXT",
    "AOSL",
    "INBX",
    "BHRB",
    "UVV",
    "ALX",
    "ARDT",
    "WLTH",
    "WLFC",
    "AMAL",
    "MAZE",
    "NSSC",
    "AHRT",
    "TDOC",
    "PRGS",
    "TMP",
    "SBH",
    "CMP",
    "HYLN",
    "ICFI",
    "PEBO",
    "PRCH",
    "GSHD",
    "PRSU",
    "ORC",
    "CDRE",
    "VTOL",
    "UMH",
    "TWO",
    "WEN",
    "LADR",
    "CTBI",
    "MRVI",
    "CEVA",
    "BLKB",
    "DSGR",
    "TROX",
    "PAHC",
    "PGY",
    "PRA",
    "BLFS",
    "ATEC",
    "YELP",
    "NPKI",
    "GOLD",
    "MPLT",
    "LGIH",
    "ENOV",
    "GCT",
    "HLF",
    "ZBIO",
    "CXM",
    "HTLD",
    "XPEL",
    "UFCS",
    "FMBH",
    "NWPX",
    "REAL",
    "SCL",
    "INNV",
    "ADTN",
    "INSP",
    "VIA",
    "GIC",
    "KMTS",
    "GHM",
    "NNE",
    "BKSY",
    "PFBC",
    "BV",
    "LNN",
    "PLTK",
    "MCB",
    "HFWA",
    "IRMD",
    "ROCK",
    "ARRY",
    "AMN",
    "XZO",
    "SENEA",
    "CDNA",
    "UVSP",
    "LQDT",
    "ASTE",
    "APPS",
    "NAT",
    "XERS",
    "AKTS",
    "AVNS",
    "OSBC",
    "ASST",
    "CVLG",
    "PNTG",
    "MMI",
    "PDM",
    "TNDM",
    "SMPL",
    "TDAY",
    "SAFE",
    "MNKD",
    "WVE",
    "COLL",
    "CCB",
    "CIM",
    "DEA",
    "THRM",
    "HBT",
    "NBN",
    "MLKN",
    "BJRI",
    "UPBD",
    "PXED",
    "EVLV",
    "EYPT",
    "PLOW",
    "DLX",
    "RHLD",
    "VYX",
    "SDGR",
    "SVRA",
    "SG",
    "ACEL",
    "TK",
    "PZZA",
    "OPK",
    "OCFC",
    "FUBO",
    "ABSI",
    "UVE",
    "NMAX",
    "EPC",
    "SAFT",
    "GPRE",
    "ACVA",
    "UPWK",
    "GNK",
    "SVC",
    "CNMD",
    "CFFN",
    "CBRL",
    "UAMY",
    "AZTA",
    "TRUP",
    "UTZ",
    "BRBR",
    "SBSI",
    "OMDA",
    "MYE",
    "SCSC",
    "ARHS",
    "LZ",
    "SBGI",
    "HBNC",
    "PSNL",
    "CRVS",
    "ABR",
    "DEC",
    "ESQ",
    "EQBK",
    "USPH",
    "ASIC",
    "METC",
    "EEX",
    "NUTX",
    "HPK",
    "SATL",
    "MSEX",
    "MCBS",
    "CSR",
    "DAKT",
    "WSR",
    "AORT",
    "CRAI",
    "CCNE",
    "VRTS",
    "SPRY",
    "ARKO",
    "TRST",
    "QDEL",
    "DFIN",
    "MFA",
    "FSBC",
    "AEBI",
    "APEI",
    "BFST",
    "CPF",
    "SCHL",
    "WYFI",
    "MBWM",
    "GO",
    "HAFC",
    "EVEX",
    "LMB",
    "CRCT",
    "KODK",
    "AMTB",
    "LYTS",
    "PSIX",
    "ESRT",
    "BUR",
    "UTL",
    "NPK",
    "INDI",
    "JBSS",
    "LMRI",
    "NBBK",
    "ABX",
    "BFS",
    "XNCR",
    "AMPL",
    "SHEN",
    "JCAP",
    "RPC",
    "PCRX",
    "GLIBK",
    "KOPN",
    "MEC",
    "RZLV",
    "CRSR",
    "BOW",
    "GLIBA",
    "THFF",
    "KFRC",
    "FTK",
    "CAC",
    "AVR",
    "EVC",
    "WOOF",
    "MGTX",
    "AMPH",
    "PMT",
    "WRLD",
    "LXU",
    "SMP",
    "TALK",
    "EGBN",
    "ROOT",
    "MPB",
    "ETON",
    "OLMA",
    "EFOR",
    "FMNB",
    "MOV",
    "TBPH",
    "JBGS",
    "APOG",
    "ORIC",
    "MTUS",
    "TRNS",
    "EIG",
    "CGEM",
    "ABUS",
    "BBSI",
    "MATW",
    "ADAM",
    "KOP",
    "INR",
    "FCBC",
    "HPP",
    "GTM",
    "PHAT",
    "JANX",
    "WGO",
    "GSBC",
    "ASPI",
    "CWH",
    "PGC",
    "LBRX",
    "SXC",
    "SPFI",
    "ESPR",
    "KRO",
    "CERT",
    "CCBG",
    "HTB",
    "KURA",
    "BIOA",
    "NXDR",
    "SMBC",
    "CCOI",
    "AVO",
    "NB",
    "ORRF",
    "NX",
    "BH",
    "SMBK",
    "RDVT",
    "HNRG",
    "CODI",
    "ANNX",
    "DJCO",
    "REPX",
    "GSM",
    "FWRG",
    "HSTM",
    "SHBI",
    "ALRS",
    "FOXF",
    "JBIO",
    "NAVI",
    "HZO",
    "BZH",
    "ZVRA",
    "FISI",
    "SANA",
    "PKE",
    "DNUT",
    "MITK",
    "GDOT",
    "FEIM",
    "GERN",
    "IVR",
    "CYRX",
    "REPL",
    "SPIR",
    "BRSP",
    "NXRT",
    "BALY",
    "IBCP",
    "IBTA",
    "JBI",
    "NGVC",
    "DSP",
    "HSHP",
    "VTS",
    "EVMN",
    "OPFI",
    "BLMN",
    "VRRM",
    "QNST",
    "ELA",
    "CTO",
    "EVER",
    "HOV",
    "SB",
    "SKYH",
    "SLDB",
    "CBLL",
    "ASC",
    "HELE",
    "PD",
    "MCS",
    "VEL",
    "RMR",
    "CRMD",
    "DSGN",
    "WASH",
    "SIBN",
    "HRTG",
    "RSVR",
    "SABR",
    "INN",
    "HY",
    "TIPT",
    "HIPO",
    "TCBX",
    "TRTX",
    "CARE",
    "AURA",
    "PSTL",
    "DC",
    "AROW",
    "NTGR",
    "SWIM",
    "RWT",
    "SWBI",
    "ALLO",
    "DGICA",
    "TDUP",
    "GRNT",
    "BBNX",
    "HIFS",
    "GRPN",
    "GOOD",
    "FBRT",
    "CCSI",
    "CSV",
    "CASS",
    "PFIS",
    "BCAL",
    "CNNE",
    "OMER",
    "NPB",
    "SLDP",
    "RGR",
    "CSTL",
    "EVGO",
    "CADL",
    "MSBI",
    "PACK",
    "KE",
    "BHB",
    "NFBK",
    "VTEX",
    "TRAX",
    "ASIX",
    "OPTU",
    "PAR",
    "VLGEA",
    "RRBI",
    "SMC",
    "RIGL",
    "BTBT",
    "MAMA",
    "CLB",
    "NABL",
    "WTI",
    "ACRS",
    "IHRT",
    "IRWD",
    "CLDT",
    "ILPT",
    "KRT",
    "FET",
    "PRAA",
    "DRUG",
    "KRUS",
    "LEGH",
    "TCMD",
    "MG",
    "AMSF",
    "MAX",
    "ORN",
    "ACNB",
    "MLAB",
    "RYAM",
    "BVS",
    "IIIV",
    "IDR",
    "SFST",
    "NRIM",
    "TECX",
    "FIP",
    "EGY",
    "KRNY",
    "UNTY",
    "AIOT",
    "NVEC",
    "CIVB",
    "BDN",
    "MCFT",
    "BBCP",
    "IIIN",
    "PHR",
    "NRDS",
    "UHT",
    "BWB",
    "SD",
    "CBNK",
    "OXM",
    "MLR",
    "ETD",
    "MBUU",
    "BWMN",
    "CRD.A",
    "GYRE",
    "EVH",
    "SERV",
    "OLP",
    "MDXG",
    "CLFD",
    "GLRE",
    "NGS",
    "HBCP",
    "NPCE",
    "CTGO",
    "OSPN",
    "TOI",
    "FLGT",
    "CARS",
    "GDYN",
    "PUBM",
    "CTEV",
    "BSRR",
    "SSTK",
    "SFIX",
    "EBF",
    "XOMA",
    "CPS",
    "AQST",
    "ADV",
    "TRC",
    "GCBC",
    "CERS",
    "CHCT",
    "OIS",
    "CTKB",
    "TREE",
    "ALT",
    "FBIZ",
    "PRTH",
    "ACIC",
    "PANL",
    "PRME",
    "BETR",
    "PKOH",
    "ANGO",
    "TWI",
    "GOGO",
    "CAL",
    "OBT",
    "DNA",
    "ASPN",
    "XRN",
    "JOUT",
    "KLC",
    "ARVN",
    "LXFR",
    "COFS",
    "YORW",
    "IPI",
    "OOMA",
    "CWCO",
    "CRNC",
    "ITIC",
    "MNRO",
    "SCVL",
    "RPD",
    "LOCO",
    "RR",
    "BLZE",
    "RBBN",
    "TITN",
    "INV",
    "SRTA",
    "PDLB",
    "GBFH",
    "ACTG",
    "OEC",
    "KREF",
    "VREX",
    "ALTI",
    "FDMT",
    "GCO",
    "ALMU",
    "ABAT",
    "NGNE",
    "KIDS",
    "FRPH",
    "VITL",
    "XRX",
    "MAGN",
    "ULH",
    "IMXI",
    "FVR",
    "PLAY",
    "MATV",
    "MTW",
    "CBAN",
    "BWFG",
    "FSTR",
    "EOLS",
    "AMCX",
    "BSVN",
    "DDD",
    "CYH",
    "WEAV",
    "SPT",
    "ATNI",
    "FPI",
    "BBBY",
    "CMDB",
    "DIN",
    "PRTA",
    "RLGT",
    "WTBA",
    "ERII",
    "EBS",
    "BXC",
    "MPTI",
    "MEI",
    "BMRC",
    "NRC",
    "CTRN",
    "PBFS",
    "CBK",
    "FWRD",
    "CLMB",
    "CLNE",
    "EDIT",
    "RBB",
    "VHI",
    "KELYA",
    "NATH",
    "ISTR",
    "IBEX",
    "FRBA",
    "BOC",
    "BMBL",
    "ALIT",
    "BLND",
    "MYGN",
    "CCRN",
    "PACB",
    "YEXT",
    "NEWT",
    "DCTH",
    "BBW",
    "CLPT",
    "GTN",
    "NC",
    "VMD",
    "MNPR",
    "HNST",
    "SVCO",
    "CMCO",
    "FMAO",
    "CZNC",
    "WNC",
    "PLBC",
    "TBRG",
    "QUAD",
    "PAYS",
    "CMCL",
    "FRST",
    "SI",
    "LAND",
    "MTRX",
    "RZLT",
    "RMNI",
    "BNTC",
    "LWAY",
    "LE",
    "NPWR",
    "HVT",
    "LDI",
    "BNED",
    "PCB",
    "AIRS",
    "PKBK",
    "RNGR",
    "MVST",
    "OFIX",
    "BKKT",
    "PBYI",
    "ACCO",
    "XPER",
    "GNE",
    "USNA",
    "CMPX",
    "MVBF",
    "PSFE",
    "MLP",
    "NATR",
    "LRMR",
    "VSTM",
    "AVIR",
    "CV",
    "NECB",
    "TSSI",
    "TCI",
    "USCB",
    "VOXR",
    "CMTG",
    "WSBF",
    "VNDA",
    "WEYS",
    "MGPI",
    "BCML",
    "BYND",
    "NWFL",
    "CHMG",
    "DBI",
    "ATOM",
    "REAX",
    "FNLC",
    "LAB",
    "ENTA",
    "RGNX",
    "LXEO",
    "RM",
    "TLS",
    "GEVO",
    "NCMI",
    "BRCC",
    "OPAL",
    "PTLO",
    "CATX",
    "CDZI",
    "CZFS",
    "TSBK",
    "GLSI",
    "AII",
    "PINE",
    "PAMT",
    "UPB",
    "LTBR",
    "SLP",
    "OABI",
    "BGS",
    "COSO",
    "STRT",
    "VALU",
    "NODK",
    "XPOF",
    "CIX",
    "ZUMZ",
    "FSBW",
    "SEG",
    "ABEO",
    "MBI",
    "MASS",
    "FENC",
    "BKTI",
    "ESOA",
    "OFLX",
    "CARL",
    "GETY",
    "SIGA",
    "HLLY",
    "PNRG",
    "ONIT",
    "PPHC",
    "ELMD",
    "JMSB",
    "DMAC",
    "ALCO",
    "FCCO",
    "PDYN",
    "RCKY",
    "FVCB",
    "ORGO",
    "FNKO",
    "RCKT",
    "NREF",
    "MYFW",
    "RPAY",
    "BRBS",
    "ASLE",
    "NL",
    "SBC",
    "ZIP",
    "OVLY",
    "FDBC",
    "MPAA",
    "OSUR",
    "AIRJ",
    "TG",
    "CLW",
    "BRT",
    "NVCT",
    "CIA",
    "UIS",
    "RNAC",
    "RC",
    "SGHT",
    "HCKT",
    "FLWS",
    "ELDN",
    "WNEB",
    "HBB",
    "NAGE",
    "FC",
    "SSP",
    "ACRE",
    "FRAF",
    "FXNC",
    "FUNC",
    "AFRI",
    "ATLO",
    "CABO",
    "NUS",
    "MKTW",
    "EU",
    "TBCH",
    "TMCI",
    "TTGT",
    "HWBK",
    "VUZI",
    "SITC",
    "PCYO",
    "LPRO",
    "JAKK",
    "FLXS",
    "ESCA",
    "RELL",
    "BPRN",
    "ACH",
    "NXDT",
    "JACK",
    "USAU",
    "AIRO",
    "ASUR",
    "DMRC",
    "EGHT",
    "CFFI",
    "TRDA",
    "AVNW",
    "SNFCA",
    "RGCO",
    "LCNB",
    "MITT",
    "AKBA",
    "FRD",
    "FHTX",
    "CBNA",
    "VABK",
    "LVWR",
    "HDSN",
    "PEBK",
    "LOVE",
    "REFI",
    "ARL",
    "OPRT",
    "FATE",
    "WALD",
    "POWW",
    "MRBK",
    "MNTK",
    "OVBC",
    "BRCB",
    "KINS",
    "CXDO",
    "LMNR",
    "HUMA",
    "MFIN",
    "PESI",
    "FBLA",
    "PAL",
    "AVXL",
    "TLSI",
    "NKSH",
    "FULC",
    "LAW",
    "ALTG",
    "STRS",
    "INBK",
    "SPOK",
    "LFMD",
    "ANGI",
    "TKNO",
    "CMRC",
    "INSE",
    "JILL",
    "IKT",
    "TARA",
    "GENC",
    "PMTS",
    "CDXS",
    "EVI",
    "CNDT",
    "SGC",
    "IMMR",
    "CHRS",
    "UTMD",
    "FCAP",
    "LENZ",
    "TBI",
    "OPBK",
    "RNA",
    "LFCR",
    "VYGR",
    "CMT",
    "KLTR",
    "AOMR",
    "BZAI",
    "RICK",
    "CZWI",
    "CPSS",
    "QSI",
    "NKTX",
    "EGAN",
    "CFBK",
    "GWRS",
    "FINW",
    "FF",
    "III",
    "KROS",
    "SMHI",
    "PDEX",
    "ARCT",
    "CURV",
    "ANIK",
    "RMAX",
    "RXST",
    "COOK",
    "BCBP",
    "HQI",
    "JRVR",
    "FLYX",
    "SMTI",
    "KGEI",
    "CBFV",
    "SEVN",
    "NRDY",
    "MDV",
    "EBMT",
    "RBKB",
    "ONEW",
    "EMBC",
    "KRMD",
    "LUCD",
    "LARK",
    "MDWD",
    "RCMT",
    "MRDN",
    "TNXP",
    "INSG",
    "FOA",
    "STXS",
    "STRW",
    "MNSB",
    "KULR",
    "NLOP",
    "ACU",
    "INGN",
    "HNVR",
    "THRY",
    "TRAK",
    "EPSN",
    "ALEC",
    "ECBK",
    "PLX",
    "KRRO",
    "SMID",
    "WHG",
    "RGP",
    "TUSK",
    "RMBI",
    "DOUG",
    "SLQT",
    "SRBK",
    "JELD",
    "EFSI",
    "CURI",
    "EPM",
    "BHR",
    "TCX",
    "HURA",
    "FNWD",
    "SBFG",
    "QTRX",
    "NFE",
    "BOOM",
    "BYRN",
    "SKYX",
    "HCAT",
    "JYNT",
    "DERM",
    "DOMO",
    "BSET",
    "FORR",
    "ADCT",
    "CVRX",
    "MED",
    "EML",
    "AOUT",
    "SAMG",
    "ACR",
    "SNWV",
    "ACNT",
    "RVSB",
    "NNOX",
    "EXFY",
    "DH",
    "RCEL",
    "MVIS",
    "MXCT",
    "CLAR",
    "EP",
    "SUNS",
    "ARQ",
    "TTEC",
    "LFVN",
    "PNBK",
    "ZVIA",
    "SAFX",
    "SFBC",
    "TZOO",
    "UNB",
    "LAKE",
    "USGO",
    "ALDX",
    "CRDF",
    "SSTI",
    "FTLF",
    "VIRC",
    "HFFG",
    "OPRX",
    "LPA",
    "SLSN",
    "CSPI",
    "STIM",
    "BTMD",
    "ISPR",
    "KG",
    "FFAI",
    "GAMB",
    "SEAT",
    "AARD",
    "SKIN",
    "BARK",
    "AVD",
    "AEYE",
    "OM",
    "PROP",
    "MYPS",
    "HRTX",
    "SIEB",
    "NXXT",
    "FSP",
    "LNSR",
    "CD",
    "GAIA",
    "VGAS",
    "AREN",
    "LUNG",
    "EHTH",
    "DCGO",
    "HAIN",
    "LFT",
    "SLND",
    "SKIL",
    "CLPR",
    "ACTU",
    "ATLN",
    "MYO",
    "ATYR",
    "ARAY",
    "GOSS",
    "INMB",
    "FLD",
    "ARAI",
    "TVRD",
    "NEON",
    "CRMT",
    "PMI",
    "SNBR",
    "GOCO",
    "MCHB",
    "CWBC",
    "RPT",
    "BGC",
    "WEST",
    "OSG",
    "SPWR",
    "VRM",
    "AESI",
    "LZM",
    "BVFL",
    "BEEP",
    "FBYD",
    "AISP",
    "NEXN",
    "TVGN",
    "CRML",
    "MRP",
    "STRZ",
    "AVBH"
  ],
  "skipped_symbols": [],
  "start": "2026-09-03",
  "end": "2026-09-13",
  "fetched_bars": 17006,
  "inserted_bars": 17006,
  "no_data_symbols": [
    "BRK.B",
    "EA",
    "HEI.A",
    "SATS",
    "AVB",
    "EQR",
    "LEN.B",
    "BF.A",
    "MOG.A",
    "BF.B",
    "WBS",
    "BLD",
    "GTLS",
    "NUVL",
    "MASI",
    "JHG",
    "CWAN",
    "TMHC",
    "LBRDK",
    "LBRDA",
    "GEF.B",
    "CPRX",
    "CRNX",
    "NSA",
    "LC",
    "SEM",
    "STEL",
    "SKYT",
    "SILA",
    "KW",
    "LEG",
    "KALV",
    "HLX",
    "FDP",
    "OLPX",
    "TWO",
    "PRA",
    "AVNS",
    "EEX",
    "WSR",
    "TALK",
    "ESPR",
    "NFBK",
    "CRD.A",
    "TOI",
    "XOMA",
    "SCVL",
    "CCRN",
    "TBRG",
    "LPRO",
    "RMAX",
    "MDV",
    "GAMB",
    "ATLN",
    "SNBR",
    "GOCO"
  ],
  "failed_symbols": [],
  "failed_symbols_file": "/tmp/showmeedge-russell3000-current-eod-20260912-211258-failed.json",
  "no_data_symbols_file": "/tmp/showmeedge-russell3000-current-eod-20260912-211258-no-data.json",
  "run_summary_file": "/tmp/showmeedge-russell3000-current-eod-20260912-211258-summary.json",
  "coverage": [
    {
      "symbol": "NVDA",
      "provider": "yfinance",
      "timeframe": "1d",
      "start": "1999-01-22",
      "end": "2026-09-11",
      "row_count": 6952
    },
    {
      "symbol": "GOOGL",
      "provider": "yfinance",
      "timeframe": "1d",
      "start": "2004-08-19",
      "end": "2026-09-11",
      "row_count": 5551
    },
    {
      "symbol": "GOOG",
      "provider": "yfinance",
      "timeframe": "1d",
      "start": "2004-08-19",
      "end": "2026-09-11",
      "row_count": 5551
    },
    {
      "symbol": "AAPL",
      "provider": "yfinance",
      "timeframe": "1d",
      "start": "1997-01-02",
      "end": "2026-09-11",
      "row_count": 7470
    },
    {
      "symbol": "MSFT",
      "provider": "yfinance",
      "timeframe": "1d",
      "start": "1997-01-02",
      "end": "2026-09-11",
      "row_count": 7470
    },
    {
      "symbol": "AMZN",
      "provider": "yfinance",
      "timeframe": "1d",
      "start": "1997-05-15",
      "end": "2026-09-11",
      "row_count": 7377
    },
    {
      "symbol": "AVGO",
      "provider": "yfinance",
      "timeframe": "1d",
      "start": "2009-08-06",
      "end": "2026-09-11",
      "row_count": 4301
    },
    {
      "symbol": "TSLA",
      "provider": "yfinance",
      "timeframe": "1d",
      "start": "2010-06-29",
      "end": "2026-09-11",
      "row_count": 4076
    },
    {
      "symbol": "META",
      "provider": "yfinance",
      "timeframe": "1d",
      "start": "2012-05-18",
      "end": "2026-09-11",
      "row_count": 3599
    },
    {
      "symbol": "MU",
      "provider": "yfinance",
      "timeframe": "1d",
      "start": "1997-01-02",
      "end": "2026-09-11",
      "row_count": 7470
    },
    {
      "symbol": "LLY",
      "provider": "yfinance",
      "timeframe": "1d",
      "start": "1997-01-02",
      "end": "2026-09-11",
      "row_count": 7470
    },
    {
      "symbol": "BRK.B",
      "provider": "yfinance",
      "timeframe": "1d",
      "start": "1997-01-02",
      "end": "2026-09-10",
      "row_count": 7435
    },
    {
      "symbol": "WMT",
      "provider": "yfinance",
      "timeframe": "1d",
      "start": "1997-01-02",
      "end": "2026-09-11",
      "row_count": 7470
    },
    {
      "symbol": "JPM",
      "provider": "yfinance",
      "timeframe": "1d",
      "start": "1997-01-02",
      "end": "2026-09-11",
      "row_count": 7470
    },
    {
      "symbol": "AMD",
      "provider": "yfinance",
      "timeframe": "1d",
      "start": "1997-01-02",
      "end": "2026-09-11",
      "row_count": 7470
    },
    {
      "symbol": "INTC",
      "provider": "yfinance",
      "timeframe": "1d",
      "start": "1997-01-02",
      "end": "2026-09-11",
      "row_count": 7470
    },
    {
      "symbol": "XOM",
      "provider": "yfinance",
      "timeframe": "1d",
      "start": "1997-01-02",
      "end": "2026-09-11",
      "row_count": 7470
    },
    {
      "symbol": "V",
      "provider": "yfinance",
      "timeframe": "1d",
      "start": "2008-03-19",
      "end": "2026-09-11",
      "row_count": 4650
    },
    {
      "symbol": "JNJ",
      "provider": "yfinance",
      "timeframe": "1d",
      "start": "1997-01-02",
      "end": "2026-09-11",
      "row_count": 7470
    },
    {
      "symbol": "ORCL",
      "provider": "yfinance",
      "timeframe": "1d",
      "start": "1997-01-02",
      "end": "2026-09-11",
      "row_count": 7470
    },
    {
      "symbol": "CSCO",
      "provider": "yfinance",
      "timeframe": "1d",
      "start": "1997-01-02",
      "end": "2026-09-11",
      "row_count": 7470
    },
    {
      "symbol": "LRCX",
      "provider": "yfinance",
      "timeframe": "1d",
      "start": "1997-01-02",
      "end": "2026-09-11",
      "row_count": 7470
    },
    {
      "symbol": "AMAT",
      "provider": "yfinance",
      "timeframe": "1d",
      "start": "1997-01-02",
      "end": "2026-09-11",
      "row_count": 7470
    },
    {
      "symbol": "COST",
      "provider": "yfinance",
      "timeframe": "1d",
      "start": "1997-01-02",
      "end": "2026-09-11",
      "row_count": 7470
    },
    {
      "symbol": "MA",
      "provider": "yfinance",
      "timeframe": "1d",
      "start": "2006-05-25",
      "end": "2026-09-11",
      "row_count": 5106
    },
    {
      "symbol": "CAT",
      "provider": "yfinance",
      "timeframe": "1d",
      "start": "1997-01-02",
      "end": "2026-09-11",
      "row_count": 7470
    },
    {
      "symbol": "ABBV",
      "provider": "yfinance",
      "timeframe": "1d",
      "start": "2013-01-02",
      "end": "2026-09-11",
      "row_count": 3444
    },
    {
      "symbol": "BAC",
      "provider": "yfinance",
      "timeframe": "1d",
      "start": "1997-01-02",
      "end": "2026-09-11",
      "row_count": 7470
    },
    {
      "symbol": "CVX",
      "provider": "yfinance",
      "timeframe": "1d",
      "start": "1997-01-02",
      "end": "2026-09-11",
      "row_count": 7470
    },
    {
      "symbol": "UNH",
      "provider": "yfinance",
      "timeframe": "1d",
      "start": "1997-01-02",
      "end": "2026-09-11",
      "row_count": 7470
    },
    {
      "symbol": "KO",
      "provider": "yfinance",
      "timeframe": "1d",
      "start": "1997-01-02",
      "end": "2026-09-11",
      "row_count": 7470
    },
    {
      "symbol": "GE",
      "provider": "yfinance",
      "timeframe": "1d",
      "start": "1997-01-02",
      "end": "2026-09-11",
      "row_count": 7470
    },
    {
      "symbol": "PG",
      "provider": "yfinance",
      "timeframe": "1d",
      "start": "1997-01-02",
      "end": "2026-09-11",
      "row_count": 7470
    },
    {
      "symbol": "NFLX",
      "provider": "yfinance",
      "timeframe": "1d",
      "start": "2002-05-23",
      "end": "2026-09-11",
      "row_count": 6115
    },
    {
      "symbol": "MS",
      "provider": "yfinance",
      "timeframe": "1d",
      "start": "1997-01-02",
      "end": "2026-09-11",
      "row_count": 7470
    },
    {
      "symbol": "HD",
      "provider": "yfinance",
      "timeframe": "1d",
      "start": "1997-01-02",
      "end": "2026-09-11",
      "row_count": 7470
    },
    {
      "symbol": "GS",
      "provider": "yfinance",
      "timeframe": "1d",
      "start": "1999-05-04",
      "end": "2026-09-11",
      "row_count": 6882
    },
    {
      "symbol": "PLTR",
      "provider": "yfinance",
      "timeframe": "1d",
      "start": "2020-09-30",
      "end": "2026-09-11",
      "row_count": 1494
    },
    {
      "symbol": "MRK",
      "provider": "yfinance",
      "timeframe": "1d",
      "start": "1997-01-02",
      "end": "2026-09-11",
      "row_count": 7470
    },
    {
      "symbol": "SNDK",
      "provider": "yfinance",
      "timeframe": "1d",
      "start": "2025-02-13",
      "end": "2026-09-11",
      "row_count": 396
    },
    {
      "symbol": "PM",
      "provider": "yfinance",
      "timeframe": "1d",
      "start": "2008-03-17",
      "end": "2026-09-11",
      "row_count": 4652
    },
    {
      "symbol": "TXN",
      "provider": "yfinance",
      "timeframe": "1d",
      "start": "1997-01-02",
      "end": "2026-09-11",
      "row_count": 7470
    },
    {
      "symbol": "DELL",
      "provider": "yfinance",
      "timeframe": "1d",
      "start": "2016-08-17",
      "end": "2026-09-11",
      "row_count": 2531
    },
    {
      "symbol": "WFC",
      "provider": "yfinance",
      "timeframe": "1d",
      "start": "1997-01-02",
      "end": "2026-09-11",
      "row_count": 7470
    },
    {
      "symbol": "IBM",
      "provider": "yfinance",
      "timeframe": "1d",
      "start": "1997-01-02",
      "end": "2026-09-11",
      "row_count": 7470
    },
    {
      "symbol": "GEV",
      "provider": "yfinance",
      "timeframe": "1d",
      "start": "2024-03-27",
      "end": "2026-09-11",
      "row_count": 617
    },
    {
      "symbol": "RTX",
      "provider": "yfinance",
      "timeframe": "1d",
      "start": "1997-01-02",
      "end": "2026-09-11",
      "row_count": 7470
    },
    {
      "symbol": "MRVL",
      "provider": "yfinance",
      "timeframe": "1d",
      "start": "2000-06-30",
      "end": "2026-09-11",
      "row_count": 6575
    },
    {
      "symbol": "LIN",
      "provider": "yfinance",
      "timeframe": "1d",
      "start": "1997-01-02",
      "end": "2026-09-11",
      "row_count": 7470
    },
    {
      "symbol": "C",
      "provider": "yfinance",
      "timeframe": "1d",
      "start": "1997-01-02",
      "end": "2026-09-11",
      "row_count": 7470
    },
    {
      "symbol": "PANW",
      "provider": "yfinance",
      "timeframe": "1d",
      "start": "2012-07-20",
      "end": "2026-09-11",
      "row_count": 3556
    },
    {
      "symbol": "QCOM",
      "provider": "yfinance",
      "timeframe": "1d",
      "start": "1997-01-02",
      "end": "2026-09-11",
      "row_count": 7470
    },
    {
      "symbol": "AXP",
      "provider": "yfinance",
      "timeframe": "1d",
      "start": "1997-01-02",
      "end": "2026-09-11",
      "row_count": 7470
    },
    {
      "symbol": "ANET",
      "provider": "yfinance",
      "timeframe": "1d",
      "start": "2014-06-06",
      "end": "2026-09-11",
      "row_count": 3085
    },
    {
      "symbol": "TMUS",
      "provider": "yfinance",
      "timeframe": "1d",
      "start": "2007-04-19",
      "end": "2026-09-11",
      "row_count": 4881
    },
    {
      "symbol": "ADI",
      "provider": "yfinance",
      "timeframe": "1d",
      "start": "1997-01-02",
      "end": "2026-09-11",
      "row_count": 7470
    },
    {
      "symbol": "MCD",
      "provider": "yfinance",
      "timeframe": "1d",
      "start": "1997-01-02",
      "end": "2026-09-11",
      "row_count": 7470
    },
    {
      "symbol": "VZ",
      "provider": "yfinance",
      "timeframe": "1d",
      "start": "1997-01-02",
      "end": "2026-09-11",
      "row_count": 7470
    },
    {
      "symbol": "PEP",
      "provider": "yfinance",
      "timeframe": "1d",
      "start": "1997-01-02",
      "end": "2026-09-11",
      "row_count": 7470
    },
    {
      "symbol": "WDC",
      "provider": "yfinance",
      "timeframe": "1d",
      "start": "1997-01-02",
      "end": "2026-09-11",
      "row_count": 7470
    },
    {
      "symbol": "AMGN",
      "provider": "yfinance",
      "timeframe": "1d",
      "start": "1997-01-02",
      "end": "2026-09-11",
      "row_count": 7470
    },
    {
      "symbol": "APH",
      "provider": "yfinance",
      "timeframe": "1d",
      "start": "1997-01-02",
      "end": "2026-09-11",
      "row_count": 7470
    },
    {
      "symbol": "TJX",
      "provider": "yfinance",
      "timeframe": "1d",
      "start": "1997-01-02",
      "end": "2026-09-11",
      "row_count": 7470
    },
    {
      "symbol": "NEE",
      "provider": "yfinance",
      "timeframe": "1d",
      "start": "1997-01-02",
      "end": "2026-09-11",
      "row_count": 7470
    },
    {
      "symbol": "TMO",
      "provider": "yfinance",
      "timeframe": "1d",
      "start": "1997-01-02",
      "end": "2026-09-11",
      "row_count": 7470
    },
    {
      "symbol": "CRWD",
      "provider": "yfinance",
      "timeframe": "1d",
      "start": "2019-06-12",
      "end": "2026-09-11",
      "row_count": 1823
    },
    {
      "symbol": "DIS",
      "provider": "yfinance",
      "timeframe": "1d",
      "start": "1997-01-02",
      "end": "2026-09-11",
      "row_count": 7470
    },
    {
      "symbol": "BA",
      "provider": "yfinance",
      "timeframe": "1d",
      "start": "1997-01-02",
      "end": "2026-09-11",
      "row_count": 7470
    },
    {
      "symbol": "BLK",
      "provider": "yfinance",
      "timeframe": "1d",
      "start": "1999-10-01",
      "end": "2026-09-11",
      "row_count": 6777
    },
    {
      "symbol": "APP",
      "provider": "yfinance",
      "timeframe": "1d",
      "start": "2021-04-15",
      "end": "2026-09-11",
      "row_count": 1359
    },
    {
      "symbol": "T",
      "provider": "yfinance",
      "timeframe": "1d",
      "start": "1997-01-02",
      "end": "2026-09-11",
      "row_count": 7470
    },
    {
      "symbol": "UNP",
      "provider": "yfinance",
      "timeframe": "1d",
      "start": "1997-01-02",
      "end": "2026-09-11",
      "row_count": 7470
    },
    {
      "symbol": "SCHW",
      "provider": "yfinance",
      "timeframe": "1d",
      "start": "1997-01-02",
      "end": "2026-09-11",
      "row_count": 7470
    },
    {
      "symbol": "SCCO",
      "provider": "yfinance",
      "timeframe": "1d",
      "start": "1997-01-02",
      "end": "2026-09-11",
      "row_count": 7455
    },
    {
      "symbol": "DE",
      "provider": "yfinance",
      "timeframe": "1d",
      "start": "1997-01-02",
      "end": "2026-09-11",
      "row_count": 7470
    },
    {
      "symbol": "GILD",
      "provider": "yfinance",
      "timeframe": "1d",
      "start": "1997-01-02",
      "end": "2026-09-11",
      "row_count": 7470
    },
    {
      "symbol": "GLW",
      "provider": "yfinance",
      "timeframe": "1d",
      "start": "1997-01-02",
      "end": "2026-09-11",
      "row_count": 7470
    },
    {
      "symbol": "IBKR",
      "provider": "yfinance",
      "timeframe": "1d",
      "start": "2007-05-04",
      "end": "2026-09-11",
      "row_count": 4870
    },
    {
      "symbol": "ABT",
      "provider": "yfinance",
      "timeframe": "1d",
      "start": "1997-01-02",
      "end": "2026-09-11",
      "row_count": 7470
    },
    {
      "symbol": "ETN",
      "provider": "yfinance",
      "timeframe": "1d",
      "start": "1997-01-02",
      "end": "2026-09-11",
      "row_count": 7470
    },
    {
      "symbol": "WELL",
      "provider": "yfinance",
      "timeframe": "1d",
      "start": "1997-01-02",
      "end": "2026-09-11",
      "row_count": 7470
    },
    {
      "symbol": "PFE",
      "provider": "yfinance",
      "timeframe": "1d",
      "start": "1997-01-02",
      "end": "2026-09-11",
      "row_count": 7470
    },
    {
      "symbol": "BX",
      "provider": "yfinance",
      "timeframe": "1d",
      "start": "2007-06-22",
      "end": "2026-09-11",
      "row_count": 4836
    },
    {
      "symbol": "ISRG",
      "provider": "yfinance",
      "timeframe": "1d",
      "start": "2000-06-16",
      "end": "2026-09-11",
      "row_count": 6598
    },
    {
      "symbol": "COP",
      "provider": "yfinance",
      "timeframe": "1d",
      "start": "1997-01-02",
      "end": "2026-09-11",
      "row_count": 7470
    },
    {
      "symbol": "UBER",
      "provider": "yfinance",
      "timeframe": "1d",
      "start": "2019-05-10",
      "end": "2026-09-11",
      "row_count": 1845
    },
    {
      "symbol": "HON",
      "provider": "yfinance",
      "timeframe": "1d",
      "start": "1997-01-02",
      "end": "2026-09-11",
      "row_count": 7470
    },
    {
      "symbol": "PLD",
      "provider": "yfinance",
      "timeframe": "1d",
      "start": "1997-11-21",
      "end": "2026-09-11",
      "row_count": 7244
    },
    {
      "symbol": "CRM",
      "provider": "yfinance",
      "timeframe": "1d",
      "start": "2004-06-23",
      "end": "2026-09-11",
      "row_count": 5591
    },
    {
      "symbol": "CVS",
      "provider": "yfinance",
      "timeframe": "1d",
      "start": "1997-01-02",
      "end": "2026-09-11",
      "row_count": 7470
    },
    {
      "symbol": "BKNG",
      "provider": "yfinance",
      "timeframe": "1d",
      "start": "1999-03-31",
      "end": "2026-09-11",
      "row_count": 6905
    },
    {
      "symbol": "DHR",
      "provider": "yfinance",
      "timeframe": "1d",
      "start": "1997-01-02",
      "end": "2026-09-11",
      "row_count": 7470
    },
    {
      "symbol": "CB",
      "provider": "yfinance",
      "timeframe": "1d",
      "start": "1997-01-02",
      "end": "2026-09-11",
      "row_count": 7470
    },
    {
      "symbol": "LMT",
      "provider": "yfinance",
      "timeframe": "1d",
      "start": "1997-01-02",
      "end": "2026-09-11",
      "row_count": 7470
    },
    {
      "symbol": "SPGI",
      "provider": "yfinance",
      "timeframe": "1d",
      "start": "1997-01-02",
      "end": "2026-09-11",
      "row_count": 7470
    },
    {
      "symbol": "LOW",
      "provider": "yfinance",
      "timeframe": "1d",
      "start": "1997-01-02",
      "end": "2026-09-11",
      "row_count": 7470
    },
    {
      "symbol": "MO",
      "provider": "yfinance",
      "timeframe": "1d",
      "start": "1997-01-02",
      "end": "2026-09-11",
      "row_count": 7470
    },
    {
      "symbol": "SYK",
      "provider": "yfinance",
      "timeframe": "1d",
      "start": "1997-01-02",
      "end": "2026-09-11",
      "row_count": 7470
    },
    {
      "symbol": "PGR",
      "provider": "yfinance",
      "timeframe": "1d",
      "start": "1997-01-02",
      "end": "2026-09-11",
      "row_count": 7470
    },
    {
      "symbol": "SBUX",
      "provider": "yfinance",
      "timeframe": "1d",
      "start": "1997-01-02",
      "end": "2026-09-11",
      "row_count": 7470
    },
    {
      "symbol": "BMY",
      "provider": "yfinance",
      "timeframe": "1d",
      "start": "1997-01-02",
      "end": "2026-09-11",
      "row_count": 7470
    },
    {
      "symbol": "VRT",
      "provider": "yfinance",
      "timeframe": "1d",
      "start": "2018-08-02",
      "end": "2026-09-11",
      "row_count": 2038
    },
    {
      "symbol": "COF",
      "provider": "yfinance",
      "timeframe": "1d",
      "start": "1997-01-02",
      "end": "2026-09-11",
      "row_count": 7470
    },
    {
      "symbol": "PH",
      "provider": "yfinance",
      "timeframe": "1d",
      "start": "1997-01-02",
      "end": "2026-09-11",
      "row_count": 7470
    },
    {
      "symbol": "VRTX",
      "provider": "yfinance",
      "timeframe": "1d",
      "start": "1997-01-02",
      "end": "2026-09-11",
      "row_count": 7470
    },
    {
      "symbol": "FTNT",
      "provider": "yfinance",
      "timeframe": "1d",
      "start": "2009-11-18",
      "end": "2026-09-11",
      "row_count": 4228
    },
    {
      "symbol": "NEM",
      "provider": "yfinance",
      "timeframe": "1d",
      "start": "1997-01-02",
      "end": "2026-09-11",
      "row_count": 7470
    },
    {
      "symbol": "PWR",
      "provider": "yfinance",
      "timeframe": "1d",
      "start": "1998-02-12",
      "end": "2026-09-11",
      "row_count": 7189
    },
    {
      "symbol": "CDNS",
      "provider": "yfinance",
      "timeframe": "1d",
      "start": "1997-01-02",
      "end": "2026-09-11",
      "row_count": 7470
    },
    {
      "symbol": "MAR",
      "provider": "yfinance",
      "timeframe": "1d",
      "start": "1998-03-23",
      "end": "2026-09-11",
      "row_count": 7163
    },
    {
      "symbol": "SO",
      "provider": "yfinance",
      "timeframe": "1d",
      "start": "1997-01-02",
      "end": "2026-09-11",
      "row_count": 7470
    },
    {
      "symbol": "HWM",
      "provider": "yfinance",
      "timeframe": "1d",
      "start": "2016-11-01",
      "end": "2026-09-11",
      "row_count": 2478
    },
    {
      "symbol": "NOW",
      "provider": "yfinance",
      "timeframe": "1d",
      "start": "2012-06-29",
      "end": "2026-09-11",
      "row_count": 3570
    },
    {
      "symbol": "ACN",
      "provider": "yfinance",
      "timeframe": "1d",
      "start": "2001-07-19",
      "end": "2026-09-11",
      "row_count": 6324
    },
    {
      "symbol": "EQIX",
      "provider": "yfinance",
      "timeframe": "1d",
      "start": "2000-08-11",
      "end": "2026-09-11",
      "row_count": 6559
    },
    {
      "symbol": "MDT",
      "provider": "yfinance",
      "timeframe": "1d",
      "start": "1997-01-02",
      "end": "2026-09-11",
      "row_count": 7470
    },
    {
      "symbol": "TT",
      "provider": "yfinance",
      "timeframe": "1d",
      "start": "1997-01-02",
      "end": "2026-09-11",
      "row_count": 7470
    },
    {
      "symbol": "SPOT",
      "provider": "yfinance",
      "timeframe": "1d",
      "start": "2018-04-03",
      "end": "2026-09-11",
      "row_count": 2109
    },
    {
      "symbol": "FCX",
      "provider": "yfinance",
      "timeframe": "1d",
      "start": "1997-01-02",
      "end": "2026-09-11",
      "row_count": 7470
    },
    {
      "symbol": "CME",
      "provider": "yfinance",
      "timeframe": "1d",
      "start": "2002-12-06",
      "end": "2026-09-11",
      "row_count": 5978
    },
    {
      "symbol": "DUK",
      "provider": "yfinance",
      "timeframe": "1d",
      "start": "1997-01-02",
      "end": "2026-09-11",
      "row_count": 7470
    },
    {
      "symbol": "GD",
      "provider": "yfinance",
      "timeframe": "1d",
      "start": "1997-01-02",
      "end": "2026-09-11",
      "row_count": 7470
    },
    {
      "symbol": "PNC",
      "provider": "yfinance",
      "timeframe": "1d",
      "start": "1997-01-02",
      "end": "2026-09-11",
      "row_count": 7470
    },
    {
      "symbol": "MCK",
      "provider": "yfinance",
      "timeframe": "1d",
      "start": "1997-01-02",
      "end": "2026-09-11",
      "row_count": 7470
    },
    {
      "symbol": "UPS",
      "provider": "yfinance",
      "timeframe": "1d",
      "start": "1999-11-10",
      "end": "2026-09-11",
      "row_count": 6749
    },
    {
      "symbol": "CEG",
      "provider": "yfinance",
      "timeframe": "1d",
      "start": "2022-01-19",
      "end": "2026-09-11",
      "row_count": 1166
    },
    {
      "symbol": "USB",
      "provider": "yfinance",
      "timeframe": "1d",
      "start": "1997-01-02",
      "end": "2026-09-11",
      "row_count": 7470
    },
    {
      "symbol": "CMI",
      "provider": "yfinance",
      "timeframe": "1d",
      "start": "1997-01-02",
      "end": "2026-09-11",
      "row_count": 7470
    },
    {
      "symbol": "MNST",
      "provider": "yfinance",
      "timeframe": "1d",
      "start": "1997-01-02",
      "end": "2026-09-11",
      "row_count": 7470
    },
    {
      "symbol": "ADP",
      "provider": "yfinance",
      "timeframe": "1d",
      "start": "1997-01-02",
      "end": "2026-09-11",
      "row_count": 7470
    },
    {
      "symbol": "JCI",
      "provider": "yfinance",
      "timeframe": "1d",
      "start": "1997-01-02",
      "end": "2026-09-11",
      "row_count": 7470
    },
    {
      "symbol": "CSX",
      "provider": "yfinance",
      "timeframe": "1d",
      "start": "1997-01-02",
      "end": "2026-09-11",
      "row_count": 7470
    },
    {
      "symbol": "WMB",
      "provider": "yfinance",
      "timeframe": "1d",
      "start": "1997-01-02",
      "end": "2026-09-11",
      "row_count": 7470
    },
    {
      "symbol": "WM",
      "provider": "yfinance",
      "timeframe": "1d",
      "start": "1997-01-02",
      "end": "2026-09-11",
      "row_count": 7470
    },
    {
      "symbol": "ELV",
      "provider": "yfinance",
      "timeframe": "1d",
      "start": "2001-10-30",
      "end": "2026-09-11",
      "row_count": 6256
    },
    {
      "symbol": "CMCSA",
      "provider": "yfinance",
      "timeframe": "1d",
      "start": "1997-01-02",
      "end": "2026-09-11",
      "row_count": 7470
    },
    {
      "symbol": "AMT",
      "provider": "yfinance",
      "timeframe": "1d",
      "start": "1998-02-27",
      "end": "2026-09-11",
      "row_count": 7179
    },
    {
      "symbol": "SNPS",
      "provider": "yfinance",
      "timeframe": "1d",
      "start": "1997-01-02",
      "end": "2026-09-11",
      "row_count": 7470
    },
    {
      "symbol": "KKR",
      "provider": "yfinance",
      "timeframe": "1d",
      "start": "2010-07-15",
      "end": "2026-09-11",
      "row_count": 4065
    },
    {
      "symbol": "HCA",
      "provider": "yfinance",
      "timeframe": "1d",
      "start": "2011-03-10",
      "end": "2026-09-11",
      "row_count": 3900
    },
    {
      "symbol": "SLB",
      "provider": "yfinance",
      "timeframe": "1d",
      "start": "1997-01-02",
      "end": "2026-09-11",
      "row_count": 7470
    },
    {
      "symbol": "HOOD",
      "provider": "yfinance",
      "timeframe": "1d",
      "start": "2021-07-29",
      "end": "2026-09-11",
      "row_count": 1286
    },
    {
      "symbol": "MMM",
      "provider": "yfinance",
      "timeframe": "1d",
      "start": "1997-01-02",
      "end": "2026-09-11",
      "row_count": 7470
    },
    {
      "symbol": "ADBE",
      "provider": "yfinance",
      "timeframe": "1d",
      "start": "1997-01-02",
      "end": "2026-09-11",
      "row_count": 7470
    },
    {
      "symbol": "DDOG",
      "provider": "yfinance",
      "timeframe": "1d",
      "start": "2019-09-19",
      "end": "2026-09-11",
      "row_count": 1754
    },
    {
      "symbol": "MRSH",
      "provider": "yfinance",
      "timeframe": "1d",
      "start": "1997-01-02",
      "end": "2026-09-11",
      "row_count": 7470
    },
    {
      "symbol": "MDLZ",
      "provider": "yfinance",
      "timeframe": "1d",
      "start": "2001-06-13",
      "end": "2026-09-11",
      "row_count": 6349
    },
    {
      "symbol": "NET",
      "provider": "yfinance",
      "timeframe": "1d",
      "start": "2019-09-13",
      "end": "2026-09-11",
      "row_count": 1745
    },
    {
      "symbol": "FDX",
      "provider": "yfinance",
      "timeframe": "1d",
      "start": "1997-01-02",
      "end": "2026-09-11",
      "row_count": 7470
    },
    {
      "symbol": "SNOW",
      "provider": "yfinance",
      "timeframe": "1d",
      "start": "2020-09-16",
      "end": "2026-09-11",
      "row_count": 1491
    },
    {
      "symbol": "EMR",
      "provider": "yfinance",
      "timeframe": "1d",
      "start": "1997-01-02",
      "end": "2026-09-11",
      "row_count": 7470
    },
    {
      "symbol": "ICE",
      "provider": "yfinance",
      "timeframe": "1d",
      "start": "2005-11-16",
      "end": "2026-09-11",
      "row_count": 5236
    },
    {
      "symbol": "RCL",
      "provider": "yfinance",
      "timeframe": "1d",
      "start": "1997-01-02",
      "end": "2026-09-11",
      "row_count": 7470
    },
    {
      "symbol": "CI",
      "provider": "yfinance",
      "timeframe": "1d",
      "start": "1997-01-02",
      "end": "2026-09-11",
      "row_count": 7470
    },
    {
      "symbol": "HLT",
      "provider": "yfinance",
      "timeframe": "1d",
      "start": "2013-12-12",
      "end": "2026-09-11",
      "row_count": 3205
    },
    {
      "symbol": "ABNB",
      "provider": "yfinance",
      "timeframe": "1d",
      "start": "2020-12-10",
      "end": "2026-09-11",
      "row_count": 1444
    },
    {
      "symbol": "SHW",
      "provider": "yfinance",
      "timeframe": "1d",
      "start": "1997-01-02",
      "end": "2026-09-11",
      "row_count": 7470
    },
    {
      "symbol": "MCO",
      "provider": "yfinance",
      "timeframe": "1d",
      "start": "1997-01-02",
      "end": "2026-09-11",
      "row_count": 7470
    },
    {
      "symbol": "NOC",
      "provider": "yfinance",
      "timeframe": "1d",
      "start": "1997-01-02",
      "end": "2026-09-11",
      "row_count": 7470
    },
    {
      "symbol": "MPWR",
      "provider": "yfinance",
      "timeframe": "1d",
      "start": "2004-11-19",
      "end": "2026-09-11",
      "row_count": 5486
    },
    {
      "symbol": "ROST",
      "provider": "yfinance",
      "timeframe": "1d",
      "start": "1997-01-02",
      "end": "2026-09-11",
      "row_count": 7470
    },
    {
      "symbol": "BAM",
      "provider": "yfinance",
      "timeframe": "1d",
      "start": "2022-12-01",
      "end": "2026-09-11",
      "row_count": 933
    },
    {
      "symbol": "APO",
      "provider": "yfinance",
      "timeframe": "1d",
      "start": "2011-03-30",
      "end": "2026-09-11",
      "row_count": 3886
    },
    {
      "symbol": "MPC",
      "provider": "yfinance",
      "timeframe": "1d",
      "start": "2011-06-24",
      "end": "2026-09-11",
      "row_count": 3826
    },
    {
      "symbol": "VLO",
      "provider": "yfinance",
      "timeframe": "1d",
      "start": "1997-01-02",
      "end": "2026-09-11",
      "row_count": 7470
    },
    {
      "symbol": "CRH",
      "provider": "yfinance",
      "timeframe": "1d",
      "start": "1997-01-02",
      "end": "2026-09-11",
      "row_count": 7470
    },
    {
      "symbol": "INTU",
      "provider": "yfinance",
      "timeframe": "1d",
      "start": "1997-01-02",
      "end": "2026-09-11",
      "row_count": 7470
    },
    {
      "symbol": "ORLY",
      "provider": "yfinance",
      "timeframe": "1d",
      "start": "1997-01-02",
      "end": "2026-09-11",
      "row_count": 7470
    },
    {
      "symbol": "COHR",
      "provider": "yfinance",
      "timeframe": "1d",
      "start": "1997-01-02",
      "end": "2026-09-11",
      "row_count": 7470
    },
    {
      "symbol": "ECL",
      "provider": "yfinance",
      "timeframe": "1d",
      "start": "1997-01-02",
      "end": "2026-09-11",
      "row_count": 7470
    },
    {
      "symbol": "ITW",
      "provider": "yfinance",
      "timeframe": "1d",
      "start": "1997-01-02",
      "end": "2026-09-11",
      "row_count": 7470
    },
    {
      "symbol": "BE",
      "provider": "yfinance",
      "timeframe": "1d",
      "start": "2018-07-25",
      "end": "2026-09-11",
      "row_count": 2031
    },
    {
      "symbol": "GM",
      "provider": "yfinance",
      "timeframe": "1d",
      "start": "2010-11-18",
      "end": "2026-09-11",
      "row_count": 3976
    },
    {
      "symbol": "AEP",
      "provider": "yfinance",
      "timeframe": "1d",
      "start": "1997-01-02",
      "end": "2026-09-11",
      "row_count": 7470
    },
    {
      "symbol": "EOG",
      "provider": "yfinance",
      "timeframe": "1d",
      "start": "1997-01-02",
      "end": "2026-09-11",
      "row_count": 7470
    },
    {
      "symbol": "PSX",
      "provider": "yfinance",
      "timeframe": "1d",
      "start": "2012-04-12",
      "end": "2026-09-11",
      "row_count": 3625
    },
    {
      "symbol": "LITE",
      "provider": "yfinance",
      "timeframe": "1d",
      "start": "2015-07-23",
      "end": "2026-09-11",
      "row_count": 2801
    },
    {
      "symbol": "AON",
      "provider": "yfinance",
      "timeframe": "1d",
      "start": "1997-01-02",
      "end": "2026-09-11",
      "row_count": 7470
    },
    {
      "symbol": "CL",
      "provider": "yfinance",
      "timeframe": "1d",
      "start": "1997-01-02",
      "end": "2026-09-11",
      "row_count": 7470
    },
    {
      "symbol": "KMI",
      "provider": "yfinance",
      "timeframe": "1d",
      "start": "2011-02-11",
      "end": "2026-09-11",
      "row_count": 3918
    },
    {
      "symbol": "SPG",
      "provider": "yfinance",
      "timeframe": "1d",
      "start": "1997-01-02",
      "end": "2026-09-11",
      "row_count": 7470
    },
    {
      "symbol": "CTAS",
      "provider": "yfinance",
      "timeframe": "1d",
      "start": "1997-01-02",
      "end": "2026-09-11",
      "row_count": 7470
    },
    {
      "symbol": "NSC",
      "provider": "yfinance",
      "timeframe": "1d",
      "start": "1997-01-02",
      "end": "2026-09-11",
      "row_count": 7470
    },
    {
      "symbol": "CVNA",
      "provider": "yfinance",
      "timeframe": "1d",
      "start": "2017-04-28",
      "end": "2026-09-11",
      "row_count": 2356
    },
    {
      "symbol": "TDG",
      "provider": "yfinance",
      "timeframe": "1d",
      "start": "2006-03-15",
      "end": "2026-09-11",
      "row_count": 5156
    },
    {
      "symbol": "BSX",
      "provider": "yfinance",
      "timeframe": "1d",
      "start": "1997-01-02",
      "end": "2026-09-11",
      "row_count": 7470
    },
    {
      "symbol": "MSI",
      "provider": "yfinance",
      "timeframe": "1d",
      "start": "1997-01-02",
      "end": "2026-09-11",
      "row_count": 7470
    },
    {
      "symbol": "WBD",
      "provider": "yfinance",
      "timeframe": "1d",
      "start": "2005-07-08",
      "end": "2026-09-11",
      "row_count": 5328
    },
    {
      "symbol": "URI",
      "provider": "yfinance",
      "timeframe": "1d",
      "start": "1997-12-18",
      "end": "2026-09-11",
      "row_count": 7226
    },
    {
      "symbol": "NKE",
      "provider": "yfinance",
      "timeframe": "1d",
      "start": "1997-01-02",
      "end": "2026-09-11",
      "row_count": 7470
    },
    {
      "symbol": "FIX",
      "provider": "yfinance",
      "timeframe": "1d",
      "start": "1997-06-27",
      "end": "2026-09-11",
      "row_count": 7347
    },
    {
      "symbol": "DASH",
      "provider": "yfinance",
      "timeframe": "1d",
      "start": "2020-12-09",
      "end": "2026-09-11",
      "row_count": 1445
    },
    {
      "symbol": "TRV",
      "provider": "yfinance",
      "timeframe": "1d",
      "start": "1997-01-02",
      "end": "2026-09-11",
      "row_count": 7470
    },
    {
      "symbol": "DLR",
      "provider": "yfinance",
      "timeframe": "1d",
      "start": "2004-10-29",
      "end": "2026-09-11",
      "row_count": 5501
    },
    {
      "symbol": "RSG",
      "provider": "yfinance",
      "timeframe": "1d",
      "start": "1998-07-01",
      "end": "2026-09-11",
      "row_count": 7093
    },
    {
      "symbol": "TFC",
      "provider": "yfinance",
      "timeframe": "1d",
      "start": "1997-01-02",
      "end": "2026-09-11",
      "row_count": 7470
    },
    {
      "symbol": "REGN",
      "provider": "yfinance",
      "timeframe": "1d",
      "start": "1997-01-02",
      "end": "2026-09-11",
      "row_count": 7470
    },
    {
      "symbol": "HPE",
      "provider": "yfinance",
      "timeframe": "1d",
      "start": "2015-10-19",
      "end": "2026-09-11",
      "row_count": 2740
    },
    {
      "symbol": "TER",
      "provider": "yfinance",
      "timeframe": "1d",
      "start": "1997-01-02",
      "end": "2026-09-11",
      "row_count": 7470
    },
    {
      "symbol": "CIEN",
      "provider": "yfinance",
      "timeframe": "1d",
      "start": "1997-02-07",
      "end": "2026-09-11",
      "row_count": 7444
    },
    {
      "symbol": "ALAB",
      "provider": "yfinance",
      "timeframe": "1d",
      "start": "2024-03-20",
      "end": "2026-09-11",
      "row_count": 609
    },
    {
      "symbol": "APD",
      "provider": "yfinance",
      "timeframe": "1d",
      "start": "1997-01-02",
      "end": "2026-09-11",
      "row_count": 7470
    },
    {
      "symbol": "BKR",
      "provider": "yfinance",
      "timeframe": "1d",
      "start": "1997-01-02",
      "end": "2026-09-11",
      "row_count": 7470
    },
    {
      "symbol": "PCAR",
      "provider": "yfinance",
      "timeframe": "1d",
      "start": "1997-01-02",
      "end": "2026-09-11",
      "row_count": 7470
    },
    {
      "symbol": "GWW",
      "provider": "yfinance",
      "timeframe": "1d",
      "start": "1997-01-02",
      "end": "2026-09-11",
      "row_count": 7470
    },
    {
      "symbol": "TGT",
      "provider": "yfinance",
      "timeframe": "1d",
      "start": "1997-01-02",
      "end": "2026-09-11",
      "row_count": 7470
    },
    {
      "symbol": "NUE",
      "provider": "yfinance",
      "timeframe": "1d",
      "start": "1997-01-02",
      "end": "2026-09-11",
      "row_count": 7470
    },
    {
      "symbol": "SRE",
      "provider": "yfinance",
      "timeframe": "1d",
      "start": "1998-06-29",
      "end": "2026-09-11",
      "row_count": 7095
    },
    {
      "symbol": "KEYS",
      "provider": "yfinance",
      "timeframe": "1d",
      "start": "2014-10-20",
      "end": "2026-09-11",
      "row_count": 2991
    },
    {
      "symbol": "AFL",
      "provider": "yfinance",
      "timeframe": "1d",
      "start": "1997-01-02",
      "end": "2026-09-11",
      "row_count": 7470
    },
    {
      "symbol": "D",
      "provider": "yfinance",
      "timeframe": "1d",
      "start": "1997-01-02",
      "end": "2026-09-11",
      "row_count": 7470
    },
    {
      "symbol": "RKLB",
      "provider": "yfinance",
      "timeframe": "1d",
      "start": "2020-11-24",
      "end": "2026-09-11",
      "row_count": 1442
    },
    {
      "symbol": "NU",
      "provider": "yfinance",
      "timeframe": "1d",
      "start": "2021-12-09",
      "end": "2026-09-11",
      "row_count": 1180
    },
    {
      "symbol": "F",
      "provider": "yfinance",
      "timeframe": "1d",
      "start": "1997-01-02",
      "end": "2026-09-11",
      "row_count": 7470
    },
    {
      "symbol": "TRGP",
      "provider": "yfinance",
      "timeframe": "1d",
      "start": "2010-12-07",
      "end": "2026-09-11",
      "row_count": 3964
    },
    {
      "symbol": "O",
      "provider": "yfinance",
      "timeframe": "1d",
      "start": "1997-01-02",
      "end": "2026-09-11",
      "row_count": 7470
    },
    {
      "symbol": "CARR",
      "provider": "yfinance",
      "timeframe": "1d",
      "start": "2020-03-19",
      "end": "2026-09-11",
      "row_count": 1629
    },
    {
      "symbol": "LHX",
      "provider": "yfinance",
      "timeframe": "1d",
      "start": "1997-01-02",
      "end": "2026-09-11",
      "row_count": 7470
    },
    {
      "symbol": "PSA",
      "provider": "yfinance",
      "timeframe": "1d",
      "start": "1997-01-02",
      "end": "2026-09-11",
      "row_count": 7470
    },
    {
      "symbol": "MET",
      "provider": "yfinance",
      "timeframe": "1d",
      "start": "2000-04-05",
      "end": "2026-09-11",
      "row_count": 6648
    },
    {
      "symbol": "OKE",
      "provider": "yfinance",
      "timeframe": "1d",
      "start": "1997-01-02",
      "end": "2026-09-11",
      "row_count": 7470
    },
    {
      "symbol": "ALL",
      "provider": "yfinance",
      "timeframe": "1d",
      "start": "1997-01-02",
      "end": "2026-09-11",
      "row_count": 7470
    },
    {
      "symbol": "AJG",
      "provider": "yfinance",
      "timeframe": "1d",
      "start": "1997-01-02",
      "end": "2026-09-11",
      "row_count": 7470
    },
    {
      "symbol": "OXY",
      "provider": "yfinance",
      "timeframe": "1d",
      "start": "1997-01-02",
      "end": "2026-09-11",
      "row_count": 7470
    },
    {
      "symbol": "FLEX",
      "provider": "yfinance",
      "timeframe": "1d",
      "start": "1997-01-02",
      "end": "2026-09-11",
      "row_count": 7457
    },
    {
      "symbol": "COR",
      "provider": "yfinance",
      "timeframe": "1d",
      "start": "1997-01-02",
      "end": "2026-09-11",
      "row_count": 7470
    },
    {
      "symbol": "DAL",
      "provider": "yfinance",
      "timeframe": "1d",
      "start": "2007-05-03",
      "end": "2026-09-11",
      "row_count": 4871
    },
    {
      "symbol": "FANG",
      "provider": "yfinance",
      "timeframe": "1d",
      "start": "2012-10-12",
      "end": "2026-09-11",
      "row_count": 3497
    },
    {
      "symbol": "FAST",
      "provider": "yfinance",
      "timeframe": "1d",
      "start": "1997-01-02",
      "end": "2026-09-11",
      "row_count": 7470
    },
    {
      "symbol": "CAH",
      "provider": "yfinance",
      "timeframe": "1d",
      "start": "1997-01-02",
      "end": "2026-09-11",
      "row_count": 7470
    },
    {
      "symbol": "DVN",
      "provider": "yfinance",
      "timeframe": "1d",
      "start": "1997-01-02",
      "end": "2026-09-11",
      "row_count": 7470
    },
    {
      "symbol": "AZO",
      "provider": "yfinance",
      "timeframe": "1d",
      "start": "1997-01-02",
      "end": "2026-09-11",
      "row_count": 7470
    },
    {
      "symbol": "AME",
      "provider": "yfinance",
      "timeframe": "1d",
      "start": "1997-01-02",
      "end": "2026-09-11",
      "row_count": 7470
    },
    {
      "symbol": "MCHP",
      "provider": "yfinance",
      "timeframe": "1d",
      "start": "1997-01-02",
      "end": "2026-09-11",
      "row_count": 7470
    },
    {
      "symbol": "ROK",
      "provider": "yfinance",
      "timeframe": "1d",
      "start": "1997-01-02",
      "end": "2026-09-11",
      "row_count": 7470
    },
    {
      "symbol": "ODFL",
      "provider": "yfinance",
      "timeframe": "1d",
      "start": "1997-01-02",
      "end": "2026-09-11",
      "row_count": 7470
    },
    {
      "symbol": "EA",
      "provider": "yfinance",
      "timeframe": "1d",
      "start": "1997-01-02",
      "end": "2026-08-10",
      "row_count": 7447
    },
    {
      "symbol": "CTVA",
      "provider": "yfinance",
      "timeframe": "1d",
      "start": "2019-05-24",
      "end": "2026-09-11",
      "row_count": 1835
    },
    {
      "symbol": "ETR",
      "provider": "yfinance",
      "timeframe": "1d",
      "start": "1997-01-02",
      "end": "2026-09-11",
      "row_count": 7470
    },
    {
      "symbol": "LNG",
      "provider": "yfinance",
      "timeframe": "1d",
      "start": "1997-01-02",
      "end": "2026-09-11",
      "row_count": 7457
    },
    {
      "symbol": "NDAQ",
      "provider": "yfinance",
      "timeframe": "1d",
      "start": "2002-07-01",
      "end": "2026-09-11",
      "row_count": 6089
    },
    {
      "symbol": "VST",
      "provider": "yfinance",
      "timeframe": "1d",
      "start": "2016-10-05",
      "end": "2026-09-11",
      "row_count": 2497
    },
    {
      "symbol": "FITB",
      "provider": "yfinance",
      "timeframe": "1d",
      "start": "1997-01-02",
      "end": "2026-09-11",
      "row_count": 7470
    },
    {
      "symbol": "XEL",
      "provider": "yfinance",
      "timeframe": "1d",
      "start": "1997-01-02",
      "end": "2026-09-11",
      "row_count": 7470
    },
    {
      "symbol": "EW",
      "provider": "yfinance",
      "timeframe": "1d",
      "start": "2000-03-27",
      "end": "2026-09-11",
      "row_count": 6655
    },
    {
      "symbol": "EBAY",
      "provider": "yfinance",
      "timeframe": "1d",
      "start": "1998-09-24",
      "end": "2026-09-11",
      "row_count": 7034
    },
    {
      "symbol": "MDLN",
      "provider": "yfinance",
      "timeframe": "1d",
      "start": "2025-12-17",
      "end": "2026-09-11",
      "row_count": 170
    },
    {
      "symbol": "EXC",
      "provider": "yfinance",
      "timeframe": "1d",
      "start": "1997-01-02",
      "end": "2026-09-11",
      "row_count": 7470
    },
    {
      "symbol": "STT",
      "provider": "yfinance",
      "timeframe": "1d",
      "start": "1997-01-02",
      "end": "2026-09-11",
      "row_count": 7470
    },
    {
      "symbol": "HEI",
      "provider": "yfinance",
      "timeframe": "1d",
      "start": "1997-01-02",
      "end": "2026-09-11",
      "row_count": 7457
    },
    {
      "symbol": "CRDO",
      "provider": "yfinance",
      "timeframe": "1d",
      "start": "2022-01-27",
      "end": "2026-09-11",
      "row_count": 1147
    },
    {
      "symbol": "GRMN",
      "provider": "yfinance",
      "timeframe": "1d",
      "start": "2000-12-08",
      "end": "2026-09-11",
      "row_count": 6476
    },
    {
      "symbol": "ON",
      "provider": "yfinance",
      "timeframe": "1d",
      "start": "2000-05-02",
      "end": "2026-09-11",
      "row_count": 6630
    },
    {
      "symbol": "HUM",
      "provider": "yfinance",
      "timeframe": "1d",
      "start": "1997-01-02",
      "end": "2026-09-11",
      "row_count": 7470
    },
    {
      "symbol": "WAB",
      "provider": "yfinance",
      "timeframe": "1d",
      "start": "1997-01-02",
      "end": "2026-09-11",
      "row_count": 7470
    },
    {
      "symbol": "GFS",
      "provider": "yfinance",
      "timeframe": "1d",
      "start": "2021-10-28",
      "end": "2026-09-11",
      "row_count": 1209
    },
    {
      "symbol": "FERG",
      "provider": "yfinance",
      "timeframe": "1d",
      "start": "2010-01-05",
      "end": "2026-09-11",
      "row_count": 4184
    },
    {
      "symbol": "ARES",
      "provider": "yfinance",
      "timeframe": "1d",
      "start": "2014-05-02",
      "end": "2026-09-11",
      "row_count": 3109
    },
    {
      "symbol": "MSTR",
      "provider": "yfinance",
      "timeframe": "1d",
      "start": "1998-06-11",
      "end": "2026-09-11",
      "row_count": 7094
    },
    {
      "symbol": "IDXX",
      "provider": "yfinance",
      "timeframe": "1d",
      "start": "1997-01-02",
      "end": "2026-09-11",
      "row_count": 7470
    },
    {
      "symbol": "DHI",
      "provider": "yfinance",
      "timeframe": "1d",
      "start": "1997-01-02",
      "end": "2026-09-11",
      "row_count": 7470
    },
    {
      "symbol": "AU",
      "provider": "yfinance",
      "timeframe": "1d",
      "start": "1998-08-05",
      "end": "2026-09-11",
      "row_count": 7055
    },
    {
      "symbol": "MSCI",
      "provider": "yfinance",
      "timeframe": "1d",
      "start": "2007-11-15",
      "end": "2026-09-11",
      "row_count": 4734
    },
    {
      "symbol": "KDP",
      "provider": "yfinance",
      "timeframe": "1d",
      "start": "2008-05-07",
      "end": "2026-09-11",
      "row_count": 4616
    },
    {
      "symbol": "YUM",
      "provider": "yfinance",
      "timeframe": "1d",
      "start": "1997-09-17",
      "end": "2026-09-11",
      "row_count": 7291
    },
    {
      "symbol": "COIN",
      "provider": "yfinance",
      "timeframe": "1d",
      "start": "2021-04-14",
      "end": "2026-09-11",
      "row_count": 1360
    },
    {
      "symbol": "ADSK",
      "provider": "yfinance",
      "timeframe": "1d",
      "start": "1997-01-02",
      "end": "2026-09-11",
      "row_count": 7470
    },
    {
      "symbol": "XYZ",
      "provider": "yfinance",
      "timeframe": "1d",
      "start": "2015-11-19",
      "end": "2026-09-11",
      "row_count": 2717
    },
    {
      "symbol": "CMG",
      "provider": "yfinance",
      "timeframe": "1d",
      "start": "2006-01-26",
      "end": "2026-09-11",
      "row_count": 5189
    },
    {
      "symbol": "AMP",
      "provider": "yfinance",
      "timeframe": "1d",
      "start": "2005-09-15",
      "end": "2026-09-11",
      "row_count": 5280
    },
    {
      "symbol": "VIK",
      "provider": "yfinance",
      "timeframe": "1d",
      "start": "2024-05-01",
      "end": "2026-09-11",
      "row_count": 578
    },
    {
      "symbol": "VTR",
      "provider": "yfinance",
      "timeframe": "1d",
      "start": "1997-05-05",
      "end": "2026-09-11",
      "row_count": 7385
    },
    {
      "symbol": "STLD",
      "provider": "yfinance",
      "timeframe": "1d",
      "start": "1997-01-02",
      "end": "2026-09-11",
      "row_count": 7470
    },
    {
      "symbol": "JBL",
      "provider": "yfinance",
      "timeframe": "1d",
      "start": "1997-01-02",
      "end": "2026-09-11",
      "row_count": 7470
    },
    {
      "symbol": "BDX",
      "provider": "yfinance",
      "timeframe": "1d",
      "start": "1997-01-02",
      "end": "2026-09-11",
      "row_count": 7470
    },
    {
      "symbol": "CCI",
      "provider": "yfinance",
      "timeframe": "1d",
      "start": "1998-08-18",
      "end": "2026-09-11",
      "row_count": 7060
    },
    {
      "symbol": "AIG",
      "provider": "yfinance",
      "timeframe": "1d",
      "start": "1997-01-02",
      "end": "2026-09-11",
      "row_count": 7470
    },
    {
      "symbol": "LYV",
      "provider": "yfinance",
      "timeframe": "1d",
      "start": "2005-12-21",
      "end": "2026-09-11",
      "row_count": 5212
    },
    {
      "symbol": "KR",
      "provider": "yfinance",
      "timeframe": "1d",
      "start": "1997-01-02",
      "end": "2026-09-11",
      "row_count": 7470
    },
    {
      "symbol": "PEG",
      "provider": "yfinance",
      "timeframe": "1d",
      "start": "1997-01-02",
      "end": "2026-09-11",
      "row_count": 7470
    },
    {
      "symbol": "ED",
      "provider": "yfinance",
      "timeframe": "1d",
      "start": "1997-01-02",
      "end": "2026-09-11",
      "row_count": 7470
    },
    {
      "symbol": "TTWO",
      "provider": "yfinance",
      "timeframe": "1d",
      "start": "1997-04-15",
      "end": "2026-09-11",
      "row_count": 7399
    },
    {
      "symbol": "CBRE",
      "provider": "yfinance",
      "timeframe": "1d",
      "start": "2004-06-10",
      "end": "2026-09-11",
      "row_count": 5599
    },
    {
      "symbol": "TKO",
      "provider": "yfinance",
      "timeframe": "1d",
      "start": "1999-10-19",
      "end": "2026-09-11",
      "row_count": 6765
    },
    {
      "symbol": "ADM",
      "provider": "yfinance",
      "timeframe": "1d",
      "start": "1997-01-02",
      "end": "2026-09-11",
      "row_count": 7470
    },
    {
      "symbol": "BBT",
      "provider": "yfinance",
      "timeframe": "1d",
      "start": "2000-06-28",
      "end": "2026-09-11",
      "row_count": 6576
    },
    {
      "symbol": "SYY",
      "provider": "yfinance",
      "timeframe": "1d",
      "start": "1997-01-02",
      "end": "2026-09-11",
      "row_count": 7470
    },
    {
      "symbol": "IRM",
      "provider": "yfinance",
      "timeframe": "1d",
      "start": "1997-01-02",
      "end": "2026-09-11",
      "row_count": 7470
    },
    {
      "symbol": "ALNY",
      "provider": "yfinance",
      "timeframe": "1d",
      "start": "2004-06-01",
      "end": "2026-09-11",
      "row_count": 5593
    },
    {
      "symbol": "PRU",
      "provider": "yfinance",
      "timeframe": "1d",
      "start": "2001-12-13",
      "end": "2026-09-11",
      "row_count": 6225
    },
    {
      "symbol": "UAL",
      "provider": "yfinance",
      "timeframe": "1d",
      "start": "2006-02-06",
      "end": "2026-09-11",
      "row_count": 5182
    },
    {
      "symbol": "PCG",
      "provider": "yfinance",
      "timeframe": "1d",
      "start": "1997-01-02",
      "end": "2026-09-11",
      "row_count": 7470
    },
    {
      "symbol": "VMC",
      "provider": "yfinance",
      "timeframe": "1d",
      "start": "1997-01-02",
      "end": "2026-09-11",
      "row_count": 7470
    },
    {
      "symbol": "RKT",
      "provider": "yfinance",
      "timeframe": "1d",
      "start": "2020-08-06",
      "end": "2026-09-11",
      "row_count": 1519
    },
    {
      "symbol": "WEC",
      "provider": "yfinance",
      "timeframe": "1d",
      "start": "1997-01-02",
      "end": "2026-09-11",
      "row_count": 7470
    },
    {
      "symbol": "HSY",
      "provider": "yfinance",
      "timeframe": "1d",
      "start": "1997-01-02",
      "end": "2026-09-11",
      "row_count": 7470
    },
    {
      "symbol": "A",
      "provider": "yfinance",
      "timeframe": "1d",
      "start": "1999-11-18",
      "end": "2026-09-11",
      "row_count": 6743
    },
    {
      "symbol": "PYPL",
      "provider": "yfinance",
      "timeframe": "1d",
      "start": "2015-07-06",
      "end": "2026-09-11",
      "row_count": 2814
    },
    {
      "symbol": "EME",
      "provider": "yfinance",
      "timeframe": "1d",
      "start": "1997-01-02",
      "end": "2026-09-11",
      "row_count": 7470
    },
    {
      "symbol": "CCL",
      "provider": "yfinance",
      "timeframe": "1d",
      "start": "1997-01-02",
      "end": "2026-09-11",
      "row_count": 7470
    },
    {
      "symbol": "PAYX",
      "provider": "yfinance",
      "timeframe": "1d",
      "start": "1997-01-02",
      "end": "2026-09-11",
      "row_count": 7470
    },
    {
      "symbol": "UI",
      "provider": "yfinance",
      "timeframe": "1d",
      "start": "2011-10-14",
      "end": "2026-09-11",
      "row_count": 3735
    },
    {
      "symbol": "AXON",
      "provider": "yfinance",
      "timeframe": "1d",
      "start": "2001-06-19",
      "end": "2026-09-11",
      "row_count": 6345
    },
    {
      "symbol": "HIG",
      "provider": "yfinance",
      "timeframe": "1d",
      "start": "1997-01-02",
      "end": "2026-09-11",
      "row_count": 7470
    },
    {
      "symbol": "HBAN",
      "provider": "yfinance",
      "timeframe": "1d",
      "start": "1997-01-02",
      "end": "2026-09-11",
      "row_count": 7470
    },
    {
      "symbol": "WAT",
      "provider": "yfinance",
      "timeframe": "1d",
      "start": "1997-01-02",
      "end": "2026-09-11",
      "row_count": 7470
    },
    {
      "symbol": "KVUE",
      "provider": "yfinance",
      "timeframe": "1d",
      "start": "2023-05-04",
      "end": "2026-09-11",
      "row_count": 842
    },
    {
      "symbol": "MLM",
      "provider": "yfinance",
      "timeframe": "1d",
      "start": "1997-01-02",
      "end": "2026-09-11",
      "row_count": 7470
    },
    {
      "symbol": "HEI.A",
      "provider": "yfinance",
      "timeframe": "1d",
      "start": null,
      "end": null,
      "row_count": 0
    },
    {
      "symbol": "MTB",
      "provider": "yfinance",
      "timeframe": "1d",
      "start": "1997-01-02",
      "end": "2026-09-11",
      "row_count": 7470
    },
    {
      "symbol": "KMB",
      "provider": "yfinance",
      "timeframe": "1d",
      "start": "1997-01-02",
      "end": "2026-09-11",
      "row_count": 7470
    },
    {
      "symbol": "ROP",
      "provider": "yfinance",
      "timeframe": "1d",
      "start": "1997-01-02",
      "end": "2026-09-11",
      "row_count": 7470
    },
    {
      "symbol": "LVS",
      "provider": "yfinance",
      "timeframe": "1d",
      "start": "2004-12-15",
      "end": "2026-09-11",
      "row_count": 5469
    },
    {
      "symbol": "ZTS",
      "provider": "yfinance",
      "timeframe": "1d",
      "start": "2013-02-01",
      "end": "2026-09-11",
      "row_count": 3423
    },
    {
      "symbol": "KLAC",
      "provider": "yfinance",
      "timeframe": "1d",
      "start": "1997-01-02",
      "end": "2026-09-11",
      "row_count": 7470
    },
    {
      "symbol": "CASY",
      "provider": "yfinance",
      "timeframe": "1d",
      "start": "1997-01-02",
      "end": "2026-09-11",
      "row_count": 7470
    },
    {
      "symbol": "HAL",
      "provider": "yfinance",
      "timeframe": "1d",
      "start": "1997-01-02",
      "end": "2026-09-11",
      "row_count": 7470
    },
    {
      "symbol": "SATS",
      "provider": "yfinance",
      "timeframe": "1d",
      "start": "2008-01-02",
      "end": "2026-07-17",
      "row_count": 4655
    },
    {
      "symbol": "RVMD",
      "provider": "yfinance",
      "timeframe": "1d",
      "start": "2020-02-13",
      "end": "2026-09-11",
      "row_count": 1639
    },
    {
      "symbol": "WDAY",
      "provider": "yfinance",
      "timeframe": "1d",
      "start": "2012-10-12",
      "end": "2026-09-11",
      "row_count": 3497
    },
    {
      "symbol": "EQT",
      "provider": "yfinance",
      "timeframe": "1d",
      "start": "1997-01-02",
      "end": "2026-09-11",
      "row_count": 7470
    },
    {
      "symbol": "EL",
      "provider": "yfinance",
      "timeframe": "1d",
      "start": "1997-01-02",
      "end": "2026-09-11",
      "row_count": 7470
    },
    {
      "symbol": "NTRS",
      "provider": "yfinance",
      "timeframe": "1d",
      "start": "1997-01-02",
      "end": "2026-09-11",
      "row_count": 7470
    },
    {
      "symbol": "CNC",
      "provider": "yfinance",
      "timeframe": "1d",
      "start": "2001-12-13",
      "end": "2026-09-11",
      "row_count": 6225
    },
    {
      "symbol": "ACGL",
      "provider": "yfinance",
      "timeframe": "1d",
      "start": "1997-01-02",
      "end": "2026-09-11",
      "row_count": 7470
    },
    {
      "symbol": "ASTS",
      "provider": "yfinance",
      "timeframe": "1d",
      "start": "2019-11-01",
      "end": "2026-09-11",
      "row_count": 1710
    },
    {
      "symbol": "NTAP",
      "provider": "yfinance",
      "timeframe": "1d",
      "start": "1997-01-02",
      "end": "2026-09-11",
      "row_count": 7470
    },
    {
      "symbol": "EXR",
      "provider": "yfinance",
      "timeframe": "1d",
      "start": "2004-08-16",
      "end": "2026-09-11",
      "row_count": 5554
    },
    {
      "symbol": "RPRX",
      "provider": "yfinance",
      "timeframe": "1d",
      "start": "2020-06-16",
      "end": "2026-09-11",
      "row_count": 1555
    },
    {
      "symbol": "Q",
      "provider": "yfinance",
      "timeframe": "1d",
      "start": "2025-10-27",
      "end": "2026-09-11",
      "row_count": 220
    },
    {
      "symbol": "RDDT",
      "provider": "yfinance",
      "timeframe": "1d",
      "start": "2024-03-21",
      "end": "2026-09-11",
      "row_count": 608
    },
    {
      "symbol": "VICI",
      "provider": "yfinance",
      "timeframe": "1d",
      "start": "2018-01-02",
      "end": "2026-09-11",
      "row_count": 2185
    },
    {
      "symbol": "RBLX",
      "provider": "yfinance",
      "timeframe": "1d",
      "start": "2021-03-10",
      "end": "2026-09-11",
      "row_count": 1371
    },
    {
      "symbol": "TWLO",
      "provider": "yfinance",
      "timeframe": "1d",
      "start": "2016-06-23",
      "end": "2026-09-11",
      "row_count": 2556
    },
    {
      "symbol": "CBOE",
      "provider": "yfinance",
      "timeframe": "1d",
      "start": "2010-06-15",
      "end": "2026-09-11",
      "row_count": 4086
    },
    {
      "symbol": "DTE",
      "provider": "yfinance",
      "timeframe": "1d",
      "start": "1997-01-02",
      "end": "2026-09-11",
      "row_count": 7470
    },
    {
      "symbol": "NTRA",
      "provider": "yfinance",
      "timeframe": "1d",
      "start": "2015-07-01",
      "end": "2026-09-11",
      "row_count": 2802
    },
    {
      "symbol": "IQV",
      "provider": "yfinance",
      "timeframe": "1d",
      "start": "2013-05-09",
      "end": "2026-09-11",
      "row_count": 3356
    },
    {
      "symbol": "CPNG",
      "provider": "yfinance",
      "timeframe": "1d",
      "start": "2021-03-11",
      "end": "2026-09-11",
      "row_count": 1370
    },
    {
      "symbol": "AEE",
      "provider": "yfinance",
      "timeframe": "1d",
      "start": "1998-01-02",
      "end": "2026-09-11",
      "row_count": 7217
    },
    {
      "symbol": "RJF",
      "provider": "yfinance",
      "timeframe": "1d",
      "start": "1997-01-02",
      "end": "2026-09-11",
      "row_count": 7470
    },
    {
      "symbol": "TPR",
      "provider": "yfinance",
      "timeframe": "1d",
      "start": "2000-10-06",
      "end": "2026-09-11",
      "row_count": 6520
    },
    {
      "symbol": "GEHC",
      "provider": "yfinance",
      "timeframe": "1d",
      "start": "2022-12-15",
      "end": "2026-09-11",
      "row_count": 937
    },
    {
      "symbol": "BIIB",
      "provider": "yfinance",
      "timeframe": "1d",
      "start": "1997-01-02",
      "end": "2026-09-11",
      "row_count": 7470
    },
    {
      "symbol": "DOV",
      "provider": "yfinance",
      "timeframe": "1d",
      "start": "1997-01-02",
      "end": "2026-09-11",
      "row_count": 7470
    },
    {
      "symbol": "DXCM",
      "provider": "yfinance",
      "timeframe": "1d",
      "start": "2005-04-14",
      "end": "2026-09-11",
      "row_count": 5387
    },
    {
      "symbol": "TDY",
      "provider": "yfinance",
      "timeframe": "1d",
      "start": "1999-11-23",
      "end": "2026-09-11",
      "row_count": 6740
    },
    {
      "symbol": "MTSI",
      "provider": "yfinance",
      "timeframe": "1d",
      "start": "2012-03-15",
      "end": "2026-09-11",
      "row_count": 3630
    },
    {
      "symbol": "IR",
      "provider": "yfinance",
      "timeframe": "1d",
      "start": "2017-05-12",
      "end": "2026-09-11",
      "row_count": 2346
    },
    {
      "symbol": "KHC",
      "provider": "yfinance",
      "timeframe": "1d",
      "start": "2015-07-06",
      "end": "2026-09-11",
      "row_count": 2814
    },
    {
      "symbol": "FSLR",
      "provider": "yfinance",
      "timeframe": "1d",
      "start": "2006-11-17",
      "end": "2026-09-11",
      "row_count": 4983
    },
    {
      "symbol": "MTZ",
      "provider": "yfinance",
      "timeframe": "1d",
      "start": "1997-01-02",
      "end": "2026-09-11",
      "row_count": 7457
    },
    {
      "symbol": "FISV",
      "provider": "yfinance",
      "timeframe": "1d",
      "start": "1997-01-02",
      "end": "2026-09-11",
      "row_count": 7469
    },
    {
      "symbol": "CFG",
      "provider": "yfinance",
      "timeframe": "1d",
      "start": "2014-09-24",
      "end": "2026-09-11",
      "row_count": 3009
    },
    {
      "symbol": "CPRT",
      "provider": "yfinance",
      "timeframe": "1d",
      "start": "1997-01-02",
      "end": "2026-09-11",
      "row_count": 7470
    },
    {
      "symbol": "ATO",
      "provider": "yfinance",
      "timeframe": "1d",
      "start": "1997-01-02",
      "end": "2026-09-11",
      "row_count": 7470
    },
    {
      "symbol": "RMD",
      "provider": "yfinance",
      "timeframe": "1d",
      "start": "1997-01-02",
      "end": "2026-09-11",
      "row_count": 7470
    },
    {
      "symbol": "FTI",
      "provider": "yfinance",
      "timeframe": "1d",
      "start": "2001-06-15",
      "end": "2026-09-11",
      "row_count": 6334
    },
    {
      "symbol": "EIX",
      "provider": "yfinance",
      "timeframe": "1d",
      "start": "1997-01-02",
      "end": "2026-09-11",
      "row_count": 7470
    },
    {
      "symbol": "CNP",
      "provider": "yfinance",
      "timeframe": "1d",
      "start": "1997-01-02",
      "end": "2026-09-11",
      "row_count": 7470
    },
    {
      "symbol": "CW",
      "provider": "yfinance",
      "timeframe": "1d",
      "start": "1997-01-02",
      "end": "2026-09-11",
      "row_count": 7457
    },
    {
      "symbol": "CRS",
      "provider": "yfinance",
      "timeframe": "1d",
      "start": "1997-01-02",
      "end": "2026-09-11",
      "row_count": 7457
    },
    {
      "symbol": "FOXA",
      "provider": "yfinance",
      "timeframe": "1d",
      "start": "2019-03-12",
      "end": "2026-09-11",
      "row_count": 1887
    },
    {
      "symbol": "ZM",
      "provider": "yfinance",
      "timeframe": "1d",
      "start": "2019-04-18",
      "end": "2026-09-11",
      "row_count": 1846
    },
    {
      "symbol": "MDB",
      "provider": "yfinance",
      "timeframe": "1d",
      "start": "2017-10-19",
      "end": "2026-09-11",
      "row_count": 2222
    },
    {
      "symbol": "FICO",
      "provider": "yfinance",
      "timeframe": "1d",
      "start": "1997-01-02",
      "end": "2026-09-11",
      "row_count": 7470
    },
    {
      "symbol": "JBHT",
      "provider": "yfinance",
      "timeframe": "1d",
      "start": "1997-01-02",
      "end": "2026-09-11",
      "row_count": 7470
    },
    {
      "symbol": "FE",
      "provider": "yfinance",
      "timeframe": "1d",
      "start": "1997-11-10",
      "end": "2026-09-11",
      "row_count": 7253
    },
    {
      "symbol": "OTIS",
      "provider": "yfinance",
      "timeframe": "1d",
      "start": "2020-03-19",
      "end": "2026-09-11",
      "row_count": 1629
    },
    {
      "symbol": "ATI",
      "provider": "yfinance",
      "timeframe": "1d",
      "start": "1999-11-29",
      "end": "2026-09-11",
      "row_count": 6724
    },
    {
      "symbol": "EXPE",
      "provider": "yfinance",
      "timeframe": "1d",
      "start": "2005-07-21",
      "end": "2026-09-11",
      "row_count": 5319
    },
    {
      "symbol": "PPL",
      "provider": "yfinance",
      "timeframe": "1d",
      "start": "1997-01-02",
      "end": "2026-09-11",
      "row_count": 7470
    },
    {
      "symbol": "NVT",
      "provider": "yfinance",
      "timeframe": "1d",
      "start": "2018-04-24",
      "end": "2026-09-11",
      "row_count": 2095
    },
    {
      "symbol": "XPO",
      "provider": "yfinance",
      "timeframe": "1d",
      "start": "2003-10-07",
      "end": "2026-09-11",
      "row_count": 5755
    },
    {
      "symbol": "PPG",
      "provider": "yfinance",
      "timeframe": "1d",
      "start": "1997-01-02",
      "end": "2026-09-11",
      "row_count": 7470
    },
    {
      "symbol": "AVB",
      "provider": "yfinance",
      "timeframe": "1d",
      "start": "1997-01-02",
      "end": "2026-08-24",
      "row_count": 7457
    },
    {
      "symbol": "NRG",
      "provider": "yfinance",
      "timeframe": "1d",
      "start": "2003-12-02",
      "end": "2026-09-11",
      "row_count": 5730
    },
    {
      "symbol": "STRL",
      "provider": "yfinance",
      "timeframe": "1d",
      "start": "1997-01-02",
      "end": "2026-09-11",
      "row_count": 7457
    },
    {
      "symbol": "WSM",
      "provider": "yfinance",
      "timeframe": "1d",
      "start": "1997-01-02",
      "end": "2026-09-11",
      "row_count": 7470
    },
    {
      "symbol": "XYL",
      "provider": "yfinance",
      "timeframe": "1d",
      "start": "2011-10-13",
      "end": "2026-09-11",
      "row_count": 3749
    },
    {
      "symbol": "CINF",
      "provider": "yfinance",
      "timeframe": "1d",
      "start": "1997-01-02",
      "end": "2026-09-11",
      "row_count": 7470
    },
    {
      "symbol": "TPL",
      "provider": "yfinance",
      "timeframe": "1d",
      "start": "1997-01-02",
      "end": "2026-09-11",
      "row_count": 7470
    },
    {
      "symbol": "VEEV",
      "provider": "yfinance",
      "timeframe": "1d",
      "start": "2013-10-16",
      "end": "2026-09-11",
      "row_count": 3245
    },
    {
      "symbol": "QSR",
      "provider": "yfinance",
      "timeframe": "1d",
      "start": "2014-12-11",
      "end": "2026-09-11",
      "row_count": 2939
    },
    {
      "symbol": "ES",
      "provider": "yfinance",
      "timeframe": "1d",
      "start": "1997-01-02",
      "end": "2026-09-11",
      "row_count": 7470
    },
    {
      "symbol": "STZ",
      "provider": "yfinance",
      "timeframe": "1d",
      "start": "1997-01-02",
      "end": "2026-09-11",
      "row_count": 7470
    },
    {
      "symbol": "VRSN",
      "provider": "yfinance",
      "timeframe": "1d",
      "start": "1998-01-30",
      "end": "2026-09-11",
      "row_count": 7198
    },
    {
      "symbol": "WRB",
      "provider": "yfinance",
      "timeframe": "1d",
      "start": "1997-01-02",
      "end": "2026-09-11",
      "row_count": 7470
    },
    {
      "symbol": "DG",
      "provider": "yfinance",
      "timeframe": "1d",
      "start": "2009-11-13",
      "end": "2026-09-11",
      "row_count": 4231
    },
    {
      "symbol": "LLYVK",
      "provider": "yfinance",
      "timeframe": "1d",
      "start": "2023-08-04",
      "end": "2026-09-11",
      "row_count": 765
    },
    {
      "symbol": "EQR",
      "provider": "yfinance",
      "timeframe": "1d",
      "start": "1997-01-02",
      "end": "2026-08-21",
      "row_count": 7456
    },
    {
      "symbol": "HUBB",
      "provider": "yfinance",
      "timeframe": "1d",
      "start": "1997-01-02",
      "end": "2026-09-11",
      "row_count": 7469
    },
    {
      "symbol": "RF",
      "provider": "yfinance",
      "timeframe": "1d",
      "start": "1997-01-02",
      "end": "2026-09-11",
      "row_count": 7470
    },
    {
      "symbol": "FTAI",
      "provider": "yfinance",
      "timeframe": "1d",
      "start": "2015-05-14",
      "end": "2026-09-11",
      "row_count": 2835
    },
    {
      "symbol": "WTW",
      "provider": "yfinance",
      "timeframe": "1d",
      "start": "2001-06-12",
      "end": "2026-09-11",
      "row_count": 6350
    },
    {
      "symbol": "FOX",
      "provider": "yfinance",
      "timeframe": "1d",
      "start": "2019-03-13",
      "end": "2026-09-11",
      "row_count": 1886
    },
    {
      "symbol": "CTSH",
      "provider": "yfinance",
      "timeframe": "1d",
      "start": "1998-06-19",
      "end": "2026-09-11",
      "row_count": 7101
    },
    {
      "symbol": "SYF",
      "provider": "yfinance",
      "timeframe": "1d",
      "start": "2014-07-31",
      "end": "2026-09-11",
      "row_count": 3047
    },
    {
      "symbol": "BG",
      "provider": "yfinance",
      "timeframe": "1d",
      "start": "2001-08-02",
      "end": "2026-09-11",
      "row_count": 6314
    },
    {
      "symbol": "AWK",
      "provider": "yfinance",
      "timeframe": "1d",
      "start": "2008-04-23",
      "end": "2026-09-11",
      "row_count": 4626
    },
    {
      "symbol": "KEY",
      "provider": "yfinance",
      "timeframe": "1d",
      "start": "1997-01-02",
      "end": "2026-09-11",
      "row_count": 7470
    },
    {
      "symbol": "RL",
      "provider": "yfinance",
      "timeframe": "1d",
      "start": "1997-06-12",
      "end": "2026-09-11",
      "row_count": 7358
    },
    {
      "symbol": "FCNCA",
      "provider": "yfinance",
      "timeframe": "1d",
      "start": "1997-01-02",
      "end": "2026-09-11",
      "row_count": 7457
    },
    {
      "symbol": "DOW",
      "provider": "yfinance",
      "timeframe": "1d",
      "start": "2019-03-20",
      "end": "2026-09-11",
      "row_count": 1881
    },
    {
      "symbol": "ILMN",
      "provider": "yfinance",
      "timeframe": "1d",
      "start": "2000-07-28",
      "end": "2026-09-11",
      "row_count": 6556
    },
    {
      "symbol": "LLYVA",
      "provider": "yfinance",
      "timeframe": "1d",
      "start": "2023-08-04",
      "end": "2026-09-11",
      "row_count": 765
    },
    {
      "symbol": "DRI",
      "provider": "yfinance",
      "timeframe": "1d",
      "start": "1997-01-02",
      "end": "2026-09-11",
      "row_count": 7470
    },
    {
      "symbol": "VRSK",
      "provider": "yfinance",
      "timeframe": "1d",
      "start": "2009-10-07",
      "end": "2026-09-11",
      "row_count": 4258
    },
    {
      "symbol": "MKSI",
      "provider": "yfinance",
      "timeframe": "1d",
      "start": "1999-03-30",
      "end": "2026-09-11",
      "row_count": 6893
    },
    {
      "symbol": "P",
      "provider": "yfinance",
      "timeframe": "1d",
      "start": "2015-10-06",
      "end": "2026-09-11",
      "row_count": 2736
    },
    {
      "symbol": "PFG",
      "provider": "yfinance",
      "timeframe": "1d",
      "start": "2001-10-23",
      "end": "2026-09-11",
      "row_count": 6261
    },
    {
      "symbol": "LPLA",
      "provider": "yfinance",
      "timeframe": "1d",
      "start": "2010-11-18",
      "end": "2026-09-11",
      "row_count": 3963
    },
    {
      "symbol": "TROW",
      "provider": "yfinance",
      "timeframe": "1d",
      "start": "1997-01-02",
      "end": "2026-09-11",
      "row_count": 7470
    },
    {
      "symbol": "PHM",
      "provider": "yfinance",
      "timeframe": "1d",
      "start": "1997-01-02",
      "end": "2026-09-11",
      "row_count": 7470
    },
    {
      "symbol": "CPAY",
      "provider": "yfinance",
      "timeframe": "1d",
      "start": "2010-12-15",
      "end": "2026-09-11",
      "row_count": 3958
    },
    {
      "symbol": "WST",
      "provider": "yfinance",
      "timeframe": "1d",
      "start": "1997-01-02",
      "end": "2026-09-11",
      "row_count": 7470
    },
    {
      "symbol": "UTHR",
      "provider": "yfinance",
      "timeframe": "1d",
      "start": "1999-06-17",
      "end": "2026-09-11",
      "row_count": 6838
    },
    {
      "symbol": "CHD",
      "provider": "yfinance",
      "timeframe": "1d",
      "start": "1997-01-02",
      "end": "2026-09-11",
      "row_count": 7470
    },
    {
      "symbol": "MKL",
      "provider": "yfinance",
      "timeframe": "1d",
      "start": "1997-01-02",
      "end": "2026-09-11",
      "row_count": 7457
    },
    {
      "symbol": "HPQ",
      "provider": "yfinance",
      "timeframe": "1d",
      "start": "1997-01-02",
      "end": "2026-09-11",
      "row_count": 7470
    },
    {
      "symbol": "WWD",
      "provider": "yfinance",
      "timeframe": "1d",
      "start": "1997-01-02",
      "end": "2026-09-11",
      "row_count": 7457
    },
    {
      "symbol": "ENTG",
      "provider": "yfinance",
      "timeframe": "1d",
      "start": "2000-07-11",
      "end": "2026-09-11",
      "row_count": 6569
    },
    {
      "symbol": "MTD",
      "provider": "yfinance",
      "timeframe": "1d",
      "start": "1997-11-14",
      "end": "2026-09-11",
      "row_count": 7249
    },
    {
      "symbol": "CHRW",
      "provider": "yfinance",
      "timeframe": "1d",
      "start": "1997-10-16",
      "end": "2026-09-11",
      "row_count": 7270
    },
    {
      "symbol": "CMS",
      "provider": "yfinance",
      "timeframe": "1d",
      "start": "1997-01-02",
      "end": "2026-09-11",
      "row_count": 7470
    },
    {
      "symbol": "ROL",
      "provider": "yfinance",
      "timeframe": "1d",
      "start": "1997-01-02",
      "end": "2026-09-11",
      "row_count": 7470
    },
    {
      "symbol": "SW",
      "provider": "yfinance",
      "timeframe": "1d",
      "start": "2008-06-17",
      "end": "2026-09-11",
      "row_count": 4588
    },
    {
      "symbol": "NI",
      "provider": "yfinance",
      "timeframe": "1d",
      "start": "1997-01-02",
      "end": "2026-09-11",
      "row_count": 7470
    },
    {
      "symbol": "SNX",
      "provider": "yfinance",
      "timeframe": "1d",
      "start": "2003-11-25",
      "end": "2026-09-11",
      "row_count": 5721
    },
    {
      "symbol": "DGX",
      "provider": "yfinance",
      "timeframe": "1d",
      "start": "1997-01-02",
      "end": "2026-09-11",
      "row_count": 7470
    },
    {
      "symbol": "TEAM",
      "provider": "yfinance",
      "timeframe": "1d",
      "start": "2015-12-09",
      "end": "2026-09-11",
      "row_count": 2691
    },
    {
      "symbol": "FFIV",
      "provider": "yfinance",
      "timeframe": "1d",
      "start": "1999-06-04",
      "end": "2026-09-11",
      "row_count": 6860
    },
    {
      "symbol": "FWONK",
      "provider": "yfinance",
      "timeframe": "1d",
      "start": "2014-07-08",
      "end": "2026-09-11",
      "row_count": 3050
    },
    {
      "symbol": "L",
      "provider": "yfinance",
      "timeframe": "1d",
      "start": "1997-01-02",
      "end": "2026-09-11",
      "row_count": 7470
    },
    {
      "symbol": "LEN",
      "provider": "yfinance",
      "timeframe": "1d",
      "start": "1997-01-02",
      "end": "2026-09-11",
      "row_count": 7470
    },
    {
      "symbol": "LUV",
      "provider": "yfinance",
      "timeframe": "1d",
      "start": "1997-01-02",
      "end": "2026-09-11",
      "row_count": 7470
    },
    {
      "symbol": "AFRM",
      "provider": "yfinance",
      "timeframe": "1d",
      "start": "2021-01-13",
      "end": "2026-09-11",
      "row_count": 1409
    },
    {
      "symbol": "DLTR",
      "provider": "yfinance",
      "timeframe": "1d",
      "start": "1997-01-02",
      "end": "2026-09-11",
      "row_count": 7470
    },
    {
      "symbol": "FN",
      "provider": "yfinance",
      "timeframe": "1d",
      "start": "2010-06-25",
      "end": "2026-09-11",
      "row_count": 4065
    },
    {
      "symbol": "OMC",
      "provider": "yfinance",
      "timeframe": "1d",
      "start": "1997-01-02",
      "end": "2026-09-11",
      "row_count": 7470
    },
    {
      "symbol": "LH",
      "provider": "yfinance",
      "timeframe": "1d",
      "start": "1997-01-02",
      "end": "2026-09-11",
      "row_count": 7470
    },
    {
      "symbol": "LEN.B",
      "provider": "yfinance",
      "timeframe": "1d",
      "start": null,
      "end": null,
      "row_count": 0
    },
    {
      "symbol": "EXPD",
      "provider": "yfinance",
      "timeframe": "1d",
      "start": "1997-01-02",
      "end": "2026-09-11",
      "row_count": 7470
    },
    {
      "symbol": "SBAC",
      "provider": "yfinance",
      "timeframe": "1d",
      "start": "1999-06-16",
      "end": "2026-09-11",
      "row_count": 6852
    },
    {
      "symbol": "INCY",
      "provider": "yfinance",
      "timeframe": "1d",
      "start": "1997-01-02",
      "end": "2026-09-11",
      "row_count": 7470
    },
    {
      "symbol": "ROIV",
      "provider": "yfinance",
      "timeframe": "1d",
      "start": "2020-12-08",
      "end": "2026-09-11",
      "row_count": 1432
    },
    {
      "symbol": "IONQ",
      "provider": "yfinance",
      "timeframe": "1d",
      "start": "2021-01-04",
      "end": "2026-09-11",
      "row_count": 1416
    },
    {
      "symbol": "TW",
      "provider": "yfinance",
      "timeframe": "1d",
      "start": "2019-04-04",
      "end": "2026-09-11",
      "row_count": 1856
    },
    {
      "symbol": "RIVN",
      "provider": "yfinance",
      "timeframe": "1d",
      "start": "2021-11-10",
      "end": "2026-09-11",
      "row_count": 1200
    },
    {
      "symbol": "BURL",
      "provider": "yfinance",
      "timeframe": "1d",
      "start": "2013-10-02",
      "end": "2026-09-11",
      "row_count": 3241
    },
    {
      "symbol": "SOFI",
      "provider": "yfinance",
      "timeframe": "1d",
      "start": "2021-01-04",
      "end": "2026-09-11",
      "row_count": 1416
    },
    {
      "symbol": "EXE",
      "provider": "yfinance",
      "timeframe": "1d",
      "start": "2021-02-10",
      "end": "2026-09-11",
      "row_count": 1403
    },
    {
      "symbol": "ROKU",
      "provider": "yfinance",
      "timeframe": "1d",
      "start": "2017-09-28",
      "end": "2026-09-11",
      "row_count": 2237
    },
    {
      "symbol": "INSM",
      "provider": "yfinance",
      "timeframe": "1d",
      "start": "2000-06-01",
      "end": "2026-09-11",
      "row_count": 6596
    },
    {
      "symbol": "RS",
      "provider": "yfinance",
      "timeframe": "1d",
      "start": "1997-01-02",
      "end": "2026-09-11",
      "row_count": 7457
    },
    {
      "symbol": "ZS",
      "provider": "yfinance",
      "timeframe": "1d",
      "start": "2018-03-16",
      "end": "2026-09-11",
      "row_count": 2121
    },
    {
      "symbol": "LYB",
      "provider": "yfinance",
      "timeframe": "1d",
      "start": "2010-04-28",
      "end": "2026-09-11",
      "row_count": 4119
    },
    {
      "symbol": "AS",
      "provider": "yfinance",
      "timeframe": "1d",
      "start": "2024-02-01",
      "end": "2026-09-11",
      "row_count": 642
    },
    {
      "symbol": "USFD",
      "provider": "yfinance",
      "timeframe": "1d",
      "start": "2016-05-26",
      "end": "2026-09-11",
      "row_count": 2573
    },
    {
      "symbol": "FWONA",
      "provider": "yfinance",
      "timeframe": "1d",
      "start": "2013-01-10",
      "end": "2026-09-11",
      "row_count": 3424
    },
    {
      "symbol": "AMKR",
      "provider": "yfinance",
      "timeframe": "1d",
      "start": "1998-05-01",
      "end": "2026-09-11",
      "row_count": 7122
    },
    {
      "symbol": "VLTO",
      "provider": "yfinance",
      "timeframe": "1d",
      "start": "2023-10-04",
      "end": "2026-09-11",
      "row_count": 737
    },
    {
      "symbol": "ULTA",
      "provider": "yfinance",
      "timeframe": "1d",
      "start": "2007-10-25",
      "end": "2026-09-11",
      "row_count": 4749
    },
    {
      "symbol": "PKG",
      "provider": "yfinance",
      "timeframe": "1d",
      "start": "2000-01-28",
      "end": "2026-09-11",
      "row_count": 6695
    },
    {
      "symbol": "BRO",
      "provider": "yfinance",
      "timeframe": "1d",
      "start": "1997-01-02",
      "end": "2026-09-11",
      "row_count": 7470
    },
    {
      "symbol": "FIS",
      "provider": "yfinance",
      "timeframe": "1d",
      "start": "2001-06-20",
      "end": "2026-09-11",
      "row_count": 6344
    },
    {
      "symbol": "STE",
      "provider": "yfinance",
      "timeframe": "1d",
      "start": "1997-01-02",
      "end": "2026-09-11",
      "row_count": 7470
    },
    {
      "symbol": "TSN",
      "provider": "yfinance",
      "timeframe": "1d",
      "start": "1997-01-02",
      "end": "2026-09-11",
      "row_count": 7470
    },
    {
      "symbol": "OKTA",
      "provider": "yfinance",
      "timeframe": "1d",
      "start": "2017-04-07",
      "end": "2026-09-11",
      "row_count": 2356
    },
    {
      "symbol": "TTMI",
      "provider": "yfinance",
      "timeframe": "1d",
      "start": "2000-09-25",
      "end": "2026-09-11",
      "row_count": 6516
    },
    {
      "symbol": "ALB",
      "provider": "yfinance",
      "timeframe": "1d",
      "start": "1997-01-02",
      "end": "2026-09-11",
      "row_count": 7470
    },
    {
      "symbol": "SNA",
      "provider": "yfinance",
      "timeframe": "1d",
      "start": "1997-01-02",
      "end": "2026-09-11",
      "row_count": 7470
    },
    {
      "symbol": "RBA",
      "provider": "yfinance",
      "timeframe": "1d",
      "start": "1998-03-10",
      "end": "2026-09-11",
      "row_count": 7159
    },
    {
      "symbol": "IFF",
      "provider": "yfinance",
      "timeframe": "1d",
      "start": "1997-01-02",
      "end": "2026-09-11",
      "row_count": 7470
    },
    {
      "symbol": "MRNA",
      "provider": "yfinance",
      "timeframe": "1d",
      "start": "2018-12-07",
      "end": "2026-09-11",
      "row_count": 1950
    },
    {
      "symbol": "LSCC",
      "provider": "yfinance",
      "timeframe": "1d",
      "start": "1997-01-02",
      "end": "2026-09-11",
      "row_count": 7457
    },
    {
      "symbol": "DD",
      "provider": "yfinance",
      "timeframe": "1d",
      "start": "1997-01-02",
      "end": "2026-09-11",
      "row_count": 7470
    },
    {
      "symbol": "DKS",
      "provider": "yfinance",
      "timeframe": "1d",
      "start": "2002-10-16",
      "end": "2026-09-11",
      "row_count": 6001
    },
    {
      "symbol": "IOT",
      "provider": "yfinance",
      "timeframe": "1d",
      "start": "2021-12-15",
      "end": "2026-09-11",
      "row_count": 1175
    },
    {
      "symbol": "EFX",
      "provider": "yfinance",
      "timeframe": "1d",
      "start": "1997-01-02",
      "end": "2026-09-11",
      "row_count": 7470
    },
    {
      "symbol": "AKAM",
      "provider": "yfinance",
      "timeframe": "1d",
      "start": "1999-10-29",
      "end": "2026-09-11",
      "row_count": 6757
    },
    {
      "symbol": "CRCL",
      "provider": "yfinance",
      "timeframe": "1d",
      "start": "2025-06-05",
      "end": "2026-09-11",
      "row_count": 306
    },
    {
      "symbol": "EVRG",
      "provider": "yfinance",
      "timeframe": "1d",
      "start": "1997-01-02",
      "end": "2026-09-11",
      "row_count": 7470
    },
    {
      "symbol": "SITM",
      "provider": "yfinance",
      "timeframe": "1d",
      "start": "2019-11-20",
      "end": "2026-09-11",
      "row_count": 1696
    },
    {
      "symbol": "FLUT",
      "provider": "yfinance",
      "timeframe": "1d",
      "start": "2002-10-04",
      "end": "2026-09-11",
      "row_count": 6009
    },
    {
      "symbol": "VTRS",
      "provider": "yfinance",
      "timeframe": "1d",
      "start": "1997-01-02",
      "end": "2026-09-11",
      "row_count": 7470
    },
    {
      "symbol": "IP",
      "provider": "yfinance",
      "timeframe": "1d",
      "start": "1997-01-02",
      "end": "2026-09-11",
      "row_count": 7470
    },
    {
      "symbol": "RBC",
      "provider": "yfinance",
      "timeframe": "1d",
      "start": "2005-08-10",
      "end": "2026-09-11",
      "row_count": 5292
    },
    {
      "symbol": "SN",
      "provider": "yfinance",
      "timeframe": "1d",
      "start": "2023-07-31",
      "end": "2026-09-11",
      "row_count": 769
    },
    {
      "symbol": "LNT",
      "provider": "yfinance",
      "timeframe": "1d",
      "start": "1997-01-02",
      "end": "2026-09-11",
      "row_count": 7470
    },
    {
      "symbol": "H",
      "provider": "yfinance",
      "timeframe": "1d",
      "start": "2009-11-05",
      "end": "2026-09-11",
      "row_count": 4224
    },
    {
      "symbol": "AMCR",
      "provider": "yfinance",
      "timeframe": "1d",
      "start": "2012-05-15",
      "end": "2026-09-11",
      "row_count": 3602
    },
    {
      "symbol": "GPN",
      "provider": "yfinance",
      "timeframe": "1d",
      "start": "2001-01-16",
      "end": "2026-09-11",
      "row_count": 6452
    },
    {
      "symbol": "GIS",
      "provider": "yfinance",
      "timeframe": "1d",
      "start": "1997-01-02",
      "end": "2026-09-11",
      "row_count": 7470
    },
    {
      "symbol": "APG",
      "provider": "yfinance",
      "timeframe": "1d",
      "start": "2020-04-29",
      "end": "2026-09-11",
      "row_count": 1587
    },
    {
      "symbol": "FTV",
      "provider": "yfinance",
      "timeframe": "1d",
      "start": "2016-07-05",
      "end": "2026-09-11",
      "row_count": 2562
    },
    {
      "symbol": "SMCI",
      "provider": "yfinance",
      "timeframe": "1d",
      "start": "2007-03-29",
      "end": "2026-09-11",
      "row_count": 4895
    },
    {
      "symbol": "NXT",
      "provider": "yfinance",
      "timeframe": "1d",
      "start": "2023-02-09",
      "end": "2026-09-11",
      "row_count": 886
    },
    {
      "symbol": "ESS",
      "provider": "yfinance",
      "timeframe": "1d",
      "start": "1997-01-02",
      "end": "2026-09-11",
      "row_count": 7470
    },
    {
      "symbol": "EWBC",
      "provider": "yfinance",
      "timeframe": "1d",
      "start": "1999-02-03",
      "end": "2026-09-11",
      "row_count": 6931
    },
    {
      "symbol": "AA",
      "provider": "yfinance",
      "timeframe": "1d",
      "start": "1997-01-02",
      "end": "2026-09-11",
      "row_count": 7457
    },
    {
      "symbol": "CHTR",
      "provider": "yfinance",
      "timeframe": "1d",
      "start": "2010-01-05",
      "end": "2026-09-11",
      "row_count": 4197
    },
    {
      "symbol": "WY",
      "provider": "yfinance",
      "timeframe": "1d",
      "start": "1997-01-02",
      "end": "2026-09-11",
      "row_count": 7470
    },
    {
      "symbol": "LII",
      "provider": "yfinance",
      "timeframe": "1d",
      "start": "1999-07-29",
      "end": "2026-09-11",
      "row_count": 6822
    },
    {
      "symbol": "DOCN",
      "provider": "yfinance",
      "timeframe": "1d",
      "start": "2021-03-24",
      "end": "2026-09-11",
      "row_count": 1361
    },
    {
      "symbol": "CDE",
      "provider": "yfinance",
      "timeframe": "1d",
      "start": "1997-01-02",
      "end": "2026-09-11",
      "row_count": 7457
    },
    {
      "symbol": "BWXT",
      "provider": "yfinance",
      "timeframe": "1d",
      "start": "2010-08-02",
      "end": "2026-09-11",
      "row_count": 4040
    },
    {
      "symbol": "INVH",
      "provider": "yfinance",
      "timeframe": "1d",
      "start": "2017-02-01",
      "end": "2026-09-11",
      "row_count": 2416
    },
    {
      "symbol": "RGLD",
      "provider": "yfinance",
      "timeframe": "1d",
      "start": "1997-01-02",
      "end": "2026-09-11",
      "row_count": 7457
    },
    {
      "symbol": "KIM",
      "provider": "yfinance",
      "timeframe": "1d",
      "start": "1997-01-02",
      "end": "2026-09-11",
      "row_count": 7470
    },
    {
      "symbol": "GH",
      "provider": "yfinance",
      "timeframe": "1d",
      "start": "2018-10-04",
      "end": "2026-09-11",
      "row_count": 1980
    },
    {
      "symbol": "NVR",
      "provider": "yfinance",
      "timeframe": "1d",
      "start": "1997-01-02",
      "end": "2026-09-11",
      "row_count": 7470
    },
    {
      "symbol": "ZBH",
      "provider": "yfinance",
      "timeframe": "1d",
      "start": "2001-07-25",
      "end": "2026-09-11",
      "row_count": 6320
    },
    {
      "symbol": "WPC",
      "provider": "yfinance",
      "timeframe": "1d",
      "start": "1998-01-21",
      "end": "2026-09-11",
      "row_count": 7192
    },
    {
      "symbol": "HST",
      "provider": "yfinance",
      "timeframe": "1d",
      "start": "1997-01-02",
      "end": "2026-09-11",
      "row_count": 7470
    },
    {
      "symbol": "ITT",
      "provider": "yfinance",
      "timeframe": "1d",
      "start": "1997-01-02",
      "end": "2026-09-11",
      "row_count": 7457
    },
    {
      "symbol": "WCC",
      "provider": "yfinance",
      "timeframe": "1d",
      "start": "1999-05-12",
      "end": "2026-09-11",
      "row_count": 6863
    },
    {
      "symbol": "CDW",
      "provider": "yfinance",
      "timeframe": "1d",
      "start": "2013-06-27",
      "end": "2026-09-11",
      "row_count": 3322
    },
    {
      "symbol": "CF",
      "provider": "yfinance",
      "timeframe": "1d",
      "start": "2005-08-11",
      "end": "2026-09-11",
      "row_count": 5304
    },
    {
      "symbol": "BR",
      "provider": "yfinance",
      "timeframe": "1d",
      "start": "2007-03-22",
      "end": "2026-09-11",
      "row_count": 4900
    },
    {
      "symbol": "BEN",
      "provider": "yfinance",
      "timeframe": "1d",
      "start": "1997-01-02",
      "end": "2026-09-11",
      "row_count": 7470
    },
    {
      "symbol": "BBY",
      "provider": "yfinance",
      "timeframe": "1d",
      "start": "1997-01-02",
      "end": "2026-09-11",
      "row_count": 7470
    },
    {
      "symbol": "TPG",
      "provider": "yfinance",
      "timeframe": "1d",
      "start": "2022-01-13",
      "end": "2026-09-11",
      "row_count": 1155
    },
    {
      "symbol": "CG",
      "provider": "yfinance",
      "timeframe": "1d",
      "start": "2012-05-03",
      "end": "2026-09-11",
      "row_count": 3596
    },
    {
      "symbol": "TSCO",
      "provider": "yfinance",
      "timeframe": "1d",
      "start": "1997-01-02",
      "end": "2026-09-11",
      "row_count": 7470
    },
    {
      "symbol": "TLN",
      "provider": "yfinance",
      "timeframe": "1d",
      "start": "2023-06-02",
      "end": "2026-09-11",
      "row_count": 808
    },
    {
      "symbol": "PFGC",
      "provider": "yfinance",
      "timeframe": "1d",
      "start": "2015-09-30",
      "end": "2026-09-11",
      "row_count": 2739
    },
    {
      "symbol": "PR",
      "provider": "yfinance",
      "timeframe": "1d",
      "start": "2016-04-15",
      "end": "2026-09-11",
      "row_count": 2603
    },
    {
      "symbol": "SSNC",
      "provider": "yfinance",
      "timeframe": "1d",
      "start": "2010-03-31",
      "end": "2026-09-11",
      "row_count": 4125
    },
    {
      "symbol": "IEX",
      "provider": "yfinance",
      "timeframe": "1d",
      "start": "1997-01-02",
      "end": "2026-09-11",
      "row_count": 7470
    },
    {
      "symbol": "MAA",
      "provider": "yfinance",
      "timeframe": "1d",
      "start": "1997-01-02",
      "end": "2026-09-11",
      "row_count": 7470
    },
    {
      "symbol": "OVV",
      "provider": "yfinance",
      "timeframe": "1d",
      "start": "2002-04-08",
      "end": "2026-09-11",
      "row_count": 6135
    },
    {
      "symbol": "TXT",
      "provider": "yfinance",
      "timeframe": "1d",
      "start": "1997-01-02",
      "end": "2026-09-11",
      "row_count": 7470
    },
    {
      "symbol": "NLY",
      "provider": "yfinance",
      "timeframe": "1d",
      "start": "1997-10-08",
      "end": "2026-09-11",
      "row_count": 7263
    },
    {
      "symbol": "ONTO",
      "provider": "yfinance",
      "timeframe": "1d",
      "start": "2019-10-28",
      "end": "2026-09-11",
      "row_count": 1714
    },
    {
      "symbol": "NBIX",
      "provider": "yfinance",
      "timeframe": "1d",
      "start": "1997-01-02",
      "end": "2026-09-11",
      "row_count": 7457
    },
    {
      "symbol": "NDSN",
      "provider": "yfinance",
      "timeframe": "1d",
      "start": "1997-01-02",
      "end": "2026-09-11",
      "row_count": 7470
    },
    {
      "symbol": "NWS",
      "provider": "yfinance",
      "timeframe": "1d",
      "start": "2013-06-19",
      "end": "2026-09-11",
      "row_count": 3328
    },
    {
      "symbol": "VNOM",
      "provider": "yfinance",
      "timeframe": "1d",
      "start": "2014-06-18",
      "end": "2026-09-11",
      "row_count": 3063
    },
    {
      "symbol": "RMBS",
      "provider": "yfinance",
      "timeframe": "1d",
      "start": "1997-05-14",
      "end": "2026-09-11",
      "row_count": 7365
    },
    {
      "symbol": "DECK",
      "provider": "yfinance",
      "timeframe": "1d",
      "start": "1997-01-02",
      "end": "2026-09-11",
      "row_count": 7470
    },
    {
      "symbol": "TIGO",
      "provider": "yfinance",
      "timeframe": "1d",
      "start": "2019-01-09",
      "end": "2026-09-11",
      "row_count": 1915
    },
    {
      "symbol": "LAMR",
      "provider": "yfinance",
      "timeframe": "1d",
      "start": "1997-01-02",
      "end": "2026-09-11",
      "row_count": 7457
    },
    {
      "symbol": "SUI",
      "provider": "yfinance",
      "timeframe": "1d",
      "start": "1997-01-02",
      "end": "2026-09-11",
      "row_count": 7457
    },
    {
      "symbol": "SMTC",
      "provider": "yfinance",
      "timeframe": "1d",
      "start": "1997-01-02",
      "end": "2026-09-11",
      "row_count": 7457
    },
    {
      "symbol": "WSO",
      "provider": "yfinance",
      "timeframe": "1d",
      "start": "1997-01-02",
      "end": "2026-09-11",
      "row_count": 7457
    },
    {
      "symbol": "GNRC",
      "provider": "yfinance",
      "timeframe": "1d",
      "start": "2010-02-11",
      "end": "2026-09-11",
      "row_count": 4171
    },
    {
      "symbol": "LDOS",
      "provider": "yfinance",
      "timeframe": "1d",
      "start": "2006-10-17",
      "end": "2026-09-11",
      "row_count": 5006
    },
    {
      "symbol": "BWA",
      "provider": "yfinance",
      "timeframe": "1d",
      "start": "1997-01-02",
      "end": "2026-09-11",
      "row_count": 7457
    },
    {
      "symbol": "MLI",
      "provider": "yfinance",
      "timeframe": "1d",
      "start": "1997-01-02",
      "end": "2026-09-11",
      "row_count": 7457
    },
    {
      "symbol": "CLH",
      "provider": "yfinance",
      "timeframe": "1d",
      "start": "1997-01-02",
      "end": "2026-09-11",
      "row_count": 7457
    },
    {
      "symbol": "SGI",
      "provider": "yfinance",
      "timeframe": "1d",
      "start": "2003-12-18",
      "end": "2026-09-11",
      "row_count": 5705
    },
    {
      "symbol": "BALL",
      "provider": "yfinance",
      "timeframe": "1d",
      "start": "1997-01-02",
      "end": "2026-09-11",
      "row_count": 7470
    },
    {
      "symbol": "OWL",
      "provider": "yfinance",
      "timeframe": "1d",
      "start": "2020-12-14",
      "end": "2026-09-11",
      "row_count": 1429
    },
    {
      "symbol": "THC",
      "provider": "yfinance",
      "timeframe": "1d",
      "start": "1997-01-02",
      "end": "2026-09-11",
      "row_count": 7457
    },
    {
      "symbol": "J",
      "provider": "yfinance",
      "timeframe": "1d",
      "start": "1997-01-02",
      "end": "2026-09-11",
      "row_count": 7470
    },
    {
      "symbol": "IESC",
      "provider": "yfinance",
      "timeframe": "1d",
      "start": "1998-01-28",
      "end": "2026-09-11",
      "row_count": 7187
    },
    {
      "symbol": "MAS",
      "provider": "yfinance",
      "timeframe": "1d",
      "start": "1997-01-02",
      "end": "2026-09-11",
      "row_count": 7470
    },
    {
      "symbol": "UNM",
      "provider": "yfinance",
      "timeframe": "1d",
      "start": "1997-01-02",
      "end": "2026-09-11",
      "row_count": 7457
    },
    {
      "symbol": "EVR",
      "provider": "yfinance",
      "timeframe": "1d",
      "start": "2006-08-14",
      "end": "2026-09-11",
      "row_count": 5038
    },
    {
      "symbol": "REG",
      "provider": "yfinance",
      "timeframe": "1d",
      "start": "1997-01-02",
      "end": "2026-09-11",
      "row_count": 7470
    },
    {
      "symbol": "GEN",
      "provider": "yfinance",
      "timeframe": "1d",
      "start": "1997-01-02",
      "end": "2026-09-11",
      "row_count": 7470
    },
    {
      "symbol": "PNFP",
      "provider": "yfinance",
      "timeframe": "1d",
      "start": "2000-08-22",
      "end": "2026-09-11",
      "row_count": 6539
    },
    {
      "symbol": "DTM",
      "provider": "yfinance",
      "timeframe": "1d",
      "start": "2021-07-01",
      "end": "2026-09-11",
      "row_count": 1290
    },
    {
      "symbol": "MOD",
      "provider": "yfinance",
      "timeframe": "1d",
      "start": "1997-01-02",
      "end": "2026-09-11",
      "row_count": 7457
    },
    {
      "symbol": "JAZZ",
      "provider": "yfinance",
      "timeframe": "1d",
      "start": "2007-06-01",
      "end": "2026-09-11",
      "row_count": 4838
    },
    {
      "symbol": "APTV",
      "provider": "yfinance",
      "timeframe": "1d",
      "start": "2011-11-17",
      "end": "2026-09-11",
      "row_count": 3724
    },
    {
      "symbol": "TOST",
      "provider": "yfinance",
      "timeframe": "1d",
      "start": "2021-09-22",
      "end": "2026-09-11",
      "row_count": 1235
    },
    {
      "symbol": "DKNG",
      "provider": "yfinance",
      "timeframe": "1d",
      "start": "2019-07-25",
      "end": "2026-09-11",
      "row_count": 1780
    },
    {
      "symbol": "GPC",
      "provider": "yfinance",
      "timeframe": "1d",
      "start": "1997-01-02",
      "end": "2026-09-11",
      "row_count": 7470
    },
    {
      "symbol": "ARMK",
      "provider": "yfinance",
      "timeframe": "1d",
      "start": "2013-12-12",
      "end": "2026-09-11",
      "row_count": 3192
    },
    {
      "symbol": "DOC",
      "provider": "yfinance",
      "timeframe": "1d",
      "start": "1997-01-02",
      "end": "2026-09-11",
      "row_count": 7470
    },
    {
      "symbol": "LECO",
      "provider": "yfinance",
      "timeframe": "1d",
      "start": "1997-01-02",
      "end": "2026-09-11",
      "row_count": 7457
    },
    {
      "symbol": "RRX",
      "provider": "yfinance",
      "timeframe": "1d",
      "start": "1997-01-02",
      "end": "2026-09-11",
      "row_count": 7457
    },
    {
      "symbol": "DY",
      "provider": "yfinance",
      "timeframe": "1d",
      "start": "1997-01-02",
      "end": "2026-09-11",
      "row_count": 7456
    },
    {
      "symbol": "NWSA",
      "provider": "yfinance",
      "timeframe": "1d",
      "start": "2013-06-19",
      "end": "2026-09-11",
      "row_count": 3328
    },
    {
      "symbol": "RBRK",
      "provider": "yfinance",
      "timeframe": "1d",
      "start": "2024-04-25",
      "end": "2026-09-11",
      "row_count": 584
    },
    {
      "symbol": "JLL",
      "provider": "yfinance",
      "timeframe": "1d",
      "start": "1997-07-17",
      "end": "2026-09-11",
      "row_count": 7321
    },
    {
      "symbol": "CSL",
      "provider": "yfinance",
      "timeframe": "1d",
      "start": "1997-01-02",
      "end": "2026-09-11",
      "row_count": 7457
    },
    {
      "symbol": "VICR",
      "provider": "yfinance",
      "timeframe": "1d",
      "start": "1997-01-02",
      "end": "2026-09-11",
      "row_count": 7457
    },
    {
      "symbol": "RGA",
      "provider": "yfinance",
      "timeframe": "1d",
      "start": "2008-09-12",
      "end": "2026-09-11",
      "row_count": 4514
    },
    {
      "symbol": "TOL",
      "provider": "yfinance",
      "timeframe": "1d",
      "start": "1997-01-02",
      "end": "2026-09-11",
      "row_count": 7457
    },
    {
      "symbol": "LULU",
      "provider": "yfinance",
      "timeframe": "1d",
      "start": "2007-07-27",
      "end": "2026-09-11",
      "row_count": 4812
    },
    {
      "symbol": "SANM",
      "provider": "yfinance",
      "timeframe": "1d",
      "start": "1997-01-02",
      "end": "2026-09-11",
      "row_count": 7457
    },
    {
      "symbol": "RPM",
      "provider": "yfinance",
      "timeframe": "1d",
      "start": "1997-01-02",
      "end": "2026-09-11",
      "row_count": 7457
    },
    {
      "symbol": "SOLV",
      "provider": "yfinance",
      "timeframe": "1d",
      "start": "2024-03-26",
      "end": "2026-09-11",
      "row_count": 618
    },
    {
      "symbol": "OHI",
      "provider": "yfinance",
      "timeframe": "1d",
      "start": "1997-01-02",
      "end": "2026-09-11",
      "row_count": 7457
    },
    {
      "symbol": "HRL",
      "provider": "yfinance",
      "timeframe": "1d",
      "start": "1997-01-02",
      "end": "2026-09-11",
      "row_count": 7470
    },
    {
      "symbol": "ALLY",
      "provider": "yfinance",
      "timeframe": "1d",
      "start": "2014-01-28",
      "end": "2026-09-11",
      "row_count": 3161
    },
    {
      "symbol": "AAOI",
      "provider": "yfinance",
      "timeframe": "1d",
      "start": "2013-09-26",
      "end": "2026-09-11",
      "row_count": 3246
    },
    {
      "symbol": "AEIS",
      "provider": "yfinance",
      "timeframe": "1d",
      "start": "1997-01-02",
      "end": "2026-09-11",
      "row_count": 7457
    },
    {
      "symbol": "GLPI",
      "provider": "yfinance",
      "timeframe": "1d",
      "start": "2013-10-14",
      "end": "2026-09-11",
      "row_count": 3233
    },
    {
      "symbol": "EG",
      "provider": "yfinance",
      "timeframe": "1d",
      "start": "1997-01-02",
      "end": "2026-09-11",
      "row_count": 7470
    },
    {
      "symbol": "CSGP",
      "provider": "yfinance",
      "timeframe": "1d",
      "start": "1998-07-01",
      "end": "2026-09-11",
      "row_count": 7093
    },
    {
      "symbol": "DVA",
      "provider": "yfinance",
      "timeframe": "1d",
      "start": "1997-01-02",
      "end": "2026-09-11",
      "row_count": 7470
    },
    {
      "symbol": "EXEL",
      "provider": "yfinance",
      "timeframe": "1d",
      "start": "2000-04-17",
      "end": "2026-09-11",
      "row_count": 6627
    },
    {
      "symbol": "MEDP",
      "provider": "yfinance",
      "timeframe": "1d",
      "start": "2016-08-11",
      "end": "2026-09-11",
      "row_count": 2521
    },
    {
      "symbol": "NTNX",
      "provider": "yfinance",
      "timeframe": "1d",
      "start": "2016-09-30",
      "end": "2026-09-11",
      "row_count": 2486
    },
    {
      "symbol": "KNX",
      "provider": "yfinance",
      "timeframe": "1d",
      "start": "1997-01-02",
      "end": "2026-09-11",
      "row_count": 7457
    },
    {
      "symbol": "COO",
      "provider": "yfinance",
      "timeframe": "1d",
      "start": "1997-01-02",
      "end": "2026-09-11",
      "row_count": 7470
    },
    {
      "symbol": "SOLS",
      "provider": "yfinance",
      "timeframe": "1d",
      "start": "2025-10-20",
      "end": "2026-09-11",
      "row_count": 211
    },
    {
      "symbol": "VIAV",
      "provider": "yfinance",
      "timeframe": "1d",
      "start": "1997-01-02",
      "end": "2026-09-11",
      "row_count": 7457
    },
    {
      "symbol": "MKC",
      "provider": "yfinance",
      "timeframe": "1d",
      "start": "1997-01-02",
      "end": "2026-09-11",
      "row_count": 7470
    },
    {
      "symbol": "CNH",
      "provider": "yfinance",
      "timeframe": "1d",
      "start": "2013-09-30",
      "end": "2026-09-11",
      "row_count": 3243
    },
    {
      "symbol": "PTC",
      "provider": "yfinance",
      "timeframe": "1d",
      "start": "1997-01-02",
      "end": "2026-09-11",
      "row_count": 7470
    },
    {
      "symbol": "AXSM",
      "provider": "yfinance",
      "timeframe": "1d",
      "start": "2015-11-19",
      "end": "2026-09-11",
      "row_count": 2703
    },
    {
      "symbol": "CRBG",
      "provider": "yfinance",
      "timeframe": "1d",
      "start": "2022-09-16",
      "end": "2026-09-11",
      "row_count": 986
    },
    {
      "symbol": "APA",
      "provider": "yfinance",
      "timeframe": "1d",
      "start": "1997-01-02",
      "end": "2026-09-11",
      "row_count": 7470
    },
    {
      "symbol": "BBIO",
      "provider": "yfinance",
      "timeframe": "1d",
      "start": "2019-06-27",
      "end": "2026-09-11",
      "row_count": 1798
    },
    {
      "symbol": "SWK",
      "provider": "yfinance",
      "timeframe": "1d",
      "start": "1997-01-02",
      "end": "2026-09-11",
      "row_count": 7470
    },
    {
      "symbol": "GL",
      "provider": "yfinance",
      "timeframe": "1d",
      "start": "1997-01-02",
      "end": "2026-09-11",
      "row_count": 7470
    },
    {
      "symbol": "DRS",
      "provider": "yfinance",
      "timeframe": "1d",
      "start": "1997-01-02",
      "end": "2026-09-11",
      "row_count": 7457
    },
    {
      "symbol": "AIZ",
      "provider": "yfinance",
      "timeframe": "1d",
      "start": "2004-02-05",
      "end": "2026-09-11",
      "row_count": 5686
    },
    {
      "symbol": "WULF",
      "provider": "yfinance",
      "timeframe": "1d",
      "start": "1997-01-02",
      "end": "2026-09-11",
      "row_count": 7457
    },
    {
      "symbol": "FNF",
      "provider": "yfinance",
      "timeframe": "1d",
      "start": "2005-10-14",
      "end": "2026-09-11",
      "row_count": 5246
    },
    {
      "symbol": "SAIA",
      "provider": "yfinance",
      "timeframe": "1d",
      "start": "2002-09-11",
      "end": "2026-09-11",
      "row_count": 6026
    },
    {
      "symbol": "ONON",
      "provider": "yfinance",
      "timeframe": "1d",
      "start": "2021-09-15",
      "end": "2026-09-11",
      "row_count": 1240
    },
    {
      "symbol": "DINO",
      "provider": "yfinance",
      "timeframe": "1d",
      "start": "1997-01-02",
      "end": "2026-09-11",
      "row_count": 7457
    },
    {
      "symbol": "RNR",
      "provider": "yfinance",
      "timeframe": "1d",
      "start": "1997-01-02",
      "end": "2026-09-11",
      "row_count": 7457
    },
    {
      "symbol": "IVZ",
      "provider": "yfinance",
      "timeframe": "1d",
      "start": "1997-01-02",
      "end": "2026-09-11",
      "row_count": 7470
    },
    {
      "symbol": "UDR",
      "provider": "yfinance",
      "timeframe": "1d",
      "start": "1997-01-02",
      "end": "2026-09-11",
      "row_count": 7470
    },
    {
      "symbol": "TRU",
      "provider": "yfinance",
      "timeframe": "1d",
      "start": "2015-06-25",
      "end": "2026-09-11",
      "row_count": 2805
    },
    {
      "symbol": "JEF",
      "provider": "yfinance",
      "timeframe": "1d",
      "start": "1997-01-02",
      "end": "2026-09-11",
      "row_count": 7457
    },
    {
      "symbol": "TYL",
      "provider": "yfinance",
      "timeframe": "1d",
      "start": "1997-01-02",
      "end": "2026-09-11",
      "row_count": 7470
    },
    {
      "symbol": "ELS",
      "provider": "yfinance",
      "timeframe": "1d",
      "start": "1997-01-02",
      "end": "2026-09-11",
      "row_count": 7457
    },
    {
      "symbol": "BF.A",
      "provider": "yfinance",
      "timeframe": "1d",
      "start": null,
      "end": null,
      "row_count": 0
    },
    {
      "symbol": "PNW",
      "provider": "yfinance",
      "timeframe": "1d",
      "start": "1997-01-02",
      "end": "2026-09-11",
      "row_count": 7470
    },
    {
      "symbol": "PEN",
      "provider": "yfinance",
      "timeframe": "1d",
      "start": "2015-09-18",
      "end": "2026-09-11",
      "row_count": 2747
    },
    {
      "symbol": "MGM",
      "provider": "yfinance",
      "timeframe": "1d",
      "start": "1997-01-02",
      "end": "2026-09-11",
      "row_count": 7470
    },
    {
      "symbol": "ALGN",
      "provider": "yfinance",
      "timeframe": "1d",
      "start": "2001-01-30",
      "end": "2026-09-11",
      "row_count": 6442
    },
    {
      "symbol": "MOG.A",
      "provider": "yfinance",
      "timeframe": "1d",
      "start": null,
      "end": null,
      "row_count": 0
    },
    {
      "symbol": "COKE",
      "provider": "yfinance",
      "timeframe": "1d",
      "start": "1997-01-02",
      "end": "2026-09-11",
      "row_count": 7457
    },
    {
      "symbol": "SJM",
      "provider": "yfinance",
      "timeframe": "1d",
      "start": "1997-01-02",
      "end": "2026-09-11",
      "row_count": 7470
    },
    {
      "symbol": "EQH",
      "provider": "yfinance",
      "timeframe": "1d",
      "start": "2018-05-10",
      "end": "2026-09-11",
      "row_count": 2082
    },
    {
      "symbol": "BF.B",
      "provider": "yfinance",
      "timeframe": "1d",
      "start": "1997-01-02",
      "end": "2026-09-10",
      "row_count": 7435
    },
    {
      "symbol": "GGG",
      "provider": "yfinance",
      "timeframe": "1d",
      "start": "1997-01-02",
      "end": "2026-09-11",
      "row_count": 7457
    },
    {
      "symbol": "BTSG",
      "provider": "yfinance",
      "timeframe": "1d",
      "start": "2024-01-26",
      "end": "2026-09-11",
      "row_count": 646
    },
    {
      "symbol": "UHAL",
      "provider": "yfinance",
      "timeframe": "1d",
      "start": "1997-01-02",
      "end": "2026-09-11",
      "row_count": 7457
    },
    {
      "symbol": "CNA",
      "provider": "yfinance",
      "timeframe": "1d",
      "start": "1997-01-02",
      "end": "2026-09-11",
      "row_count": 7457
    },
    {
      "symbol": "APLD",
      "provider": "yfinance",
      "timeframe": "1d",
      "start": "2022-04-13",
      "end": "2026-09-11",
      "row_count": 1094
    },
    {
      "symbol": "AVY",
      "provider": "yfinance",
      "timeframe": "1d",
      "start": "1997-01-02",
      "end": "2026-09-11",
      "row_count": 7470
    },
    {
      "symbol": "IONS",
      "provider": "yfinance",
      "timeframe": "1d",
      "start": "1997-01-02",
      "end": "2026-09-11",
      "row_count": 7457
    },
    {
      "symbol": "ELAN",
      "provider": "yfinance",
      "timeframe": "1d",
      "start": "2018-09-20",
      "end": "2026-09-11",
      "row_count": 1990
    },
    {
      "symbol": "QXO",
      "provider": "yfinance",
      "timeframe": "1d",
      "start": "2012-04-17",
      "end": "2026-09-11",
      "row_count": 3609
    },
    {
      "symbol": "AUR",
      "provider": "yfinance",
      "timeframe": "1d",
      "start": "2021-05-10",
      "end": "2026-09-11",
      "row_count": 1329
    },
    {
      "symbol": "DT",
      "provider": "yfinance",
      "timeframe": "1d",
      "start": "2019-08-01",
      "end": "2026-09-11",
      "row_count": 1775
    },
    {
      "symbol": "AMH",
      "provider": "yfinance",
      "timeframe": "1d",
      "start": "2013-08-01",
      "end": "2026-09-11",
      "row_count": 3284
    },
    {
      "symbol": "WBS",
      "provider": "yfinance",
      "timeframe": "1d",
      "start": "1997-01-02",
      "end": "2026-08-13",
      "row_count": 7450
    },
    {
      "symbol": "LFUS",
      "provider": "yfinance",
      "timeframe": "1d",
      "start": "1997-01-02",
      "end": "2026-09-11",
      "row_count": 7457
    },
    {
      "symbol": "FHN",
      "provider": "yfinance",
      "timeframe": "1d",
      "start": "1997-01-02",
      "end": "2026-09-11",
      "row_count": 7457
    },
    {
      "symbol": "CR",
      "provider": "yfinance",
      "timeframe": "1d",
      "start": "2023-03-29",
      "end": "2026-09-11",
      "row_count": 853
    },
    {
      "symbol": "PNR",
      "provider": "yfinance",
      "timeframe": "1d",
      "start": "1997-01-02",
      "end": "2026-09-11",
      "row_count": 7470
    },
    {
      "symbol": "PAG",
      "provider": "yfinance",
      "timeframe": "1d",
      "start": "1997-01-02",
      "end": "2026-09-11",
      "row_count": 7457
    },
    {
      "symbol": "U",
      "provider": "yfinance",
      "timeframe": "1d",
      "start": "2020-09-18",
      "end": "2026-09-11",
      "row_count": 1489
    },
    {
      "symbol": "NYT",
      "provider": "yfinance",
      "timeframe": "1d",
      "start": "1997-01-02",
      "end": "2026-09-11",
      "row_count": 7457
    },
    {
      "symbol": "HAS",
      "provider": "yfinance",
      "timeframe": "1d",
      "start": "1997-01-02",
      "end": "2026-09-11",
      "row_count": 7470
    },
    {
      "symbol": "AGNC",
      "provider": "yfinance",
      "timeframe": "1d",
      "start": "2008-05-15",
      "end": "2026-09-11",
      "row_count": 4597
    },
    {
      "symbol": "AIT",
      "provider": "yfinance",
      "timeframe": "1d",
      "start": "1997-01-02",
      "end": "2026-09-11",
      "row_count": 7457
    },
    {
      "symbol": "TRMB",
      "provider": "yfinance",
      "timeframe": "1d",
      "start": "1997-01-02",
      "end": "2026-09-11",
      "row_count": 7470
    },
    {
      "symbol": "HII",
      "provider": "yfinance",
      "timeframe": "1d",
      "start": "2011-03-22",
      "end": "2026-09-11",
      "row_count": 3892
    },
    {
      "symbol": "CLX",
      "provider": "yfinance",
      "timeframe": "1d",
      "start": "1997-01-02",
      "end": "2026-09-11",
      "row_count": 7470
    },
    {
      "symbol": "BJ",
      "provider": "yfinance",
      "timeframe": "1d",
      "start": "2018-06-28",
      "end": "2026-09-11",
      "row_count": 2048
    },
    {
      "symbol": "ARW",
      "provider": "yfinance",
      "timeframe": "1d",
      "start": "1997-01-02",
      "end": "2026-09-11",
      "row_count": 7457
    },
    {
      "symbol": "CPT",
      "provider": "yfinance",
      "timeframe": "1d",
      "start": "1997-01-02",
      "end": "2026-09-11",
      "row_count": 7470
    },
    {
      "symbol": "BLD",
      "provider": "yfinance",
      "timeframe": "1d",
      "start": "2015-06-17",
      "end": "2026-07-02",
      "row_count": 2777
    },
    {
      "symbol": "SPXC",
      "provider": "yfinance",
      "timeframe": "1d",
      "start": "1997-01-02",
      "end": "2026-09-11",
      "row_count": 7456
    },
    {
      "symbol": "ALLE",
      "provider": "yfinance",
      "timeframe": "1d",
      "start": "2013-11-18",
      "end": "2026-09-11",
      "row_count": 3222
    },
    {
      "symbol": "BROS",
      "provider": "yfinance",
      "timeframe": "1d",
      "start": "2021-09-15",
      "end": "2026-09-11",
      "row_count": 1240
    },
    {
      "symbol": "MUSA",
      "provider": "yfinance",
      "timeframe": "1d",
      "start": "2013-08-19",
      "end": "2026-09-11",
      "row_count": 3272
    },
    {
      "symbol": "CACI",
      "provider": "yfinance",
      "timeframe": "1d",
      "start": "1997-01-02",
      "end": "2026-09-11",
      "row_count": 7457
    },
    {
      "symbol": "WLK",
      "provider": "yfinance",
      "timeframe": "1d",
      "start": "2004-08-12",
      "end": "2026-09-11",
      "row_count": 5543
    },
    {
      "symbol": "PINS",
      "provider": "yfinance",
      "timeframe": "1d",
      "start": "2019-04-18",
      "end": "2026-09-11",
      "row_count": 1846
    },
    {
      "symbol": "SF",
      "provider": "yfinance",
      "timeframe": "1d",
      "start": "1997-01-02",
      "end": "2026-09-11",
      "row_count": 7457
    },
    {
      "symbol": "AFG",
      "provider": "yfinance",
      "timeframe": "1d",
      "start": "1997-01-02",
      "end": "2026-09-11",
      "row_count": 7457
    },
    {
      "symbol": "WYNN",
      "provider": "yfinance",
      "timeframe": "1d",
      "start": "2002-10-25",
      "end": "2026-09-11",
      "row_count": 6007
    },
    {
      "symbol": "SWKS",
      "provider": "yfinance",
      "timeframe": "1d",
      "start": "1997-01-02",
      "end": "2026-09-11",
      "row_count": 7470
    },
    {
      "symbol": "WTS",
      "provider": "yfinance",
      "timeframe": "1d",
      "start": "1997-01-02",
      "end": "2026-09-11",
      "row_count": 7457
    },
    {
      "symbol": "RVTY",
      "provider": "yfinance",
      "timeframe": "1d",
      "start": "1997-01-02",
      "end": "2026-09-11",
      "row_count": 7470
    },
    {
      "symbol": "HUT",
      "provider": "yfinance",
      "timeframe": "1d",
      "start": "2018-03-08",
      "end": "2026-09-11",
      "row_count": 2127
    },
    {
      "symbol": "PL",
      "provider": "yfinance",
      "timeframe": "1d",
      "start": "2021-04-26",
      "end": "2026-09-11",
      "row_count": 1339
    },
    {
      "symbol": "MDGL",
      "provider": "yfinance",
      "timeframe": "1d",
      "start": "2007-02-06",
      "end": "2026-09-11",
      "row_count": 4918
    },
    {
      "symbol": "CCK",
      "provider": "yfinance",
      "timeframe": "1d",
      "start": "1997-01-02",
      "end": "2026-09-11",
      "row_count": 7457
    },
    {
      "symbol": "EGP",
      "provider": "yfinance",
      "timeframe": "1d",
      "start": "1997-01-02",
      "end": "2026-09-11",
      "row_count": 7456
    },
    {
      "symbol": "TXRH",
      "provider": "yfinance",
      "timeframe": "1d",
      "start": "2004-10-05",
      "end": "2026-09-11",
      "row_count": 5506
    },
    {
      "symbol": "FIVE",
      "provider": "yfinance",
      "timeframe": "1d",
      "start": "2012-07-19",
      "end": "2026-09-11",
      "row_count": 3543
    },
    {
      "symbol": "GMED",
      "provider": "yfinance",
      "timeframe": "1d",
      "start": "2012-08-03",
      "end": "2026-09-11",
      "row_count": 3531
    },
    {
      "symbol": "ZBRA",
      "provider": "yfinance",
      "timeframe": "1d",
      "start": "1997-01-02",
      "end": "2026-09-11",
      "row_count": 7470
    },
    {
      "symbol": "SMMT",
      "provider": "yfinance",
      "timeframe": "1d",
      "start": "2015-03-05",
      "end": "2026-09-11",
      "row_count": 2884
    },
    {
      "symbol": "FRT",
      "provider": "yfinance",
      "timeframe": "1d",
      "start": "1997-01-02",
      "end": "2026-09-11",
      "row_count": 7470
    },
    {
      "symbol": "FORM",
      "provider": "yfinance",
      "timeframe": "1d",
      "start": "2003-06-12",
      "end": "2026-09-11",
      "row_count": 5837
    },
    {
      "symbol": "R",
      "provider": "yfinance",
      "timeframe": "1d",
      "start": "1997-01-02",
      "end": "2026-09-11",
      "row_count": 7456
    },
    {
      "symbol": "KTOS",
      "provider": "yfinance",
      "timeframe": "1d",
      "start": "1999-11-05",
      "end": "2026-09-11",
      "row_count": 6739
    },
    {
      "symbol": "BMRN",
      "provider": "yfinance",
      "timeframe": "1d",
      "start": "1999-07-26",
      "end": "2026-09-11",
      "row_count": 6812
    },
    {
      "symbol": "AR",
      "provider": "yfinance",
      "timeframe": "1d",
      "start": "2013-10-10",
      "end": "2026-09-11",
      "row_count": 3235
    },
    {
      "symbol": "BAX",
      "provider": "yfinance",
      "timeframe": "1d",
      "start": "1997-01-02",
      "end": "2026-09-11",
      "row_count": 7470
    },
    {
      "symbol": "DPZ",
      "provider": "yfinance",
      "timeframe": "1d",
      "start": "2004-07-13",
      "end": "2026-09-11",
      "row_count": 5578
    },
    {
      "symbol": "SEIC",
      "provider": "yfinance",
      "timeframe": "1d",
      "start": "1997-01-02",
      "end": "2026-09-11",
      "row_count": 7457
    },
    {
      "symbol": "WTFC",
      "provider": "yfinance",
      "timeframe": "1d",
      "start": "1998-04-16",
      "end": "2026-09-11",
      "row_count": 7133
    },
    {
      "symbol": "POWL",
      "provider": "yfinance",
      "timeframe": "1d",
      "start": "1997-01-02",
      "end": "2026-09-11",
      "row_count": 7457
    },
    {
      "symbol": "ESI",
      "provider": "yfinance",
      "timeframe": "1d",
      "start": "2013-10-22",
      "end": "2026-09-11",
      "row_count": 3227
    },
    {
      "symbol": "WTRG",
      "provider": "yfinance",
      "timeframe": "1d",
      "start": "1997-01-02",
      "end": "2026-09-11",
      "row_count": 7457
    },
    {
      "symbol": "VMI",
      "provider": "yfinance",
      "timeframe": "1d",
      "start": "1997-01-02",
      "end": "2026-09-11",
      "row_count": 7457
    },
    {
      "symbol": "SCI",
      "provider": "yfinance",
      "timeframe": "1d",
      "start": "1997-01-02",
      "end": "2026-09-11",
      "row_count": 7457
    },
    {
      "symbol": "CAVA",
      "provider": "yfinance",
      "timeframe": "1d",
      "start": "2023-06-15",
      "end": "2026-09-11",
      "row_count": 800
    },
    {
      "symbol": "CGNX",
      "provider": "yfinance",
      "timeframe": "1d",
      "start": "1997-01-02",
      "end": "2026-09-11",
      "row_count": 7457
    },
    {
      "symbol": "BXP",
      "provider": "yfinance",
      "timeframe": "1d",
      "start": "1997-06-18",
      "end": "2026-09-11",
      "row_count": 7354
    },
    {
      "symbol": "SFD",
      "provider": "yfinance",
      "timeframe": "1d",
      "start": "2025-01-28",
      "end": "2026-09-11",
      "row_count": 395
    },
    {
      "symbol": "ARWR",
      "provider": "yfinance",
      "timeframe": "1d",
      "start": "1997-01-02",
      "end": "2026-09-11",
      "row_count": 7457
    },
    {
      "symbol": "AES",
      "provider": "yfinance",
      "timeframe": "1d",
      "start": "1997-01-02",
      "end": "2026-09-11",
      "row_count": 7470
    },
    {
      "symbol": "GSAT",
      "provider": "yfinance",
      "timeframe": "1d",
      "start": "2006-11-02",
      "end": "2026-09-11",
      "row_count": 4981
    },
    {
      "symbol": "MOH",
      "provider": "yfinance",
      "timeframe": "1d",
      "start": "2003-07-02",
      "end": "2026-09-11",
      "row_count": 5823
    },
    {
      "symbol": "AAON",
      "provider": "yfinance",
      "timeframe": "1d",
      "start": "1997-01-02",
      "end": "2026-09-11",
      "row_count": 7457
    },
    {
      "symbol": "BPOP",
      "provider": "yfinance",
      "timeframe": "1d",
      "start": "1997-01-02",
      "end": "2026-09-11",
      "row_count": 7457
    },
    {
      "symbol": "GWRE",
      "provider": "yfinance",
      "timeframe": "1d",
      "start": "2012-01-25",
      "end": "2026-09-11",
      "row_count": 3666
    },
    {
      "symbol": "JHX",
      "provider": "yfinance",
      "timeframe": "1d",
      "start": "2001-10-22",
      "end": "2026-09-11",
      "row_count": 6249
    },
    {
      "symbol": "PODD",
      "provider": "yfinance",
      "timeframe": "1d",
      "start": "2007-05-15",
      "end": "2026-09-11",
      "row_count": 4863
    },
    {
      "symbol": "SNEX",
      "provider": "yfinance",
      "timeframe": "1d",
      "start": "1997-01-02",
      "end": "2026-09-11",
      "row_count": 7457
    },
    {
      "symbol": "WMS",
      "provider": "yfinance",
      "timeframe": "1d",
      "start": "2014-07-25",
      "end": "2026-09-11",
      "row_count": 3037
    },
    {
      "symbol": "AM",
      "provider": "yfinance",
      "timeframe": "1d",
      "start": "2017-05-04",
      "end": "2026-09-11",
      "row_count": 2338
    },
    {
      "symbol": "UMBF",
      "provider": "yfinance",
      "timeframe": "1d",
      "start": "1997-01-02",
      "end": "2026-09-11",
      "row_count": 7457
    },
    {
      "symbol": "HL",
      "provider": "yfinance",
      "timeframe": "1d",
      "start": "1997-01-02",
      "end": "2026-09-11",
      "row_count": 7457
    },
    {
      "symbol": "MP",
      "provider": "yfinance",
      "timeframe": "1d",
      "start": "2020-06-22",
      "end": "2026-09-11",
      "row_count": 1551
    },
    {
      "symbol": "W",
      "provider": "yfinance",
      "timeframe": "1d",
      "start": "2014-10-02",
      "end": "2026-09-11",
      "row_count": 2989
    },
    {
      "symbol": "LINE",
      "provider": "yfinance",
      "timeframe": "1d",
      "start": "2024-07-25",
      "end": "2026-09-11",
      "row_count": 521
    },
    {
      "symbol": "GDDY",
      "provider": "yfinance",
      "timeframe": "1d",
      "start": "2015-03-31",
      "end": "2026-09-11",
      "row_count": 2880
    },
    {
      "symbol": "EHC",
      "provider": "yfinance",
      "timeframe": "1d",
      "start": "1997-01-02",
      "end": "2026-09-11",
      "row_count": 7457
    },
    {
      "symbol": "RIOT",
      "provider": "yfinance",
      "timeframe": "1d",
      "start": "2016-03-31",
      "end": "2026-09-11",
      "row_count": 2615
    },
    {
      "symbol": "CIFR",
      "provider": "yfinance",
      "timeframe": "1d",
      "start": "2020-10-20",
      "end": "2026-09-11",
      "row_count": 1467
    },
    {
      "symbol": "DCI",
      "provider": "yfinance",
      "timeframe": "1d",
      "start": "1997-01-02",
      "end": "2026-09-11",
      "row_count": 7457
    },
    {
      "symbol": "OKLO",
      "provider": "yfinance",
      "timeframe": "1d",
      "start": "2021-07-08",
      "end": "2026-09-11",
      "row_count": 1288
    },
    {
      "symbol": "BRX",
      "provider": "yfinance",
      "timeframe": "1d",
      "start": "2013-10-30",
      "end": "2026-09-11",
      "row_count": 3221
    },
    {
      "symbol": "FLS",
      "provider": "yfinance",
      "timeframe": "1d",
      "start": "1997-01-02",
      "end": "2026-09-11",
      "row_count": 7457
    },
    {
      "symbol": "IT",
      "provider": "yfinance",
      "timeframe": "1d",
      "start": "1997-01-02",
      "end": "2026-09-11",
      "row_count": 7470
    },
    {
      "symbol": "AAL",
      "provider": "yfinance",
      "timeframe": "1d",
      "start": "2005-09-27",
      "end": "2026-09-11",
      "row_count": 5259
    },
    {
      "symbol": "GTLS",
      "provider": "yfinance",
      "timeframe": "1d",
      "start": "2006-07-26",
      "end": "2026-07-16",
      "row_count": 5024
    },
    {
      "symbol": "ZION",
      "provider": "yfinance",
      "timeframe": "1d",
      "start": "1997-01-02",
      "end": "2026-09-11",
      "row_count": 7457
    },
    {
      "symbol": "OGE",
      "provider": "yfinance",
      "timeframe": "1d",
      "start": "1997-01-02",
      "end": "2026-09-11",
      "row_count": 7457
    },
    {
      "symbol": "FCFS",
      "provider": "yfinance",
      "timeframe": "1d",
      "start": "1997-01-02",
      "end": "2026-09-11",
      "row_count": 7457
    },
    {
      "symbol": "OC",
      "provider": "yfinance",
      "timeframe": "1d",
      "start": "2006-11-01",
      "end": "2026-09-11",
      "row_count": 4982
    },
    {
      "symbol": "GME",
      "provider": "yfinance",
      "timeframe": "1d",
      "start": "2002-02-13",
      "end": "2026-09-11",
      "row_count": 6170
    },
    {
      "symbol": "NUVL",
      "provider": "yfinance",
      "timeframe": "1d",
      "start": "2021-07-29",
      "end": "2026-07-21",
      "row_count": 1249
    },
    {
      "symbol": "ALSN",
      "provider": "yfinance",
      "timeframe": "1d",
      "start": "2012-03-15",
      "end": "2026-09-11",
      "row_count": 3631
    },
    {
      "symbol": "ONB",
      "provider": "yfinance",
      "timeframe": "1d",
      "start": "1997-01-02",
      "end": "2026-09-11",
      "row_count": 7457
    },
    {
      "symbol": "CART",
      "provider": "yfinance",
      "timeframe": "1d",
      "start": "2023-09-19",
      "end": "2026-09-11",
      "row_count": 734
    },
    {
      "symbol": "SSB",
      "provider": "yfinance",
      "timeframe": "1d",
      "start": "1997-01-28",
      "end": "2026-09-11",
      "row_count": 7439
    },
    {
      "symbol": "HUBS",
      "provider": "yfinance",
      "timeframe": "1d",
      "start": "2014-10-09",
      "end": "2026-09-11",
      "row_count": 2984
    },
    {
      "symbol": "VSAT",
      "provider": "yfinance",
      "timeframe": "1d",
      "start": "1997-01-02",
      "end": "2026-09-11",
      "row_count": 7457
    },
    {
      "symbol": "DDS",
      "provider": "yfinance",
      "timeframe": "1d",
      "start": "1997-01-02",
      "end": "2026-09-11",
      "row_count": 7457
    },
    {
      "symbol": "TKR",
      "provider": "yfinance",
      "timeframe": "1d",
      "start": "1997-01-02",
      "end": "2026-09-11",
      "row_count": 7457
    },
    {
      "symbol": "HLI",
      "provider": "yfinance",
      "timeframe": "1d",
      "start": "2015-08-13",
      "end": "2026-09-11",
      "row_count": 2772
    },
    {
      "symbol": "CYTK",
      "provider": "yfinance",
      "timeframe": "1d",
      "start": "2004-04-30",
      "end": "2026-09-11",
      "row_count": 5614
    },
    {
      "symbol": "CUBE",
      "provider": "yfinance",
      "timeframe": "1d",
      "start": "2004-10-22",
      "end": "2026-09-11",
      "row_count": 5492
    },
    {
      "symbol": "MASI",
      "provider": "yfinance",
      "timeframe": "1d",
      "start": "2007-08-08",
      "end": "2026-06-12",
      "row_count": 4741
    },
    {
      "symbol": "CNM",
      "provider": "yfinance",
      "timeframe": "1d",
      "start": "2021-07-22",
      "end": "2026-09-11",
      "row_count": 1277
    },
    {
      "symbol": "RYAN",
      "provider": "yfinance",
      "timeframe": "1d",
      "start": "2021-07-22",
      "end": "2026-09-11",
      "row_count": 1277
    },
    {
      "symbol": "ORI",
      "provider": "yfinance",
      "timeframe": "1d",
      "start": "1997-01-02",
      "end": "2026-09-11",
      "row_count": 7457
    },
    {
      "symbol": "ALGM",
      "provider": "yfinance",
      "timeframe": "1d",
      "start": "2020-10-29",
      "end": "2026-09-11",
      "row_count": 1460
    },
    {
      "symbol": "KRYS",
      "provider": "yfinance",
      "timeframe": "1d",
      "start": "2017-09-20",
      "end": "2026-09-11",
      "row_count": 2242
    },
    {
      "symbol": "AMG",
      "provider": "yfinance",
      "timeframe": "1d",
      "start": "1997-11-21",
      "end": "2026-09-11",
      "row_count": 7231
    },
    {
      "symbol": "BSY",
      "provider": "yfinance",
      "timeframe": "1d",
      "start": "2020-09-23",
      "end": "2026-09-11",
      "row_count": 1485
    },
    {
      "symbol": "CFR",
      "provider": "yfinance",
      "timeframe": "1d",
      "start": "1997-01-02",
      "end": "2026-09-11",
      "row_count": 7457
    },
    {
      "symbol": "LGN",
      "provider": "yfinance",
      "timeframe": "1d",
      "start": "2025-09-12",
      "end": "2026-09-11",
      "row_count": 237
    },
    {
      "symbol": "BAH",
      "provider": "yfinance",
      "timeframe": "1d",
      "start": "2010-11-18",
      "end": "2026-09-11",
      "row_count": 3963
    },
    {
      "symbol": "ARE",
      "provider": "yfinance",
      "timeframe": "1d",
      "start": "1997-05-28",
      "end": "2026-09-11",
      "row_count": 7369
    },
    {
      "symbol": "SIRI",
      "provider": "yfinance",
      "timeframe": "1d",
      "start": "1997-01-02",
      "end": "2026-09-11",
      "row_count": 7457
    },
    {
      "symbol": "MSGS",
      "provider": "yfinance",
      "timeframe": "1d",
      "start": "2015-09-17",
      "end": "2026-09-11",
      "row_count": 2748
    },
    {
      "symbol": "HSIC",
      "provider": "yfinance",
      "timeframe": "1d",
      "start": "1997-01-02",
      "end": "2026-09-11",
      "row_count": 7470
    },
    {
      "symbol": "WAL",
      "provider": "yfinance",
      "timeframe": "1d",
      "start": "2005-07-01",
      "end": "2026-09-11",
      "row_count": 5318
    },
    {
      "symbol": "JKHY",
      "provider": "yfinance",
      "timeframe": "1d",
      "start": "1997-01-02",
      "end": "2026-09-11",
      "row_count": 7470
    },
    {
      "symbol": "ADC",
      "provider": "yfinance",
      "timeframe": "1d",
      "start": "1997-01-02",
      "end": "2026-09-11",
      "row_count": 7457
    },
    {
      "symbol": "RRC",
      "provider": "yfinance",
      "timeframe": "1d",
      "start": "1997-01-02",
      "end": "2026-09-11",
      "row_count": 7457
    },
    {
      "symbol": "COLB",
      "provider": "yfinance",
      "timeframe": "1d",
      "start": "1997-01-02",
      "end": "2026-09-11",
      "row_count": 7457
    },
    {
      "symbol": "TTD",
      "provider": "yfinance",
      "timeframe": "1d",
      "start": "2016-09-21",
      "end": "2026-09-11",
      "row_count": 2507
    },
    {
      "symbol": "DAR",
      "provider": "yfinance",
      "timeframe": "1d",
      "start": "1997-01-02",
      "end": "2026-09-11",
      "row_count": 7457
    },
    {
      "symbol": "CRL",
      "provider": "yfinance",
      "timeframe": "1d",
      "start": "2000-06-23",
      "end": "2026-09-11",
      "row_count": 6593
    },
    {
      "symbol": "AYI",
      "provider": "yfinance",
      "timeframe": "1d",
      "start": "2001-12-03",
      "end": "2026-09-11",
      "row_count": 6220
    },
    {
      "symbol": "ACM",
      "provider": "yfinance",
      "timeframe": "1d",
      "start": "2007-05-10",
      "end": "2026-09-11",
      "row_count": 4853
    },
    {
      "symbol": "JOBY",
      "provider": "yfinance",
      "timeframe": "1d",
      "start": "2020-11-09",
      "end": "2026-09-11",
      "row_count": 1453
    },
    {
      "symbol": "BIRK",
      "provider": "yfinance",
      "timeframe": "1d",
      "start": "2023-10-11",
      "end": "2026-09-11",
      "row_count": 718
    },
    {
      "symbol": "AGX",
      "provider": "yfinance",
      "timeframe": "1d",
      "start": "1997-01-02",
      "end": "2026-09-11",
      "row_count": 7457
    },
    {
      "symbol": "SARO",
      "provider": "yfinance",
      "timeframe": "1d",
      "start": "2024-10-02",
      "end": "2026-09-11",
      "row_count": 473
    },
    {
      "symbol": "VIRT",
      "provider": "yfinance",
      "timeframe": "1d",
      "start": "2015-04-16",
      "end": "2026-09-11",
      "row_count": 2855
    },
    {
      "symbol": "NCLH",
      "provider": "yfinance",
      "timeframe": "1d",
      "start": "2013-01-18",
      "end": "2026-09-11",
      "row_count": 3432
    },
    {
      "symbol": "CORT",
      "provider": "yfinance",
      "timeframe": "1d",
      "start": "2004-04-14",
      "end": "2026-09-11",
      "row_count": 5626
    },
    {
      "symbol": "UHS",
      "provider": "yfinance",
      "timeframe": "1d",
      "start": "1997-01-02",
      "end": "2026-09-11",
      "row_count": 7470
    },
    {
      "symbol": "NNN",
      "provider": "yfinance",
      "timeframe": "1d",
      "start": "1997-01-02",
      "end": "2026-09-11",
      "row_count": 7457
    },
    {
      "symbol": "TTC",
      "provider": "yfinance",
      "timeframe": "1d",
      "start": "1997-01-02",
      "end": "2026-09-11",
      "row_count": 7457
    },
    {
      "symbol": "PRI",
      "provider": "yfinance",
      "timeframe": "1d",
      "start": "2010-04-01",
      "end": "2026-09-11",
      "row_count": 4124
    },
    {
      "symbol": "FDS",
      "provider": "yfinance",
      "timeframe": "1d",
      "start": "1997-01-02",
      "end": "2026-09-11",
      "row_count": 7470
    },
    {
      "symbol": "CORZ",
      "provider": "yfinance",
      "timeframe": "1d",
      "start": "2024-01-24",
      "end": "2026-09-11",
      "row_count": 648
    },
    {
      "symbol": "PRMB",
      "provider": "yfinance",
      "timeframe": "1d",
      "start": "1997-01-02",
      "end": "2026-09-11",
      "row_count": 7457
    },
    {
      "symbol": "DOCU",
      "provider": "yfinance",
      "timeframe": "1d",
      "start": "2018-04-27",
      "end": "2026-09-11",
      "row_count": 2092
    },
    {
      "symbol": "LUMN",
      "provider": "yfinance",
      "timeframe": "1d",
      "start": "1997-01-02",
      "end": "2026-09-11",
      "row_count": 7457
    },
    {
      "symbol": "ENSG",
      "provider": "yfinance",
      "timeframe": "1d",
      "start": "2007-11-09",
      "end": "2026-09-11",
      "row_count": 4725
    },
    {
      "symbol": "CTRE",
      "provider": "yfinance",
      "timeframe": "1d",
      "start": "2014-05-29",
      "end": "2026-09-11",
      "row_count": 3078
    },
    {
      "symbol": "QRVO",
      "provider": "yfinance",
      "timeframe": "1d",
      "start": "2015-01-02",
      "end": "2026-09-11",
      "row_count": 2926
    },
    {
      "symbol": "QBTS",
      "provider": "yfinance",
      "timeframe": "1d",
      "start": "2020-12-11",
      "end": "2026-09-11",
      "row_count": 1430
    },
    {
      "symbol": "AVAV",
      "provider": "yfinance",
      "timeframe": "1d",
      "start": "2007-01-23",
      "end": "2026-09-11",
      "row_count": 4928
    },
    {
      "symbol": "CMC",
      "provider": "yfinance",
      "timeframe": "1d",
      "start": "1997-01-02",
      "end": "2026-09-11",
      "row_count": 7457
    },
    {
      "symbol": "EMN",
      "provider": "yfinance",
      "timeframe": "1d",
      "start": "1997-01-02",
      "end": "2026-09-11",
      "row_count": 7457
    },
    {
      "symbol": "TEM",
      "provider": "yfinance",
      "timeframe": "1d",
      "start": "2024-06-14",
      "end": "2026-09-11",
      "row_count": 549
    },
    {
      "symbol": "OSCR",
      "provider": "yfinance",
      "timeframe": "1d",
      "start": "2021-03-03",
      "end": "2026-09-11",
      "row_count": 1376
    },
    {
      "symbol": "ORA",
      "provider": "yfinance",
      "timeframe": "1d",
      "start": "2004-11-11",
      "end": "2026-09-11",
      "row_count": 5479
    },
    {
      "symbol": "FRHC",
      "provider": "yfinance",
      "timeframe": "1d",
      "start": "2018-02-07",
      "end": "2026-09-11",
      "row_count": 2146
    },
    {
      "symbol": "MANH",
      "provider": "yfinance",
      "timeframe": "1d",
      "start": "1998-04-23",
      "end": "2026-09-11",
      "row_count": 7128
    },
    {
      "symbol": "TECH",
      "provider": "yfinance",
      "timeframe": "1d",
      "start": "1997-01-02",
      "end": "2026-09-11",
      "row_count": 7470
    },
    {
      "symbol": "FR",
      "provider": "yfinance",
      "timeframe": "1d",
      "start": "1997-01-02",
      "end": "2026-09-11",
      "row_count": 7457
    },
    {
      "symbol": "OSK",
      "provider": "yfinance",
      "timeframe": "1d",
      "start": "1997-01-02",
      "end": "2026-09-11",
      "row_count": 7457
    },
    {
      "symbol": "BLDR",
      "provider": "yfinance",
      "timeframe": "1d",
      "start": "2005-06-28",
      "end": "2026-09-11",
      "row_count": 5335
    },
    {
      "symbol": "CRUS",
      "provider": "yfinance",
      "timeframe": "1d",
      "start": "1997-01-02",
      "end": "2026-09-11",
      "row_count": 7457
    },
    {
      "symbol": "VOYA",
      "provider": "yfinance",
      "timeframe": "1d",
      "start": "2013-05-02",
      "end": "2026-09-11",
      "row_count": 3347
    },
    {
      "symbol": "SAIL",
      "provider": "yfinance",
      "timeframe": "1d",
      "start": "2025-02-13",
      "end": "2026-09-11",
      "row_count": 383
    },
    {
      "symbol": "XP",
      "provider": "yfinance",
      "timeframe": "1d",
      "start": "2019-12-11",
      "end": "2026-09-11",
      "row_count": 1682
    },
    {
      "symbol": "BRKR",
      "provider": "yfinance",
      "timeframe": "1d",
      "start": "2000-08-04",
      "end": "2026-09-11",
      "row_count": 6551
    },
    {
      "symbol": "HALO",
      "provider": "yfinance",
      "timeframe": "1d",
      "start": "2004-03-16",
      "end": "2026-09-11",
      "row_count": 5646
    },
    {
      "symbol": "ENS",
      "provider": "yfinance",
      "timeframe": "1d",
      "start": "2004-08-02",
      "end": "2026-09-11",
      "row_count": 5551
    },
    {
      "symbol": "BOKF",
      "provider": "yfinance",
      "timeframe": "1d",
      "start": "1997-01-02",
      "end": "2026-09-11",
      "row_count": 7457
    },
    {
      "symbol": "AGCO",
      "provider": "yfinance",
      "timeframe": "1d",
      "start": "1997-01-02",
      "end": "2026-09-11",
      "row_count": 7456
    },
    {
      "symbol": "AOS",
      "provider": "yfinance",
      "timeframe": "1d",
      "start": "1997-01-02",
      "end": "2026-09-11",
      "row_count": 7470
    },
    {
      "symbol": "MTCH",
      "provider": "yfinance",
      "timeframe": "1d",
      "start": "1997-01-02",
      "end": "2026-09-11",
      "row_count": 7457
    },
    {
      "symbol": "CBSH",
      "provider": "yfinance",
      "timeframe": "1d",
      "start": "1997-01-02",
      "end": "2026-09-11",
      "row_count": 7457
    },
    {
      "symbol": "ESE",
      "provider": "yfinance",
      "timeframe": "1d",
      "start": "1997-01-02",
      "end": "2026-09-11",
      "row_count": 7457
    },
    {
      "symbol": "SFM",
      "provider": "yfinance",
      "timeframe": "1d",
      "start": "2013-08-01",
      "end": "2026-09-11",
      "row_count": 3284
    },
    {
      "symbol": "VLY",
      "provider": "yfinance",
      "timeframe": "1d",
      "start": "1997-01-02",
      "end": "2026-09-11",
      "row_count": 7457
    },
    {
      "symbol": "VSH",
      "provider": "yfinance",
      "timeframe": "1d",
      "start": "1997-01-02",
      "end": "2026-09-11",
      "row_count": 7457
    },
    {
      "symbol": "ZWS",
      "provider": "yfinance",
      "timeframe": "1d",
      "start": "2012-03-29",
      "end": "2026-09-11",
      "row_count": 3620
    },
    {
      "symbol": "JHG",
      "provider": "yfinance",
      "timeframe": "1d",
      "start": "2017-05-30",
      "end": "2026-07-02",
      "row_count": 2286
    },
    {
      "symbol": "SSD",
      "provider": "yfinance",
      "timeframe": "1d",
      "start": "1997-01-02",
      "end": "2026-09-11",
      "row_count": 7456
    },
    {
      "symbol": "IDA",
      "provider": "yfinance",
      "timeframe": "1d",
      "start": "1997-01-02",
      "end": "2026-09-11",
      "row_count": 7457
    },
    {
      "symbol": "REXR",
      "provider": "yfinance",
      "timeframe": "1d",
      "start": "2013-07-19",
      "end": "2026-09-11",
      "row_count": 3293
    },
    {
      "symbol": "CHWY",
      "provider": "yfinance",
      "timeframe": "1d",
      "start": "2019-06-14",
      "end": "2026-09-11",
      "row_count": 1807
    },
    {
      "symbol": "PLXS",
      "provider": "yfinance",
      "timeframe": "1d",
      "start": "1997-01-02",
      "end": "2026-09-11",
      "row_count": 7457
    },
    {
      "symbol": "GAP",
      "provider": "yfinance",
      "timeframe": "1d",
      "start": "1997-01-02",
      "end": "2026-09-11",
      "row_count": 7457
    },
    {
      "symbol": "CLF",
      "provider": "yfinance",
      "timeframe": "1d",
      "start": "1997-01-02",
      "end": "2026-09-11",
      "row_count": 7457
    },
    {
      "symbol": "RHP",
      "provider": "yfinance",
      "timeframe": "1d",
      "start": "1997-01-02",
      "end": "2026-09-11",
      "row_count": 7456
    },
    {
      "symbol": "KNTK",
      "provider": "yfinance",
      "timeframe": "1d",
      "start": "2018-11-13",
      "end": "2026-09-11",
      "row_count": 1952
    },
    {
      "symbol": "CWEN",
      "provider": "yfinance",
      "timeframe": "1d",
      "start": "2015-05-15",
      "end": "2026-09-11",
      "row_count": 2833
    },
    {
      "symbol": "KEX",
      "provider": "yfinance",
      "timeframe": "1d",
      "start": "1997-01-02",
      "end": "2026-09-11",
      "row_count": 7457
    },
    {
      "symbol": "NEU",
      "provider": "yfinance",
      "timeframe": "1d",
      "start": "1997-01-02",
      "end": "2026-09-11",
      "row_count": 7457
    },
    {
      "symbol": "BIO",
      "provider": "yfinance",
      "timeframe": "1d",
      "start": "1997-01-02",
      "end": "2026-09-11",
      "row_count": 7457
    },
    {
      "symbol": "QGEN",
      "provider": "yfinance",
      "timeframe": "1d",
      "start": "1997-01-02",
      "end": "2026-09-11",
      "row_count": 7457
    },
    {
      "symbol": "LTH",
      "provider": "yfinance",
      "timeframe": "1d",
      "start": "2021-10-07",
      "end": "2026-09-11",
      "row_count": 1224
    },
    {
      "symbol": "ACI",
      "provider": "yfinance",
      "timeframe": "1d",
      "start": "2020-06-26",
      "end": "2026-09-11",
      "row_count": 1547
    },
    {
      "symbol": "CHRD",
      "provider": "yfinance",
      "timeframe": "1d",
      "start": "2010-06-17",
      "end": "2026-09-11",
      "row_count": 4071
    },
    {
      "symbol": "LSTR",
      "provider": "yfinance",
      "timeframe": "1d",
      "start": "1997-01-02",
      "end": "2026-09-11",
      "row_count": 7457
    },
    {
      "symbol": "ECG",
      "provider": "yfinance",
      "timeframe": "1d",
      "start": "2024-10-28",
      "end": "2026-09-11",
      "row_count": 455
    },
    {
      "symbol": "NOV",
      "provider": "yfinance",
      "timeframe": "1d",
      "start": "1997-01-02",
      "end": "2026-09-11",
      "row_count": 7457
    },
    {
      "symbol": "TGTX",
      "provider": "yfinance",
      "timeframe": "1d",
      "start": "2010-05-03",
      "end": "2026-09-11",
      "row_count": 4103
    },
    {
      "symbol": "JXN",
      "provider": "yfinance",
      "timeframe": "1d",
      "start": "2021-09-01",
      "end": "2026-09-11",
      "row_count": 1248
    },
    {
      "symbol": "MXL",
      "provider": "yfinance",
      "timeframe": "1d",
      "start": "2010-03-24",
      "end": "2026-09-11",
      "row_count": 4130
    },
    {
      "symbol": "ATR",
      "provider": "yfinance",
      "timeframe": "1d",
      "start": "1997-01-02",
      "end": "2026-09-11",
      "row_count": 7457
    },
    {
      "symbol": "UGI",
      "provider": "yfinance",
      "timeframe": "1d",
      "start": "1997-01-02",
      "end": "2026-09-11",
      "row_count": 7457
    },
    {
      "symbol": "NE",
      "provider": "yfinance",
      "timeframe": "1d",
      "start": "2021-06-09",
      "end": "2026-09-11",
      "row_count": 1307
    },
    {
      "symbol": "AXS",
      "provider": "yfinance",
      "timeframe": "1d",
      "start": "2003-07-01",
      "end": "2026-09-11",
      "row_count": 5824
    },
    {
      "symbol": "SM",
      "provider": "yfinance",
      "timeframe": "1d",
      "start": "1997-01-02",
      "end": "2026-09-11",
      "row_count": 7456
    },
    {
      "symbol": "CELH",
      "provider": "yfinance",
      "timeframe": "1d",
      "start": "2007-01-22",
      "end": "2026-09-11",
      "row_count": 4929
    },
    {
      "symbol": "GKOS",
      "provider": "yfinance",
      "timeframe": "1d",
      "start": "2015-06-25",
      "end": "2026-09-11",
      "row_count": 2806
    },
    {
      "symbol": "IBRX",
      "provider": "yfinance",
      "timeframe": "1d",
      "start": "2015-07-28",
      "end": "2026-09-11",
      "row_count": 2785
    },
    {
      "symbol": "PRAX",
      "provider": "yfinance",
      "timeframe": "1d",
      "start": "2020-10-16",
      "end": "2026-09-11",
      "row_count": 1468
    },
    {
      "symbol": "AVT",
      "provider": "yfinance",
      "timeframe": "1d",
      "start": "1997-01-02",
      "end": "2026-09-11",
      "row_count": 7457
    },
    {
      "symbol": "STAG",
      "provider": "yfinance",
      "timeframe": "1d",
      "start": "2011-04-15",
      "end": "2026-09-11",
      "row_count": 3861
    },
    {
      "symbol": "RAL",
      "provider": "yfinance",
      "timeframe": "1d",
      "start": "2025-06-25",
      "end": "2026-09-11",
      "row_count": 292
    },
    {
      "symbol": "TAP",
      "provider": "yfinance",
      "timeframe": "1d",
      "start": "1997-01-02",
      "end": "2026-09-11",
      "row_count": 7470
    },
    {
      "symbol": "HQY",
      "provider": "yfinance",
      "timeframe": "1d",
      "start": "2014-07-31",
      "end": "2026-09-11",
      "row_count": 3033
    },
    {
      "symbol": "ALKS",
      "provider": "yfinance",
      "timeframe": "1d",
      "start": "1997-01-02",
      "end": "2026-09-11",
      "row_count": 7457
    },
    {
      "symbol": "TTEK",
      "provider": "yfinance",
      "timeframe": "1d",
      "start": "1997-01-02",
      "end": "2026-09-11",
      "row_count": 7457
    },
    {
      "symbol": "ZG",
      "provider": "yfinance",
      "timeframe": "1d",
      "start": "2011-07-20",
      "end": "2026-09-11",
      "row_count": 3796
    },
    {
      "symbol": "NFG",
      "provider": "yfinance",
      "timeframe": "1d",
      "start": "1997-01-02",
      "end": "2026-09-11",
      "row_count": 7457
    },
    {
      "symbol": "HXL",
      "provider": "yfinance",
      "timeframe": "1d",
      "start": "1997-01-02",
      "end": "2026-09-11",
      "row_count": 7457
    },
    {
      "symbol": "RGEN",
      "provider": "yfinance",
      "timeframe": "1d",
      "start": "1997-01-02",
      "end": "2026-09-11",
      "row_count": 7457
    },
    {
      "symbol": "IDCC",
      "provider": "yfinance",
      "timeframe": "1d",
      "start": "1997-01-02",
      "end": "2026-09-11",
      "row_count": 7457
    },
    {
      "symbol": "ST",
      "provider": "yfinance",
      "timeframe": "1d",
      "start": "2010-03-11",
      "end": "2026-09-11",
      "row_count": 4139
    },
    {
      "symbol": "PB",
      "provider": "yfinance",
      "timeframe": "1d",
      "start": "1998-11-12",
      "end": "2026-09-11",
      "row_count": 6985
    },
    {
      "symbol": "Z",
      "provider": "yfinance",
      "timeframe": "1d",
      "start": "2015-08-03",
      "end": "2026-09-11",
      "row_count": 2781
    },
    {
      "symbol": "WFRD",
      "provider": "yfinance",
      "timeframe": "1d",
      "start": "2021-01-04",
      "end": "2026-09-11",
      "row_count": 1415
    },
    {
      "symbol": "TEX",
      "provider": "yfinance",
      "timeframe": "1d",
      "start": "1997-01-02",
      "end": "2026-09-11",
      "row_count": 7457
    },
    {
      "symbol": "KMX",
      "provider": "yfinance",
      "timeframe": "1d",
      "start": "1997-02-04",
      "end": "2026-09-11",
      "row_count": 7434
    },
    {
      "symbol": "LEA",
      "provider": "yfinance",
      "timeframe": "1d",
      "start": "2009-11-09",
      "end": "2026-09-11",
      "row_count": 4222
    },
    {
      "symbol": "CWAN",
      "provider": "yfinance",
      "timeframe": "1d",
      "start": "2021-09-24",
      "end": "2026-07-02",
      "row_count": 1197
    },
    {
      "symbol": "SLAB",
      "provider": "yfinance",
      "timeframe": "1d",
      "start": "2000-03-24",
      "end": "2026-09-11",
      "row_count": 6643
    },
    {
      "symbol": "MRCY",
      "provider": "yfinance",
      "timeframe": "1d",
      "start": "1998-01-30",
      "end": "2026-09-11",
      "row_count": 7185
    },
    {
      "symbol": "MAC",
      "provider": "yfinance",
      "timeframe": "1d",
      "start": "1997-01-02",
      "end": "2026-09-11",
      "row_count": 7457
    },
    {
      "symbol": "MOS",
      "provider": "yfinance",
      "timeframe": "1d",
      "start": "1997-01-02",
      "end": "2026-09-11",
      "row_count": 7470
    },
    {
      "symbol": "VNO",
      "provider": "yfinance",
      "timeframe": "1d",
      "start": "1997-01-02",
      "end": "2026-09-11",
      "row_count": 7457
    },
    {
      "symbol": "ENPH",
      "provider": "yfinance",
      "timeframe": "1d",
      "start": "2012-03-30",
      "end": "2026-09-11",
      "row_count": 3620
    },
    {
      "symbol": "KNSL",
      "provider": "yfinance",
      "timeframe": "1d",
      "start": "2016-07-28",
      "end": "2026-09-11",
      "row_count": 2531
    },
    {
      "symbol": "HR",
      "provider": "yfinance",
      "timeframe": "1d",
      "start": "1997-01-02",
      "end": "2026-09-11",
      "row_count": 7456
    },
    {
      "symbol": "MIDD",
      "provider": "yfinance",
      "timeframe": "1d",
      "start": "1997-01-02",
      "end": "2026-09-11",
      "row_count": 7457
    },
    {
      "symbol": "PPC",
      "provider": "yfinance",
      "timeframe": "1d",
      "start": "1997-01-02",
      "end": "2026-09-11",
      "row_count": 7457
    },
    {
      "symbol": "TRNO",
      "provider": "yfinance",
      "timeframe": "1d",
      "start": "2010-02-10",
      "end": "2026-09-11",
      "row_count": 4159
    },
    {
      "symbol": "LAD",
      "provider": "yfinance",
      "timeframe": "1d",
      "start": "1997-01-02",
      "end": "2026-09-11",
      "row_count": 7457
    },
    {
      "symbol": "LNC",
      "provider": "yfinance",
      "timeframe": "1d",
      "start": "1997-01-02",
      "end": "2026-09-11",
      "row_count": 7456
    },
    {
      "symbol": "POOL",
      "provider": "yfinance",
      "timeframe": "1d",
      "start": "1997-01-02",
      "end": "2026-09-11",
      "row_count": 7470
    },
    {
      "symbol": "KYMR",
      "provider": "yfinance",
      "timeframe": "1d",
      "start": "2020-08-21",
      "end": "2026-09-11",
      "row_count": 1507
    },
    {
      "symbol": "FLR",
      "provider": "yfinance",
      "timeframe": "1d",
      "start": "2000-12-01",
      "end": "2026-09-11",
      "row_count": 6468
    },
    {
      "symbol": "AXTA",
      "provider": "yfinance",
      "timeframe": "1d",
      "start": "2014-11-12",
      "end": "2026-09-11",
      "row_count": 2960
    },
    {
      "symbol": "NPO",
      "provider": "yfinance",
      "timeframe": "1d",
      "start": "2002-05-24",
      "end": "2026-09-11",
      "row_count": 6101
    },
    {
      "symbol": "PTGX",
      "provider": "yfinance",
      "timeframe": "1d",
      "start": "2016-08-11",
      "end": "2026-09-11",
      "row_count": 2521
    },
    {
      "symbol": "SYRE",
      "provider": "yfinance",
      "timeframe": "1d",
      "start": "2016-04-07",
      "end": "2026-09-11",
      "row_count": 2610
    },
    {
      "symbol": "RGTI",
      "provider": "yfinance",
      "timeframe": "1d",
      "start": "2021-04-22",
      "end": "2026-09-11",
      "row_count": 1341
    },
    {
      "symbol": "KGS",
      "provider": "yfinance",
      "timeframe": "1d",
      "start": "2023-06-29",
      "end": "2026-09-11",
      "row_count": 790
    },
    {
      "symbol": "MYRG",
      "provider": "yfinance",
      "timeframe": "1d",
      "start": "2008-08-13",
      "end": "2026-09-11",
      "row_count": 4535
    },
    {
      "symbol": "THG",
      "provider": "yfinance",
      "timeframe": "1d",
      "start": "1997-01-02",
      "end": "2026-09-11",
      "row_count": 7457
    },
    {
      "symbol": "VFC",
      "provider": "yfinance",
      "timeframe": "1d",
      "start": "1997-01-02",
      "end": "2026-09-11",
      "row_count": 7457
    },
    {
      "symbol": "CBC",
      "provider": "yfinance",
      "timeframe": "1d",
      "start": "2025-11-21",
      "end": "2026-09-11",
      "row_count": 187
    },
    {
      "symbol": "IMVT",
      "provider": "yfinance",
      "timeframe": "1d",
      "start": "2019-06-21",
      "end": "2026-09-11",
      "row_count": 1802
    },
    {
      "symbol": "GTES",
      "provider": "yfinance",
      "timeframe": "1d",
      "start": "2018-01-25",
      "end": "2026-09-11",
      "row_count": 2155
    },
    {
      "symbol": "INGM",
      "provider": "yfinance",
      "timeframe": "1d",
      "start": "2024-10-24",
      "end": "2026-09-11",
      "row_count": 457
    },
    {
      "symbol": "RSI",
      "provider": "yfinance",
      "timeframe": "1d",
      "start": "2020-04-27",
      "end": "2026-09-11",
      "row_count": 1589
    },
    {
      "symbol": "PCVX",
      "provider": "yfinance",
      "timeframe": "1d",
      "start": "2020-06-12",
      "end": "2026-09-11",
      "row_count": 1557
    },
    {
      "symbol": "SGHC",
      "provider": "yfinance",
      "timeframe": "1d",
      "start": "2020-11-23",
      "end": "2026-09-11",
      "row_count": 1442
    },
    {
      "symbol": "EAT",
      "provider": "yfinance",
      "timeframe": "1d",
      "start": "1997-01-02",
      "end": "2026-09-11",
      "row_count": 7457
    },
    {
      "symbol": "LNTH",
      "provider": "yfinance",
      "timeframe": "1d",
      "start": "2015-06-25",
      "end": "2026-09-11",
      "row_count": 2806
    },
    {
      "symbol": "CPB",
      "provider": "yfinance",
      "timeframe": "1d",
      "start": "1997-01-02",
      "end": "2026-09-11",
      "row_count": 7470
    },
    {
      "symbol": "RIG",
      "provider": "yfinance",
      "timeframe": "1d",
      "start": "1997-01-02",
      "end": "2026-09-11",
      "row_count": 7457
    },
    {
      "symbol": "SNDR",
      "provider": "yfinance",
      "timeframe": "1d",
      "start": "2017-04-06",
      "end": "2026-09-11",
      "row_count": 2357
    },
    {
      "symbol": "TMHC",
      "provider": "yfinance",
      "timeframe": "1d",
      "start": "2013-04-10",
      "end": "2026-07-23",
      "row_count": 3342
    },
    {
      "symbol": "YOU",
      "provider": "yfinance",
      "timeframe": "1d",
      "start": "2021-06-30",
      "end": "2026-09-11",
      "row_count": 1292
    },
    {
      "symbol": "MTDR",
      "provider": "yfinance",
      "timeframe": "1d",
      "start": "2012-02-02",
      "end": "2026-09-11",
      "row_count": 3659
    },
    {
      "symbol": "FAF",
      "provider": "yfinance",
      "timeframe": "1d",
      "start": "2010-05-28",
      "end": "2026-09-11",
      "row_count": 4084
    },
    {
      "symbol": "M",
      "provider": "yfinance",
      "timeframe": "1d",
      "start": "1997-01-02",
      "end": "2026-09-11",
      "row_count": 7457
    },
    {
      "symbol": "EPRT",
      "provider": "yfinance",
      "timeframe": "1d",
      "start": "2018-06-21",
      "end": "2026-09-11",
      "row_count": 2053
    },
    {
      "symbol": "LKQ",
      "provider": "yfinance",
      "timeframe": "1d",
      "start": "2003-10-06",
      "end": "2026-09-11",
      "row_count": 5757
    },
    {
      "symbol": "MORN",
      "provider": "yfinance",
      "timeframe": "1d",
      "start": "2005-05-03",
      "end": "2026-09-11",
      "row_count": 5361
    },
    {
      "symbol": "EXP",
      "provider": "yfinance",
      "timeframe": "1d",
      "start": "1997-01-02",
      "end": "2026-09-11",
      "row_count": 7456
    },
    {
      "symbol": "APGE",
      "provider": "yfinance",
      "timeframe": "1d",
      "start": "2023-07-14",
      "end": "2026-09-02",
      "row_count": 775
    },
    {
      "symbol": "FSS",
      "provider": "yfinance",
      "timeframe": "1d",
      "start": "1997-01-02",
      "end": "2026-09-11",
      "row_count": 7457
    },
    {
      "symbol": "BEPC",
      "provider": "yfinance",
      "timeframe": "1d",
      "start": "2020-07-24",
      "end": "2026-09-11",
      "row_count": 1528
    },
    {
      "symbol": "BBUC",
      "provider": "yfinance",
      "timeframe": "1d",
      "start": "2022-03-07",
      "end": "2026-09-11",
      "row_count": 1120
    },
    {
      "symbol": "FNB",
      "provider": "yfinance",
      "timeframe": "1d",
      "start": "1997-01-02",
      "end": "2026-09-11",
      "row_count": 7457
    },
    {
      "symbol": "CAR",
      "provider": "yfinance",
      "timeframe": "1d",
      "start": "1997-01-02",
      "end": "2026-09-11",
      "row_count": 7457
    },
    {
      "symbol": "ETSY",
      "provider": "yfinance",
      "timeframe": "1d",
      "start": "2015-04-16",
      "end": "2026-09-11",
      "row_count": 2855
    },
    {
      "symbol": "RYN",
      "provider": "yfinance",
      "timeframe": "1d",
      "start": "1997-01-02",
      "end": "2026-09-11",
      "row_count": 7457
    },
    {
      "symbol": "URBN",
      "provider": "yfinance",
      "timeframe": "1d",
      "start": "1997-01-02",
      "end": "2026-09-11",
      "row_count": 7457
    },
    {
      "symbol": "RRR",
      "provider": "yfinance",
      "timeframe": "1d",
      "start": "2016-04-27",
      "end": "2026-09-11",
      "row_count": 2595
    },
    {
      "symbol": "AWI",
      "provider": "yfinance",
      "timeframe": "1d",
      "start": "2006-10-18",
      "end": "2026-09-11",
      "row_count": 4992
    },
    {
      "symbol": "CAG",
      "provider": "yfinance",
      "timeframe": "1d",
      "start": "1997-01-02",
      "end": "2026-09-11",
      "row_count": 7470
    },
    {
      "symbol": "MHK",
      "provider": "yfinance",
      "timeframe": "1d",
      "start": "1997-01-02",
      "end": "2026-09-11",
      "row_count": 7457
    },
    {
      "symbol": "OMF",
      "provider": "yfinance",
      "timeframe": "1d",
      "start": "2013-10-16",
      "end": "2026-09-11",
      "row_count": 3231
    },
    {
      "symbol": "JBTM",
      "provider": "yfinance",
      "timeframe": "1d",
      "start": "2008-07-22",
      "end": "2026-09-11",
      "row_count": 4551
    },
    {
      "symbol": "MSM",
      "provider": "yfinance",
      "timeframe": "1d",
      "start": "1997-01-02",
      "end": "2026-09-11",
      "row_count": 7457
    },
    {
      "symbol": "BYD",
      "provider": "yfinance",
      "timeframe": "1d",
      "start": "1997-01-02",
      "end": "2026-09-11",
      "row_count": 7457
    },
    {
      "symbol": "GBCI",
      "provider": "yfinance",
      "timeframe": "1d",
      "start": "1997-01-02",
      "end": "2026-09-11",
      "row_count": 7457
    },
    {
      "symbol": "ACMR",
      "provider": "yfinance",
      "timeframe": "1d",
      "start": "2017-11-02",
      "end": "2026-09-11",
      "row_count": 2212
    },
    {
      "symbol": "SWX",
      "provider": "yfinance",
      "timeframe": "1d",
      "start": "1997-01-02",
      "end": "2026-09-11",
      "row_count": 7457
    },
    {
      "symbol": "ROAD",
      "provider": "yfinance",
      "timeframe": "1d",
      "start": "2018-05-04",
      "end": "2026-09-11",
      "row_count": 2086
    },
    {
      "symbol": "COMP",
      "provider": "yfinance",
      "timeframe": "1d",
      "start": "2021-04-01",
      "end": "2026-09-11",
      "row_count": 1354
    },
    {
      "symbol": "AROC",
      "provider": "yfinance",
      "timeframe": "1d",
      "start": "2007-08-21",
      "end": "2026-09-11",
      "row_count": 4781
    },
    {
      "symbol": "AVTR",
      "provider": "yfinance",
      "timeframe": "1d",
      "start": "2019-05-17",
      "end": "2026-09-11",
      "row_count": 1826
    },
    {
      "symbol": "AN",
      "provider": "yfinance",
      "timeframe": "1d",
      "start": "1997-01-02",
      "end": "2026-09-11",
      "row_count": 7457
    },
    {
      "symbol": "INGR",
      "provider": "yfinance",
      "timeframe": "1d",
      "start": "1997-12-11",
      "end": "2026-09-11",
      "row_count": 7218
    },
    {
      "symbol": "PCOR",
      "provider": "yfinance",
      "timeframe": "1d",
      "start": "2021-05-20",
      "end": "2026-09-11",
      "row_count": 1320
    },
    {
      "symbol": "LOAR",
      "provider": "yfinance",
      "timeframe": "1d",
      "start": "2024-04-25",
      "end": "2026-09-11",
      "row_count": 583
    },
    {
      "symbol": "ACA",
      "provider": "yfinance",
      "timeframe": "1d",
      "start": "2018-11-05",
      "end": "2026-09-11",
      "row_count": 1958
    },
    {
      "symbol": "KRMN",
      "provider": "yfinance",
      "timeframe": "1d",
      "start": "2025-02-13",
      "end": "2026-09-11",
      "row_count": 382
    },
    {
      "symbol": "LQDA",
      "provider": "yfinance",
      "timeframe": "1d",
      "start": "2018-07-26",
      "end": "2026-09-11",
      "row_count": 2030
    },
    {
      "symbol": "ESTC",
      "provider": "yfinance",
      "timeframe": "1d",
      "start": "2018-10-05",
      "end": "2026-09-11",
      "row_count": 1979
    },
    {
      "symbol": "TXNM",
      "provider": "yfinance",
      "timeframe": "1d",
      "start": "1997-01-02",
      "end": "2026-09-11",
      "row_count": 7457
    },
    {
      "symbol": "STWD",
      "provider": "yfinance",
      "timeframe": "1d",
      "start": "2009-08-12",
      "end": "2026-09-11",
      "row_count": 4284
    },
    {
      "symbol": "UBSI",
      "provider": "yfinance",
      "timeframe": "1d",
      "start": "1997-01-02",
      "end": "2026-09-11",
      "row_count": 7457
    },
    {
      "symbol": "GTX",
      "provider": "yfinance",
      "timeframe": "1d",
      "start": "2018-09-17",
      "end": "2026-09-11",
      "row_count": 1993
    },
    {
      "symbol": "FIGR",
      "provider": "yfinance",
      "timeframe": "1d",
      "start": "2025-09-11",
      "end": "2026-09-11",
      "row_count": 239
    },
    {
      "symbol": "PAYC",
      "provider": "yfinance",
      "timeframe": "1d",
      "start": "2014-04-15",
      "end": "2026-09-11",
      "row_count": 3107
    },
    {
      "symbol": "LW",
      "provider": "yfinance",
      "timeframe": "1d",
      "start": "2016-11-10",
      "end": "2026-09-11",
      "row_count": 2456
    },
    {
      "symbol": "PTCT",
      "provider": "yfinance",
      "timeframe": "1d",
      "start": "2013-06-20",
      "end": "2026-09-11",
      "row_count": 3313
    },
    {
      "symbol": "VAL",
      "provider": "yfinance",
      "timeframe": "1d",
      "start": "2021-05-03",
      "end": "2026-09-11",
      "row_count": 1333
    },
    {
      "symbol": "FLG",
      "provider": "yfinance",
      "timeframe": "1d",
      "start": "1997-01-02",
      "end": "2026-09-11",
      "row_count": 7457
    },
    {
      "symbol": "HIMS",
      "provider": "yfinance",
      "timeframe": "1d",
      "start": "2019-09-13",
      "end": "2026-09-11",
      "row_count": 1745
    },
    {
      "symbol": "GATX",
      "provider": "yfinance",
      "timeframe": "1d",
      "start": "1997-01-02",
      "end": "2026-09-11",
      "row_count": 7456
    },
    {
      "symbol": "CROX",
      "provider": "yfinance",
      "timeframe": "1d",
      "start": "2006-02-08",
      "end": "2026-09-11",
      "row_count": 5167
    },
    {
      "symbol": "MSA",
      "provider": "yfinance",
      "timeframe": "1d",
      "start": "1997-01-02",
      "end": "2026-09-11",
      "row_count": 7457
    },
    {
      "symbol": "GVA",
      "provider": "yfinance",
      "timeframe": "1d",
      "start": "1997-01-02",
      "end": "2026-09-11",
      "row_count": 7457
    },
    {
      "symbol": "MATX",
      "provider": "yfinance",
      "timeframe": "1d",
      "start": "1997-01-02",
      "end": "2026-09-11",
      "row_count": 7456
    },
    {
      "symbol": "DBX",
      "provider": "yfinance",
      "timeframe": "1d",
      "start": "2018-03-23",
      "end": "2026-09-11",
      "row_count": 2115
    },
    {
      "symbol": "PJT",
      "provider": "yfinance",
      "timeframe": "1d",
      "start": "2015-09-22",
      "end": "2026-09-11",
      "row_count": 2745
    },
    {
      "symbol": "DOX",
      "provider": "yfinance",
      "timeframe": "1d",
      "start": "1998-06-19",
      "end": "2026-09-11",
      "row_count": 7088
    },
    {
      "symbol": "PSN",
      "provider": "yfinance",
      "timeframe": "1d",
      "start": "2019-05-08",
      "end": "2026-09-11",
      "row_count": 1833
    },
    {
      "symbol": "CHDN",
      "provider": "yfinance",
      "timeframe": "1d",
      "start": "1997-01-02",
      "end": "2026-09-11",
      "row_count": 7457
    },
    {
      "symbol": "MIRM",
      "provider": "yfinance",
      "timeframe": "1d",
      "start": "2019-07-18",
      "end": "2026-09-11",
      "row_count": 1784
    },
    {
      "symbol": "RYTM",
      "provider": "yfinance",
      "timeframe": "1d",
      "start": "2017-10-09",
      "end": "2026-09-11",
      "row_count": 2229
    },
    {
      "symbol": "CENX",
      "provider": "yfinance",
      "timeframe": "1d",
      "start": "1997-01-02",
      "end": "2026-09-11",
      "row_count": 7457
    },
    {
      "symbol": "CZR",
      "provider": "yfinance",
      "timeframe": "1d",
      "start": "2014-09-22",
      "end": "2026-09-11",
      "row_count": 2997
    },
    {
      "symbol": "ABCB",
      "provider": "yfinance",
      "timeframe": "1d",
      "start": "1997-01-02",
      "end": "2026-09-11",
      "row_count": 7457
    },
    {
      "symbol": "WH",
      "provider": "yfinance",
      "timeframe": "1d",
      "start": "2018-05-21",
      "end": "2026-09-11",
      "row_count": 2075
    },
    {
      "symbol": "KRG",
      "provider": "yfinance",
      "timeframe": "1d",
      "start": "2004-08-12",
      "end": "2026-09-11",
      "row_count": 5542
    },
    {
      "symbol": "ACT",
      "provider": "yfinance",
      "timeframe": "1d",
      "start": "2021-09-16",
      "end": "2026-09-11",
      "row_count": 1238
    },
    {
      "symbol": "KLIC",
      "provider": "yfinance",
      "timeframe": "1d",
      "start": "1997-01-02",
      "end": "2026-09-11",
      "row_count": 7457
    },
    {
      "symbol": "HWC",
      "provider": "yfinance",
      "timeframe": "1d",
      "start": "1997-01-02",
      "end": "2026-09-11",
      "row_count": 7457
    },
    {
      "symbol": "POR",
      "provider": "yfinance",
      "timeframe": "1d",
      "start": "2006-03-31",
      "end": "2026-09-11",
      "row_count": 5131
    },
    {
      "symbol": "CE",
      "provider": "yfinance",
      "timeframe": "1d",
      "start": "2005-01-21",
      "end": "2026-09-11",
      "row_count": 5431
    },
    {
      "symbol": "PCTY",
      "provider": "yfinance",
      "timeframe": "1d",
      "start": "2014-03-19",
      "end": "2026-09-11",
      "row_count": 3126
    },
    {
      "symbol": "PRM",
      "provider": "yfinance",
      "timeframe": "1d",
      "start": "2021-11-09",
      "end": "2026-09-11",
      "row_count": 1200
    },
    {
      "symbol": "LUNR",
      "provider": "yfinance",
      "timeframe": "1d",
      "start": "2021-11-17",
      "end": "2026-09-11",
      "row_count": 1195
    },
    {
      "symbol": "TFX",
      "provider": "yfinance",
      "timeframe": "1d",
      "start": "1997-01-02",
      "end": "2026-09-11",
      "row_count": 7457
    },
    {
      "symbol": "AUB",
      "provider": "yfinance",
      "timeframe": "1d",
      "start": "1997-01-02",
      "end": "2026-09-11",
      "row_count": 7457
    },
    {
      "symbol": "FND",
      "provider": "yfinance",
      "timeframe": "1d",
      "start": "2017-04-27",
      "end": "2026-09-11",
      "row_count": 2343
    },
    {
      "symbol": "GOLF",
      "provider": "yfinance",
      "timeframe": "1d",
      "start": "2016-10-28",
      "end": "2026-09-11",
      "row_count": 2466
    },
    {
      "symbol": "PACS",
      "provider": "yfinance",
      "timeframe": "1d",
      "start": "2024-04-11",
      "end": "2026-09-11",
      "row_count": 593
    },
    {
      "symbol": "VSNT",
      "provider": "yfinance",
      "timeframe": "1d",
      "start": "2025-12-15",
      "end": "2026-09-11",
      "row_count": 172
    },
    {
      "symbol": "CACC",
      "provider": "yfinance",
      "timeframe": "1d",
      "start": "1997-01-02",
      "end": "2026-09-11",
      "row_count": 7457
    },
    {
      "symbol": "GXO",
      "provider": "yfinance",
      "timeframe": "1d",
      "start": "2021-07-22",
      "end": "2026-09-11",
      "row_count": 1278
    },
    {
      "symbol": "NOVT",
      "provider": "yfinance",
      "timeframe": "1d",
      "start": "1999-03-24",
      "end": "2026-09-11",
      "row_count": 6897
    },
    {
      "symbol": "DUOL",
      "provider": "yfinance",
      "timeframe": "1d",
      "start": "2021-07-28",
      "end": "2026-09-11",
      "row_count": 1273
    },
    {
      "symbol": "APPF",
      "provider": "yfinance",
      "timeframe": "1d",
      "start": "2015-06-26",
      "end": "2026-09-11",
      "row_count": 2805
    },
    {
      "symbol": "OZK",
      "provider": "yfinance",
      "timeframe": "1d",
      "start": "1997-07-17",
      "end": "2026-09-11",
      "row_count": 7321
    },
    {
      "symbol": "HOMB",
      "provider": "yfinance",
      "timeframe": "1d",
      "start": "2006-06-23",
      "end": "2026-09-11",
      "row_count": 5073
    },
    {
      "symbol": "CWST",
      "provider": "yfinance",
      "timeframe": "1d",
      "start": "1997-10-29",
      "end": "2026-09-11",
      "row_count": 7248
    },
    {
      "symbol": "COGT",
      "provider": "yfinance",
      "timeframe": "1d",
      "start": "2018-03-29",
      "end": "2026-09-11",
      "row_count": 2111
    },
    {
      "symbol": "SSRM",
      "provider": "yfinance",
      "timeframe": "1d",
      "start": "1997-01-02",
      "end": "2026-09-11",
      "row_count": 7457
    },
    {
      "symbol": "PSMT",
      "provider": "yfinance",
      "timeframe": "1d",
      "start": "1997-09-02",
      "end": "2026-09-11",
      "row_count": 7289
    },
    {
      "symbol": "PIPR",
      "provider": "yfinance",
      "timeframe": "1d",
      "start": "2004-01-02",
      "end": "2026-09-11",
      "row_count": 5696
    },
    {
      "symbol": "BKH",
      "provider": "yfinance",
      "timeframe": "1d",
      "start": "1997-01-02",
      "end": "2026-09-11",
      "row_count": 7456
    },
    {
      "symbol": "MCY",
      "provider": "yfinance",
      "timeframe": "1d",
      "start": "1997-01-02",
      "end": "2026-09-11",
      "row_count": 7457
    },
    {
      "symbol": "AMTM",
      "provider": "yfinance",
      "timeframe": "1d",
      "start": "2024-09-24",
      "end": "2026-09-11",
      "row_count": 480
    },
    {
      "symbol": "ESAB",
      "provider": "yfinance",
      "timeframe": "1d",
      "start": "2022-03-29",
      "end": "2026-09-11",
      "row_count": 1105
    },
    {
      "symbol": "MUR",
      "provider": "yfinance",
      "timeframe": "1d",
      "start": "1997-01-02",
      "end": "2026-09-11",
      "row_count": 7457
    },
    {
      "symbol": "CHE",
      "provider": "yfinance",
      "timeframe": "1d",
      "start": "1997-01-02",
      "end": "2026-09-11",
      "row_count": 7457
    },
    {
      "symbol": "NJR",
      "provider": "yfinance",
      "timeframe": "1d",
      "start": "1997-01-02",
      "end": "2026-09-11",
      "row_count": 7456
    },
    {
      "symbol": "NVTS",
      "provider": "yfinance",
      "timeframe": "1d",
      "start": "2021-10-20",
      "end": "2026-09-11",
      "row_count": 1215
    },
    {
      "symbol": "ACLS",
      "provider": "yfinance",
      "timeframe": "1d",
      "start": "2000-07-11",
      "end": "2026-09-11",
      "row_count": 6569
    },
    {
      "symbol": "SIGI",
      "provider": "yfinance",
      "timeframe": "1d",
      "start": "1997-01-02",
      "end": "2026-09-11",
      "row_count": 7457
    },
    {
      "symbol": "IBP",
      "provider": "yfinance",
      "timeframe": "1d",
      "start": "2014-02-13",
      "end": "2026-09-11",
      "row_count": 3149
    },
    {
      "symbol": "OUT",
      "provider": "yfinance",
      "timeframe": "1d",
      "start": "2014-03-28",
      "end": "2026-09-11",
      "row_count": 3119
    },
    {
      "symbol": "RUSHB",
      "provider": "yfinance",
      "timeframe": "1d",
      "start": "1997-01-02",
      "end": "2026-09-11",
      "row_count": 7455
    },
    {
      "symbol": "GNTX",
      "provider": "yfinance",
      "timeframe": "1d",
      "start": "1997-01-02",
      "end": "2026-09-11",
      "row_count": 7457
    },
    {
      "symbol": "VSEC",
      "provider": "yfinance",
      "timeframe": "1d",
      "start": "1997-01-02",
      "end": "2026-09-11",
      "row_count": 7457
    },
    {
      "symbol": "PATH",
      "provider": "yfinance",
      "timeframe": "1d",
      "start": "2021-04-21",
      "end": "2026-09-11",
      "row_count": 1342
    },
    {
      "symbol": "SPHR",
      "provider": "yfinance",
      "timeframe": "1d",
      "start": "2020-04-09",
      "end": "2026-09-11",
      "row_count": 1600
    },
    {
      "symbol": "PEGA",
      "provider": "yfinance",
      "timeframe": "1d",
      "start": "1997-01-02",
      "end": "2026-09-11",
      "row_count": 7457
    },
    {
      "symbol": "MTG",
      "provider": "yfinance",
      "timeframe": "1d",
      "start": "1997-01-02",
      "end": "2026-09-11",
      "row_count": 7457
    },
    {
      "symbol": "SEI",
      "provider": "yfinance",
      "timeframe": "1d",
      "start": "2017-05-12",
      "end": "2026-09-11",
      "row_count": 2332
    },
    {
      "symbol": "RUSHA",
      "provider": "yfinance",
      "timeframe": "1d",
      "start": "2003-10-07",
      "end": "2026-09-11",
      "row_count": 5754
    },
    {
      "symbol": "G",
      "provider": "yfinance",
      "timeframe": "1d",
      "start": "2007-08-02",
      "end": "2026-09-11",
      "row_count": 4795
    },
    {
      "symbol": "UEC",
      "provider": "yfinance",
      "timeframe": "1d",
      "start": "2007-04-05",
      "end": "2026-09-11",
      "row_count": 4877
    },
    {
      "symbol": "ESNT",
      "provider": "yfinance",
      "timeframe": "1d",
      "start": "2013-10-31",
      "end": "2026-09-11",
      "row_count": 3220
    },
    {
      "symbol": "ADT",
      "provider": "yfinance",
      "timeframe": "1d",
      "start": "2018-01-19",
      "end": "2026-09-11",
      "row_count": 2159
    },
    {
      "symbol": "MARA",
      "provider": "yfinance",
      "timeframe": "1d",
      "start": "2012-05-04",
      "end": "2026-09-11",
      "row_count": 3596
    },
    {
      "symbol": "BC",
      "provider": "yfinance",
      "timeframe": "1d",
      "start": "1997-01-02",
      "end": "2026-09-11",
      "row_count": 7457
    },
    {
      "symbol": "PRIM",
      "provider": "yfinance",
      "timeframe": "1d",
      "start": "2008-08-06",
      "end": "2026-09-11",
      "row_count": 4540
    },
    {
      "symbol": "SYNA",
      "provider": "yfinance",
      "timeframe": "1d",
      "start": "2002-01-29",
      "end": "2026-09-11",
      "row_count": 6182
    },
    {
      "symbol": "NXST",
      "provider": "yfinance",
      "timeframe": "1d",
      "start": "2003-11-25",
      "end": "2026-09-11",
      "row_count": 5721
    },
    {
      "symbol": "MC",
      "provider": "yfinance",
      "timeframe": "1d",
      "start": "2014-04-16",
      "end": "2026-09-11",
      "row_count": 3105
    },
    {
      "symbol": "VCTR",
      "provider": "yfinance",
      "timeframe": "1d",
      "start": "2018-02-08",
      "end": "2026-09-11",
      "row_count": 2145
    },
    {
      "symbol": "BCPC",
      "provider": "yfinance",
      "timeframe": "1d",
      "start": "1997-01-02",
      "end": "2026-09-11",
      "row_count": 7457
    },
    {
      "symbol": "STEP",
      "provider": "yfinance",
      "timeframe": "1d",
      "start": "2020-09-16",
      "end": "2026-09-11",
      "row_count": 1490
    },
    {
      "symbol": "SRRK",
      "provider": "yfinance",
      "timeframe": "1d",
      "start": "2018-05-25",
      "end": "2026-09-11",
      "row_count": 2071
    },
    {
      "symbol": "PECO",
      "provider": "yfinance",
      "timeframe": "1d",
      "start": "2021-02-25",
      "end": "2026-09-11",
      "row_count": 1379
    },
    {
      "symbol": "SXT",
      "provider": "yfinance",
      "timeframe": "1d",
      "start": "1997-01-02",
      "end": "2026-09-11",
      "row_count": 7457
    },
    {
      "symbol": "ALK",
      "provider": "yfinance",
      "timeframe": "1d",
      "start": "1997-01-02",
      "end": "2026-09-11",
      "row_count": 7457
    },
    {
      "symbol": "CVLT",
      "provider": "yfinance",
      "timeframe": "1d",
      "start": "2006-09-22",
      "end": "2026-09-11",
      "row_count": 5010
    },
    {
      "symbol": "CGON",
      "provider": "yfinance",
      "timeframe": "1d",
      "start": "2024-01-25",
      "end": "2026-09-11",
      "row_count": 646
    },
    {
      "symbol": "LPX",
      "provider": "yfinance",
      "timeframe": "1d",
      "start": "1997-01-02",
      "end": "2026-09-11",
      "row_count": 7457
    },
    {
      "symbol": "GLNG",
      "provider": "yfinance",
      "timeframe": "1d",
      "start": "2003-07-15",
      "end": "2026-09-11",
      "row_count": 5815
    },
    {
      "symbol": "CRC",
      "provider": "yfinance",
      "timeframe": "1d",
      "start": "2020-10-28",
      "end": "2026-09-11",
      "row_count": 1459
    },
    {
      "symbol": "RITM",
      "provider": "yfinance",
      "timeframe": "1d",
      "start": "2013-05-02",
      "end": "2026-09-11",
      "row_count": 3348
    },
    {
      "symbol": "HCC",
      "provider": "yfinance",
      "timeframe": "1d",
      "start": "2017-04-13",
      "end": "2026-09-11",
      "row_count": 2351
    },
    {
      "symbol": "BOOT",
      "provider": "yfinance",
      "timeframe": "1d",
      "start": "2014-10-30",
      "end": "2026-09-11",
      "row_count": 2969
    },
    {
      "symbol": "AMRX",
      "provider": "yfinance",
      "timeframe": "1d",
      "start": "2018-05-07",
      "end": "2026-09-11",
      "row_count": 2086
    },
    {
      "symbol": "FBIN",
      "provider": "yfinance",
      "timeframe": "1d",
      "start": "2011-09-16",
      "end": "2026-09-11",
      "row_count": 3755
    },
    {
      "symbol": "LAUR",
      "provider": "yfinance",
      "timeframe": "1d",
      "start": "2017-02-01",
      "end": "2026-09-11",
      "row_count": 2402
    },
    {
      "symbol": "MTRN",
      "provider": "yfinance",
      "timeframe": "1d",
      "start": "1997-01-02",
      "end": "2026-09-11",
      "row_count": 7457
    },
    {
      "symbol": "LYFT",
      "provider": "yfinance",
      "timeframe": "1d",
      "start": "2019-03-29",
      "end": "2026-09-11",
      "row_count": 1861
    },
    {
      "symbol": "AX",
      "provider": "yfinance",
      "timeframe": "1d",
      "start": "2005-03-16",
      "end": "2026-09-11",
      "row_count": 5393
    },
    {
      "symbol": "AIR",
      "provider": "yfinance",
      "timeframe": "1d",
      "start": "1997-01-02",
      "end": "2026-09-11",
      "row_count": 7457
    },
    {
      "symbol": "LGND",
      "provider": "yfinance",
      "timeframe": "1d",
      "start": "1997-01-02",
      "end": "2026-09-11",
      "row_count": 7457
    },
    {
      "symbol": "MGY",
      "provider": "yfinance",
      "timeframe": "1d",
      "start": "2017-06-29",
      "end": "2026-09-11",
      "row_count": 2299
    },
    {
      "symbol": "FLY",
      "provider": "yfinance",
      "timeframe": "1d",
      "start": "2025-08-07",
      "end": "2026-09-11",
      "row_count": 263
    },
    {
      "symbol": "SEB",
      "provider": "yfinance",
      "timeframe": "1d",
      "start": "1997-01-02",
      "end": "2026-09-11",
      "row_count": 7457
    },
    {
      "symbol": "WSC",
      "provider": "yfinance",
      "timeframe": "1d",
      "start": "2015-11-05",
      "end": "2026-09-11",
      "row_count": 2713
    },
    {
      "symbol": "S",
      "provider": "yfinance",
      "timeframe": "1d",
      "start": "2021-06-30",
      "end": "2026-09-11",
      "row_count": 1293
    },
    {
      "symbol": "CAI",
      "provider": "yfinance",
      "timeframe": "1d",
      "start": "2025-06-18",
      "end": "2026-09-11",
      "row_count": 296
    },
    {
      "symbol": "GHC",
      "provider": "yfinance",
      "timeframe": "1d",
      "start": "1997-01-02",
      "end": "2026-09-11",
      "row_count": 7457
    },
    {
      "symbol": "OLLI",
      "provider": "yfinance",
      "timeframe": "1d",
      "start": "2015-07-16",
      "end": "2026-09-11",
      "row_count": 2792
    },
    {
      "symbol": "ALH",
      "provider": "yfinance",
      "timeframe": "1d",
      "start": "2025-10-09",
      "end": "2026-09-11",
      "row_count": 217
    },
    {
      "symbol": "ZETA",
      "provider": "yfinance",
      "timeframe": "1d",
      "start": "2021-06-10",
      "end": "2026-09-11",
      "row_count": 1307
    },
    {
      "symbol": "XENE",
      "provider": "yfinance",
      "timeframe": "1d",
      "start": "2014-11-05",
      "end": "2026-09-11",
      "row_count": 2966
    },
    {
      "symbol": "NAVN",
      "provider": "yfinance",
      "timeframe": "1d",
      "start": "2025-10-30",
      "end": "2026-09-11",
      "row_count": 203
    },
    {
      "symbol": "WTM",
      "provider": "yfinance",
      "timeframe": "1d",
      "start": "1997-01-02",
      "end": "2026-09-11",
      "row_count": 7457
    },
    {
      "symbol": "IRDM",
      "provider": "yfinance",
      "timeframe": "1d",
      "start": "2008-03-20",
      "end": "2026-09-11",
      "row_count": 4636
    },
    {
      "symbol": "SON",
      "provider": "yfinance",
      "timeframe": "1d",
      "start": "1997-01-02",
      "end": "2026-09-11",
      "row_count": 7457
    },
    {
      "symbol": "RLI",
      "provider": "yfinance",
      "timeframe": "1d",
      "start": "1997-01-02",
      "end": "2026-09-11",
      "row_count": 7457
    },
    {
      "symbol": "DIOD",
      "provider": "yfinance",
      "timeframe": "1d",
      "start": "1997-01-02",
      "end": "2026-09-11",
      "row_count": 7457
    },
    {
      "symbol": "CHH",
      "provider": "yfinance",
      "timeframe": "1d",
      "start": "1997-01-02",
      "end": "2026-09-11",
      "row_count": 7457
    },
    {
      "symbol": "EPAM",
      "provider": "yfinance",
      "timeframe": "1d",
      "start": "2012-02-08",
      "end": "2026-09-11",
      "row_count": 3669
    },
    {
      "symbol": "BIPC",
      "provider": "yfinance",
      "timeframe": "1d",
      "start": "2020-03-31",
      "end": "2026-09-11",
      "row_count": 1607
    },
    {
      "symbol": "DLB",
      "provider": "yfinance",
      "timeframe": "1d",
      "start": "2005-02-17",
      "end": "2026-09-11",
      "row_count": 5412
    },
    {
      "symbol": "MTH",
      "provider": "yfinance",
      "timeframe": "1d",
      "start": "1997-01-02",
      "end": "2026-09-11",
      "row_count": 7456
    },
    {
      "symbol": "REYN",
      "provider": "yfinance",
      "timeframe": "1d",
      "start": "2020-01-31",
      "end": "2026-09-11",
      "row_count": 1648
    },
    {
      "symbol": "PBF",
      "provider": "yfinance",
      "timeframe": "1d",
      "start": "2012-12-13",
      "end": "2026-09-11",
      "row_count": 3443
    },
    {
      "symbol": "LBRDK",
      "provider": "yfinance",
      "timeframe": "1d",
      "start": "2014-11-05",
      "end": "2026-08-14",
      "row_count": 2959
    },
    {
      "symbol": "SAIC",
      "provider": "yfinance",
      "timeframe": "1d",
      "start": "2013-09-16",
      "end": "2026-09-11",
      "row_count": 3253
    },
    {
      "symbol": "ASB",
      "provider": "yfinance",
      "timeframe": "1d",
      "start": "1997-01-02",
      "end": "2026-09-11",
      "row_count": 7457
    },
    {
      "symbol": "USAR",
      "provider": "yfinance",
      "timeframe": "1d",
      "start": "2023-07-17",
      "end": "2026-09-11",
      "row_count": 780
    },
    {
      "symbol": "LBRDA",
      "provider": "yfinance",
      "timeframe": "1d",
      "start": "2014-11-04",
      "end": "2026-08-14",
      "row_count": 2960
    },
    {
      "symbol": "HASI",
      "provider": "yfinance",
      "timeframe": "1d",
      "start": "2013-04-18",
      "end": "2026-09-11",
      "row_count": 3357
    },
    {
      "symbol": "UCTT",
      "provider": "yfinance",
      "timeframe": "1d",
      "start": "2004-03-25",
      "end": "2026-09-11",
      "row_count": 5639
    },
    {
      "symbol": "OGS",
      "provider": "yfinance",
      "timeframe": "1d",
      "start": "2014-01-16",
      "end": "2026-09-11",
      "row_count": 3168
    },
    {
      "symbol": "GBTG",
      "provider": "yfinance",
      "timeframe": "1d",
      "start": "2022-08-18",
      "end": "2026-09-11",
      "row_count": 1006
    },
    {
      "symbol": "IPGP",
      "provider": "yfinance",
      "timeframe": "1d",
      "start": "2006-12-13",
      "end": "2026-09-11",
      "row_count": 4953
    },
    {
      "symbol": "CSTM",
      "provider": "yfinance",
      "timeframe": "1d",
      "start": "2013-05-23",
      "end": "2026-09-11",
      "row_count": 3332
    },
    {
      "symbol": "TVTX",
      "provider": "yfinance",
      "timeframe": "1d",
      "start": "2012-11-08",
      "end": "2026-09-11",
      "row_count": 3466
    },
    {
      "symbol": "FTDR",
      "provider": "yfinance",
      "timeframe": "1d",
      "start": "2018-09-13",
      "end": "2026-09-11",
      "row_count": 1995
    },
    {
      "symbol": "HRI",
      "provider": "yfinance",
      "timeframe": "1d",
      "start": "2006-11-16",
      "end": "2026-09-11",
      "row_count": 4970
    },
    {
      "symbol": "FFIN",
      "provider": "yfinance",
      "timeframe": "1d",
      "start": "1997-01-02",
      "end": "2026-09-11",
      "row_count": 7457
    },
    {
      "symbol": "CRSP",
      "provider": "yfinance",
      "timeframe": "1d",
      "start": "2016-10-19",
      "end": "2026-09-11",
      "row_count": 2474
    },
    {
      "symbol": "VVV",
      "provider": "yfinance",
      "timeframe": "1d",
      "start": "2016-09-23",
      "end": "2026-09-11",
      "row_count": 2491
    },
    {
      "symbol": "EBC",
      "provider": "yfinance",
      "timeframe": "1d",
      "start": "2020-10-15",
      "end": "2026-09-11",
      "row_count": 1469
    },
    {
      "symbol": "REZI",
      "provider": "yfinance",
      "timeframe": "1d",
      "start": "2018-10-29",
      "end": "2026-09-11",
      "row_count": 1963
    },
    {
      "symbol": "UNF",
      "provider": "yfinance",
      "timeframe": "1d",
      "start": "1997-01-02",
      "end": "2026-09-11",
      "row_count": 7457
    },
    {
      "symbol": "FCN",
      "provider": "yfinance",
      "timeframe": "1d",
      "start": "1997-01-02",
      "end": "2026-09-11",
      "row_count": 7457
    },
    {
      "symbol": "UFPI",
      "provider": "yfinance",
      "timeframe": "1d",
      "start": "1997-01-02",
      "end": "2026-09-11",
      "row_count": 7457
    },
    {
      "symbol": "CUZ",
      "provider": "yfinance",
      "timeframe": "1d",
      "start": "1997-01-02",
      "end": "2026-09-11",
      "row_count": 7457
    },
    {
      "symbol": "IBOC",
      "provider": "yfinance",
      "timeframe": "1d",
      "start": "1997-01-02",
      "end": "2026-09-11",
      "row_count": 7457
    },
    {
      "symbol": "MTN",
      "provider": "yfinance",
      "timeframe": "1d",
      "start": "1997-02-04",
      "end": "2026-09-11",
      "row_count": 7434
    },
    {
      "symbol": "TFSL",
      "provider": "yfinance",
      "timeframe": "1d",
      "start": "2007-04-23",
      "end": "2026-09-11",
      "row_count": 4866
    },
    {
      "symbol": "TWST",
      "provider": "yfinance",
      "timeframe": "1d",
      "start": "2018-10-31",
      "end": "2026-09-11",
      "row_count": 1961
    },
    {
      "symbol": "TREX",
      "provider": "yfinance",
      "timeframe": "1d",
      "start": "1999-04-08",
      "end": "2026-09-11",
      "row_count": 6887
    },
    {
      "symbol": "WHD",
      "provider": "yfinance",
      "timeframe": "1d",
      "start": "2018-02-08",
      "end": "2026-09-11",
      "row_count": 2144
    },
    {
      "symbol": "VECO",
      "provider": "yfinance",
      "timeframe": "1d",
      "start": "1997-01-02",
      "end": "2026-09-11",
      "row_count": 7457
    },
    {
      "symbol": "SBRA",
      "provider": "yfinance",
      "timeframe": "1d",
      "start": "2002-04-02",
      "end": "2026-09-11",
      "row_count": 6139
    },
    {
      "symbol": "SITE",
      "provider": "yfinance",
      "timeframe": "1d",
      "start": "2016-05-12",
      "end": "2026-09-11",
      "row_count": 2583
    },
    {
      "symbol": "AHR",
      "provider": "yfinance",
      "timeframe": "1d",
      "start": "2024-02-07",
      "end": "2026-09-11",
      "row_count": 637
    },
    {
      "symbol": "LBRT",
      "provider": "yfinance",
      "timeframe": "1d",
      "start": "2018-01-11",
      "end": "2026-09-11",
      "row_count": 2164
    },
    {
      "symbol": "ENVA",
      "provider": "yfinance",
      "timeframe": "1d",
      "start": "2014-11-13",
      "end": "2026-09-11",
      "row_count": 2959
    },
    {
      "symbol": "CNO",
      "provider": "yfinance",
      "timeframe": "1d",
      "start": "2003-09-10",
      "end": "2026-09-11",
      "row_count": 5775
    },
    {
      "symbol": "WEX",
      "provider": "yfinance",
      "timeframe": "1d",
      "start": "2005-02-16",
      "end": "2026-09-11",
      "row_count": 5412
    },
    {
      "symbol": "GTLB",
      "provider": "yfinance",
      "timeframe": "1d",
      "start": "2021-10-14",
      "end": "2026-09-11",
      "row_count": 1219
    },
    {
      "symbol": "CNX",
      "provider": "yfinance",
      "timeframe": "1d",
      "start": "1999-04-30",
      "end": "2026-09-11",
      "row_count": 6871
    },
    {
      "symbol": "NNI",
      "provider": "yfinance",
      "timeframe": "1d",
      "start": "2003-12-12",
      "end": "2026-09-11",
      "row_count": 5709
    },
    {
      "symbol": "SR",
      "provider": "yfinance",
      "timeframe": "1d",
      "start": "1997-01-02",
      "end": "2026-09-11",
      "row_count": 7456
    },
    {
      "symbol": "RXO",
      "provider": "yfinance",
      "timeframe": "1d",
      "start": "2022-10-27",
      "end": "2026-09-11",
      "row_count": 957
    },
    {
      "symbol": "XMTR",
      "provider": "yfinance",
      "timeframe": "1d",
      "start": "2021-06-30",
      "end": "2026-09-11",
      "row_count": 1292
    },
    {
      "symbol": "INDV",
      "provider": "yfinance",
      "timeframe": "1d",
      "start": "2014-12-29",
      "end": "2026-09-11",
      "row_count": 2929
    },
    {
      "symbol": "SKT",
      "provider": "yfinance",
      "timeframe": "1d",
      "start": "1997-01-02",
      "end": "2026-09-11",
      "row_count": 7456
    },
    {
      "symbol": "CNR",
      "provider": "yfinance",
      "timeframe": "1d",
      "start": "2017-11-14",
      "end": "2026-09-11",
      "row_count": 2202
    },
    {
      "symbol": "HRB",
      "provider": "yfinance",
      "timeframe": "1d",
      "start": "1997-01-02",
      "end": "2026-09-11",
      "row_count": 7457
    },
    {
      "symbol": "TNL",
      "provider": "yfinance",
      "timeframe": "1d",
      "start": "2006-07-19",
      "end": "2026-09-11",
      "row_count": 5055
    },
    {
      "symbol": "COCO",
      "provider": "yfinance",
      "timeframe": "1d",
      "start": "2021-10-21",
      "end": "2026-09-11",
      "row_count": 1213
    },
    {
      "symbol": "SHC",
      "provider": "yfinance",
      "timeframe": "1d",
      "start": "2020-11-20",
      "end": "2026-09-11",
      "row_count": 1443
    },
    {
      "symbol": "RDN",
      "provider": "yfinance",
      "timeframe": "1d",
      "start": "1997-01-02",
      "end": "2026-09-11",
      "row_count": 7457
    },
    {
      "symbol": "ACIW",
      "provider": "yfinance",
      "timeframe": "1d",
      "start": "1997-01-02",
      "end": "2026-09-11",
      "row_count": 7457
    },
    {
      "symbol": "EPR",
      "provider": "yfinance",
      "timeframe": "1d",
      "start": "1997-11-18",
      "end": "2026-09-11",
      "row_count": 7234
    },
    {
      "symbol": "FELE",
      "provider": "yfinance",
      "timeframe": "1d",
      "start": "1997-01-02",
      "end": "2026-09-11",
      "row_count": 7457
    },
    {
      "symbol": "TDS",
      "provider": "yfinance",
      "timeframe": "1d",
      "start": "1997-01-02",
      "end": "2026-09-11",
      "row_count": 7456
    },
    {
      "symbol": "CVCO",
      "provider": "yfinance",
      "timeframe": "1d",
      "start": "2003-07-01",
      "end": "2026-09-11",
      "row_count": 5824
    },
    {
      "symbol": "FRMI",
      "provider": "yfinance",
      "timeframe": "1d",
      "start": "2025-10-01",
      "end": "2026-09-11",
      "row_count": 225
    },
    {
      "symbol": "KBR",
      "provider": "yfinance",
      "timeframe": "1d",
      "start": "2006-11-16",
      "end": "2026-09-11",
      "row_count": 4971
    },
    {
      "symbol": "AZZ",
      "provider": "yfinance",
      "timeframe": "1d",
      "start": "1997-01-02",
      "end": "2026-09-11",
      "row_count": 7457
    },
    {
      "symbol": "CBT",
      "provider": "yfinance",
      "timeframe": "1d",
      "start": "1997-01-02",
      "end": "2026-09-11",
      "row_count": 7456
    },
    {
      "symbol": "SFBS",
      "provider": "yfinance",
      "timeframe": "1d",
      "start": "2014-05-14",
      "end": "2026-09-11",
      "row_count": 3087
    },
    {
      "symbol": "DNTH",
      "provider": "yfinance",
      "timeframe": "1d",
      "start": "2018-06-21",
      "end": "2026-09-11",
      "row_count": 2053
    },
    {
      "symbol": "BDC",
      "provider": "yfinance",
      "timeframe": "1d",
      "start": "1997-01-02",
      "end": "2026-09-11",
      "row_count": 7457
    },
    {
      "symbol": "TNGX",
      "provider": "yfinance",
      "timeframe": "1d",
      "start": "2020-09-03",
      "end": "2026-09-11",
      "row_count": 1498
    },
    {
      "symbol": "FULT",
      "provider": "yfinance",
      "timeframe": "1d",
      "start": "1997-01-02",
      "end": "2026-09-11",
      "row_count": 7457
    },
    {
      "symbol": "SEZL",
      "provider": "yfinance",
      "timeframe": "1d",
      "start": "2023-09-13",
      "end": "2026-09-11",
      "row_count": 739
    },
    {
      "symbol": "KRC",
      "provider": "yfinance",
      "timeframe": "1d",
      "start": "1997-01-29",
      "end": "2026-09-11",
      "row_count": 7438
    },
    {
      "symbol": "RDNT",
      "provider": "yfinance",
      "timeframe": "1d",
      "start": "1997-01-03",
      "end": "2026-09-11",
      "row_count": 7456
    },
    {
      "symbol": "MRX",
      "provider": "yfinance",
      "timeframe": "1d",
      "start": "2024-04-25",
      "end": "2026-09-11",
      "row_count": 583
    },
    {
      "symbol": "HLNE",
      "provider": "yfinance",
      "timeframe": "1d",
      "start": "2017-03-01",
      "end": "2026-09-11",
      "row_count": 2383
    },
    {
      "symbol": "CSW",
      "provider": "yfinance",
      "timeframe": "1d",
      "start": "2015-09-30",
      "end": "2026-09-11",
      "row_count": 2739
    },
    {
      "symbol": "TCBI",
      "provider": "yfinance",
      "timeframe": "1d",
      "start": "2003-08-13",
      "end": "2026-09-11",
      "row_count": 5794
    },
    {
      "symbol": "WING",
      "provider": "yfinance",
      "timeframe": "1d",
      "start": "2015-06-12",
      "end": "2026-09-11",
      "row_count": 2816
    },
    {
      "symbol": "LMND",
      "provider": "yfinance",
      "timeframe": "1d",
      "start": "2020-07-02",
      "end": "2026-09-11",
      "row_count": 1543
    },
    {
      "symbol": "MDU",
      "provider": "yfinance",
      "timeframe": "1d",
      "start": "1997-01-02",
      "end": "2026-09-11",
      "row_count": 7457
    },
    {
      "symbol": "EXLS",
      "provider": "yfinance",
      "timeframe": "1d",
      "start": "2006-10-20",
      "end": "2026-09-11",
      "row_count": 4990
    },
    {
      "symbol": "NWE",
      "provider": "yfinance",
      "timeframe": "1d",
      "start": "2007-12-28",
      "end": "2026-09-11",
      "row_count": 4692
    },
    {
      "symbol": "FLNC",
      "provider": "yfinance",
      "timeframe": "1d",
      "start": "2021-10-28",
      "end": "2026-09-11",
      "row_count": 1209
    },
    {
      "symbol": "CVSA",
      "provider": "yfinance",
      "timeframe": "1d",
      "start": "1997-01-02",
      "end": "2026-09-11",
      "row_count": 7456
    },
    {
      "symbol": "ERAS",
      "provider": "yfinance",
      "timeframe": "1d",
      "start": "2021-07-16",
      "end": "2026-09-11",
      "row_count": 1281
    },
    {
      "symbol": "POWI",
      "provider": "yfinance",
      "timeframe": "1d",
      "start": "1997-12-12",
      "end": "2026-09-11",
      "row_count": 7217
    },
    {
      "symbol": "KTB",
      "provider": "yfinance",
      "timeframe": "1d",
      "start": "2019-05-28",
      "end": "2026-09-11",
      "row_count": 1820
    },
    {
      "symbol": "KNF",
      "provider": "yfinance",
      "timeframe": "1d",
      "start": "2023-06-06",
      "end": "2026-09-11",
      "row_count": 806
    },
    {
      "symbol": "PTEN",
      "provider": "yfinance",
      "timeframe": "1d",
      "start": "1997-01-02",
      "end": "2026-09-11",
      "row_count": 7457
    },
    {
      "symbol": "QS",
      "provider": "yfinance",
      "timeframe": "1d",
      "start": "2020-08-17",
      "end": "2026-09-11",
      "row_count": 1512
    },
    {
      "symbol": "LIVN",
      "provider": "yfinance",
      "timeframe": "1d",
      "start": "2015-10-19",
      "end": "2026-09-11",
      "row_count": 2726
    },
    {
      "symbol": "BTDR",
      "provider": "yfinance",
      "timeframe": "1d",
      "start": "2021-07-28",
      "end": "2026-09-11",
      "row_count": 1274
    },
    {
      "symbol": "SLGN",
      "provider": "yfinance",
      "timeframe": "1d",
      "start": "1997-02-14",
      "end": "2026-09-11",
      "row_count": 7426
    },
    {
      "symbol": "CELC",
      "provider": "yfinance",
      "timeframe": "1d",
      "start": "2017-09-20",
      "end": "2026-09-11",
      "row_count": 2243
    },
    {
      "symbol": "SKY",
      "provider": "yfinance",
      "timeframe": "1d",
      "start": "1997-01-02",
      "end": "2026-09-11",
      "row_count": 7457
    },
    {
      "symbol": "LAZ",
      "provider": "yfinance",
      "timeframe": "1d",
      "start": "2005-05-05",
      "end": "2026-09-11",
      "row_count": 5359
    },
    {
      "symbol": "GFF",
      "provider": "yfinance",
      "timeframe": "1d",
      "start": "1997-01-02",
      "end": "2026-09-11",
      "row_count": 7456
    },
    {
      "symbol": "MKTX",
      "provider": "yfinance",
      "timeframe": "1d",
      "start": "2004-11-05",
      "end": "2026-09-11",
      "row_count": 5483
    },
    {
      "symbol": "OLED",
      "provider": "yfinance",
      "timeframe": "1d",
      "start": "1997-01-02",
      "end": "2026-09-11",
      "row_count": 7457
    },
    {
      "symbol": "MAT",
      "provider": "yfinance",
      "timeframe": "1d",
      "start": "1997-01-02",
      "end": "2026-09-11",
      "row_count": 7457
    },
    {
      "symbol": "PFSI",
      "provider": "yfinance",
      "timeframe": "1d",
      "start": "2013-05-09",
      "end": "2026-09-11",
      "row_count": 3342
    },
    {
      "symbol": "CLSK",
      "provider": "yfinance",
      "timeframe": "1d",
      "start": "2016-11-16",
      "end": "2026-09-11",
      "row_count": 2454
    },
    {
      "symbol": "POST",
      "provider": "yfinance",
      "timeframe": "1d",
      "start": "2012-01-27",
      "end": "2026-09-11",
      "row_count": 3664
    },
    {
      "symbol": "SLM",
      "provider": "yfinance",
      "timeframe": "1d",
      "start": "1997-01-02",
      "end": "2026-09-11",
      "row_count": 7457
    },
    {
      "symbol": "ORKA",
      "provider": "yfinance",
      "timeframe": "1d",
      "start": "1997-08-08",
      "end": "2026-09-11",
      "row_count": 7305
    },
    {
      "symbol": "LBTYA",
      "provider": "yfinance",
      "timeframe": "1d",
      "start": "2004-06-03",
      "end": "2026-09-11",
      "row_count": 5591
    },
    {
      "symbol": "BCO",
      "provider": "yfinance",
      "timeframe": "1d",
      "start": "1997-01-02",
      "end": "2026-09-11",
      "row_count": 7457
    },
    {
      "symbol": "BELFB",
      "provider": "yfinance",
      "timeframe": "1d",
      "start": "1998-07-10",
      "end": "2026-09-11",
      "row_count": 7074
    },
    {
      "symbol": "LION",
      "provider": "yfinance",
      "timeframe": "1d",
      "start": "2022-03-01",
      "end": "2026-09-11",
      "row_count": 1125
    },
    {
      "symbol": "LRN",
      "provider": "yfinance",
      "timeframe": "1d",
      "start": "2007-12-13",
      "end": "2026-09-11",
      "row_count": 4702
    },
    {
      "symbol": "MIR",
      "provider": "yfinance",
      "timeframe": "1d",
      "start": "2020-08-20",
      "end": "2026-09-11",
      "row_count": 1508
    },
    {
      "symbol": "UCB",
      "provider": "yfinance",
      "timeframe": "1d",
      "start": "2002-03-21",
      "end": "2026-09-11",
      "row_count": 6146
    },
    {
      "symbol": "COLD",
      "provider": "yfinance",
      "timeframe": "1d",
      "start": "2018-01-19",
      "end": "2026-09-11",
      "row_count": 2159
    },
    {
      "symbol": "VNT",
      "provider": "yfinance",
      "timeframe": "1d",
      "start": "2020-09-24",
      "end": "2026-09-11",
      "row_count": 1484
    },
    {
      "symbol": "BFH",
      "provider": "yfinance",
      "timeframe": "1d",
      "start": "2001-06-15",
      "end": "2026-09-11",
      "row_count": 6333
    },
    {
      "symbol": "MIAX",
      "provider": "yfinance",
      "timeframe": "1d",
      "start": "2025-08-14",
      "end": "2026-09-11",
      "row_count": 256
    },
    {
      "symbol": "BLSH",
      "provider": "yfinance",
      "timeframe": "1d",
      "start": "2025-08-13",
      "end": "2026-09-11",
      "row_count": 258
    },
    {
      "symbol": "CATY",
      "provider": "yfinance",
      "timeframe": "1d",
      "start": "1997-01-02",
      "end": "2026-09-11",
      "row_count": 7457
    },
    {
      "symbol": "ALHC",
      "provider": "yfinance",
      "timeframe": "1d",
      "start": "2021-03-26",
      "end": "2026-09-11",
      "row_count": 1359
    },
    {
      "symbol": "EXTR",
      "provider": "yfinance",
      "timeframe": "1d",
      "start": "1999-04-09",
      "end": "2026-09-11",
      "row_count": 6886
    },
    {
      "symbol": "ATMU",
      "provider": "yfinance",
      "timeframe": "1d",
      "start": "2023-05-26",
      "end": "2026-09-11",
      "row_count": 812
    },
    {
      "symbol": "LBTYK",
      "provider": "yfinance",
      "timeframe": "1d",
      "start": "2005-09-08",
      "end": "2026-09-11",
      "row_count": 5272
    },
    {
      "symbol": "INSW",
      "provider": "yfinance",
      "timeframe": "1d",
      "start": "2016-11-16",
      "end": "2026-09-11",
      "row_count": 2453
    },
    {
      "symbol": "THO",
      "provider": "yfinance",
      "timeframe": "1d",
      "start": "1997-01-02",
      "end": "2026-09-11",
      "row_count": 7457
    },
    {
      "symbol": "PLNT",
      "provider": "yfinance",
      "timeframe": "1d",
      "start": "2015-08-06",
      "end": "2026-09-11",
      "row_count": 2778
    },
    {
      "symbol": "ANF",
      "provider": "yfinance",
      "timeframe": "1d",
      "start": "1997-01-02",
      "end": "2026-09-11",
      "row_count": 7457
    },
    {
      "symbol": "HGV",
      "provider": "yfinance",
      "timeframe": "1d",
      "start": "2017-01-04",
      "end": "2026-09-11",
      "row_count": 2421
    },
    {
      "symbol": "PI",
      "provider": "yfinance",
      "timeframe": "1d",
      "start": "2016-07-21",
      "end": "2026-09-11",
      "row_count": 2537
    },
    {
      "symbol": "BNL",
      "provider": "yfinance",
      "timeframe": "1d",
      "start": "2020-09-17",
      "end": "2026-09-11",
      "row_count": 1489
    },
    {
      "symbol": "MWA",
      "provider": "yfinance",
      "timeframe": "1d",
      "start": "2006-05-26",
      "end": "2026-09-11",
      "row_count": 5092
    },
    {
      "symbol": "PII",
      "provider": "yfinance",
      "timeframe": "1d",
      "start": "1997-01-02",
      "end": "2026-09-11",
      "row_count": 7457
    },
    {
      "symbol": "INDB",
      "provider": "yfinance",
      "timeframe": "1d",
      "start": "1997-01-02",
      "end": "2026-09-11",
      "row_count": 7457
    },
    {
      "symbol": "RELY",
      "provider": "yfinance",
      "timeframe": "1d",
      "start": "2021-09-23",
      "end": "2026-09-11",
      "row_count": 1234
    },
    {
      "symbol": "OPLN",
      "provider": "yfinance",
      "timeframe": "1d",
      "start": "2009-12-11",
      "end": "2026-09-11",
      "row_count": 4199
    },
    {
      "symbol": "NVST",
      "provider": "yfinance",
      "timeframe": "1d",
      "start": "2019-09-18",
      "end": "2026-09-11",
      "row_count": 1741
    },
    {
      "symbol": "HHH",
      "provider": "yfinance",
      "timeframe": "1d",
      "start": "2010-11-05",
      "end": "2026-09-11",
      "row_count": 3972
    },
    {
      "symbol": "STNG",
      "provider": "yfinance",
      "timeframe": "1d",
      "start": "2010-03-31",
      "end": "2026-09-11",
      "row_count": 4125
    },
    {
      "symbol": "IRT",
      "provider": "yfinance",
      "timeframe": "1d",
      "start": "2013-08-13",
      "end": "2026-09-11",
      "row_count": 3276
    },
    {
      "symbol": "CRK",
      "provider": "yfinance",
      "timeframe": "1d",
      "start": "1997-01-02",
      "end": "2026-09-11",
      "row_count": 7457
    },
    {
      "symbol": "MMSI",
      "provider": "yfinance",
      "timeframe": "1d",
      "start": "1997-01-02",
      "end": "2026-09-11",
      "row_count": 7457
    },
    {
      "symbol": "CNS",
      "provider": "yfinance",
      "timeframe": "1d",
      "start": "2004-08-16",
      "end": "2026-09-11",
      "row_count": 5540
    },
    {
      "symbol": "RNST",
      "provider": "yfinance",
      "timeframe": "1d",
      "start": "1997-01-02",
      "end": "2026-09-11",
      "row_count": 7457
    },
    {
      "symbol": "CNK",
      "provider": "yfinance",
      "timeframe": "1d",
      "start": "2007-04-24",
      "end": "2026-09-11",
      "row_count": 4865
    },
    {
      "symbol": "FBP",
      "provider": "yfinance",
      "timeframe": "1d",
      "start": "1997-01-02",
      "end": "2026-09-11",
      "row_count": 7456
    },
    {
      "symbol": "ZGN",
      "provider": "yfinance",
      "timeframe": "1d",
      "start": "2021-12-20",
      "end": "2026-09-11",
      "row_count": 1172
    },
    {
      "symbol": "TPC",
      "provider": "yfinance",
      "timeframe": "1d",
      "start": "1997-01-02",
      "end": "2026-09-11",
      "row_count": 7456
    },
    {
      "symbol": "LASR",
      "provider": "yfinance",
      "timeframe": "1d",
      "start": "2018-04-26",
      "end": "2026-09-11",
      "row_count": 2093
    },
    {
      "symbol": "OII",
      "provider": "yfinance",
      "timeframe": "1d",
      "start": "1997-01-02",
      "end": "2026-09-11",
      "row_count": 7457
    },
    {
      "symbol": "GEF.B",
      "provider": "yfinance",
      "timeframe": "1d",
      "start": null,
      "end": null,
      "row_count": 0
    },
    {
      "symbol": "HP",
      "provider": "yfinance",
      "timeframe": "1d",
      "start": "1997-01-02",
      "end": "2026-09-11",
      "row_count": 7457
    },
    {
      "symbol": "QLYS",
      "provider": "yfinance",
      "timeframe": "1d",
      "start": "2012-09-28",
      "end": "2026-09-11",
      "row_count": 3493
    },
    {
      "symbol": "CDP",
      "provider": "yfinance",
      "timeframe": "1d",
      "start": "1997-01-02",
      "end": "2026-09-11",
      "row_count": 7457
    },
    {
      "symbol": "WSFS",
      "provider": "yfinance",
      "timeframe": "1d",
      "start": "1997-01-02",
      "end": "2026-09-11",
      "row_count": 7457
    },
    {
      "symbol": "BBWI",
      "provider": "yfinance",
      "timeframe": "1d",
      "start": "1997-01-02",
      "end": "2026-09-11",
      "row_count": 7457
    },
    {
      "symbol": "LOPE",
      "provider": "yfinance",
      "timeframe": "1d",
      "start": "2008-11-20",
      "end": "2026-09-11",
      "row_count": 4465
    },
    {
      "symbol": "BANF",
      "provider": "yfinance",
      "timeframe": "1d",
      "start": "1997-01-02",
      "end": "2026-09-11",
      "row_count": 7457
    },
    {
      "symbol": "EE",
      "provider": "yfinance",
      "timeframe": "1d",
      "start": "2022-04-13",
      "end": "2026-09-11",
      "row_count": 1093
    },
    {
      "symbol": "GPI",
      "provider": "yfinance",
      "timeframe": "1d",
      "start": "1997-10-30",
      "end": "2026-09-11",
      "row_count": 7247
    },
    {
      "symbol": "ACHR",
      "provider": "yfinance",
      "timeframe": "1d",
      "start": "2020-12-18",
      "end": "2026-09-11",
      "row_count": 1425
    },
    {
      "symbol": "ARCB",
      "provider": "yfinance",
      "timeframe": "1d",
      "start": "1997-01-02",
      "end": "2026-09-11",
      "row_count": 7457
    },
    {
      "symbol": "PLUG",
      "provider": "yfinance",
      "timeframe": "1d",
      "start": "1999-10-29",
      "end": "2026-09-11",
      "row_count": 6744
    },
    {
      "symbol": "BMI",
      "provider": "yfinance",
      "timeframe": "1d",
      "start": "1997-01-02",
      "end": "2026-09-11",
      "row_count": 7457
    },
    {
      "symbol": "CPRX",
      "provider": "yfinance",
      "timeframe": "1d",
      "start": "2006-11-08",
      "end": "2026-07-21",
      "row_count": 4953
    },
    {
      "symbol": "FG",
      "provider": "yfinance",
      "timeframe": "1d",
      "start": "2022-11-22",
      "end": "2026-09-11",
      "row_count": 939
    },
    {
      "symbol": "APLE",
      "provider": "yfinance",
      "timeframe": "1d",
      "start": "2015-05-18",
      "end": "2026-09-11",
      "row_count": 2833
    },
    {
      "symbol": "VRNS",
      "provider": "yfinance",
      "timeframe": "1d",
      "start": "2014-02-28",
      "end": "2026-09-11",
      "row_count": 3139
    },
    {
      "symbol": "TDW",
      "provider": "yfinance",
      "timeframe": "1d",
      "start": "1997-01-02",
      "end": "2026-09-11",
      "row_count": 7457
    },
    {
      "symbol": "CRGY",
      "provider": "yfinance",
      "timeframe": "1d",
      "start": "2021-12-08",
      "end": "2026-09-11",
      "row_count": 1180
    },
    {
      "symbol": "DORM",
      "provider": "yfinance",
      "timeframe": "1d",
      "start": "1997-01-02",
      "end": "2026-09-11",
      "row_count": 7457
    },
    {
      "symbol": "YETI",
      "provider": "yfinance",
      "timeframe": "1d",
      "start": "2018-10-25",
      "end": "2026-09-11",
      "row_count": 1965
    },
    {
      "symbol": "UWMC",
      "provider": "yfinance",
      "timeframe": "1d",
      "start": "2020-05-01",
      "end": "2026-09-11",
      "row_count": 1586
    },
    {
      "symbol": "GEO",
      "provider": "yfinance",
      "timeframe": "1d",
      "start": "1997-01-02",
      "end": "2026-09-11",
      "row_count": 7457
    },
    {
      "symbol": "KFY",
      "provider": "yfinance",
      "timeframe": "1d",
      "start": "1999-02-11",
      "end": "2026-09-11",
      "row_count": 6925
    },
    {
      "symbol": "VCYT",
      "provider": "yfinance",
      "timeframe": "1d",
      "start": "2013-10-30",
      "end": "2026-09-11",
      "row_count": 3221
    },
    {
      "symbol": "PVH",
      "provider": "yfinance",
      "timeframe": "1d",
      "start": "1997-01-02",
      "end": "2026-09-11",
      "row_count": 7457
    },
    {
      "symbol": "OTTR",
      "provider": "yfinance",
      "timeframe": "1d",
      "start": "1997-01-02",
      "end": "2026-09-11",
      "row_count": 7457
    },
    {
      "symbol": "UUUU",
      "provider": "yfinance",
      "timeframe": "1d",
      "start": "2007-03-19",
      "end": "2026-09-11",
      "row_count": 4890
    },
    {
      "symbol": "EWTX",
      "provider": "yfinance",
      "timeframe": "1d",
      "start": "2021-03-26",
      "end": "2026-09-11",
      "row_count": 1358
    },
    {
      "symbol": "CVBF",
      "provider": "yfinance",
      "timeframe": "1d",
      "start": "1997-01-02",
      "end": "2026-09-11",
      "row_count": 7457
    },
    {
      "symbol": "BETA",
      "provider": "yfinance",
      "timeframe": "1d",
      "start": "2025-11-04",
      "end": "2026-09-11",
      "row_count": 201
    },
    {
      "symbol": "CAKE",
      "provider": "yfinance",
      "timeframe": "1d",
      "start": "1997-01-02",
      "end": "2026-09-11",
      "row_count": 7457
    },
    {
      "symbol": "IRTC",
      "provider": "yfinance",
      "timeframe": "1d",
      "start": "2016-10-20",
      "end": "2026-09-11",
      "row_count": 2472
    },
    {
      "symbol": "JOE",
      "provider": "yfinance",
      "timeframe": "1d",
      "start": "1997-01-02",
      "end": "2026-09-11",
      "row_count": 7457
    },
    {
      "symbol": "OSIS",
      "provider": "yfinance",
      "timeframe": "1d",
      "start": "1997-10-02",
      "end": "2026-09-11",
      "row_count": 7267
    },
    {
      "symbol": "BELFA",
      "provider": "yfinance",
      "timeframe": "1d",
      "start": "1997-01-02",
      "end": "2026-09-11",
      "row_count": 7457
    },
    {
      "symbol": "ABG",
      "provider": "yfinance",
      "timeframe": "1d",
      "start": "2002-03-21",
      "end": "2026-09-11",
      "row_count": 6146
    },
    {
      "symbol": "GPGI",
      "provider": "yfinance",
      "timeframe": "1d",
      "start": "2020-11-19",
      "end": "2026-09-11",
      "row_count": 1444
    },
    {
      "symbol": "CHEF",
      "provider": "yfinance",
      "timeframe": "1d",
      "start": "2011-07-28",
      "end": "2026-09-11",
      "row_count": 3790
    },
    {
      "symbol": "CALM",
      "provider": "yfinance",
      "timeframe": "1d",
      "start": "1997-01-02",
      "end": "2026-09-11",
      "row_count": 7457
    },
    {
      "symbol": "SXI",
      "provider": "yfinance",
      "timeframe": "1d",
      "start": "1997-01-02",
      "end": "2026-09-11",
      "row_count": 7457
    },
    {
      "symbol": "LIF",
      "provider": "yfinance",
      "timeframe": "1d",
      "start": "2024-06-06",
      "end": "2026-09-11",
      "row_count": 555
    },
    {
      "symbol": "AAP",
      "provider": "yfinance",
      "timeframe": "1d",
      "start": "2001-11-29",
      "end": "2026-09-11",
      "row_count": 6222
    },
    {
      "symbol": "DOCS",
      "provider": "yfinance",
      "timeframe": "1d",
      "start": "2021-06-24",
      "end": "2026-09-11",
      "row_count": 1297
    },
    {
      "symbol": "TXG",
      "provider": "yfinance",
      "timeframe": "1d",
      "start": "2019-09-12",
      "end": "2026-09-11",
      "row_count": 1746
    },
    {
      "symbol": "DAVE",
      "provider": "yfinance",
      "timeframe": "1d",
      "start": "2021-04-26",
      "end": "2026-09-11",
      "row_count": 1338
    },
    {
      "symbol": "SKYW",
      "provider": "yfinance",
      "timeframe": "1d",
      "start": "1997-01-02",
      "end": "2026-09-11",
      "row_count": 7457
    },
    {
      "symbol": "SLG",
      "provider": "yfinance",
      "timeframe": "1d",
      "start": "1997-08-15",
      "end": "2026-09-11",
      "row_count": 7300
    },
    {
      "symbol": "ELF",
      "provider": "yfinance",
      "timeframe": "1d",
      "start": "2016-09-22",
      "end": "2026-09-11",
      "row_count": 2492
    },
    {
      "symbol": "CRNX",
      "provider": "yfinance",
      "timeframe": "1d",
      "start": "2018-07-18",
      "end": "2026-08-14",
      "row_count": 2029
    },
    {
      "symbol": "BHF",
      "provider": "yfinance",
      "timeframe": "1d",
      "start": "2017-07-17",
      "end": "2026-09-11",
      "row_count": 2288
    },
    {
      "symbol": "MHO",
      "provider": "yfinance",
      "timeframe": "1d",
      "start": "1997-01-02",
      "end": "2026-09-11",
      "row_count": 7457
    },
    {
      "symbol": "SMR",
      "provider": "yfinance",
      "timeframe": "1d",
      "start": "2022-03-01",
      "end": "2026-09-11",
      "row_count": 1125
    },
    {
      "symbol": "ACAD",
      "provider": "yfinance",
      "timeframe": "1d",
      "start": "2004-05-27",
      "end": "2026-09-11",
      "row_count": 5595
    },
    {
      "symbol": "FIBK",
      "provider": "yfinance",
      "timeframe": "1d",
      "start": "2010-03-24",
      "end": "2026-09-11",
      "row_count": 4130
    },
    {
      "symbol": "CON",
      "provider": "yfinance",
      "timeframe": "1d",
      "start": "2024-07-25",
      "end": "2026-09-11",
      "row_count": 521
    },
    {
      "symbol": "WAY",
      "provider": "yfinance",
      "timeframe": "1d",
      "start": "2024-06-07",
      "end": "2026-09-11",
      "row_count": 553
    },
    {
      "symbol": "YSS",
      "provider": "yfinance",
      "timeframe": "1d",
      "start": "2026-01-29",
      "end": "2026-09-11",
      "row_count": 143
    },
    {
      "symbol": "SMG",
      "provider": "yfinance",
      "timeframe": "1d",
      "start": "1997-01-02",
      "end": "2026-09-11",
      "row_count": 7457
    },
    {
      "symbol": "SIG",
      "provider": "yfinance",
      "timeframe": "1d",
      "start": "1997-01-02",
      "end": "2026-09-11",
      "row_count": 7456
    },
    {
      "symbol": "ITRI",
      "provider": "yfinance",
      "timeframe": "1d",
      "start": "1997-01-02",
      "end": "2026-09-11",
      "row_count": 7457
    },
    {
      "symbol": "BKU",
      "provider": "yfinance",
      "timeframe": "1d",
      "start": "2011-01-28",
      "end": "2026-09-11",
      "row_count": 3914
    },
    {
      "symbol": "HAE",
      "provider": "yfinance",
      "timeframe": "1d",
      "start": "1997-01-02",
      "end": "2026-09-11",
      "row_count": 7457
    },
    {
      "symbol": "ICUI",
      "provider": "yfinance",
      "timeframe": "1d",
      "start": "1997-01-02",
      "end": "2026-09-11",
      "row_count": 7457
    },
    {
      "symbol": "WSBC",
      "provider": "yfinance",
      "timeframe": "1d",
      "start": "1997-01-02",
      "end": "2026-09-11",
      "row_count": 7457
    },
    {
      "symbol": "NSA",
      "provider": "yfinance",
      "timeframe": "1d",
      "start": "2015-04-22",
      "end": "2026-07-21",
      "row_count": 2828
    },
    {
      "symbol": "OGN",
      "provider": "yfinance",
      "timeframe": "1d",
      "start": "2021-05-14",
      "end": "2026-09-11",
      "row_count": 1323
    },
    {
      "symbol": "ADEA",
      "provider": "yfinance",
      "timeframe": "1d",
      "start": "2003-11-13",
      "end": "2026-09-11",
      "row_count": 5729
    },
    {
      "symbol": "BOX",
      "provider": "yfinance",
      "timeframe": "1d",
      "start": "2015-01-23",
      "end": "2026-09-11",
      "row_count": 2912
    },
    {
      "symbol": "BATRA",
      "provider": "yfinance",
      "timeframe": "1d",
      "start": "2016-04-18",
      "end": "2026-09-11",
      "row_count": 2602
    },
    {
      "symbol": "AVA",
      "provider": "yfinance",
      "timeframe": "1d",
      "start": "1997-01-02",
      "end": "2026-09-11",
      "row_count": 7457
    },
    {
      "symbol": "NHI",
      "provider": "yfinance",
      "timeframe": "1d",
      "start": "1997-01-02",
      "end": "2026-09-11",
      "row_count": 7456
    },
    {
      "symbol": "FHB",
      "provider": "yfinance",
      "timeframe": "1d",
      "start": "2016-08-05",
      "end": "2026-09-11",
      "row_count": 2526
    },
    {
      "symbol": "BULL",
      "provider": "yfinance",
      "timeframe": "1d",
      "start": "2022-08-22",
      "end": "2026-09-11",
      "row_count": 1005
    },
    {
      "symbol": "CBU",
      "provider": "yfinance",
      "timeframe": "1d",
      "start": "1997-01-02",
      "end": "2026-09-11",
      "row_count": 7456
    },
    {
      "symbol": "MSGE",
      "provider": "yfinance",
      "timeframe": "1d",
      "start": "2023-04-17",
      "end": "2026-09-11",
      "row_count": 842
    },
    {
      "symbol": "CECO",
      "provider": "yfinance",
      "timeframe": "1d",
      "start": "1997-01-02",
      "end": "2026-09-11",
      "row_count": 7457
    },
    {
      "symbol": "FUL",
      "provider": "yfinance",
      "timeframe": "1d",
      "start": "1997-01-02",
      "end": "2026-09-11",
      "row_count": 7457
    },
    {
      "symbol": "AVNT",
      "provider": "yfinance",
      "timeframe": "1d",
      "start": "1999-09-13",
      "end": "2026-09-11",
      "row_count": 6778
    },
    {
      "symbol": "FIZZ",
      "provider": "yfinance",
      "timeframe": "1d",
      "start": "1997-01-02",
      "end": "2026-09-11",
      "row_count": 7457
    },
    {
      "symbol": "ATRO",
      "provider": "yfinance",
      "timeframe": "1d",
      "start": "1997-01-02",
      "end": "2026-09-11",
      "row_count": 7456
    },
    {
      "symbol": "DNLI",
      "provider": "yfinance",
      "timeframe": "1d",
      "start": "2017-12-08",
      "end": "2026-09-11",
      "row_count": 2187
    },
    {
      "symbol": "COLM",
      "provider": "yfinance",
      "timeframe": "1d",
      "start": "1998-03-27",
      "end": "2026-09-11",
      "row_count": 7146
    },
    {
      "symbol": "GNW",
      "provider": "yfinance",
      "timeframe": "1d",
      "start": "2004-05-25",
      "end": "2026-09-11",
      "row_count": 5597
    },
    {
      "symbol": "BFAM",
      "provider": "yfinance",
      "timeframe": "1d",
      "start": "2013-01-25",
      "end": "2026-09-11",
      "row_count": 3414
    },
    {
      "symbol": "AEHR",
      "provider": "yfinance",
      "timeframe": "1d",
      "start": "1997-08-15",
      "end": "2026-09-11",
      "row_count": 7300
    },
    {
      "symbol": "KN",
      "provider": "yfinance",
      "timeframe": "1d",
      "start": "2014-02-14",
      "end": "2026-09-11",
      "row_count": 3148
    },
    {
      "symbol": "FFBC",
      "provider": "yfinance",
      "timeframe": "1d",
      "start": "1997-01-02",
      "end": "2026-09-11",
      "row_count": 7457
    },
    {
      "symbol": "AGO",
      "provider": "yfinance",
      "timeframe": "1d",
      "start": "2004-04-23",
      "end": "2026-09-11",
      "row_count": 5618
    },
    {
      "symbol": "KBH",
      "provider": "yfinance",
      "timeframe": "1d",
      "start": "1997-01-02",
      "end": "2026-09-11",
      "row_count": 7457
    },
    {
      "symbol": "SHOO",
      "provider": "yfinance",
      "timeframe": "1d",
      "start": "1997-01-02",
      "end": "2026-09-11",
      "row_count": 7457
    },
    {
      "symbol": "NSIT",
      "provider": "yfinance",
      "timeframe": "1d",
      "start": "1997-01-02",
      "end": "2026-09-11",
      "row_count": 7457
    },
    {
      "symbol": "VKTX",
      "provider": "yfinance",
      "timeframe": "1d",
      "start": "2015-04-28",
      "end": "2026-09-11",
      "row_count": 2848
    },
    {
      "symbol": "BTU",
      "provider": "yfinance",
      "timeframe": "1d",
      "start": "2017-04-03",
      "end": "2026-09-11",
      "row_count": 2360
    },
    {
      "symbol": "KAI",
      "provider": "yfinance",
      "timeframe": "1d",
      "start": "1997-01-02",
      "end": "2026-09-11",
      "row_count": 7457
    },
    {
      "symbol": "DAN",
      "provider": "yfinance",
      "timeframe": "1d",
      "start": "2008-01-02",
      "end": "2026-09-11",
      "row_count": 4690
    },
    {
      "symbol": "RHI",
      "provider": "yfinance",
      "timeframe": "1d",
      "start": "1997-01-02",
      "end": "2026-09-11",
      "row_count": 7457
    },
    {
      "symbol": "VGNT",
      "provider": "yfinance",
      "timeframe": "1d",
      "start": "2026-03-27",
      "end": "2026-09-11",
      "row_count": 102
    },
    {
      "symbol": "CC",
      "provider": "yfinance",
      "timeframe": "1d",
      "start": "2015-06-19",
      "end": "2026-09-11",
      "row_count": 2811
    },
    {
      "symbol": "BILL",
      "provider": "yfinance",
      "timeframe": "1d",
      "start": "2019-12-12",
      "end": "2026-09-11",
      "row_count": 1681
    },
    {
      "symbol": "HWKN",
      "provider": "yfinance",
      "timeframe": "1d",
      "start": "1997-01-02",
      "end": "2026-09-11",
      "row_count": 7457
    },
    {
      "symbol": "LFST",
      "provider": "yfinance",
      "timeframe": "1d",
      "start": "2021-06-10",
      "end": "2026-09-11",
      "row_count": 1306
    },
    {
      "symbol": "INOD",
      "provider": "yfinance",
      "timeframe": "1d",
      "start": "1997-01-02",
      "end": "2026-09-11",
      "row_count": 7457
    },
    {
      "symbol": "TOWN",
      "provider": "yfinance",
      "timeframe": "1d",
      "start": "1999-05-05",
      "end": "2026-09-11",
      "row_count": 6868
    },
    {
      "symbol": "ASO",
      "provider": "yfinance",
      "timeframe": "1d",
      "start": "2020-10-02",
      "end": "2026-09-11",
      "row_count": 1478
    },
    {
      "symbol": "HIW",
      "provider": "yfinance",
      "timeframe": "1d",
      "start": "1997-01-02",
      "end": "2026-09-11",
      "row_count": 7457
    },
    {
      "symbol": "MMS",
      "provider": "yfinance",
      "timeframe": "1d",
      "start": "1997-06-13",
      "end": "2026-09-11",
      "row_count": 7344
    },
    {
      "symbol": "CURB",
      "provider": "yfinance",
      "timeframe": "1d",
      "start": "2024-09-26",
      "end": "2026-09-11",
      "row_count": 477
    },
    {
      "symbol": "NATL",
      "provider": "yfinance",
      "timeframe": "1d",
      "start": "2023-10-11",
      "end": "2026-09-11",
      "row_count": 718
    },
    {
      "symbol": "FOUR",
      "provider": "yfinance",
      "timeframe": "1d",
      "start": "2020-06-05",
      "end": "2026-09-11",
      "row_count": 1562
    },
    {
      "symbol": "SFNC",
      "provider": "yfinance",
      "timeframe": "1d",
      "start": "1997-01-02",
      "end": "2026-09-11",
      "row_count": 7457
    },
    {
      "symbol": "NG",
      "provider": "yfinance",
      "timeframe": "1d",
      "start": "2003-12-04",
      "end": "2026-09-11",
      "row_count": 5715
    },
    {
      "symbol": "PRK",
      "provider": "yfinance",
      "timeframe": "1d",
      "start": "1997-01-02",
      "end": "2026-09-11",
      "row_count": 7457
    },
    {
      "symbol": "IPAR",
      "provider": "yfinance",
      "timeframe": "1d",
      "start": "1997-01-02",
      "end": "2026-09-11",
      "row_count": 7457
    },
    {
      "symbol": "OPCH",
      "provider": "yfinance",
      "timeframe": "1d",
      "start": "1997-01-02",
      "end": "2026-09-11",
      "row_count": 7457
    },
    {
      "symbol": "PENG",
      "provider": "yfinance",
      "timeframe": "1d",
      "start": "2017-05-24",
      "end": "2026-09-11",
      "row_count": 2325
    },
    {
      "symbol": "BATRK",
      "provider": "yfinance",
      "timeframe": "1d",
      "start": "2016-04-18",
      "end": "2026-09-11",
      "row_count": 2602
    },
    {
      "symbol": "WRBY",
      "provider": "yfinance",
      "timeframe": "1d",
      "start": "2021-09-29",
      "end": "2026-09-11",
      "row_count": 1230
    },
    {
      "symbol": "RNG",
      "provider": "yfinance",
      "timeframe": "1d",
      "start": "2013-09-27",
      "end": "2026-09-11",
      "row_count": 3244
    },
    {
      "symbol": "BHE",
      "provider": "yfinance",
      "timeframe": "1d",
      "start": "1997-01-02",
      "end": "2026-09-11",
      "row_count": 7457
    },
    {
      "symbol": "BANC",
      "provider": "yfinance",
      "timeframe": "1d",
      "start": "2002-08-23",
      "end": "2026-09-11",
      "row_count": 6037
    },
    {
      "symbol": "BKD",
      "provider": "yfinance",
      "timeframe": "1d",
      "start": "2005-11-22",
      "end": "2026-09-11",
      "row_count": 5219
    },
    {
      "symbol": "VAC",
      "provider": "yfinance",
      "timeframe": "1d",
      "start": "2011-11-08",
      "end": "2026-09-11",
      "row_count": 3718
    },
    {
      "symbol": "LEU",
      "provider": "yfinance",
      "timeframe": "1d",
      "start": "1998-07-23",
      "end": "2026-09-11",
      "row_count": 7065
    },
    {
      "symbol": "RLAY",
      "provider": "yfinance",
      "timeframe": "1d",
      "start": "2020-07-16",
      "end": "2026-09-11",
      "row_count": 1533
    },
    {
      "symbol": "BOH",
      "provider": "yfinance",
      "timeframe": "1d",
      "start": "1997-01-02",
      "end": "2026-09-11",
      "row_count": 7457
    },
    {
      "symbol": "HAYW",
      "provider": "yfinance",
      "timeframe": "1d",
      "start": "2021-03-12",
      "end": "2026-09-11",
      "row_count": 1368
    },
    {
      "symbol": "HG",
      "provider": "yfinance",
      "timeframe": "1d",
      "start": "2023-11-10",
      "end": "2026-09-11",
      "row_count": 696
    },
    {
      "symbol": "GPK",
      "provider": "yfinance",
      "timeframe": "1d",
      "start": "1997-01-02",
      "end": "2026-09-11",
      "row_count": 7457
    },
    {
      "symbol": "CWK",
      "provider": "yfinance",
      "timeframe": "1d",
      "start": "2018-08-02",
      "end": "2026-09-11",
      "row_count": 2024
    },
    {
      "symbol": "VC",
      "provider": "yfinance",
      "timeframe": "1d",
      "start": "2010-10-05",
      "end": "2026-09-11",
      "row_count": 3995
    },
    {
      "symbol": "NIC",
      "provider": "yfinance",
      "timeframe": "1d",
      "start": "2013-05-17",
      "end": "2026-09-11",
      "row_count": 3335
    },
    {
      "symbol": "GEF",
      "provider": "yfinance",
      "timeframe": "1d",
      "start": "1997-01-02",
      "end": "2026-09-11",
      "row_count": 7457
    },
    {
      "symbol": "PHIN",
      "provider": "yfinance",
      "timeframe": "1d",
      "start": "2023-06-28",
      "end": "2026-09-11",
      "row_count": 791
    },
    {
      "symbol": "AEO",
      "provider": "yfinance",
      "timeframe": "1d",
      "start": "1997-01-02",
      "end": "2026-09-11",
      "row_count": 7457
    },
    {
      "symbol": "LXP",
      "provider": "yfinance",
      "timeframe": "1d",
      "start": "1997-01-02",
      "end": "2026-09-11",
      "row_count": 7457
    },
    {
      "symbol": "CALY",
      "provider": "yfinance",
      "timeframe": "1d",
      "start": "1997-01-02",
      "end": "2026-09-11",
      "row_count": 7457
    },
    {
      "symbol": "SBCF",
      "provider": "yfinance",
      "timeframe": "1d",
      "start": "1997-01-02",
      "end": "2026-09-11",
      "row_count": 7457
    },
    {
      "symbol": "KALU",
      "provider": "yfinance",
      "timeframe": "1d",
      "start": "2006-07-07",
      "end": "2026-09-11",
      "row_count": 5064
    },
    {
      "symbol": "GRBK",
      "provider": "yfinance",
      "timeframe": "1d",
      "start": "2007-06-20",
      "end": "2026-09-11",
      "row_count": 4825
    },
    {
      "symbol": "USLM",
      "provider": "yfinance",
      "timeframe": "1d",
      "start": "1997-01-02",
      "end": "2026-09-11",
      "row_count": 7457
    },
    {
      "symbol": "TDC",
      "provider": "yfinance",
      "timeframe": "1d",
      "start": "2007-10-01",
      "end": "2026-09-11",
      "row_count": 4754
    },
    {
      "symbol": "BXMT",
      "provider": "yfinance",
      "timeframe": "1d",
      "start": "1997-01-02",
      "end": "2026-09-11",
      "row_count": 7457
    },
    {
      "symbol": "UNIT",
      "provider": "yfinance",
      "timeframe": "1d",
      "start": "2015-04-20",
      "end": "2026-09-11",
      "row_count": 2853
    },
    {
      "symbol": "ITGR",
      "provider": "yfinance",
      "timeframe": "1d",
      "start": "2000-09-29",
      "end": "2026-09-11",
      "row_count": 6512
    },
    {
      "symbol": "NHC",
      "provider": "yfinance",
      "timeframe": "1d",
      "start": "1997-01-02",
      "end": "2026-09-11",
      "row_count": 7456
    },
    {
      "symbol": "CVI",
      "provider": "yfinance",
      "timeframe": "1d",
      "start": "2007-10-23",
      "end": "2026-09-11",
      "row_count": 4737
    },
    {
      "symbol": "ALMS",
      "provider": "yfinance",
      "timeframe": "1d",
      "start": "2024-06-28",
      "end": "2026-09-11",
      "row_count": 539
    },
    {
      "symbol": "RUN",
      "provider": "yfinance",
      "timeframe": "1d",
      "start": "2015-08-05",
      "end": "2026-09-11",
      "row_count": 2779
    },
    {
      "symbol": "PFS",
      "provider": "yfinance",
      "timeframe": "1d",
      "start": "2003-01-16",
      "end": "2026-09-11",
      "row_count": 5938
    },
    {
      "symbol": "CTRI",
      "provider": "yfinance",
      "timeframe": "1d",
      "start": "2024-04-19",
      "end": "2026-09-11",
      "row_count": 587
    },
    {
      "symbol": "TTAM",
      "provider": "yfinance",
      "timeframe": "1d",
      "start": "2025-02-07",
      "end": "2026-09-11",
      "row_count": 386
    },
    {
      "symbol": "UNFI",
      "provider": "yfinance",
      "timeframe": "1d",
      "start": "1997-01-02",
      "end": "2026-09-11",
      "row_count": 7457
    },
    {
      "symbol": "MZTI",
      "provider": "yfinance",
      "timeframe": "1d",
      "start": "1997-01-02",
      "end": "2026-09-11",
      "row_count": 7457
    },
    {
      "symbol": "CRVL",
      "provider": "yfinance",
      "timeframe": "1d",
      "start": "1997-01-02",
      "end": "2026-09-11",
      "row_count": 7457
    },
    {
      "symbol": "ARQT",
      "provider": "yfinance",
      "timeframe": "1d",
      "start": "2020-01-31",
      "end": "2026-09-11",
      "row_count": 1649
    },
    {
      "symbol": "AWR",
      "provider": "yfinance",
      "timeframe": "1d",
      "start": "1997-01-02",
      "end": "2026-09-11",
      "row_count": 7457
    },
    {
      "symbol": "PLMR",
      "provider": "yfinance",
      "timeframe": "1d",
      "start": "2019-04-17",
      "end": "2026-09-11",
      "row_count": 1847
    },
    {
      "symbol": "ICHR",
      "provider": "yfinance",
      "timeframe": "1d",
      "start": "2016-12-09",
      "end": "2026-09-11",
      "row_count": 2438
    },
    {
      "symbol": "UE",
      "provider": "yfinance",
      "timeframe": "1d",
      "start": "2015-01-16",
      "end": "2026-09-11",
      "row_count": 2916
    },
    {
      "symbol": "PPTA",
      "provider": "yfinance",
      "timeframe": "1d",
      "start": "2021-02-18",
      "end": "2026-09-11",
      "row_count": 1385
    },
    {
      "symbol": "RDW",
      "provider": "yfinance",
      "timeframe": "1d",
      "start": "2021-01-14",
      "end": "2026-09-11",
      "row_count": 1408
    },
    {
      "symbol": "DYN",
      "provider": "yfinance",
      "timeframe": "1d",
      "start": "2020-09-17",
      "end": "2026-09-11",
      "row_count": 1489
    },
    {
      "symbol": "WDFC",
      "provider": "yfinance",
      "timeframe": "1d",
      "start": "1997-01-02",
      "end": "2026-09-11",
      "row_count": 7457
    },
    {
      "symbol": "CLMT",
      "provider": "yfinance",
      "timeframe": "1d",
      "start": "2006-01-26",
      "end": "2026-09-11",
      "row_count": 5176
    },
    {
      "symbol": "RCUS",
      "provider": "yfinance",
      "timeframe": "1d",
      "start": "2018-03-15",
      "end": "2026-09-11",
      "row_count": 2121
    },
    {
      "symbol": "GPOR",
      "provider": "yfinance",
      "timeframe": "1d",
      "start": "2021-05-18",
      "end": "2026-09-11",
      "row_count": 1322
    },
    {
      "symbol": "BEAM",
      "provider": "yfinance",
      "timeframe": "1d",
      "start": "2020-02-06",
      "end": "2026-09-11",
      "row_count": 1645
    },
    {
      "symbol": "SOUN",
      "provider": "yfinance",
      "timeframe": "1d",
      "start": "2022-04-28",
      "end": "2026-09-11",
      "row_count": 1084
    },
    {
      "symbol": "ASH",
      "provider": "yfinance",
      "timeframe": "1d",
      "start": "1997-01-02",
      "end": "2026-09-11",
      "row_count": 7457
    },
    {
      "symbol": "AMBA",
      "provider": "yfinance",
      "timeframe": "1d",
      "start": "2012-10-10",
      "end": "2026-09-11",
      "row_count": 3486
    },
    {
      "symbol": "MPT",
      "provider": "yfinance",
      "timeframe": "1d",
      "start": "2005-07-08",
      "end": "2026-09-11",
      "row_count": 5315
    },
    {
      "symbol": "CPK",
      "provider": "yfinance",
      "timeframe": "1d",
      "start": "1997-01-02",
      "end": "2026-09-11",
      "row_count": 7457
    },
    {
      "symbol": "NTCT",
      "provider": "yfinance",
      "timeframe": "1d",
      "start": "1999-08-12",
      "end": "2026-09-11",
      "row_count": 6799
    },
    {
      "symbol": "TENB",
      "provider": "yfinance",
      "timeframe": "1d",
      "start": "2018-07-26",
      "end": "2026-09-11",
      "row_count": 2029
    },
    {
      "symbol": "PRVA",
      "provider": "yfinance",
      "timeframe": "1d",
      "start": "2021-04-28",
      "end": "2026-09-11",
      "row_count": 1336
    },
    {
      "symbol": "AKR",
      "provider": "yfinance",
      "timeframe": "1d",
      "start": "1997-01-02",
      "end": "2026-09-11",
      "row_count": 7457
    },
    {
      "symbol": "CDNL",
      "provider": "yfinance",
      "timeframe": "1d",
      "start": "2025-12-10",
      "end": "2026-09-11",
      "row_count": 176
    },
    {
      "symbol": "WOR",
      "provider": "yfinance",
      "timeframe": "1d",
      "start": "1997-01-02",
      "end": "2026-09-11",
      "row_count": 7456
    },
    {
      "symbol": "NN",
      "provider": "yfinance",
      "timeframe": "1d",
      "start": "2020-11-02",
      "end": "2026-09-11",
      "row_count": 1458
    },
    {
      "symbol": "MGEE",
      "provider": "yfinance",
      "timeframe": "1d",
      "start": "1997-01-02",
      "end": "2026-09-11",
      "row_count": 7457
    },
    {
      "symbol": "TR",
      "provider": "yfinance",
      "timeframe": "1d",
      "start": "1997-01-02",
      "end": "2026-09-11",
      "row_count": 7457
    },
    {
      "symbol": "PK",
      "provider": "yfinance",
      "timeframe": "1d",
      "start": "2017-01-04",
      "end": "2026-09-11",
      "row_count": 2421
    },
    {
      "symbol": "UPST",
      "provider": "yfinance",
      "timeframe": "1d",
      "start": "2020-12-16",
      "end": "2026-09-11",
      "row_count": 1427
    },
    {
      "symbol": "APAM",
      "provider": "yfinance",
      "timeframe": "1d",
      "start": "2013-03-07",
      "end": "2026-09-11",
      "row_count": 3385
    },
    {
      "symbol": "FSLY",
      "provider": "yfinance",
      "timeframe": "1d",
      "start": "2019-05-17",
      "end": "2026-09-11",
      "row_count": 1827
    },
    {
      "symbol": "DBRG",
      "provider": "yfinance",
      "timeframe": "1d",
      "start": "2014-06-27",
      "end": "2026-09-11",
      "row_count": 3056
    },
    {
      "symbol": "PENN",
      "provider": "yfinance",
      "timeframe": "1d",
      "start": "1997-01-02",
      "end": "2026-09-11",
      "row_count": 7457
    },
    {
      "symbol": "DK",
      "provider": "yfinance",
      "timeframe": "1d",
      "start": "2006-05-04",
      "end": "2026-09-11",
      "row_count": 5108
    },
    {
      "symbol": "COHU",
      "provider": "yfinance",
      "timeframe": "1d",
      "start": "1997-01-02",
      "end": "2026-09-11",
      "row_count": 7457
    },
    {
      "symbol": "RH",
      "provider": "yfinance",
      "timeframe": "1d",
      "start": "2012-11-02",
      "end": "2026-09-11",
      "row_count": 3470
    },
    {
      "symbol": "HTFL",
      "provider": "yfinance",
      "timeframe": "1d",
      "start": "2025-08-11",
      "end": "2026-09-11",
      "row_count": 260
    },
    {
      "symbol": "OLN",
      "provider": "yfinance",
      "timeframe": "1d",
      "start": "1997-01-02",
      "end": "2026-09-11",
      "row_count": 7457
    },
    {
      "symbol": "VISN",
      "provider": "yfinance",
      "timeframe": "1d",
      "start": "2013-10-25",
      "end": "2026-09-11",
      "row_count": 3224
    },
    {
      "symbol": "PATK",
      "provider": "yfinance",
      "timeframe": "1d",
      "start": "1997-01-02",
      "end": "2026-09-11",
      "row_count": 7457
    },
    {
      "symbol": "VVX",
      "provider": "yfinance",
      "timeframe": "1d",
      "start": "2014-09-16",
      "end": "2026-09-11",
      "row_count": 3001
    },
    {
      "symbol": "HUBG",
      "provider": "yfinance",
      "timeframe": "1d",
      "start": "1997-01-02",
      "end": "2026-09-11",
      "row_count": 7457
    },
    {
      "symbol": "FBK",
      "provider": "yfinance",
      "timeframe": "1d",
      "start": "2016-09-16",
      "end": "2026-09-11",
      "row_count": 2496
    },
    {
      "symbol": "DBD",
      "provider": "yfinance",
      "timeframe": "1d",
      "start": "2023-08-14",
      "end": "2026-09-11",
      "row_count": 758
    },
    {
      "symbol": "DHT",
      "provider": "yfinance",
      "timeframe": "1d",
      "start": "2005-10-13",
      "end": "2026-09-11",
      "row_count": 5247
    },
    {
      "symbol": "FA",
      "provider": "yfinance",
      "timeframe": "1d",
      "start": "2021-06-23",
      "end": "2026-09-11",
      "row_count": 1298
    },
    {
      "symbol": "MGRC",
      "provider": "yfinance",
      "timeframe": "1d",
      "start": "1997-01-02",
      "end": "2026-09-11",
      "row_count": 7457
    },
    {
      "symbol": "ADPT",
      "provider": "yfinance",
      "timeframe": "1d",
      "start": "2019-06-27",
      "end": "2026-09-11",
      "row_count": 1798
    },
    {
      "symbol": "NMIH",
      "provider": "yfinance",
      "timeframe": "1d",
      "start": "2013-11-08",
      "end": "2026-09-11",
      "row_count": 3214
    },
    {
      "symbol": "ELVN",
      "provider": "yfinance",
      "timeframe": "1d",
      "start": "2020-03-12",
      "end": "2026-09-11",
      "row_count": 1620
    },
    {
      "symbol": "PARR",
      "provider": "yfinance",
      "timeframe": "1d",
      "start": "2012-09-05",
      "end": "2026-09-11",
      "row_count": 3511
    },
    {
      "symbol": "AAMI",
      "provider": "yfinance",
      "timeframe": "1d",
      "start": "2014-10-09",
      "end": "2026-09-11",
      "row_count": 2984
    },
    {
      "symbol": "HLIO",
      "provider": "yfinance",
      "timeframe": "1d",
      "start": "1997-01-09",
      "end": "2026-09-11",
      "row_count": 7451
    },
    {
      "symbol": "DX",
      "provider": "yfinance",
      "timeframe": "1d",
      "start": "1997-01-02",
      "end": "2026-09-11",
      "row_count": 7457
    },
    {
      "symbol": "WHR",
      "provider": "yfinance",
      "timeframe": "1d",
      "start": "1997-01-02",
      "end": "2026-09-11",
      "row_count": 7457
    },
    {
      "symbol": "FCPT",
      "provider": "yfinance",
      "timeframe": "1d",
      "start": "2015-11-10",
      "end": "2026-09-11",
      "row_count": 2710
    },
    {
      "symbol": "EXPO",
      "provider": "yfinance",
      "timeframe": "1d",
      "start": "1997-01-02",
      "end": "2026-09-11",
      "row_count": 7457
    },
    {
      "symbol": "SDRL",
      "provider": "yfinance",
      "timeframe": "1d",
      "start": "2022-10-14",
      "end": "2026-09-11",
      "row_count": 965
    },
    {
      "symbol": "TRN",
      "provider": "yfinance",
      "timeframe": "1d",
      "start": "1997-01-02",
      "end": "2026-09-11",
      "row_count": 7457
    },
    {
      "symbol": "HUN",
      "provider": "yfinance",
      "timeframe": "1d",
      "start": "2005-02-14",
      "end": "2026-09-11",
      "row_count": 5415
    },
    {
      "symbol": "WT",
      "provider": "yfinance",
      "timeframe": "1d",
      "start": "1997-01-02",
      "end": "2026-09-11",
      "row_count": 7456
    },
    {
      "symbol": "SPNT",
      "provider": "yfinance",
      "timeframe": "1d",
      "start": "2013-08-15",
      "end": "2026-09-11",
      "row_count": 3273
    },
    {
      "symbol": "QTWO",
      "provider": "yfinance",
      "timeframe": "1d",
      "start": "2014-03-20",
      "end": "2026-09-11",
      "row_count": 3125
    },
    {
      "symbol": "WK",
      "provider": "yfinance",
      "timeframe": "1d",
      "start": "2014-12-12",
      "end": "2026-09-11",
      "row_count": 2939
    },
    {
      "symbol": "BKV",
      "provider": "yfinance",
      "timeframe": "1d",
      "start": "2024-09-26",
      "end": "2026-09-11",
      "row_count": 477
    },
    {
      "symbol": "WAFD",
      "provider": "yfinance",
      "timeframe": "1d",
      "start": "1997-01-02",
      "end": "2026-09-11",
      "row_count": 7457
    },
    {
      "symbol": "STNE",
      "provider": "yfinance",
      "timeframe": "1d",
      "start": "2018-10-25",
      "end": "2026-09-11",
      "row_count": 1966
    },
    {
      "symbol": "GRDN",
      "provider": "yfinance",
      "timeframe": "1d",
      "start": "2024-09-26",
      "end": "2026-09-11",
      "row_count": 477
    },
    {
      "symbol": "IVT",
      "provider": "yfinance",
      "timeframe": "1d",
      "start": "2014-02-27",
      "end": "2026-09-11",
      "row_count": 3139
    },
    {
      "symbol": "CWT",
      "provider": "yfinance",
      "timeframe": "1d",
      "start": "1997-01-02",
      "end": "2026-09-11",
      "row_count": 7457
    },
    {
      "symbol": "CCC",
      "provider": "yfinance",
      "timeframe": "1d",
      "start": "2020-10-05",
      "end": "2026-09-11",
      "row_count": 1477
    },
    {
      "symbol": "DFTX",
      "provider": "yfinance",
      "timeframe": "1d",
      "start": "2016-11-15",
      "end": "2026-09-11",
      "row_count": 2455
    },
    {
      "symbol": "HOG",
      "provider": "yfinance",
      "timeframe": "1d",
      "start": "1997-01-02",
      "end": "2026-09-11",
      "row_count": 7457
    },
    {
      "symbol": "ROG",
      "provider": "yfinance",
      "timeframe": "1d",
      "start": "1997-01-02",
      "end": "2026-09-11",
      "row_count": 7457
    },
    {
      "symbol": "NMRK",
      "provider": "yfinance",
      "timeframe": "1d",
      "start": "2017-12-15",
      "end": "2026-09-11",
      "row_count": 2181
    },
    {
      "symbol": "TRMK",
      "provider": "yfinance",
      "timeframe": "1d",
      "start": "1997-01-02",
      "end": "2026-09-11",
      "row_count": 7457
    },
    {
      "symbol": "ABM",
      "provider": "yfinance",
      "timeframe": "1d",
      "start": "1997-01-02",
      "end": "2026-09-11",
      "row_count": 7457
    },
    {
      "symbol": "PDFS",
      "provider": "yfinance",
      "timeframe": "1d",
      "start": "2001-07-31",
      "end": "2026-09-11",
      "row_count": 6303
    },
    {
      "symbol": "CENT",
      "provider": "yfinance",
      "timeframe": "1d",
      "start": "1997-01-02",
      "end": "2026-09-11",
      "row_count": 7457
    },
    {
      "symbol": "CXW",
      "provider": "yfinance",
      "timeframe": "1d",
      "start": "1997-07-15",
      "end": "2026-09-11",
      "row_count": 7322
    },
    {
      "symbol": "ATKR",
      "provider": "yfinance",
      "timeframe": "1d",
      "start": "2016-06-10",
      "end": "2026-09-11",
      "row_count": 2564
    },
    {
      "symbol": "SAH",
      "provider": "yfinance",
      "timeframe": "1d",
      "start": "1997-11-12",
      "end": "2026-09-11",
      "row_count": 7238
    },
    {
      "symbol": "NESR",
      "provider": "yfinance",
      "timeframe": "1d",
      "start": "2024-07-09",
      "end": "2026-09-11",
      "row_count": 533
    },
    {
      "symbol": "KMT",
      "provider": "yfinance",
      "timeframe": "1d",
      "start": "1997-01-02",
      "end": "2026-09-11",
      "row_count": 7457
    },
    {
      "symbol": "TARS",
      "provider": "yfinance",
      "timeframe": "1d",
      "start": "2020-10-16",
      "end": "2026-09-11",
      "row_count": 1468
    },
    {
      "symbol": "FRME",
      "provider": "yfinance",
      "timeframe": "1d",
      "start": "1997-01-02",
      "end": "2026-09-11",
      "row_count": 7457
    },
    {
      "symbol": "CUBI",
      "provider": "yfinance",
      "timeframe": "1d",
      "start": "2012-03-14",
      "end": "2026-09-11",
      "row_count": 3631
    },
    {
      "symbol": "KD",
      "provider": "yfinance",
      "timeframe": "1d",
      "start": "2021-10-22",
      "end": "2026-09-11",
      "row_count": 1213
    },
    {
      "symbol": "WERN",
      "provider": "yfinance",
      "timeframe": "1d",
      "start": "1997-01-02",
      "end": "2026-09-11",
      "row_count": 7457
    },
    {
      "symbol": "DXPE",
      "provider": "yfinance",
      "timeframe": "1d",
      "start": "1998-05-07",
      "end": "2026-09-11",
      "row_count": 7118
    },
    {
      "symbol": "OSW",
      "provider": "yfinance",
      "timeframe": "1d",
      "start": "2017-11-17",
      "end": "2026-09-11",
      "row_count": 2200
    },
    {
      "symbol": "WTTR",
      "provider": "yfinance",
      "timeframe": "1d",
      "start": "2017-06-26",
      "end": "2026-09-11",
      "row_count": 2302
    },
    {
      "symbol": "TNK",
      "provider": "yfinance",
      "timeframe": "1d",
      "start": "2007-12-13",
      "end": "2026-09-11",
      "row_count": 4702
    },
    {
      "symbol": "FRSH",
      "provider": "yfinance",
      "timeframe": "1d",
      "start": "2021-09-22",
      "end": "2026-09-11",
      "row_count": 1234
    },
    {
      "symbol": "IRON",
      "provider": "yfinance",
      "timeframe": "1d",
      "start": "2020-08-12",
      "end": "2026-09-11",
      "row_count": 1515
    },
    {
      "symbol": "DGII",
      "provider": "yfinance",
      "timeframe": "1d",
      "start": "1997-01-02",
      "end": "2026-09-11",
      "row_count": 7457
    },
    {
      "symbol": "FRPT",
      "provider": "yfinance",
      "timeframe": "1d",
      "start": "2014-11-07",
      "end": "2026-09-11",
      "row_count": 2963
    },
    {
      "symbol": "BWIN",
      "provider": "yfinance",
      "timeframe": "1d",
      "start": "2019-10-24",
      "end": "2026-09-11",
      "row_count": 1715
    },
    {
      "symbol": "UAA",
      "provider": "yfinance",
      "timeframe": "1d",
      "start": "2005-11-18",
      "end": "2026-09-11",
      "row_count": 5221
    },
    {
      "symbol": "SUPN",
      "provider": "yfinance",
      "timeframe": "1d",
      "start": "2012-05-01",
      "end": "2026-09-11",
      "row_count": 3598
    },
    {
      "symbol": "GRAL",
      "provider": "yfinance",
      "timeframe": "1d",
      "start": "2024-06-12",
      "end": "2026-09-11",
      "row_count": 550
    },
    {
      "symbol": "DNOW",
      "provider": "yfinance",
      "timeframe": "1d",
      "start": "2014-05-20",
      "end": "2026-09-11",
      "row_count": 3083
    },
    {
      "symbol": "FBNC",
      "provider": "yfinance",
      "timeframe": "1d",
      "start": "1997-01-02",
      "end": "2026-09-11",
      "row_count": 7457
    },
    {
      "symbol": "AGYS",
      "provider": "yfinance",
      "timeframe": "1d",
      "start": "1997-01-02",
      "end": "2026-09-11",
      "row_count": 7457
    },
    {
      "symbol": "AMR",
      "provider": "yfinance",
      "timeframe": "1d",
      "start": "2021-02-08",
      "end": "2026-09-11",
      "row_count": 1391
    },
    {
      "symbol": "IDYA",
      "provider": "yfinance",
      "timeframe": "1d",
      "start": "2019-05-23",
      "end": "2026-09-11",
      "row_count": 1822
    },
    {
      "symbol": "EEFT",
      "provider": "yfinance",
      "timeframe": "1d",
      "start": "1997-03-07",
      "end": "2026-09-11",
      "row_count": 7412
    },
    {
      "symbol": "OUST",
      "provider": "yfinance",
      "timeframe": "1d",
      "start": "2020-10-09",
      "end": "2026-09-11",
      "row_count": 1474
    },
    {
      "symbol": "TMDX",
      "provider": "yfinance",
      "timeframe": "1d",
      "start": "2019-05-02",
      "end": "2026-09-11",
      "row_count": 1838
    },
    {
      "symbol": "AMBP",
      "provider": "yfinance",
      "timeframe": "1d",
      "start": "2021-08-05",
      "end": "2026-09-11",
      "row_count": 1267
    },
    {
      "symbol": "KWR",
      "provider": "yfinance",
      "timeframe": "1d",
      "start": "1997-01-02",
      "end": "2026-09-11",
      "row_count": 7457
    },
    {
      "symbol": "NBTB",
      "provider": "yfinance",
      "timeframe": "1d",
      "start": "1997-01-02",
      "end": "2026-09-11",
      "row_count": 7457
    },
    {
      "symbol": "PAGS",
      "provider": "yfinance",
      "timeframe": "1d",
      "start": "2018-01-24",
      "end": "2026-09-11",
      "row_count": 2156
    },
    {
      "symbol": "UA",
      "provider": "yfinance",
      "timeframe": "1d",
      "start": "2016-03-23",
      "end": "2026-09-11",
      "row_count": 2619
    },
    {
      "symbol": "BCC",
      "provider": "yfinance",
      "timeframe": "1d",
      "start": "2013-02-06",
      "end": "2026-09-11",
      "row_count": 3406
    },
    {
      "symbol": "NGVT",
      "provider": "yfinance",
      "timeframe": "1d",
      "start": "2016-05-03",
      "end": "2026-09-11",
      "row_count": 2591
    },
    {
      "symbol": "TALO",
      "provider": "yfinance",
      "timeframe": "1d",
      "start": "2018-05-10",
      "end": "2026-09-11",
      "row_count": 2082
    },
    {
      "symbol": "CLOV",
      "provider": "yfinance",
      "timeframe": "1d",
      "start": "2020-06-12",
      "end": "2026-09-11",
      "row_count": 1557
    },
    {
      "symbol": "SHAK",
      "provider": "yfinance",
      "timeframe": "1d",
      "start": "2015-01-30",
      "end": "2026-09-11",
      "row_count": 2908
    },
    {
      "symbol": "DCO",
      "provider": "yfinance",
      "timeframe": "1d",
      "start": "1997-01-02",
      "end": "2026-09-11",
      "row_count": 7456
    },
    {
      "symbol": "ALGT",
      "provider": "yfinance",
      "timeframe": "1d",
      "start": "2006-12-08",
      "end": "2026-09-11",
      "row_count": 4956
    },
    {
      "symbol": "VERA",
      "provider": "yfinance",
      "timeframe": "1d",
      "start": "2021-05-14",
      "end": "2026-09-11",
      "row_count": 1324
    },
    {
      "symbol": "BLBD",
      "provider": "yfinance",
      "timeframe": "1d",
      "start": "2014-03-20",
      "end": "2026-09-11",
      "row_count": 3125
    },
    {
      "symbol": "CPRI",
      "provider": "yfinance",
      "timeframe": "1d",
      "start": "2011-12-15",
      "end": "2026-09-11",
      "row_count": 3692
    },
    {
      "symbol": "CLDX",
      "provider": "yfinance",
      "timeframe": "1d",
      "start": "1997-01-02",
      "end": "2026-09-11",
      "row_count": 7457
    },
    {
      "symbol": "CARG",
      "provider": "yfinance",
      "timeframe": "1d",
      "start": "2017-10-12",
      "end": "2026-09-11",
      "row_count": 2226
    },
    {
      "symbol": "CALX",
      "provider": "yfinance",
      "timeframe": "1d",
      "start": "2010-03-24",
      "end": "2026-09-11",
      "row_count": 4129
    },
    {
      "symbol": "ANDE",
      "provider": "yfinance",
      "timeframe": "1d",
      "start": "1997-01-02",
      "end": "2026-09-11",
      "row_count": 7457
    },
    {
      "symbol": "CXT",
      "provider": "yfinance",
      "timeframe": "1d",
      "start": "1997-01-02",
      "end": "2026-09-11",
      "row_count": 7457
    },
    {
      "symbol": "NIQ",
      "provider": "yfinance",
      "timeframe": "1d",
      "start": "2025-07-23",
      "end": "2026-09-11",
      "row_count": 274
    },
    {
      "symbol": "BRZE",
      "provider": "yfinance",
      "timeframe": "1d",
      "start": "2021-11-17",
      "end": "2026-09-11",
      "row_count": 1194
    },
    {
      "symbol": "VOYG",
      "provider": "yfinance",
      "timeframe": "1d",
      "start": "2025-06-11",
      "end": "2026-09-11",
      "row_count": 302
    },
    {
      "symbol": "DRH",
      "provider": "yfinance",
      "timeframe": "1d",
      "start": "2005-05-26",
      "end": "2026-09-11",
      "row_count": 5344
    },
    {
      "symbol": "RUM",
      "provider": "yfinance",
      "timeframe": "1d",
      "start": "2021-04-14",
      "end": "2026-09-11",
      "row_count": 1347
    },
    {
      "symbol": "BUSE",
      "provider": "yfinance",
      "timeframe": "1d",
      "start": "1998-10-06",
      "end": "2026-09-11",
      "row_count": 7013
    },
    {
      "symbol": "CTOS",
      "provider": "yfinance",
      "timeframe": "1d",
      "start": "2017-10-09",
      "end": "2026-09-11",
      "row_count": 2229
    },
    {
      "symbol": "MTX",
      "provider": "yfinance",
      "timeframe": "1d",
      "start": "1997-01-02",
      "end": "2026-09-11",
      "row_count": 7457
    },
    {
      "symbol": "PTON",
      "provider": "yfinance",
      "timeframe": "1d",
      "start": "2019-09-26",
      "end": "2026-09-11",
      "row_count": 1736
    },
    {
      "symbol": "RARE",
      "provider": "yfinance",
      "timeframe": "1d",
      "start": "2014-01-31",
      "end": "2026-09-11",
      "row_count": 3158
    },
    {
      "symbol": "FUN",
      "provider": "yfinance",
      "timeframe": "1d",
      "start": "1997-01-02",
      "end": "2026-09-11",
      "row_count": 7457
    },
    {
      "symbol": "TBBK",
      "provider": "yfinance",
      "timeframe": "1d",
      "start": "2004-02-03",
      "end": "2026-09-11",
      "row_count": 5675
    },
    {
      "symbol": "HTO",
      "provider": "yfinance",
      "timeframe": "1d",
      "start": "1997-01-02",
      "end": "2026-09-11",
      "row_count": 7457
    },
    {
      "symbol": "HNI",
      "provider": "yfinance",
      "timeframe": "1d",
      "start": "1997-01-02",
      "end": "2026-09-11",
      "row_count": 7457
    },
    {
      "symbol": "TE",
      "provider": "yfinance",
      "timeframe": "1d",
      "start": "2020-01-10",
      "end": "2026-09-11",
      "row_count": 1663
    },
    {
      "symbol": "CENTA",
      "provider": "yfinance",
      "timeframe": "1d",
      "start": "2007-02-06",
      "end": "2026-09-11",
      "row_count": 4918
    },
    {
      "symbol": "WU",
      "provider": "yfinance",
      "timeframe": "1d",
      "start": "2006-10-02",
      "end": "2026-09-11",
      "row_count": 5004
    },
    {
      "symbol": "AMPX",
      "provider": "yfinance",
      "timeframe": "1d",
      "start": "2022-09-15",
      "end": "2026-09-11",
      "row_count": 988
    },
    {
      "symbol": "NTB",
      "provider": "yfinance",
      "timeframe": "1d",
      "start": "2016-09-16",
      "end": "2026-09-11",
      "row_count": 2496
    },
    {
      "symbol": "EFSC",
      "provider": "yfinance",
      "timeframe": "1d",
      "start": "2003-07-15",
      "end": "2026-09-11",
      "row_count": 5815
    },
    {
      "symbol": "PBI",
      "provider": "yfinance",
      "timeframe": "1d",
      "start": "1997-01-02",
      "end": "2026-09-11",
      "row_count": 7457
    },
    {
      "symbol": "BKE",
      "provider": "yfinance",
      "timeframe": "1d",
      "start": "1997-01-02",
      "end": "2026-09-11",
      "row_count": 7457
    },
    {
      "symbol": "MGNI",
      "provider": "yfinance",
      "timeframe": "1d",
      "start": "2014-04-02",
      "end": "2026-09-11",
      "row_count": 3116
    },
    {
      "symbol": "IMAX",
      "provider": "yfinance",
      "timeframe": "1d",
      "start": "1997-01-02",
      "end": "2026-09-11",
      "row_count": 7457
    },
    {
      "symbol": "HE",
      "provider": "yfinance",
      "timeframe": "1d",
      "start": "1997-01-02",
      "end": "2026-09-11",
      "row_count": 7457
    },
    {
      "symbol": "ALRM",
      "provider": "yfinance",
      "timeframe": "1d",
      "start": "2015-06-26",
      "end": "2026-09-11",
      "row_count": 2805
    },
    {
      "symbol": "AVPT",
      "provider": "yfinance",
      "timeframe": "1d",
      "start": "2019-11-05",
      "end": "2026-09-11",
      "row_count": 1707
    },
    {
      "symbol": "MBIN",
      "provider": "yfinance",
      "timeframe": "1d",
      "start": "2017-10-27",
      "end": "2026-09-11",
      "row_count": 2215
    },
    {
      "symbol": "GCMG",
      "provider": "yfinance",
      "timeframe": "1d",
      "start": "2019-02-06",
      "end": "2026-09-11",
      "row_count": 1896
    },
    {
      "symbol": "MCRI",
      "provider": "yfinance",
      "timeframe": "1d",
      "start": "1997-01-02",
      "end": "2026-09-11",
      "row_count": 7457
    },
    {
      "symbol": "AXGN",
      "provider": "yfinance",
      "timeframe": "1d",
      "start": "1997-01-02",
      "end": "2026-09-11",
      "row_count": 7457
    },
    {
      "symbol": "ATEN",
      "provider": "yfinance",
      "timeframe": "1d",
      "start": "2014-03-21",
      "end": "2026-09-11",
      "row_count": 3123
    },
    {
      "symbol": "BANR",
      "provider": "yfinance",
      "timeframe": "1d",
      "start": "1997-01-02",
      "end": "2026-09-11",
      "row_count": 7457
    },
    {
      "symbol": "WLY",
      "provider": "yfinance",
      "timeframe": "1d",
      "start": "1997-01-02",
      "end": "2026-09-11",
      "row_count": 7455
    },
    {
      "symbol": "PBH",
      "provider": "yfinance",
      "timeframe": "1d",
      "start": "2005-02-10",
      "end": "2026-09-11",
      "row_count": 5417
    },
    {
      "symbol": "ACHC",
      "provider": "yfinance",
      "timeframe": "1d",
      "start": "1997-01-02",
      "end": "2026-09-11",
      "row_count": 7457
    },
    {
      "symbol": "RAMP",
      "provider": "yfinance",
      "timeframe": "1d",
      "start": "1997-01-02",
      "end": "2026-09-11",
      "row_count": 7457
    },
    {
      "symbol": "LCII",
      "provider": "yfinance",
      "timeframe": "1d",
      "start": "1997-01-02",
      "end": "2026-09-11",
      "row_count": 7457
    },
    {
      "symbol": "PAYO",
      "provider": "yfinance",
      "timeframe": "1d",
      "start": "2020-10-16",
      "end": "2026-09-11",
      "row_count": 1468
    },
    {
      "symbol": "HTH",
      "provider": "yfinance",
      "timeframe": "1d",
      "start": "2004-02-19",
      "end": "2026-09-11",
      "row_count": 5663
    },
    {
      "symbol": "MH",
      "provider": "yfinance",
      "timeframe": "1d",
      "start": "2025-07-24",
      "end": "2026-09-11",
      "row_count": 272
    },
    {
      "symbol": "QUBT",
      "provider": "yfinance",
      "timeframe": "1d",
      "start": "2007-02-01",
      "end": "2026-09-11",
      "row_count": 4921
    },
    {
      "symbol": "GRC",
      "provider": "yfinance",
      "timeframe": "1d",
      "start": "1997-01-02",
      "end": "2026-09-11",
      "row_count": 7457
    },
    {
      "symbol": "SYBT",
      "provider": "yfinance",
      "timeframe": "1d",
      "start": "1997-01-02",
      "end": "2026-09-11",
      "row_count": 7457
    },
    {
      "symbol": "NEXT",
      "provider": "yfinance",
      "timeframe": "1d",
      "start": "2015-06-16",
      "end": "2026-09-11",
      "row_count": 2814
    },
    {
      "symbol": "DRVN",
      "provider": "yfinance",
      "timeframe": "1d",
      "start": "2021-01-19",
      "end": "2026-09-11",
      "row_count": 1405
    },
    {
      "symbol": "BCRX",
      "provider": "yfinance",
      "timeframe": "1d",
      "start": "1997-01-02",
      "end": "2026-09-11",
      "row_count": 7457
    },
    {
      "symbol": "WS",
      "provider": "yfinance",
      "timeframe": "1d",
      "start": "2023-11-28",
      "end": "2026-09-11",
      "row_count": 685
    },
    {
      "symbol": "NOG",
      "provider": "yfinance",
      "timeframe": "1d",
      "start": "2007-04-13",
      "end": "2026-09-11",
      "row_count": 4872
    },
    {
      "symbol": "BRSL",
      "provider": "yfinance",
      "timeframe": "1d",
      "start": "1997-01-02",
      "end": "2026-09-11",
      "row_count": 7457
    },
    {
      "symbol": "DHC",
      "provider": "yfinance",
      "timeframe": "1d",
      "start": "2000-02-23",
      "end": "2026-09-11",
      "row_count": 6665
    },
    {
      "symbol": "SHO",
      "provider": "yfinance",
      "timeframe": "1d",
      "start": "2004-10-21",
      "end": "2026-09-11",
      "row_count": 5494
    },
    {
      "symbol": "TNET",
      "provider": "yfinance",
      "timeframe": "1d",
      "start": "2014-03-27",
      "end": "2026-09-11",
      "row_count": 3120
    },
    {
      "symbol": "PLUS",
      "provider": "yfinance",
      "timeframe": "1d",
      "start": "1997-01-02",
      "end": "2026-09-11",
      "row_count": 7457
    },
    {
      "symbol": "NWBI",
      "provider": "yfinance",
      "timeframe": "1d",
      "start": "1997-01-02",
      "end": "2026-09-11",
      "row_count": 7457
    },
    {
      "symbol": "DJT",
      "provider": "yfinance",
      "timeframe": "1d",
      "start": "2021-09-30",
      "end": "2026-09-11",
      "row_count": 1229
    },
    {
      "symbol": "UTI",
      "provider": "yfinance",
      "timeframe": "1d",
      "start": "2003-12-18",
      "end": "2026-09-11",
      "row_count": 5705
    },
    {
      "symbol": "CLBK",
      "provider": "yfinance",
      "timeframe": "1d",
      "start": "2018-04-23",
      "end": "2026-09-11",
      "row_count": 2095
    },
    {
      "symbol": "CMPR",
      "provider": "yfinance",
      "timeframe": "1d",
      "start": "2005-09-30",
      "end": "2026-09-11",
      "row_count": 5256
    },
    {
      "symbol": "FLOC",
      "provider": "yfinance",
      "timeframe": "1d",
      "start": "2025-01-16",
      "end": "2026-09-11",
      "row_count": 401
    },
    {
      "symbol": "PRDO",
      "provider": "yfinance",
      "timeframe": "1d",
      "start": "1998-01-29",
      "end": "2026-09-11",
      "row_count": 7186
    },
    {
      "symbol": "IOSP",
      "provider": "yfinance",
      "timeframe": "1d",
      "start": "1998-05-13",
      "end": "2026-09-11",
      "row_count": 7114
    },
    {
      "symbol": "KOD",
      "provider": "yfinance",
      "timeframe": "1d",
      "start": "2018-10-04",
      "end": "2026-09-11",
      "row_count": 1980
    },
    {
      "symbol": "PRKS",
      "provider": "yfinance",
      "timeframe": "1d",
      "start": "2013-04-19",
      "end": "2026-09-11",
      "row_count": 3354
    },
    {
      "symbol": "ARR",
      "provider": "yfinance",
      "timeframe": "1d",
      "start": "2007-12-03",
      "end": "2026-09-11",
      "row_count": 4708
    },
    {
      "symbol": "LMAT",
      "provider": "yfinance",
      "timeframe": "1d",
      "start": "2006-10-19",
      "end": "2026-09-11",
      "row_count": 4989
    },
    {
      "symbol": "NWN",
      "provider": "yfinance",
      "timeframe": "1d",
      "start": "1997-01-02",
      "end": "2026-09-11",
      "row_count": 7454
    },
    {
      "symbol": "BAND",
      "provider": "yfinance",
      "timeframe": "1d",
      "start": "2017-11-09",
      "end": "2026-09-11",
      "row_count": 2204
    },
    {
      "symbol": "NWL",
      "provider": "yfinance",
      "timeframe": "1d",
      "start": "1997-01-02",
      "end": "2026-09-11",
      "row_count": 7455
    },
    {
      "symbol": "PGNY",
      "provider": "yfinance",
      "timeframe": "1d",
      "start": "2019-10-25",
      "end": "2026-09-11",
      "row_count": 1712
    },
    {
      "symbol": "LC",
      "provider": "yfinance",
      "timeframe": "1d",
      "start": "2014-12-11",
      "end": "2026-08-10",
      "row_count": 2926
    },
    {
      "symbol": "IMNM",
      "provider": "yfinance",
      "timeframe": "1d",
      "start": "2020-10-02",
      "end": "2026-09-11",
      "row_count": 1476
    },
    {
      "symbol": "GRND",
      "provider": "yfinance",
      "timeframe": "1d",
      "start": "2021-01-14",
      "end": "2026-09-11",
      "row_count": 1405
    },
    {
      "symbol": "SEM",
      "provider": "yfinance",
      "timeframe": "1d",
      "start": "2009-09-25",
      "end": "2026-06-30",
      "row_count": 4215
    },
    {
      "symbol": "PEB",
      "provider": "yfinance",
      "timeframe": "1d",
      "start": "2009-12-09",
      "end": "2026-09-11",
      "row_count": 4199
    },
    {
      "symbol": "NVCR",
      "provider": "yfinance",
      "timeframe": "1d",
      "start": "2015-10-01",
      "end": "2026-09-11",
      "row_count": 2736
    },
    {
      "symbol": "EOSE",
      "provider": "yfinance",
      "timeframe": "1d",
      "start": "2020-11-02",
      "end": "2026-09-11",
      "row_count": 1455
    },
    {
      "symbol": "DEI",
      "provider": "yfinance",
      "timeframe": "1d",
      "start": "2006-10-25",
      "end": "2026-09-11",
      "row_count": 4985
    },
    {
      "symbol": "HCI",
      "provider": "yfinance",
      "timeframe": "1d",
      "start": "2008-09-15",
      "end": "2026-09-11",
      "row_count": 4511
    },
    {
      "symbol": "WMK",
      "provider": "yfinance",
      "timeframe": "1d",
      "start": "1997-01-02",
      "end": "2026-09-11",
      "row_count": 7455
    },
    {
      "symbol": "AUPH",
      "provider": "yfinance",
      "timeframe": "1d",
      "start": "2014-09-03",
      "end": "2026-09-11",
      "row_count": 3008
    },
    {
      "symbol": "TGLS",
      "provider": "yfinance",
      "timeframe": "1d",
      "start": "2012-05-10",
      "end": "2026-09-11",
      "row_count": 3588
    },
    {
      "symbol": "OFG",
      "provider": "yfinance",
      "timeframe": "1d",
      "start": "1997-01-02",
      "end": "2026-09-11",
      "row_count": 7455
    },
    {
      "symbol": "LCID",
      "provider": "yfinance",
      "timeframe": "1d",
      "start": "2020-09-18",
      "end": "2026-09-11",
      "row_count": 1486
    },
    {
      "symbol": "SKWD",
      "provider": "yfinance",
      "timeframe": "1d",
      "start": "2023-01-13",
      "end": "2026-09-11",
      "row_count": 902
    },
    {
      "symbol": "SPSC",
      "provider": "yfinance",
      "timeframe": "1d",
      "start": "2010-04-22",
      "end": "2026-09-11",
      "row_count": 4108
    },
    {
      "symbol": "KSS",
      "provider": "yfinance",
      "timeframe": "1d",
      "start": "1997-01-02",
      "end": "2026-09-11",
      "row_count": 7455
    },
    {
      "symbol": "INVX",
      "provider": "yfinance",
      "timeframe": "1d",
      "start": "1997-10-23",
      "end": "2026-09-11",
      "row_count": 7250
    },
    {
      "symbol": "FCF",
      "provider": "yfinance",
      "timeframe": "1d",
      "start": "1997-01-02",
      "end": "2026-09-11",
      "row_count": 7455
    },
    {
      "symbol": "XRAY",
      "provider": "yfinance",
      "timeframe": "1d",
      "start": "1997-01-02",
      "end": "2026-09-11",
      "row_count": 7455
    },
    {
      "symbol": "GTY",
      "provider": "yfinance",
      "timeframe": "1d",
      "start": "1997-01-02",
      "end": "2026-09-11",
      "row_count": 7455
    },
    {
      "symbol": "TRVI",
      "provider": "yfinance",
      "timeframe": "1d",
      "start": "2019-05-07",
      "end": "2026-09-11",
      "row_count": 1832
    },
    {
      "symbol": "AIN",
      "provider": "yfinance",
      "timeframe": "1d",
      "start": "1997-01-02",
      "end": "2026-09-11",
      "row_count": 7455
    },
    {
      "symbol": "SGRY",
      "provider": "yfinance",
      "timeframe": "1d",
      "start": "2015-09-30",
      "end": "2026-09-11",
      "row_count": 2737
    },
    {
      "symbol": "CMRE",
      "provider": "yfinance",
      "timeframe": "1d",
      "start": "2010-11-04",
      "end": "2026-09-11",
      "row_count": 3971
    },
    {
      "symbol": "GNL",
      "provider": "yfinance",
      "timeframe": "1d",
      "start": "2015-06-02",
      "end": "2026-09-11",
      "row_count": 2820
    },
    {
      "symbol": "FIGS",
      "provider": "yfinance",
      "timeframe": "1d",
      "start": "2021-05-27",
      "end": "2026-09-11",
      "row_count": 1313
    },
    {
      "symbol": "MD",
      "provider": "yfinance",
      "timeframe": "1d",
      "start": "1997-01-02",
      "end": "2026-09-11",
      "row_count": 7454
    },
    {
      "symbol": "HRMY",
      "provider": "yfinance",
      "timeframe": "1d",
      "start": "2020-08-19",
      "end": "2026-09-11",
      "row_count": 1507
    },
    {
      "symbol": "VERX",
      "provider": "yfinance",
      "timeframe": "1d",
      "start": "2020-07-29",
      "end": "2026-09-11",
      "row_count": 1522
    },
    {
      "symbol": "STC",
      "provider": "yfinance",
      "timeframe": "1d",
      "start": "1997-01-02",
      "end": "2026-09-11",
      "row_count": 7455
    },
    {
      "symbol": "NTST",
      "provider": "yfinance",
      "timeframe": "1d",
      "start": "2020-08-13",
      "end": "2026-09-11",
      "row_count": 1510
    },
    {
      "symbol": "NEOG",
      "provider": "yfinance",
      "timeframe": "1d",
      "start": "1997-01-02",
      "end": "2026-09-11",
      "row_count": 7455
    },
    {
      "symbol": "STEL",
      "provider": "yfinance",
      "timeframe": "1d",
      "start": "2017-11-08",
      "end": "2026-06-30",
      "row_count": 2170
    },
    {
      "symbol": "AGM",
      "provider": "yfinance",
      "timeframe": "1d",
      "start": "1997-01-02",
      "end": "2026-09-11",
      "row_count": 7455
    },
    {
      "symbol": "HMN",
      "provider": "yfinance",
      "timeframe": "1d",
      "start": "1997-01-02",
      "end": "2026-09-11",
      "row_count": 7455
    },
    {
      "symbol": "NBHC",
      "provider": "yfinance",
      "timeframe": "1d",
      "start": "2012-09-20",
      "end": "2026-09-11",
      "row_count": 3497
    },
    {
      "symbol": "OCUL",
      "provider": "yfinance",
      "timeframe": "1d",
      "start": "2014-07-25",
      "end": "2026-09-11",
      "row_count": 3035
    },
    {
      "symbol": "MLYS",
      "provider": "yfinance",
      "timeframe": "1d",
      "start": "2023-02-10",
      "end": "2026-09-11",
      "row_count": 883
    },
    {
      "symbol": "LPG",
      "provider": "yfinance",
      "timeframe": "1d",
      "start": "2014-05-08",
      "end": "2026-09-11",
      "row_count": 3088
    },
    {
      "symbol": "SPB",
      "provider": "yfinance",
      "timeframe": "1d",
      "start": "1997-01-02",
      "end": "2026-09-11",
      "row_count": 7455
    },
    {
      "symbol": "BBAI",
      "provider": "yfinance",
      "timeframe": "1d",
      "start": "2021-04-05",
      "end": "2026-09-11",
      "row_count": 1351
    },
    {
      "symbol": "ASTH",
      "provider": "yfinance",
      "timeframe": "1d",
      "start": "2009-03-11",
      "end": "2026-09-11",
      "row_count": 4389
    },
    {
      "symbol": "SLDE",
      "provider": "yfinance",
      "timeframe": "1d",
      "start": "2025-06-18",
      "end": "2026-09-11",
      "row_count": 294
    },
    {
      "symbol": "VCEL",
      "provider": "yfinance",
      "timeframe": "1d",
      "start": "1997-02-04",
      "end": "2026-09-11",
      "row_count": 7432
    },
    {
      "symbol": "AMSC",
      "provider": "yfinance",
      "timeframe": "1d",
      "start": "1997-01-02",
      "end": "2026-09-11",
      "row_count": 7455
    },
    {
      "symbol": "ADMA",
      "provider": "yfinance",
      "timeframe": "1d",
      "start": "2013-10-17",
      "end": "2026-09-11",
      "row_count": 3228
    },
    {
      "symbol": "PUMP",
      "provider": "yfinance",
      "timeframe": "1d",
      "start": "2017-03-17",
      "end": "2026-09-11",
      "row_count": 2369
    },
    {
      "symbol": "SAM",
      "provider": "yfinance",
      "timeframe": "1d",
      "start": "1997-01-02",
      "end": "2026-09-11",
      "row_count": 7455
    },
    {
      "symbol": "AIP",
      "provider": "yfinance",
      "timeframe": "1d",
      "start": "2021-10-27",
      "end": "2026-09-11",
      "row_count": 1207
    },
    {
      "symbol": "CBZ",
      "provider": "yfinance",
      "timeframe": "1d",
      "start": "1997-01-02",
      "end": "2026-09-11",
      "row_count": 7455
    },
    {
      "symbol": "CTS",
      "provider": "yfinance",
      "timeframe": "1d",
      "start": "1997-01-02",
      "end": "2026-09-11",
      "row_count": 7455
    },
    {
      "symbol": "SRCE",
      "provider": "yfinance",
      "timeframe": "1d",
      "start": "1997-01-02",
      "end": "2026-09-11",
      "row_count": 7455
    },
    {
      "symbol": "LTC",
      "provider": "yfinance",
      "timeframe": "1d",
      "start": "1997-01-02",
      "end": "2026-09-11",
      "row_count": 7454
    },
    {
      "symbol": "AGL",
      "provider": "yfinance",
      "timeframe": "1d",
      "start": "2021-04-15",
      "end": "2026-09-11",
      "row_count": 1342
    },
    {
      "symbol": "PRLB",
      "provider": "yfinance",
      "timeframe": "1d",
      "start": "2012-02-24",
      "end": "2026-09-11",
      "row_count": 3642
    },
    {
      "symbol": "PLAB",
      "provider": "yfinance",
      "timeframe": "1d",
      "start": "1997-01-02",
      "end": "2026-09-11",
      "row_count": 7455
    },
    {
      "symbol": "ALG",
      "provider": "yfinance",
      "timeframe": "1d",
      "start": "1997-01-02",
      "end": "2026-09-11",
      "row_count": 7455
    },
    {
      "symbol": "TIC",
      "provider": "yfinance",
      "timeframe": "1d",
      "start": "2025-02-18",
      "end": "2026-09-11",
      "row_count": 378
    },
    {
      "symbol": "BLX",
      "provider": "yfinance",
      "timeframe": "1d",
      "start": "1997-01-02",
      "end": "2026-09-11",
      "row_count": 7455
    },
    {
      "symbol": "XPRO",
      "provider": "yfinance",
      "timeframe": "1d",
      "start": "2013-08-09",
      "end": "2026-09-11",
      "row_count": 3276
    },
    {
      "symbol": "PAX",
      "provider": "yfinance",
      "timeframe": "1d",
      "start": "2021-01-22",
      "end": "2026-09-11",
      "row_count": 1400
    },
    {
      "symbol": "JBLU",
      "provider": "yfinance",
      "timeframe": "1d",
      "start": "2002-04-12",
      "end": "2026-09-11",
      "row_count": 6129
    },
    {
      "symbol": "ANIP",
      "provider": "yfinance",
      "timeframe": "1d",
      "start": "2000-05-05",
      "end": "2026-09-11",
      "row_count": 6612
    },
    {
      "symbol": "STOK",
      "provider": "yfinance",
      "timeframe": "1d",
      "start": "2019-06-19",
      "end": "2026-09-11",
      "row_count": 1802
    },
    {
      "symbol": "VPG",
      "provider": "yfinance",
      "timeframe": "1d",
      "start": "2010-06-23",
      "end": "2026-09-11",
      "row_count": 4065
    },
    {
      "symbol": "TILE",
      "provider": "yfinance",
      "timeframe": "1d",
      "start": "1997-01-02",
      "end": "2026-09-11",
      "row_count": 7455
    },
    {
      "symbol": "CHCO",
      "provider": "yfinance",
      "timeframe": "1d",
      "start": "1997-01-02",
      "end": "2026-09-11",
      "row_count": 7455
    },
    {
      "symbol": "TH",
      "provider": "yfinance",
      "timeframe": "1d",
      "start": "2018-03-12",
      "end": "2026-09-11",
      "row_count": 2122
    },
    {
      "symbol": "INTA",
      "provider": "yfinance",
      "timeframe": "1d",
      "start": "2021-06-30",
      "end": "2026-09-11",
      "row_count": 1290
    },
    {
      "symbol": "GT",
      "provider": "yfinance",
      "timeframe": "1d",
      "start": "1997-01-02",
      "end": "2026-09-11",
      "row_count": 7455
    },
    {
      "symbol": "CNXN",
      "provider": "yfinance",
      "timeframe": "1d",
      "start": "1998-03-03",
      "end": "2026-09-11",
      "row_count": 7162
    },
    {
      "symbol": "RAPP",
      "provider": "yfinance",
      "timeframe": "1d",
      "start": "2024-06-07",
      "end": "2026-09-11",
      "row_count": 551
    },
    {
      "symbol": "PLPC",
      "provider": "yfinance",
      "timeframe": "1d",
      "start": "1999-04-28",
      "end": "2026-09-11",
      "row_count": 6871
    },
    {
      "symbol": "GENI",
      "provider": "yfinance",
      "timeframe": "1d",
      "start": "2020-10-05",
      "end": "2026-09-11",
      "row_count": 1475
    },
    {
      "symbol": "SONO",
      "provider": "yfinance",
      "timeframe": "1d",
      "start": "2018-08-02",
      "end": "2026-09-11",
      "row_count": 2022
    },
    {
      "symbol": "WD",
      "provider": "yfinance",
      "timeframe": "1d",
      "start": "2010-12-15",
      "end": "2026-09-11",
      "row_count": 3943
    },
    {
      "symbol": "COTY",
      "provider": "yfinance",
      "timeframe": "1d",
      "start": "2013-06-13",
      "end": "2026-09-11",
      "row_count": 3316
    },
    {
      "symbol": "IOVA",
      "provider": "yfinance",
      "timeframe": "1d",
      "start": "2010-10-15",
      "end": "2026-09-11",
      "row_count": 3985
    },
    {
      "symbol": "MBC",
      "provider": "yfinance",
      "timeframe": "1d",
      "start": "2022-12-09",
      "end": "2026-09-11",
      "row_count": 925
    },
    {
      "symbol": "UFPT",
      "provider": "yfinance",
      "timeframe": "1d",
      "start": "1997-01-02",
      "end": "2026-09-11",
      "row_count": 7455
    },
    {
      "symbol": "AMBQ",
      "provider": "yfinance",
      "timeframe": "1d",
      "start": "2025-07-30",
      "end": "2026-09-11",
      "row_count": 266
    },
    {
      "symbol": "EPAC",
      "provider": "yfinance",
      "timeframe": "1d",
      "start": "2000-07-24",
      "end": "2026-09-11",
      "row_count": 6557
    },
    {
      "symbol": "VRDN",
      "provider": "yfinance",
      "timeframe": "1d",
      "start": "2014-06-18",
      "end": "2026-09-11",
      "row_count": 3061
    },
    {
      "symbol": "LOB",
      "provider": "yfinance",
      "timeframe": "1d",
      "start": "2015-07-23",
      "end": "2026-09-11",
      "row_count": 2785
    },
    {
      "symbol": "TFIN",
      "provider": "yfinance",
      "timeframe": "1d",
      "start": "2014-11-07",
      "end": "2026-09-11",
      "row_count": 2961
    },
    {
      "symbol": "SKYT",
      "provider": "yfinance",
      "timeframe": "1d",
      "start": "2021-04-21",
      "end": "2026-08-07",
      "row_count": 1330
    },
    {
      "symbol": "XHR",
      "provider": "yfinance",
      "timeframe": "1d",
      "start": "2015-02-04",
      "end": "2026-09-11",
      "row_count": 2901
    },
    {
      "symbol": "FLYW",
      "provider": "yfinance",
      "timeframe": "1d",
      "start": "2021-05-26",
      "end": "2026-09-11",
      "row_count": 1314
    },
    {
      "symbol": "SMA",
      "provider": "yfinance",
      "timeframe": "1d",
      "start": "2025-04-02",
      "end": "2026-09-11",
      "row_count": 346
    },
    {
      "symbol": "WGS",
      "provider": "yfinance",
      "timeframe": "1d",
      "start": "2020-11-04",
      "end": "2026-09-11",
      "row_count": 1453
    },
    {
      "symbol": "ADNT",
      "provider": "yfinance",
      "timeframe": "1d",
      "start": "2016-10-17",
      "end": "2026-09-11",
      "row_count": 2472
    },
    {
      "symbol": "CASH",
      "provider": "yfinance",
      "timeframe": "1d",
      "start": "1997-01-02",
      "end": "2026-09-11",
      "row_count": 7455
    },
    {
      "symbol": "HURN",
      "provider": "yfinance",
      "timeframe": "1d",
      "start": "2004-10-13",
      "end": "2026-09-11",
      "row_count": 5498
    },
    {
      "symbol": "DCOM",
      "provider": "yfinance",
      "timeframe": "1d",
      "start": "1999-01-12",
      "end": "2026-09-11",
      "row_count": 6944
    },
    {
      "symbol": "NVRI",
      "provider": "yfinance",
      "timeframe": "1d",
      "start": "1997-01-02",
      "end": "2026-09-11",
      "row_count": 7455
    },
    {
      "symbol": "APPN",
      "provider": "yfinance",
      "timeframe": "1d",
      "start": "2017-05-25",
      "end": "2026-09-11",
      "row_count": 2321
    },
    {
      "symbol": "NRIX",
      "provider": "yfinance",
      "timeframe": "1d",
      "start": "2020-07-24",
      "end": "2026-09-11",
      "row_count": 1525
    },
    {
      "symbol": "AGIO",
      "provider": "yfinance",
      "timeframe": "1d",
      "start": "2013-07-24",
      "end": "2026-09-11",
      "row_count": 3288
    },
    {
      "symbol": "STRA",
      "provider": "yfinance",
      "timeframe": "1d",
      "start": "1997-01-02",
      "end": "2026-09-11",
      "row_count": 7455
    },
    {
      "symbol": "SHLS",
      "provider": "yfinance",
      "timeframe": "1d",
      "start": "2021-01-28",
      "end": "2026-09-11",
      "row_count": 1396
    },
    {
      "symbol": "IMKTA",
      "provider": "yfinance",
      "timeframe": "1d",
      "start": "1997-01-02",
      "end": "2026-09-11",
      "row_count": 7455
    },
    {
      "symbol": "IE",
      "provider": "yfinance",
      "timeframe": "1d",
      "start": "2022-06-28",
      "end": "2026-09-11",
      "row_count": 1040
    },
    {
      "symbol": "ECPG",
      "provider": "yfinance",
      "timeframe": "1d",
      "start": "1999-07-09",
      "end": "2026-09-11",
      "row_count": 6821
    },
    {
      "symbol": "VSTS",
      "provider": "yfinance",
      "timeframe": "1d",
      "start": "2023-09-27",
      "end": "2026-09-11",
      "row_count": 726
    },
    {
      "symbol": "ADUS",
      "provider": "yfinance",
      "timeframe": "1d",
      "start": "2009-10-28",
      "end": "2026-09-11",
      "row_count": 4228
    },
    {
      "symbol": "IIPR",
      "provider": "yfinance",
      "timeframe": "1d",
      "start": "2016-12-01",
      "end": "2026-09-11",
      "row_count": 2441
    },
    {
      "symbol": "CCS",
      "provider": "yfinance",
      "timeframe": "1d",
      "start": "2014-06-18",
      "end": "2026-09-11",
      "row_count": 3060
    },
    {
      "symbol": "GABC",
      "provider": "yfinance",
      "timeframe": "1d",
      "start": "1997-01-02",
      "end": "2026-09-11",
      "row_count": 7455
    },
    {
      "symbol": "STBA",
      "provider": "yfinance",
      "timeframe": "1d",
      "start": "1997-01-02",
      "end": "2026-09-11",
      "row_count": 7455
    },
    {
      "symbol": "OMCL",
      "provider": "yfinance",
      "timeframe": "1d",
      "start": "2001-08-09",
      "end": "2026-09-11",
      "row_count": 6294
    },
    {
      "symbol": "RBCAA",
      "provider": "yfinance",
      "timeframe": "1d",
      "start": "1998-07-22",
      "end": "2026-09-11",
      "row_count": 7064
    },
    {
      "symbol": "EFC",
      "provider": "yfinance",
      "timeframe": "1d",
      "start": "2010-10-08",
      "end": "2026-09-11",
      "row_count": 3990
    },
    {
      "symbol": "NUVB",
      "provider": "yfinance",
      "timeframe": "1d",
      "start": "2020-08-26",
      "end": "2026-09-11",
      "row_count": 1502
    },
    {
      "symbol": "ZD",
      "provider": "yfinance",
      "timeframe": "1d",
      "start": "1999-07-23",
      "end": "2026-09-11",
      "row_count": 6811
    },
    {
      "symbol": "ASAN",
      "provider": "yfinance",
      "timeframe": "1d",
      "start": "2020-09-30",
      "end": "2026-09-11",
      "row_count": 1478
    },
    {
      "symbol": "KOS",
      "provider": "yfinance",
      "timeframe": "1d",
      "start": "2011-05-11",
      "end": "2026-09-11",
      "row_count": 3842
    },
    {
      "symbol": "BHVN",
      "provider": "yfinance",
      "timeframe": "1d",
      "start": "2022-09-23",
      "end": "2026-09-11",
      "row_count": 979
    },
    {
      "symbol": "NTLA",
      "provider": "yfinance",
      "timeframe": "1d",
      "start": "2016-05-06",
      "end": "2026-09-11",
      "row_count": 2586
    },
    {
      "symbol": "FLNG",
      "provider": "yfinance",
      "timeframe": "1d",
      "start": "2019-06-17",
      "end": "2026-09-11",
      "row_count": 1804
    },
    {
      "symbol": "RCAT",
      "provider": "yfinance",
      "timeframe": "1d",
      "start": "2026-06-08",
      "end": "2026-09-11",
      "row_count": 51
    },
    {
      "symbol": "MBX",
      "provider": "yfinance",
      "timeframe": "1d",
      "start": "2024-09-13",
      "end": "2026-09-11",
      "row_count": 484
    },
    {
      "symbol": "SFL",
      "provider": "yfinance",
      "timeframe": "1d",
      "start": "2004-06-17",
      "end": "2026-09-11",
      "row_count": 5580
    },
    {
      "symbol": "PLSE",
      "provider": "yfinance",
      "timeframe": "1d",
      "start": "2016-05-18",
      "end": "2026-09-11",
      "row_count": 2578
    },
    {
      "symbol": "HOPE",
      "provider": "yfinance",
      "timeframe": "1d",
      "start": "1998-01-29",
      "end": "2026-09-11",
      "row_count": 7184
    },
    {
      "symbol": "BL",
      "provider": "yfinance",
      "timeframe": "1d",
      "start": "2016-10-28",
      "end": "2026-09-11",
      "row_count": 2464
    },
    {
      "symbol": "TCBK",
      "provider": "yfinance",
      "timeframe": "1d",
      "start": "1997-01-02",
      "end": "2026-09-11",
      "row_count": 7455
    },
    {
      "symbol": "SOC",
      "provider": "yfinance",
      "timeframe": "1d",
      "start": "2021-04-19",
      "end": "2026-09-11",
      "row_count": 1341
    },
    {
      "symbol": "INVA",
      "provider": "yfinance",
      "timeframe": "1d",
      "start": "2004-10-05",
      "end": "2026-09-11",
      "row_count": 5504
    },
    {
      "symbol": "NCNO",
      "provider": "yfinance",
      "timeframe": "1d",
      "start": "2020-07-14",
      "end": "2026-09-11",
      "row_count": 1533
    },
    {
      "symbol": "RLJ",
      "provider": "yfinance",
      "timeframe": "1d",
      "start": "2011-05-11",
      "end": "2026-09-11",
      "row_count": 3842
    },
    {
      "symbol": "SILA",
      "provider": "yfinance",
      "timeframe": "1d",
      "start": "2024-06-13",
      "end": "2026-06-30",
      "row_count": 512
    },
    {
      "symbol": "ZYME",
      "provider": "yfinance",
      "timeframe": "1d",
      "start": "2017-04-28",
      "end": "2026-09-11",
      "row_count": 2340
    },
    {
      "symbol": "RXRX",
      "provider": "yfinance",
      "timeframe": "1d",
      "start": "2021-04-16",
      "end": "2026-09-11",
      "row_count": 1342
    },
    {
      "symbol": "SNDA",
      "provider": "yfinance",
      "timeframe": "1d",
      "start": "1997-10-31",
      "end": "2026-09-11",
      "row_count": 7244
    },
    {
      "symbol": "SLVM",
      "provider": "yfinance",
      "timeframe": "1d",
      "start": "2021-09-23",
      "end": "2026-09-11",
      "row_count": 1231
    },
    {
      "symbol": "LILAK",
      "provider": "yfinance",
      "timeframe": "1d",
      "start": "2015-06-23",
      "end": "2026-09-11",
      "row_count": 2806
    },
    {
      "symbol": "FLO",
      "provider": "yfinance",
      "timeframe": "1d",
      "start": "1997-01-02",
      "end": "2026-09-11",
      "row_count": 7455
    },
    {
      "symbol": "CNOB",
      "provider": "yfinance",
      "timeframe": "1d",
      "start": "1997-01-02",
      "end": "2026-09-11",
      "row_count": 7455
    },
    {
      "symbol": "LILA",
      "provider": "yfinance",
      "timeframe": "1d",
      "start": "2015-07-02",
      "end": "2026-09-11",
      "row_count": 2799
    },
    {
      "symbol": "STGW",
      "provider": "yfinance",
      "timeframe": "1d",
      "start": "1997-01-02",
      "end": "2026-09-11",
      "row_count": 7455
    },
    {
      "symbol": "TSHA",
      "provider": "yfinance",
      "timeframe": "1d",
      "start": "2020-09-24",
      "end": "2026-09-11",
      "row_count": 1482
    },
    {
      "symbol": "ANAB",
      "provider": "yfinance",
      "timeframe": "1d",
      "start": "2017-01-26",
      "end": "2026-09-11",
      "row_count": 2404
    },
    {
      "symbol": "WKC",
      "provider": "yfinance",
      "timeframe": "1d",
      "start": "1997-01-02",
      "end": "2026-09-11",
      "row_count": 7455
    },
    {
      "symbol": "BFC",
      "provider": "yfinance",
      "timeframe": "1d",
      "start": "2003-10-15",
      "end": "2026-09-11",
      "row_count": 5748
    },
    {
      "symbol": "FSUN",
      "provider": "yfinance",
      "timeframe": "1d",
      "start": "2022-08-03",
      "end": "2026-09-11",
      "row_count": 1015
    },
    {
      "symbol": "ALKT",
      "provider": "yfinance",
      "timeframe": "1d",
      "start": "2021-04-14",
      "end": "2026-09-11",
      "row_count": 1344
    },
    {
      "symbol": "FIVN",
      "provider": "yfinance",
      "timeframe": "1d",
      "start": "2014-04-04",
      "end": "2026-09-11",
      "row_count": 3112
    },
    {
      "symbol": "MQ",
      "provider": "yfinance",
      "timeframe": "1d",
      "start": "2021-06-09",
      "end": "2026-09-11",
      "row_count": 1305
    },
    {
      "symbol": "WBTN",
      "provider": "yfinance",
      "timeframe": "1d",
      "start": "2024-06-27",
      "end": "2026-09-11",
      "row_count": 538
    },
    {
      "symbol": "AMLX",
      "provider": "yfinance",
      "timeframe": "1d",
      "start": "2022-01-07",
      "end": "2026-09-11",
      "row_count": 1157
    },
    {
      "symbol": "SION",
      "provider": "yfinance",
      "timeframe": "1d",
      "start": "2025-02-07",
      "end": "2026-09-11",
      "row_count": 384
    },
    {
      "symbol": "SEPN",
      "provider": "yfinance",
      "timeframe": "1d",
      "start": "2024-10-25",
      "end": "2026-09-11",
      "row_count": 454
    },
    {
      "symbol": "HLIT",
      "provider": "yfinance",
      "timeframe": "1d",
      "start": "1997-01-02",
      "end": "2026-09-11",
      "row_count": 7455
    },
    {
      "symbol": "HTZ",
      "provider": "yfinance",
      "timeframe": "1d",
      "start": "2021-07-01",
      "end": "2026-09-11",
      "row_count": 1289
    },
    {
      "symbol": "EVTC",
      "provider": "yfinance",
      "timeframe": "1d",
      "start": "2013-04-12",
      "end": "2026-09-11",
      "row_count": 3359
    },
    {
      "symbol": "GLOB",
      "provider": "yfinance",
      "timeframe": "1d",
      "start": "2014-07-18",
      "end": "2026-09-11",
      "row_count": 3040
    },
    {
      "symbol": "SNDX",
      "provider": "yfinance",
      "timeframe": "1d",
      "start": "2016-03-02",
      "end": "2026-09-11",
      "row_count": 2632
    },
    {
      "symbol": "SRPT",
      "provider": "yfinance",
      "timeframe": "1d",
      "start": "1997-06-04",
      "end": "2026-09-11",
      "row_count": 7349
    },
    {
      "symbol": "EVCM",
      "provider": "yfinance",
      "timeframe": "1d",
      "start": "2021-07-01",
      "end": "2026-09-11",
      "row_count": 1289
    },
    {
      "symbol": "BY",
      "provider": "yfinance",
      "timeframe": "1d",
      "start": "2017-06-30",
      "end": "2026-09-11",
      "row_count": 2295
    },
    {
      "symbol": "PCT",
      "provider": "yfinance",
      "timeframe": "1d",
      "start": "2020-07-14",
      "end": "2026-09-11",
      "row_count": 1533
    },
    {
      "symbol": "TYRA",
      "provider": "yfinance",
      "timeframe": "1d",
      "start": "2021-09-15",
      "end": "2026-09-11",
      "row_count": 1237
    },
    {
      "symbol": "TPB",
      "provider": "yfinance",
      "timeframe": "1d",
      "start": "2016-05-11",
      "end": "2026-09-11",
      "row_count": 2583
    },
    {
      "symbol": "CNXC",
      "provider": "yfinance",
      "timeframe": "1d",
      "start": "2020-11-24",
      "end": "2026-09-11",
      "row_count": 1439
    },
    {
      "symbol": "RES",
      "provider": "yfinance",
      "timeframe": "1d",
      "start": "1997-01-02",
      "end": "2026-09-11",
      "row_count": 7455
    },
    {
      "symbol": "QCRH",
      "provider": "yfinance",
      "timeframe": "1d",
      "start": "1997-01-02",
      "end": "2026-09-11",
      "row_count": 7455
    },
    {
      "symbol": "PGEN",
      "provider": "yfinance",
      "timeframe": "1d",
      "start": "2013-08-08",
      "end": "2026-09-11",
      "row_count": 3277
    },
    {
      "symbol": "AI",
      "provider": "yfinance",
      "timeframe": "1d",
      "start": "2020-12-09",
      "end": "2026-09-11",
      "row_count": 1429
    },
    {
      "symbol": "MAN",
      "provider": "yfinance",
      "timeframe": "1d",
      "start": "1997-01-02",
      "end": "2026-09-11",
      "row_count": 7455
    },
    {
      "symbol": "RYZ",
      "provider": "yfinance",
      "timeframe": "1d",
      "start": "2014-08-08",
      "end": "2026-09-11",
      "row_count": 3025
    },
    {
      "symbol": "CRI",
      "provider": "yfinance",
      "timeframe": "1d",
      "start": "2003-10-28",
      "end": "2026-09-11",
      "row_count": 5739
    },
    {
      "symbol": "LZB",
      "provider": "yfinance",
      "timeframe": "1d",
      "start": "1997-01-02",
      "end": "2026-09-11",
      "row_count": 7455
    },
    {
      "symbol": "AEVA",
      "provider": "yfinance",
      "timeframe": "1d",
      "start": "2020-02-27",
      "end": "2026-09-11",
      "row_count": 1628
    },
    {
      "symbol": "DV",
      "provider": "yfinance",
      "timeframe": "1d",
      "start": "2021-04-21",
      "end": "2026-09-11",
      "row_count": 1339
    },
    {
      "symbol": "PVLA",
      "provider": "yfinance",
      "timeframe": "1d",
      "start": "2015-01-02",
      "end": "2026-09-11",
      "row_count": 2924
    },
    {
      "symbol": "FTRE",
      "provider": "yfinance",
      "timeframe": "1d",
      "start": "2023-06-16",
      "end": "2026-09-11",
      "row_count": 796
    },
    {
      "symbol": "ALNT",
      "provider": "yfinance",
      "timeframe": "1d",
      "start": "1997-01-02",
      "end": "2026-09-11",
      "row_count": 7455
    },
    {
      "symbol": "OBK",
      "provider": "yfinance",
      "timeframe": "1d",
      "start": "2018-05-08",
      "end": "2026-09-11",
      "row_count": 2081
    },
    {
      "symbol": "ATEX",
      "provider": "yfinance",
      "timeframe": "1d",
      "start": "2015-02-03",
      "end": "2026-09-11",
      "row_count": 2903
    },
    {
      "symbol": "AVAH",
      "provider": "yfinance",
      "timeframe": "1d",
      "start": "2021-04-28",
      "end": "2026-09-11",
      "row_count": 1334
    },
    {
      "symbol": "PRG",
      "provider": "yfinance",
      "timeframe": "1d",
      "start": "1997-01-02",
      "end": "2026-09-11",
      "row_count": 7455
    },
    {
      "symbol": "GLUE",
      "provider": "yfinance",
      "timeframe": "1d",
      "start": "2021-06-24",
      "end": "2026-09-11",
      "row_count": 1294
    },
    {
      "symbol": "LKFN",
      "provider": "yfinance",
      "timeframe": "1d",
      "start": "1997-08-14",
      "end": "2026-09-11",
      "row_count": 7299
    },
    {
      "symbol": "SVV",
      "provider": "yfinance",
      "timeframe": "1d",
      "start": "2023-06-29",
      "end": "2026-09-11",
      "row_count": 788
    },
    {
      "symbol": "LIND",
      "provider": "yfinance",
      "timeframe": "1d",
      "start": "2013-07-03",
      "end": "2026-09-11",
      "row_count": 3302
    },
    {
      "symbol": "CBL",
      "provider": "yfinance",
      "timeframe": "1d",
      "start": "2021-11-02",
      "end": "2026-09-11",
      "row_count": 1203
    },
    {
      "symbol": "HCSG",
      "provider": "yfinance",
      "timeframe": "1d",
      "start": "1997-01-02",
      "end": "2026-09-11",
      "row_count": 7455
    },
    {
      "symbol": "COUR",
      "provider": "yfinance",
      "timeframe": "1d",
      "start": "2021-03-31",
      "end": "2026-09-11",
      "row_count": 1353
    },
    {
      "symbol": "KW",
      "provider": "yfinance",
      "timeframe": "1d",
      "start": "2007-12-03",
      "end": "2026-06-15",
      "row_count": 4662
    },
    {
      "symbol": "PRGO",
      "provider": "yfinance",
      "timeframe": "1d",
      "start": "1997-01-02",
      "end": "2026-09-11",
      "row_count": 7455
    },
    {
      "symbol": "HLMN",
      "provider": "yfinance",
      "timeframe": "1d",
      "start": "2020-12-03",
      "end": "2026-09-11",
      "row_count": 1433
    },
    {
      "symbol": "DCH",
      "provider": "yfinance",
      "timeframe": "1d",
      "start": "1999-01-29",
      "end": "2026-09-11",
      "row_count": 6932
    },
    {
      "symbol": "NBR",
      "provider": "yfinance",
      "timeframe": "1d",
      "start": "1997-01-02",
      "end": "2026-09-11",
      "row_count": 7455
    },
    {
      "symbol": "DXC",
      "provider": "yfinance",
      "timeframe": "1d",
      "start": "1997-01-02",
      "end": "2026-09-11",
      "row_count": 7455
    },
    {
      "symbol": "AAT",
      "provider": "yfinance",
      "timeframe": "1d",
      "start": "2011-01-13",
      "end": "2026-09-11",
      "row_count": 3923
    },
    {
      "symbol": "CAPR",
      "provider": "yfinance",
      "timeframe": "1d",
      "start": "2007-02-13",
      "end": "2026-09-11",
      "row_count": 4911
    },
    {
      "symbol": "JJSF",
      "provider": "yfinance",
      "timeframe": "1d",
      "start": "1997-01-02",
      "end": "2026-09-11",
      "row_count": 7455
    },
    {
      "symbol": "EYE",
      "provider": "yfinance",
      "timeframe": "1d",
      "start": "2017-10-27",
      "end": "2026-09-11",
      "row_count": 2213
    },
    {
      "symbol": "GBX",
      "provider": "yfinance",
      "timeframe": "1d",
      "start": "1997-01-02",
      "end": "2026-09-11",
      "row_count": 7454
    },
    {
      "symbol": "FOR",
      "provider": "yfinance",
      "timeframe": "1d",
      "start": "2007-12-13",
      "end": "2026-09-11",
      "row_count": 4699
    },
    {
      "symbol": "GIII",
      "provider": "yfinance",
      "timeframe": "1d",
      "start": "1997-01-02",
      "end": "2026-09-11",
      "row_count": 7455
    },
    {
      "symbol": "AMRC",
      "provider": "yfinance",
      "timeframe": "1d",
      "start": "2010-07-22",
      "end": "2026-09-11",
      "row_count": 4045
    },
    {
      "symbol": "PWP",
      "provider": "yfinance",
      "timeframe": "1d",
      "start": "2020-11-24",
      "end": "2026-09-11",
      "row_count": 1439
    },
    {
      "symbol": "FMC",
      "provider": "yfinance",
      "timeframe": "1d",
      "start": "1997-01-02",
      "end": "2026-09-11",
      "row_count": 7455
    },
    {
      "symbol": "MRTN",
      "provider": "yfinance",
      "timeframe": "1d",
      "start": "1997-01-02",
      "end": "2026-09-11",
      "row_count": 7455
    },
    {
      "symbol": "TRS",
      "provider": "yfinance",
      "timeframe": "1d",
      "start": "2007-05-18",
      "end": "2026-09-11",
      "row_count": 4845
    },
    {
      "symbol": "TNC",
      "provider": "yfinance",
      "timeframe": "1d",
      "start": "1997-01-02",
      "end": "2026-09-11",
      "row_count": 7455
    },
    {
      "symbol": "WWW",
      "provider": "yfinance",
      "timeframe": "1d",
      "start": "1997-01-02",
      "end": "2026-09-11",
      "row_count": 7455
    },
    {
      "symbol": "RVLV",
      "provider": "yfinance",
      "timeframe": "1d",
      "start": "2019-06-07",
      "end": "2026-09-11",
      "row_count": 1810
    },
    {
      "symbol": "KMPR",
      "provider": "yfinance",
      "timeframe": "1d",
      "start": "1997-01-02",
      "end": "2026-09-11",
      "row_count": 7455
    },
    {
      "symbol": "LINC",
      "provider": "yfinance",
      "timeframe": "1d",
      "start": "2005-06-23",
      "end": "2026-09-11",
      "row_count": 5323
    },
    {
      "symbol": "PRCT",
      "provider": "yfinance",
      "timeframe": "1d",
      "start": "2021-09-15",
      "end": "2026-09-11",
      "row_count": 1237
    },
    {
      "symbol": "NVAX",
      "provider": "yfinance",
      "timeframe": "1d",
      "start": "1997-01-02",
      "end": "2026-09-11",
      "row_count": 7455
    },
    {
      "symbol": "ATRC",
      "provider": "yfinance",
      "timeframe": "1d",
      "start": "2005-08-05",
      "end": "2026-09-11",
      "row_count": 5293
    },
    {
      "symbol": "SLS",
      "provider": "yfinance",
      "timeframe": "1d",
      "start": "2008-03-12",
      "end": "2026-09-11",
      "row_count": 4640
    },
    {
      "symbol": "WLDN",
      "provider": "yfinance",
      "timeframe": "1d",
      "start": "2006-11-21",
      "end": "2026-09-11",
      "row_count": 4966
    },
    {
      "symbol": "ENVX",
      "provider": "yfinance",
      "timeframe": "1d",
      "start": "2021-01-05",
      "end": "2026-09-11",
      "row_count": 1412
    },
    {
      "symbol": "VIR",
      "provider": "yfinance",
      "timeframe": "1d",
      "start": "2019-10-11",
      "end": "2026-09-11",
      "row_count": 1722
    },
    {
      "symbol": "NEO",
      "provider": "yfinance",
      "timeframe": "1d",
      "start": "2004-03-16",
      "end": "2026-09-11",
      "row_count": 5644
    },
    {
      "symbol": "BFLY",
      "provider": "yfinance",
      "timeframe": "1d",
      "start": "2020-07-13",
      "end": "2026-09-11",
      "row_count": 1534
    },
    {
      "symbol": "URGN",
      "provider": "yfinance",
      "timeframe": "1d",
      "start": "2017-05-04",
      "end": "2026-09-11",
      "row_count": 2336
    },
    {
      "symbol": "REX",
      "provider": "yfinance",
      "timeframe": "1d",
      "start": "1997-01-02",
      "end": "2026-09-11",
      "row_count": 7455
    },
    {
      "symbol": "LEG",
      "provider": "yfinance",
      "timeframe": "1d",
      "start": "1997-01-02",
      "end": "2026-08-12",
      "row_count": 7449
    },
    {
      "symbol": "TRIP",
      "provider": "yfinance",
      "timeframe": "1d",
      "start": "2011-12-07",
      "end": "2026-09-11",
      "row_count": 3696
    },
    {
      "symbol": "KALV",
      "provider": "yfinance",
      "timeframe": "1d",
      "start": "2015-04-09",
      "end": "2026-06-12",
      "row_count": 2812
    },
    {
      "symbol": "ULCC",
      "provider": "yfinance",
      "timeframe": "1d",
      "start": "2021-04-01",
      "end": "2026-09-11",
      "row_count": 1352
    },
    {
      "symbol": "HLX",
      "provider": "yfinance",
      "timeframe": "1d",
      "start": "1997-07-01",
      "end": "2026-08-12",
      "row_count": 7324
    },
    {
      "symbol": "WINA",
      "provider": "yfinance",
      "timeframe": "1d",
      "start": "1997-01-02",
      "end": "2026-09-11",
      "row_count": 7455
    },
    {
      "symbol": "ECVT",
      "provider": "yfinance",
      "timeframe": "1d",
      "start": "2017-09-29",
      "end": "2026-09-11",
      "row_count": 2233
    },
    {
      "symbol": "AMC",
      "provider": "yfinance",
      "timeframe": "1d",
      "start": "2013-12-18",
      "end": "2026-09-11",
      "row_count": 3185
    },
    {
      "symbol": "BCAX",
      "provider": "yfinance",
      "timeframe": "1d",
      "start": "2024-09-13",
      "end": "2026-09-11",
      "row_count": 484
    },
    {
      "symbol": "AVBP",
      "provider": "yfinance",
      "timeframe": "1d",
      "start": "2024-01-26",
      "end": "2026-09-11",
      "row_count": 643
    },
    {
      "symbol": "NVGS",
      "provider": "yfinance",
      "timeframe": "1d",
      "start": "2007-01-09",
      "end": "2026-09-11",
      "row_count": 4933
    },
    {
      "symbol": "CLVT",
      "provider": "yfinance",
      "timeframe": "1d",
      "start": "2018-10-29",
      "end": "2026-09-11",
      "row_count": 1961
    },
    {
      "symbol": "STAA",
      "provider": "yfinance",
      "timeframe": "1d",
      "start": "1997-01-02",
      "end": "2026-09-11",
      "row_count": 7455
    },
    {
      "symbol": "BORR",
      "provider": "yfinance",
      "timeframe": "1d",
      "start": "2019-07-30",
      "end": "2026-09-11",
      "row_count": 1774
    },
    {
      "symbol": "TTI",
      "provider": "yfinance",
      "timeframe": "1d",
      "start": "1997-01-02",
      "end": "2026-09-11",
      "row_count": 7455
    },
    {
      "symbol": "ARI",
      "provider": "yfinance",
      "timeframe": "1d",
      "start": "2009-09-24",
      "end": "2026-09-11",
      "row_count": 4251
    },
    {
      "symbol": "OI",
      "provider": "yfinance",
      "timeframe": "1d",
      "start": "1997-01-02",
      "end": "2026-09-11",
      "row_count": 7455
    },
    {
      "symbol": "ARDX",
      "provider": "yfinance",
      "timeframe": "1d",
      "start": "2014-06-19",
      "end": "2026-09-11",
      "row_count": 3060
    },
    {
      "symbol": "ARLO",
      "provider": "yfinance",
      "timeframe": "1d",
      "start": "2018-08-03",
      "end": "2026-09-11",
      "row_count": 2021
    },
    {
      "symbol": "HROW",
      "provider": "yfinance",
      "timeframe": "1d",
      "start": "2007-09-28",
      "end": "2026-09-11",
      "row_count": 4753
    },
    {
      "symbol": "NSP",
      "provider": "yfinance",
      "timeframe": "1d",
      "start": "1997-01-29",
      "end": "2026-09-11",
      "row_count": 7435
    },
    {
      "symbol": "ATLC",
      "provider": "yfinance",
      "timeframe": "1d",
      "start": "1999-04-23",
      "end": "2026-09-11",
      "row_count": 6874
    },
    {
      "symbol": "ENR",
      "provider": "yfinance",
      "timeframe": "1d",
      "start": "2015-06-12",
      "end": "2026-09-11",
      "row_count": 2813
    },
    {
      "symbol": "FDP",
      "provider": "yfinance",
      "timeframe": "1d",
      "start": "1997-10-24",
      "end": "2026-07-17",
      "row_count": 7220
    },
    {
      "symbol": "IART",
      "provider": "yfinance",
      "timeframe": "1d",
      "start": "1997-01-02",
      "end": "2026-09-11",
      "row_count": 7455
    },
    {
      "symbol": "AHCO",
      "provider": "yfinance",
      "timeframe": "1d",
      "start": "2018-05-31",
      "end": "2026-09-11",
      "row_count": 2066
    },
    {
      "symbol": "DFH",
      "provider": "yfinance",
      "timeframe": "1d",
      "start": "2021-01-21",
      "end": "2026-09-11",
      "row_count": 1401
    },
    {
      "symbol": "OLPX",
      "provider": "yfinance",
      "timeframe": "1d",
      "start": "2021-09-30",
      "end": "2026-07-13",
      "row_count": 1197
    },
    {
      "symbol": "IDT",
      "provider": "yfinance",
      "timeframe": "1d",
      "start": "2001-05-16",
      "end": "2026-09-11",
      "row_count": 6353
    },
    {
      "symbol": "ODC",
      "provider": "yfinance",
      "timeframe": "1d",
      "start": "1997-01-02",
      "end": "2026-09-11",
      "row_count": 7455
    },
    {
      "symbol": "ACDC",
      "provider": "yfinance",
      "timeframe": "1d",
      "start": "2022-05-13",
      "end": "2026-09-11",
      "row_count": 1070
    },
    {
      "symbol": "WABC",
      "provider": "yfinance",
      "timeframe": "1d",
      "start": "1997-01-02",
      "end": "2026-09-11",
      "row_count": 7455
    },
    {
      "symbol": "DOLE",
      "provider": "yfinance",
      "timeframe": "1d",
      "start": "2021-07-30",
      "end": "2026-09-11",
      "row_count": 1269
    },
    {
      "symbol": "RXT",
      "provider": "yfinance",
      "timeframe": "1d",
      "start": "2020-08-05",
      "end": "2026-09-11",
      "row_count": 1517
    },
    {
      "symbol": "AOSL",
      "provider": "yfinance",
      "timeframe": "1d",
      "start": "2010-04-29",
      "end": "2026-09-11",
      "row_count": 4103
    },
    {
      "symbol": "INBX",
      "provider": "yfinance",
      "timeframe": "1d",
      "start": "2024-05-29",
      "end": "2026-09-11",
      "row_count": 558
    },
    {
      "symbol": "BHRB",
      "provider": "yfinance",
      "timeframe": "1d",
      "start": "2003-10-07",
      "end": "2026-09-11",
      "row_count": 5754
    },
    {
      "symbol": "UVV",
      "provider": "yfinance",
      "timeframe": "1d",
      "start": "1997-01-02",
      "end": "2026-09-11",
      "row_count": 7454
    },
    {
      "symbol": "ALX",
      "provider": "yfinance",
      "timeframe": "1d",
      "start": "1997-01-02",
      "end": "2026-09-11",
      "row_count": 7455
    },
    {
      "symbol": "ARDT",
      "provider": "yfinance",
      "timeframe": "1d",
      "start": "2024-07-18",
      "end": "2026-09-11",
      "row_count": 524
    },
    {
      "symbol": "WLTH",
      "provider": "yfinance",
      "timeframe": "1d",
      "start": "2025-12-15",
      "end": "2026-09-11",
      "row_count": 170
    },
    {
      "symbol": "WLFC",
      "provider": "yfinance",
      "timeframe": "1d",
      "start": "1997-01-02",
      "end": "2026-09-11",
      "row_count": 7455
    },
    {
      "symbol": "AMAL",
      "provider": "yfinance",
      "timeframe": "1d",
      "start": "2018-08-09",
      "end": "2026-09-11",
      "row_count": 2017
    },
    {
      "symbol": "MAZE",
      "provider": "yfinance",
      "timeframe": "1d",
      "start": "2025-01-31",
      "end": "2026-09-11",
      "row_count": 389
    },
    {
      "symbol": "NSSC",
      "provider": "yfinance",
      "timeframe": "1d",
      "start": "1997-01-02",
      "end": "2026-09-11",
      "row_count": 7455
    },
    {
      "symbol": "AHRT",
      "provider": "yfinance",
      "timeframe": "1d",
      "start": "2013-05-08",
      "end": "2026-09-11",
      "row_count": 3341
    },
    {
      "symbol": "TDOC",
      "provider": "yfinance",
      "timeframe": "1d",
      "start": "2015-06-30",
      "end": "2026-09-11",
      "row_count": 2800
    },
    {
      "symbol": "PRGS",
      "provider": "yfinance",
      "timeframe": "1d",
      "start": "1997-01-02",
      "end": "2026-09-11",
      "row_count": 7455
    },
    {
      "symbol": "TMP",
      "provider": "yfinance",
      "timeframe": "1d",
      "start": "1997-01-02",
      "end": "2026-09-11",
      "row_count": 7454
    },
    {
      "symbol": "SBH",
      "provider": "yfinance",
      "timeframe": "1d",
      "start": "2006-11-17",
      "end": "2026-09-11",
      "row_count": 4968
    },
    {
      "symbol": "CMP",
      "provider": "yfinance",
      "timeframe": "1d",
      "start": "2003-12-12",
      "end": "2026-09-11",
      "row_count": 5706
    },
    {
      "symbol": "HYLN",
      "provider": "yfinance",
      "timeframe": "1d",
      "start": "2020-01-02",
      "end": "2026-09-11",
      "row_count": 1666
    },
    {
      "symbol": "ICFI",
      "provider": "yfinance",
      "timeframe": "1d",
      "start": "2006-09-28",
      "end": "2026-09-11",
      "row_count": 5004
    },
    {
      "symbol": "PEBO",
      "provider": "yfinance",
      "timeframe": "1d",
      "start": "1997-01-02",
      "end": "2026-09-11",
      "row_count": 7455
    },
    {
      "symbol": "PRCH",
      "provider": "yfinance",
      "timeframe": "1d",
      "start": "2020-01-13",
      "end": "2026-09-11",
      "row_count": 1659
    },
    {
      "symbol": "GSHD",
      "provider": "yfinance",
      "timeframe": "1d",
      "start": "2018-04-27",
      "end": "2026-09-11",
      "row_count": 2089
    },
    {
      "symbol": "PRSU",
      "provider": "yfinance",
      "timeframe": "1d",
      "start": "2004-06-22",
      "end": "2026-09-11",
      "row_count": 5577
    },
    {
      "symbol": "ORC",
      "provider": "yfinance",
      "timeframe": "1d",
      "start": "2013-02-14",
      "end": "2026-09-11",
      "row_count": 3398
    },
    {
      "symbol": "CDRE",
      "provider": "yfinance",
      "timeframe": "1d",
      "start": "2021-11-04",
      "end": "2026-09-11",
      "row_count": 1201
    },
    {
      "symbol": "VTOL",
      "provider": "yfinance",
      "timeframe": "1d",
      "start": "2013-01-22",
      "end": "2026-09-11",
      "row_count": 3415
    },
    {
      "symbol": "UMH",
      "provider": "yfinance",
      "timeframe": "1d",
      "start": "1997-01-02",
      "end": "2026-09-11",
      "row_count": 7454
    },
    {
      "symbol": "TWO",
      "provider": "yfinance",
      "timeframe": "1d",
      "start": "2009-10-30",
      "end": "2026-08-12",
      "row_count": 4220
    },
    {
      "symbol": "WEN",
      "provider": "yfinance",
      "timeframe": "1d",
      "start": "1997-01-02",
      "end": "2026-09-11",
      "row_count": 7455
    },
    {
      "symbol": "LADR",
      "provider": "yfinance",
      "timeframe": "1d",
      "start": "2014-02-06",
      "end": "2026-09-11",
      "row_count": 3151
    },
    {
      "symbol": "CTBI",
      "provider": "yfinance",
      "timeframe": "1d",
      "start": "1997-01-02",
      "end": "2026-09-11",
      "row_count": 7455
    },
    {
      "symbol": "MRVI",
      "provider": "yfinance",
      "timeframe": "1d",
      "start": "2020-11-20",
      "end": "2026-09-11",
      "row_count": 1441
    },
    {
      "symbol": "CEVA",
      "provider": "yfinance",
      "timeframe": "1d",
      "start": "2002-11-01",
      "end": "2026-09-11",
      "row_count": 5987
    },
    {
      "symbol": "BLKB",
      "provider": "yfinance",
      "timeframe": "1d",
      "start": "2004-07-26",
      "end": "2026-09-11",
      "row_count": 5554
    },
    {
      "symbol": "DSGR",
      "provider": "yfinance",
      "timeframe": "1d",
      "start": "1997-01-02",
      "end": "2026-09-11",
      "row_count": 7455
    },
    {
      "symbol": "TROX",
      "provider": "yfinance",
      "timeframe": "1d",
      "start": "2010-12-01",
      "end": "2026-09-11",
      "row_count": 3952
    },
    {
      "symbol": "PAHC",
      "provider": "yfinance",
      "timeframe": "1d",
      "start": "2014-04-11",
      "end": "2026-09-11",
      "row_count": 3107
    },
    {
      "symbol": "PGY",
      "provider": "yfinance",
      "timeframe": "1d",
      "start": "2021-04-21",
      "end": "2026-09-11",
      "row_count": 1339
    },
    {
      "symbol": "PRA",
      "provider": "yfinance",
      "timeframe": "1d",
      "start": "1997-01-02",
      "end": "2026-07-02",
      "row_count": 7421
    },
    {
      "symbol": "BLFS",
      "provider": "yfinance",
      "timeframe": "1d",
      "start": "1997-01-02",
      "end": "2026-09-11",
      "row_count": 7455
    },
    {
      "symbol": "ATEC",
      "provider": "yfinance",
      "timeframe": "1d",
      "start": "2006-06-12",
      "end": "2026-09-11",
      "row_count": 5080
    },
    {
      "symbol": "YELP",
      "provider": "yfinance",
      "timeframe": "1d",
      "start": "2012-03-02",
      "end": "2026-09-11",
      "row_count": 3637
    },
    {
      "symbol": "NPKI",
      "provider": "yfinance",
      "timeframe": "1d",
      "start": "1997-01-02",
      "end": "2026-09-11",
      "row_count": 7455
    },
    {
      "symbol": "GOLD",
      "provider": "yfinance",
      "timeframe": "1d",
      "start": "2014-03-17",
      "end": "2026-09-11",
      "row_count": 3126
    },
    {
      "symbol": "MPLT",
      "provider": "yfinance",
      "timeframe": "1d",
      "start": "2025-10-27",
      "end": "2026-09-11",
      "row_count": 204
    },
    {
      "symbol": "LGIH",
      "provider": "yfinance",
      "timeframe": "1d",
      "start": "2013-11-07",
      "end": "2026-09-11",
      "row_count": 3213
    },
    {
      "symbol": "ENOV",
      "provider": "yfinance",
      "timeframe": "1d",
      "start": "2008-05-08",
      "end": "2026-09-11",
      "row_count": 4600
    },
    {
      "symbol": "GCT",
      "provider": "yfinance",
      "timeframe": "1d",
      "start": "2022-08-18",
      "end": "2026-09-11",
      "row_count": 1004
    },
    {
      "symbol": "HLF",
      "provider": "yfinance",
      "timeframe": "1d",
      "start": "2004-12-16",
      "end": "2026-09-11",
      "row_count": 5453
    },
    {
      "symbol": "ZBIO",
      "provider": "yfinance",
      "timeframe": "1d",
      "start": "2024-09-13",
      "end": "2026-09-11",
      "row_count": 484
    },
    {
      "symbol": "CXM",
      "provider": "yfinance",
      "timeframe": "1d",
      "start": "2021-06-23",
      "end": "2026-09-11",
      "row_count": 1295
    },
    {
      "symbol": "HTLD",
      "provider": "yfinance",
      "timeframe": "1d",
      "start": "1997-01-02",
      "end": "2026-09-11",
      "row_count": 7455
    },
    {
      "symbol": "XPEL",
      "provider": "yfinance",
      "timeframe": "1d",
      "start": "2019-07-01",
      "end": "2026-09-11",
      "row_count": 1794
    },
    {
      "symbol": "UFCS",
      "provider": "yfinance",
      "timeframe": "1d",
      "start": "1997-01-02",
      "end": "2026-09-11",
      "row_count": 7455
    },
    {
      "symbol": "FMBH",
      "provider": "yfinance",
      "timeframe": "1d",
      "start": "1999-03-16",
      "end": "2026-09-11",
      "row_count": 6901
    },
    {
      "symbol": "NWPX",
      "provider": "yfinance",
      "timeframe": "1d",
      "start": "1997-01-02",
      "end": "2026-09-11",
      "row_count": 7455
    },
    {
      "symbol": "REAL",
      "provider": "yfinance",
      "timeframe": "1d",
      "start": "2019-06-28",
      "end": "2026-09-11",
      "row_count": 1795
    },
    {
      "symbol": "SCL",
      "provider": "yfinance",
      "timeframe": "1d",
      "start": "1997-01-02",
      "end": "2026-09-11",
      "row_count": 7455
    },
    {
      "symbol": "INNV",
      "provider": "yfinance",
      "timeframe": "1d",
      "start": "2021-03-04",
      "end": "2026-09-11",
      "row_count": 1372
    },
    {
      "symbol": "ADTN",
      "provider": "yfinance",
      "timeframe": "1d",
      "start": "1997-01-02",
      "end": "2026-09-11",
      "row_count": 7455
    },
    {
      "symbol": "INSP",
      "provider": "yfinance",
      "timeframe": "1d",
      "start": "2018-05-03",
      "end": "2026-09-11",
      "row_count": 2085
    },
    {
      "symbol": "VIA",
      "provider": "yfinance",
      "timeframe": "1d",
      "start": "2025-09-12",
      "end": "2026-09-11",
      "row_count": 235
    },
    {
      "symbol": "GIC",
      "provider": "yfinance",
      "timeframe": "1d",
      "start": "1997-01-02",
      "end": "2026-09-11",
      "row_count": 7455
    },
    {
      "symbol": "KMTS",
      "provider": "yfinance",
      "timeframe": "1d",
      "start": "2025-03-06",
      "end": "2026-09-11",
      "row_count": 366
    },
    {
      "symbol": "GHM",
      "provider": "yfinance",
      "timeframe": "1d",
      "start": "1997-01-02",
      "end": "2026-09-11",
      "row_count": 7455
    },
    {
      "symbol": "NNE",
      "provider": "yfinance",
      "timeframe": "1d",
      "start": "2024-05-08",
      "end": "2026-09-11",
      "row_count": 572
    },
    {
      "symbol": "BKSY",
      "provider": "yfinance",
      "timeframe": "1d",
      "start": "2019-12-20",
      "end": "2026-09-11",
      "row_count": 1673
    },
    {
      "symbol": "PFBC",
      "provider": "yfinance",
      "timeframe": "1d",
      "start": "1999-08-19",
      "end": "2026-09-11",
      "row_count": 6792
    },
    {
      "symbol": "BV",
      "provider": "yfinance",
      "timeframe": "1d",
      "start": "2018-06-28",
      "end": "2026-09-11",
      "row_count": 2046
    },
    {
      "symbol": "LNN",
      "provider": "yfinance",
      "timeframe": "1d",
      "start": "1997-01-02",
      "end": "2026-09-11",
      "row_count": 7454
    },
    {
      "symbol": "PLTK",
      "provider": "yfinance",
      "timeframe": "1d",
      "start": "2021-01-19",
      "end": "2026-09-11",
      "row_count": 1403
    },
    {
      "symbol": "MCB",
      "provider": "yfinance",
      "timeframe": "1d",
      "start": "2017-11-08",
      "end": "2026-09-11",
      "row_count": 2205
    },
    {
      "symbol": "HFWA",
      "provider": "yfinance",
      "timeframe": "1d",
      "start": "1998-05-07",
      "end": "2026-09-11",
      "row_count": 7116
    },
    {
      "symbol": "IRMD",
      "provider": "yfinance",
      "timeframe": "1d",
      "start": "2014-07-16",
      "end": "2026-09-11",
      "row_count": 3042
    },
    {
      "symbol": "ROCK",
      "provider": "yfinance",
      "timeframe": "1d",
      "start": "1997-01-02",
      "end": "2026-09-11",
      "row_count": 7455
    },
    {
      "symbol": "ARRY",
      "provider": "yfinance",
      "timeframe": "1d",
      "start": "2020-10-15",
      "end": "2026-09-11",
      "row_count": 1467
    },
    {
      "symbol": "AMN",
      "provider": "yfinance",
      "timeframe": "1d",
      "start": "2001-11-13",
      "end": "2026-09-11",
      "row_count": 6231
    },
    {
      "symbol": "XZO",
      "provider": "yfinance",
      "timeframe": "1d",
      "start": "2025-11-05",
      "end": "2026-09-11",
      "row_count": 197
    },
    {
      "symbol": "SENEA",
      "provider": "yfinance",
      "timeframe": "1d",
      "start": "1998-06-03",
      "end": "2026-09-11",
      "row_count": 7098
    },
    {
      "symbol": "CDNA",
      "provider": "yfinance",
      "timeframe": "1d",
      "start": "2014-07-17",
      "end": "2026-09-11",
      "row_count": 3041
    },
    {
      "symbol": "UVSP",
      "provider": "yfinance",
      "timeframe": "1d",
      "start": "1998-04-16",
      "end": "2026-09-11",
      "row_count": 7131
    },
    {
      "symbol": "LQDT",
      "provider": "yfinance",
      "timeframe": "1d",
      "start": "2006-02-27",
      "end": "2026-09-11",
      "row_count": 5153
    },
    {
      "symbol": "ASTE",
      "provider": "yfinance",
      "timeframe": "1d",
      "start": "1997-01-02",
      "end": "2026-09-11",
      "row_count": 7455
    },
    {
      "symbol": "APPS",
      "provider": "yfinance",
      "timeframe": "1d",
      "start": "2006-07-06",
      "end": "2026-09-11",
      "row_count": 5063
    },
    {
      "symbol": "NAT",
      "provider": "yfinance",
      "timeframe": "1d",
      "start": "1997-09-30",
      "end": "2026-09-11",
      "row_count": 7267
    },
    {
      "symbol": "XERS",
      "provider": "yfinance",
      "timeframe": "1d",
      "start": "2018-06-21",
      "end": "2026-09-11",
      "row_count": 2051
    },
    {
      "symbol": "AKTS",
      "provider": "yfinance",
      "timeframe": "1d",
      "start": "2026-01-09",
      "end": "2026-09-11",
      "row_count": 153
    },
    {
      "symbol": "AVNS",
      "provider": "yfinance",
      "timeframe": "1d",
      "start": "2014-10-21",
      "end": "2026-07-24",
      "row_count": 2956
    },
    {
      "symbol": "OSBC",
      "provider": "yfinance",
      "timeframe": "1d",
      "start": "1997-01-02",
      "end": "2026-09-11",
      "row_count": 7455
    },
    {
      "symbol": "ASST",
      "provider": "yfinance",
      "timeframe": "1d",
      "start": "2023-02-03",
      "end": "2026-09-11",
      "row_count": 888
    },
    {
      "symbol": "CVLG",
      "provider": "yfinance",
      "timeframe": "1d",
      "start": "1997-01-02",
      "end": "2026-09-11",
      "row_count": 7454
    },
    {
      "symbol": "PNTG",
      "provider": "yfinance",
      "timeframe": "1d",
      "start": "2019-10-01",
      "end": "2026-09-11",
      "row_count": 1730
    },
    {
      "symbol": "MMI",
      "provider": "yfinance",
      "timeframe": "1d",
      "start": "2013-10-31",
      "end": "2026-09-11",
      "row_count": 3218
    },
    {
      "symbol": "PDM",
      "provider": "yfinance",
      "timeframe": "1d",
      "start": "2010-02-10",
      "end": "2026-09-11",
      "row_count": 4157
    },
    {
      "symbol": "TNDM",
      "provider": "yfinance",
      "timeframe": "1d",
      "start": "2013-11-14",
      "end": "2026-09-11",
      "row_count": 3208
    },
    {
      "symbol": "SMPL",
      "provider": "yfinance",
      "timeframe": "1d",
      "start": "2017-07-10",
      "end": "2026-09-11",
      "row_count": 2291
    },
    {
      "symbol": "TDAY",
      "provider": "yfinance",
      "timeframe": "1d",
      "start": "2014-02-04",
      "end": "2026-09-11",
      "row_count": 3154
    },
    {
      "symbol": "SAFE",
      "provider": "yfinance",
      "timeframe": "1d",
      "start": "1997-01-02",
      "end": "2026-09-11",
      "row_count": 7455
    },
    {
      "symbol": "MNKD",
      "provider": "yfinance",
      "timeframe": "1d",
      "start": "2004-07-28",
      "end": "2026-09-11",
      "row_count": 5552
    },
    {
      "symbol": "WVE",
      "provider": "yfinance",
      "timeframe": "1d",
      "start": "2015-11-11",
      "end": "2026-09-11",
      "row_count": 2707
    },
    {
      "symbol": "COLL",
      "provider": "yfinance",
      "timeframe": "1d",
      "start": "2015-05-07",
      "end": "2026-09-11",
      "row_count": 2838
    },
    {
      "symbol": "CCB",
      "provider": "yfinance",
      "timeframe": "1d",
      "start": "2018-07-19",
      "end": "2026-09-11",
      "row_count": 2032
    },
    {
      "symbol": "CIM",
      "provider": "yfinance",
      "timeframe": "1d",
      "start": "2007-11-29",
      "end": "2026-09-11",
      "row_count": 4710
    },
    {
      "symbol": "DEA",
      "provider": "yfinance",
      "timeframe": "1d",
      "start": "2015-02-06",
      "end": "2026-09-11",
      "row_count": 2900
    },
    {
      "symbol": "THRM",
      "provider": "yfinance",
      "timeframe": "1d",
      "start": "1997-01-02",
      "end": "2026-09-11",
      "row_count": 7455
    },
    {
      "symbol": "HBT",
      "provider": "yfinance",
      "timeframe": "1d",
      "start": "2019-10-11",
      "end": "2026-09-11",
      "row_count": 1722
    },
    {
      "symbol": "NBN",
      "provider": "yfinance",
      "timeframe": "1d",
      "start": "1997-01-02",
      "end": "2026-09-11",
      "row_count": 7455
    },
    {
      "symbol": "MLKN",
      "provider": "yfinance",
      "timeframe": "1d",
      "start": "1997-01-02",
      "end": "2026-09-11",
      "row_count": 7455
    },
    {
      "symbol": "BJRI",
      "provider": "yfinance",
      "timeframe": "1d",
      "start": "1997-01-02",
      "end": "2026-09-11",
      "row_count": 7455
    },
    {
      "symbol": "UPBD",
      "provider": "yfinance",
      "timeframe": "1d",
      "start": "1997-01-02",
      "end": "2026-09-11",
      "row_count": 7455
    },
    {
      "symbol": "PXED",
      "provider": "yfinance",
      "timeframe": "1d",
      "start": "2025-10-09",
      "end": "2026-09-11",
      "row_count": 216
    },
    {
      "symbol": "EVLV",
      "provider": "yfinance",
      "timeframe": "1d",
      "start": "2020-09-22",
      "end": "2026-09-11",
      "row_count": 1484
    },
    {
      "symbol": "EYPT",
      "provider": "yfinance",
      "timeframe": "1d",
      "start": "2005-01-27",
      "end": "2026-09-11",
      "row_count": 5425
    },
    {
      "symbol": "PLOW",
      "provider": "yfinance",
      "timeframe": "1d",
      "start": "2010-05-05",
      "end": "2026-09-11",
      "row_count": 4098
    },
    {
      "symbol": "DLX",
      "provider": "yfinance",
      "timeframe": "1d",
      "start": "1997-01-02",
      "end": "2026-09-11",
      "row_count": 7455
    },
    {
      "symbol": "RHLD",
      "provider": "yfinance",
      "timeframe": "1d",
      "start": "2025-02-24",
      "end": "2026-09-11",
      "row_count": 374
    },
    {
      "symbol": "VYX",
      "provider": "yfinance",
      "timeframe": "1d",
      "start": "1997-01-02",
      "end": "2026-09-11",
      "row_count": 7455
    },
    {
      "symbol": "SDGR",
      "provider": "yfinance",
      "timeframe": "1d",
      "start": "2020-02-06",
      "end": "2026-09-11",
      "row_count": 1642
    },
    {
      "symbol": "SVRA",
      "provider": "yfinance",
      "timeframe": "1d",
      "start": "2017-04-28",
      "end": "2026-09-11",
      "row_count": 2340
    },
    {
      "symbol": "SG",
      "provider": "yfinance",
      "timeframe": "1d",
      "start": "2021-11-18",
      "end": "2026-09-11",
      "row_count": 1191
    },
    {
      "symbol": "ACEL",
      "provider": "yfinance",
      "timeframe": "1d",
      "start": "2017-08-24",
      "end": "2026-09-11",
      "row_count": 2258
    },
    {
      "symbol": "TK",
      "provider": "yfinance",
      "timeframe": "1d",
      "start": "1997-01-02",
      "end": "2026-09-11",
      "row_count": 7455
    },
    {
      "symbol": "PZZA",
      "provider": "yfinance",
      "timeframe": "1d",
      "start": "1997-01-02",
      "end": "2026-09-11",
      "row_count": 7455
    },
    {
      "symbol": "OPK",
      "provider": "yfinance",
      "timeframe": "1d",
      "start": "1997-01-02",
      "end": "2026-09-11",
      "row_count": 7455
    },
    {
      "symbol": "OCFC",
      "provider": "yfinance",
      "timeframe": "1d",
      "start": "1997-01-02",
      "end": "2026-09-11",
      "row_count": 7455
    },
    {
      "symbol": "FUBO",
      "provider": "yfinance",
      "timeframe": "1d",
      "start": "2019-03-27",
      "end": "2026-09-11",
      "row_count": 1860
    },
    {
      "symbol": "ABSI",
      "provider": "yfinance",
      "timeframe": "1d",
      "start": "2021-07-22",
      "end": "2026-09-11",
      "row_count": 1275
    },
    {
      "symbol": "UVE",
      "provider": "yfinance",
      "timeframe": "1d",
      "start": "2003-06-06",
      "end": "2026-09-11",
      "row_count": 5839
    },
    {
      "symbol": "NMAX",
      "provider": "yfinance",
      "timeframe": "1d",
      "start": "2025-03-31",
      "end": "2026-09-11",
      "row_count": 349
    },
    {
      "symbol": "EPC",
      "provider": "yfinance",
      "timeframe": "1d",
      "start": "2000-03-27",
      "end": "2026-09-11",
      "row_count": 6640
    },
    {
      "symbol": "SAFT",
      "provider": "yfinance",
      "timeframe": "1d",
      "start": "2002-11-22",
      "end": "2026-09-11",
      "row_count": 5972
    },
    {
      "symbol": "GPRE",
      "provider": "yfinance",
      "timeframe": "1d",
      "start": "2006-03-15",
      "end": "2026-09-11",
      "row_count": 5141
    },
    {
      "symbol": "ACVA",
      "provider": "yfinance",
      "timeframe": "1d",
      "start": "2021-03-24",
      "end": "2026-09-11",
      "row_count": 1358
    },
    {
      "symbol": "UPWK",
      "provider": "yfinance",
      "timeframe": "1d",
      "start": "2018-10-03",
      "end": "2026-09-11",
      "row_count": 1979
    },
    {
      "symbol": "GNK",
      "provider": "yfinance",
      "timeframe": "1d",
      "start": "2014-07-15",
      "end": "2026-09-11",
      "row_count": 3043
    },
    {
      "symbol": "SVC",
      "provider": "yfinance",
      "timeframe": "1d",
      "start": "1997-01-02",
      "end": "2026-09-11",
      "row_count": 7453
    },
    {
      "symbol": "CNMD",
      "provider": "yfinance",
      "timeframe": "1d",
      "start": "1997-01-02",
      "end": "2026-09-11",
      "row_count": 7454
    },
    {
      "symbol": "CFFN",
      "provider": "yfinance",
      "timeframe": "1d",
      "start": "1999-04-01",
      "end": "2026-09-11",
      "row_count": 6889
    },
    {
      "symbol": "CBRL",
      "provider": "yfinance",
      "timeframe": "1d",
      "start": "1997-01-02",
      "end": "2026-09-11",
      "row_count": 7455
    },
    {
      "symbol": "UAMY",
      "provider": "yfinance",
      "timeframe": "1d",
      "start": "2000-02-24",
      "end": "2026-09-11",
      "row_count": 6662
    },
    {
      "symbol": "AZTA",
      "provider": "yfinance",
      "timeframe": "1d",
      "start": "1997-01-02",
      "end": "2026-09-11",
      "row_count": 7455
    },
    {
      "symbol": "TRUP",
      "provider": "yfinance",
      "timeframe": "1d",
      "start": "2014-07-18",
      "end": "2026-09-11",
      "row_count": 3040
    },
    {
      "symbol": "UTZ",
      "provider": "yfinance",
      "timeframe": "1d",
      "start": "2018-11-26",
      "end": "2026-09-11",
      "row_count": 1942
    },
    {
      "symbol": "BRBR",
      "provider": "yfinance",
      "timeframe": "1d",
      "start": "2019-10-18",
      "end": "2026-09-11",
      "row_count": 1717
    },
    {
      "symbol": "SBSI",
      "provider": "yfinance",
      "timeframe": "1d",
      "start": "1998-05-13",
      "end": "2026-09-11",
      "row_count": 7111
    },
    {
      "symbol": "OMDA",
      "provider": "yfinance",
      "timeframe": "1d",
      "start": "2025-06-06",
      "end": "2026-09-11",
      "row_count": 302
    },
    {
      "symbol": "MYE",
      "provider": "yfinance",
      "timeframe": "1d",
      "start": "1997-01-02",
      "end": "2026-09-11",
      "row_count": 7455
    },
    {
      "symbol": "SCSC",
      "provider": "yfinance",
      "timeframe": "1d",
      "start": "1997-01-02",
      "end": "2026-09-11",
      "row_count": 7455
    },
    {
      "symbol": "ARHS",
      "provider": "yfinance",
      "timeframe": "1d",
      "start": "2021-11-04",
      "end": "2026-09-11",
      "row_count": 1201
    },
    {
      "symbol": "LZ",
      "provider": "yfinance",
      "timeframe": "1d",
      "start": "2021-06-30",
      "end": "2026-09-11",
      "row_count": 1290
    },
    {
      "symbol": "SBGI",
      "provider": "yfinance",
      "timeframe": "1d",
      "start": "1997-01-02",
      "end": "2026-09-11",
      "row_count": 7455
    },
    {
      "symbol": "HBNC",
      "provider": "yfinance",
      "timeframe": "1d",
      "start": "2002-01-09",
      "end": "2026-09-11",
      "row_count": 6193
    },
    {
      "symbol": "PSNL",
      "provider": "yfinance",
      "timeframe": "1d",
      "start": "2019-06-20",
      "end": "2026-09-11",
      "row_count": 1801
    },
    {
      "symbol": "CRVS",
      "provider": "yfinance",
      "timeframe": "1d",
      "start": "2016-03-23",
      "end": "2026-09-11",
      "row_count": 2617
    },
    {
      "symbol": "ABR",
      "provider": "yfinance",
      "timeframe": "1d",
      "start": "2004-04-07",
      "end": "2026-09-11",
      "row_count": 5628
    },
    {
      "symbol": "DEC",
      "provider": "yfinance",
      "timeframe": "1d",
      "start": "2026-06-08",
      "end": "2026-09-11",
      "row_count": 51
    },
    {
      "symbol": "ESQ",
      "provider": "yfinance",
      "timeframe": "1d",
      "start": "2017-06-27",
      "end": "2026-09-11",
      "row_count": 2299
    },
    {
      "symbol": "EQBK",
      "provider": "yfinance",
      "timeframe": "1d",
      "start": "2015-11-11",
      "end": "2026-09-11",
      "row_count": 2707
    },
    {
      "symbol": "USPH",
      "provider": "yfinance",
      "timeframe": "1d",
      "start": "1997-01-02",
      "end": "2026-09-11",
      "row_count": 7455
    },
    {
      "symbol": "ASIC",
      "provider": "yfinance",
      "timeframe": "1d",
      "start": "2025-06-11",
      "end": "2026-09-11",
      "row_count": 299
    },
    {
      "symbol": "METC",
      "provider": "yfinance",
      "timeframe": "1d",
      "start": "2017-02-03",
      "end": "2026-09-11",
      "row_count": 2398
    },
    {
      "symbol": "EEX",
      "provider": "yfinance",
      "timeframe": "1d",
      "start": "2017-04-28",
      "end": "2026-07-14",
      "row_count": 2314
    },
    {
      "symbol": "NUTX",
      "provider": "yfinance",
      "timeframe": "1d",
      "start": "2022-04-04",
      "end": "2026-09-11",
      "row_count": 1098
    },
    {
      "symbol": "HPK",
      "provider": "yfinance",
      "timeframe": "1d",
      "start": "2018-05-29",
      "end": "2026-09-11",
      "row_count": 2068
    },
    {
      "symbol": "SATL",
      "provider": "yfinance",
      "timeframe": "1d",
      "start": "2021-03-26",
      "end": "2026-09-11",
      "row_count": 1356
    },
    {
      "symbol": "MSEX",
      "provider": "yfinance",
      "timeframe": "1d",
      "start": "1997-01-02",
      "end": "2026-09-11",
      "row_count": 7455
    },
    {
      "symbol": "MCBS",
      "provider": "yfinance",
      "timeframe": "1d",
      "start": "2019-09-05",
      "end": "2026-09-11",
      "row_count": 1748
    },
    {
      "symbol": "CSR",
      "provider": "yfinance",
      "timeframe": "1d",
      "start": "1997-10-17",
      "end": "2026-09-11",
      "row_count": 7253
    },
    {
      "symbol": "DAKT",
      "provider": "yfinance",
      "timeframe": "1d",
      "start": "1997-01-02",
      "end": "2026-09-11",
      "row_count": 7455
    },
    {
      "symbol": "WSR",
      "provider": "yfinance",
      "timeframe": "1d",
      "start": "2010-08-26",
      "end": "2026-07-13",
      "row_count": 3992
    },
    {
      "symbol": "AORT",
      "provider": "yfinance",
      "timeframe": "1d",
      "start": "1997-01-02",
      "end": "2026-09-11",
      "row_count": 7455
    },
    {
      "symbol": "CRAI",
      "provider": "yfinance",
      "timeframe": "1d",
      "start": "1998-04-24",
      "end": "2026-09-11",
      "row_count": 7125
    },
    {
      "symbol": "CCNE",
      "provider": "yfinance",
      "timeframe": "1d",
      "start": "1997-01-02",
      "end": "2026-09-11",
      "row_count": 7455
    },
    {
      "symbol": "VRTS",
      "provider": "yfinance",
      "timeframe": "1d",
      "start": "2009-01-02",
      "end": "2026-09-11",
      "row_count": 4435
    },
    {
      "symbol": "SPRY",
      "provider": "yfinance",
      "timeframe": "1d",
      "start": "2020-12-04",
      "end": "2026-09-11",
      "row_count": 1432
    },
    {
      "symbol": "ARKO",
      "provider": "yfinance",
      "timeframe": "1d",
      "start": "2019-07-23",
      "end": "2026-09-11",
      "row_count": 1779
    },
    {
      "symbol": "TRST",
      "provider": "yfinance",
      "timeframe": "1d",
      "start": "1997-01-02",
      "end": "2026-09-11",
      "row_count": 7455
    },
    {
      "symbol": "QDEL",
      "provider": "yfinance",
      "timeframe": "1d",
      "start": "1997-01-02",
      "end": "2026-09-11",
      "row_count": 7455
    },
    {
      "symbol": "DFIN",
      "provider": "yfinance",
      "timeframe": "1d",
      "start": "2016-09-26",
      "end": "2026-09-11",
      "row_count": 2488
    },
    {
      "symbol": "MFA",
      "provider": "yfinance",
      "timeframe": "1d",
      "start": "1998-04-13",
      "end": "2026-09-11",
      "row_count": 7134
    },
    {
      "symbol": "FSBC",
      "provider": "yfinance",
      "timeframe": "1d",
      "start": "2021-05-04",
      "end": "2026-09-11",
      "row_count": 1330
    },
    {
      "symbol": "AEBI",
      "provider": "yfinance",
      "timeframe": "1d",
      "start": "2025-07-02",
      "end": "2026-09-11",
      "row_count": 285
    },
    {
      "symbol": "APEI",
      "provider": "yfinance",
      "timeframe": "1d",
      "start": "2007-11-09",
      "end": "2026-09-11",
      "row_count": 4723
    },
    {
      "symbol": "BFST",
      "provider": "yfinance",
      "timeframe": "1d",
      "start": "2018-04-23",
      "end": "2026-09-11",
      "row_count": 2093
    },
    {
      "symbol": "CPF",
      "provider": "yfinance",
      "timeframe": "1d",
      "start": "1997-01-02",
      "end": "2026-09-11",
      "row_count": 7455
    },
    {
      "symbol": "SCHL",
      "provider": "yfinance",
      "timeframe": "1d",
      "start": "1997-01-02",
      "end": "2026-09-11",
      "row_count": 7455
    },
    {
      "symbol": "WYFI",
      "provider": "yfinance",
      "timeframe": "1d",
      "start": "2025-08-07",
      "end": "2026-09-11",
      "row_count": 260
    },
    {
      "symbol": "MBWM",
      "provider": "yfinance",
      "timeframe": "1d",
      "start": "1999-07-20",
      "end": "2026-09-11",
      "row_count": 6814
    },
    {
      "symbol": "GO",
      "provider": "yfinance",
      "timeframe": "1d",
      "start": "2019-06-20",
      "end": "2026-09-11",
      "row_count": 1801
    },
    {
      "symbol": "HAFC",
      "provider": "yfinance",
      "timeframe": "1d",
      "start": "1997-01-02",
      "end": "2026-09-11",
      "row_count": 7455
    },
    {
      "symbol": "EVEX",
      "provider": "yfinance",
      "timeframe": "1d",
      "start": "2022-05-10",
      "end": "2026-09-11",
      "row_count": 1073
    },
    {
      "symbol": "LMB",
      "provider": "yfinance",
      "timeframe": "1d",
      "start": "2014-08-08",
      "end": "2026-09-11",
      "row_count": 3025
    },
    {
      "symbol": "CRCT",
      "provider": "yfinance",
      "timeframe": "1d",
      "start": "2021-03-26",
      "end": "2026-09-11",
      "row_count": 1356
    },
    {
      "symbol": "KODK",
      "provider": "yfinance",
      "timeframe": "1d",
      "start": "2013-09-23",
      "end": "2026-09-11",
      "row_count": 3246
    },
    {
      "symbol": "AMTB",
      "provider": "yfinance",
      "timeframe": "1d",
      "start": "2018-10-18",
      "end": "2026-09-11",
      "row_count": 1967
    },
    {
      "symbol": "LYTS",
      "provider": "yfinance",
      "timeframe": "1d",
      "start": "1997-01-02",
      "end": "2026-09-11",
      "row_count": 7455
    },
    {
      "symbol": "PSIX",
      "provider": "yfinance",
      "timeframe": "1d",
      "start": "2012-04-17",
      "end": "2026-09-11",
      "row_count": 3606
    },
    {
      "symbol": "ESRT",
      "provider": "yfinance",
      "timeframe": "1d",
      "start": "2013-10-02",
      "end": "2026-09-11",
      "row_count": 3238
    },
    {
      "symbol": "BUR",
      "provider": "yfinance",
      "timeframe": "1d",
      "start": "2020-10-19",
      "end": "2026-09-11",
      "row_count": 1465
    },
    {
      "symbol": "UTL",
      "provider": "yfinance",
      "timeframe": "1d",
      "start": "1997-01-02",
      "end": "2026-09-11",
      "row_count": 7455
    },
    {
      "symbol": "NPK",
      "provider": "yfinance",
      "timeframe": "1d",
      "start": "1997-01-02",
      "end": "2026-09-11",
      "row_count": 7455
    },
    {
      "symbol": "INDI",
      "provider": "yfinance",
      "timeframe": "1d",
      "start": "2019-10-04",
      "end": "2026-09-11",
      "row_count": 1727
    },
    {
      "symbol": "JBSS",
      "provider": "yfinance",
      "timeframe": "1d",
      "start": "1997-01-02",
      "end": "2026-09-11",
      "row_count": 7455
    },
    {
      "symbol": "LMRI",
      "provider": "yfinance",
      "timeframe": "1d",
      "start": "2026-06-08",
      "end": "2026-09-11",
      "row_count": 51
    },
    {
      "symbol": "NBBK",
      "provider": "yfinance",
      "timeframe": "1d",
      "start": "2026-06-08",
      "end": "2026-09-11",
      "row_count": 51
    },
    {
      "symbol": "ABX",
      "provider": "yfinance",
      "timeframe": "1d",
      "start": "2026-06-08",
      "end": "2026-09-11",
      "row_count": 51
    },
    {
      "symbol": "BFS",
      "provider": "yfinance",
      "timeframe": "1d",
      "start": "2026-06-08",
      "end": "2026-09-11",
      "row_count": 52
    },
    {
      "symbol": "XNCR",
      "provider": "yfinance",
      "timeframe": "1d",
      "start": "2026-06-08",
      "end": "2026-09-11",
      "row_count": 51
    },
    {
      "symbol": "AMPL",
      "provider": "yfinance",
      "timeframe": "1d",
      "start": "2026-06-08",
      "end": "2026-09-11",
      "row_count": 51
    },
    {
      "symbol": "SHEN",
      "provider": "yfinance",
      "timeframe": "1d",
      "start": "2026-06-08",
      "end": "2026-09-11",
      "row_count": 52
    },
    {
      "symbol": "JCAP",
      "provider": "yfinance",
      "timeframe": "1d",
      "start": "2026-06-08",
      "end": "2026-09-11",
      "row_count": 51
    },
    {
      "symbol": "RPC",
      "provider": "yfinance",
      "timeframe": "1d",
      "start": "2026-06-08",
      "end": "2026-09-11",
      "row_count": 51
    },
    {
      "symbol": "PCRX",
      "provider": "yfinance",
      "timeframe": "1d",
      "start": "2026-06-08",
      "end": "2026-09-11",
      "row_count": 52
    },
    {
      "symbol": "GLIBK",
      "provider": "yfinance",
      "timeframe": "1d",
      "start": "2026-06-08",
      "end": "2026-09-11",
      "row_count": 51
    },
    {
      "symbol": "KOPN",
      "provider": "yfinance",
      "timeframe": "1d",
      "start": "2026-06-08",
      "end": "2026-09-11",
      "row_count": 52
    },
    {
      "symbol": "MEC",
      "provider": "yfinance",
      "timeframe": "1d",
      "start": "2026-06-08",
      "end": "2026-09-11",
      "row_count": 51
    },
    {
      "symbol": "RZLV",
      "provider": "yfinance",
      "timeframe": "1d",
      "start": "2026-06-08",
      "end": "2026-09-11",
      "row_count": 51
    },
    {
      "symbol": "CRSR",
      "provider": "yfinance",
      "timeframe": "1d",
      "start": "2026-06-08",
      "end": "2026-09-11",
      "row_count": 51
    },
    {
      "symbol": "BOW",
      "provider": "yfinance",
      "timeframe": "1d",
      "start": "2026-06-08",
      "end": "2026-09-11",
      "row_count": 51
    },
    {
      "symbol": "GLIBA",
      "provider": "yfinance",
      "timeframe": "1d",
      "start": "2026-06-08",
      "end": "2026-09-11",
      "row_count": 51
    },
    {
      "symbol": "THFF",
      "provider": "yfinance",
      "timeframe": "1d",
      "start": "2026-06-08",
      "end": "2026-09-11",
      "row_count": 52
    },
    {
      "symbol": "KFRC",
      "provider": "yfinance",
      "timeframe": "1d",
      "start": "2026-06-08",
      "end": "2026-09-11",
      "row_count": 52
    },
    {
      "symbol": "FTK",
      "provider": "yfinance",
      "timeframe": "1d",
      "start": "2026-06-08",
      "end": "2026-09-11",
      "row_count": 52
    },
    {
      "symbol": "CAC",
      "provider": "yfinance",
      "timeframe": "1d",
      "start": "1997-10-08",
      "end": "2026-09-11",
      "row_count": 7261
    },
    {
      "symbol": "AVR",
      "provider": "yfinance",
      "timeframe": "1d",
      "start": "2024-12-13",
      "end": "2026-09-11",
      "row_count": 420
    },
    {
      "symbol": "EVC",
      "provider": "yfinance",
      "timeframe": "1d",
      "start": "2000-08-02",
      "end": "2026-09-11",
      "row_count": 6551
    },
    {
      "symbol": "WOOF",
      "provider": "yfinance",
      "timeframe": "1d",
      "start": "2021-01-14",
      "end": "2026-09-11",
      "row_count": 1405
    },
    {
      "symbol": "MGTX",
      "provider": "yfinance",
      "timeframe": "1d",
      "start": "2018-06-08",
      "end": "2026-09-11",
      "row_count": 2060
    },
    {
      "symbol": "AMPH",
      "provider": "yfinance",
      "timeframe": "1d",
      "start": "2014-06-25",
      "end": "2026-09-11",
      "row_count": 3056
    },
    {
      "symbol": "PMT",
      "provider": "yfinance",
      "timeframe": "1d",
      "start": "2009-07-30",
      "end": "2026-09-11",
      "row_count": 4291
    },
    {
      "symbol": "WRLD",
      "provider": "yfinance",
      "timeframe": "1d",
      "start": "1997-01-02",
      "end": "2026-09-11",
      "row_count": 7455
    },
    {
      "symbol": "LXU",
      "provider": "yfinance",
      "timeframe": "1d",
      "start": "1997-01-02",
      "end": "2026-09-11",
      "row_count": 7455
    },
    {
      "symbol": "SMP",
      "provider": "yfinance",
      "timeframe": "1d",
      "start": "1997-01-02",
      "end": "2026-09-11",
      "row_count": 7454
    },
    {
      "symbol": "TALK",
      "provider": "yfinance",
      "timeframe": "1d",
      "start": "2020-07-30",
      "end": "2026-08-12",
      "row_count": 1515
    },
    {
      "symbol": "EGBN",
      "provider": "yfinance",
      "timeframe": "1d",
      "start": "1999-07-14",
      "end": "2026-09-11",
      "row_count": 6818
    },
    {
      "symbol": "ROOT",
      "provider": "yfinance",
      "timeframe": "1d",
      "start": "2020-10-28",
      "end": "2026-09-11",
      "row_count": 1458
    },
    {
      "symbol": "MPB",
      "provider": "yfinance",
      "timeframe": "1d",
      "start": "1997-12-04",
      "end": "2026-09-11",
      "row_count": 7221
    },
    {
      "symbol": "ETON",
      "provider": "yfinance",
      "timeframe": "1d",
      "start": "2018-11-13",
      "end": "2026-09-11",
      "row_count": 1950
    },
    {
      "symbol": "OLMA",
      "provider": "yfinance",
      "timeframe": "1d",
      "start": "2020-11-19",
      "end": "2026-09-11",
      "row_count": 1442
    },
    {
      "symbol": "EFOR",
      "provider": "yfinance",
      "timeframe": "1d",
      "start": "1997-01-02",
      "end": "2026-09-11",
      "row_count": 7455
    },
    {
      "symbol": "FMNB",
      "provider": "yfinance",
      "timeframe": "1d",
      "start": "1999-01-04",
      "end": "2026-09-11",
      "row_count": 6950
    },
    {
      "symbol": "MOV",
      "provider": "yfinance",
      "timeframe": "1d",
      "start": "1997-01-02",
      "end": "2026-09-11",
      "row_count": 7454
    },
    {
      "symbol": "TBPH",
      "provider": "yfinance",
      "timeframe": "1d",
      "start": "2014-05-16",
      "end": "2026-09-11",
      "row_count": 3083
    },
    {
      "symbol": "JBGS",
      "provider": "yfinance",
      "timeframe": "1d",
      "start": "2017-07-06",
      "end": "2026-09-11",
      "row_count": 2293
    },
    {
      "symbol": "APOG",
      "provider": "yfinance",
      "timeframe": "1d",
      "start": "1997-01-02",
      "end": "2026-09-11",
      "row_count": 7455
    },
    {
      "symbol": "ORIC",
      "provider": "yfinance",
      "timeframe": "1d",
      "start": "2020-04-24",
      "end": "2026-09-11",
      "row_count": 1588
    },
    {
      "symbol": "MTUS",
      "provider": "yfinance",
      "timeframe": "1d",
      "start": "2014-06-19",
      "end": "2026-09-11",
      "row_count": 3060
    },
    {
      "symbol": "TRNS",
      "provider": "yfinance",
      "timeframe": "1d",
      "start": "1997-01-02",
      "end": "2026-09-11",
      "row_count": 7455
    },
    {
      "symbol": "EIG",
      "provider": "yfinance",
      "timeframe": "1d",
      "start": "2007-01-31",
      "end": "2026-09-11",
      "row_count": 4920
    },
    {
      "symbol": "CGEM",
      "provider": "yfinance",
      "timeframe": "1d",
      "start": "2021-01-08",
      "end": "2026-09-11",
      "row_count": 1409
    },
    {
      "symbol": "ABUS",
      "provider": "yfinance",
      "timeframe": "1d",
      "start": "2007-07-26",
      "end": "2026-09-11",
      "row_count": 4798
    },
    {
      "symbol": "BBSI",
      "provider": "yfinance",
      "timeframe": "1d",
      "start": "1997-01-02",
      "end": "2026-09-11",
      "row_count": 7455
    },
    {
      "symbol": "MATW",
      "provider": "yfinance",
      "timeframe": "1d",
      "start": "1997-01-02",
      "end": "2026-09-11",
      "row_count": 7455
    },
    {
      "symbol": "ADAM",
      "provider": "yfinance",
      "timeframe": "1d",
      "start": "2004-07-26",
      "end": "2026-09-11",
      "row_count": 5554
    },
    {
      "symbol": "KOP",
      "provider": "yfinance",
      "timeframe": "1d",
      "start": "2006-02-01",
      "end": "2026-09-11",
      "row_count": 5170
    },
    {
      "symbol": "INR",
      "provider": "yfinance",
      "timeframe": "1d",
      "start": "2025-01-31",
      "end": "2026-09-11",
      "row_count": 389
    },
    {
      "symbol": "FCBC",
      "provider": "yfinance",
      "timeframe": "1d",
      "start": "1997-01-02",
      "end": "2026-09-11",
      "row_count": 7455
    },
    {
      "symbol": "HPP",
      "provider": "yfinance",
      "timeframe": "1d",
      "start": "2010-06-24",
      "end": "2026-09-11",
      "row_count": 4064
    },
    {
      "symbol": "GTM",
      "provider": "yfinance",
      "timeframe": "1d",
      "start": "2020-06-04",
      "end": "2026-09-11",
      "row_count": 1560
    },
    {
      "symbol": "PHAT",
      "provider": "yfinance",
      "timeframe": "1d",
      "start": "2019-10-25",
      "end": "2026-09-11",
      "row_count": 1712
    },
    {
      "symbol": "JANX",
      "provider": "yfinance",
      "timeframe": "1d",
      "start": "2021-06-11",
      "end": "2026-09-11",
      "row_count": 1303
    },
    {
      "symbol": "WGO",
      "provider": "yfinance",
      "timeframe": "1d",
      "start": "1997-01-02",
      "end": "2026-09-11",
      "row_count": 7455
    },
    {
      "symbol": "GSBC",
      "provider": "yfinance",
      "timeframe": "1d",
      "start": "1997-01-02",
      "end": "2026-09-11",
      "row_count": 7455
    },
    {
      "symbol": "ASPI",
      "provider": "yfinance",
      "timeframe": "1d",
      "start": "2022-11-10",
      "end": "2026-09-11",
      "row_count": 945
    },
    {
      "symbol": "CWH",
      "provider": "yfinance",
      "timeframe": "1d",
      "start": "2016-10-07",
      "end": "2026-09-11",
      "row_count": 2479
    },
    {
      "symbol": "PGC",
      "provider": "yfinance",
      "timeframe": "1d",
      "start": "1999-04-27",
      "end": "2026-09-11",
      "row_count": 6872
    },
    {
      "symbol": "LBRX",
      "provider": "yfinance",
      "timeframe": "1d",
      "start": "2025-09-11",
      "end": "2026-09-11",
      "row_count": 236
    },
    {
      "symbol": "SXC",
      "provider": "yfinance",
      "timeframe": "1d",
      "start": "2011-07-21",
      "end": "2026-09-11",
      "row_count": 3793
    },
    {
      "symbol": "SPFI",
      "provider": "yfinance",
      "timeframe": "1d",
      "start": "2019-05-09",
      "end": "2026-09-11",
      "row_count": 1830
    },
    {
      "symbol": "ESPR",
      "provider": "yfinance",
      "timeframe": "1d",
      "start": "2013-06-26",
      "end": "2026-07-13",
      "row_count": 3280
    },
    {
      "symbol": "KRO",
      "provider": "yfinance",
      "timeframe": "1d",
      "start": "2003-12-09",
      "end": "2026-09-11",
      "row_count": 5710
    },
    {
      "symbol": "CERT",
      "provider": "yfinance",
      "timeframe": "1d",
      "start": "2020-12-11",
      "end": "2026-09-11",
      "row_count": 1427
    },
    {
      "symbol": "CCBG",
      "provider": "yfinance",
      "timeframe": "1d",
      "start": "1997-01-02",
      "end": "2026-09-11",
      "row_count": 7455
    },
    {
      "symbol": "HTB",
      "provider": "yfinance",
      "timeframe": "1d",
      "start": "2012-07-11",
      "end": "2026-09-11",
      "row_count": 3547
    },
    {
      "symbol": "KURA",
      "provider": "yfinance",
      "timeframe": "1d",
      "start": "2015-09-16",
      "end": "2026-09-11",
      "row_count": 2747
    },
    {
      "symbol": "BIOA",
      "provider": "yfinance",
      "timeframe": "1d",
      "start": "2024-09-26",
      "end": "2026-09-11",
      "row_count": 475
    },
    {
      "symbol": "NXDR",
      "provider": "yfinance",
      "timeframe": "1d",
      "start": "2021-11-08",
      "end": "2026-09-11",
      "row_count": 1199
    },
    {
      "symbol": "SMBC",
      "provider": "yfinance",
      "timeframe": "1d",
      "start": "1997-01-02",
      "end": "2026-09-11",
      "row_count": 7455
    },
    {
      "symbol": "CCOI",
      "provider": "yfinance",
      "timeframe": "1d",
      "start": "2002-02-05",
      "end": "2026-09-11",
      "row_count": 6175
    },
    {
      "symbol": "AVO",
      "provider": "yfinance",
      "timeframe": "1d",
      "start": "2020-10-02",
      "end": "2026-09-11",
      "row_count": 1476
    },
    {
      "symbol": "NB",
      "provider": "yfinance",
      "timeframe": "1d",
      "start": "2023-03-21",
      "end": "2026-09-11",
      "row_count": 857
    },
    {
      "symbol": "ORRF",
      "provider": "yfinance",
      "timeframe": "1d",
      "start": "1999-05-13",
      "end": "2026-09-11",
      "row_count": 6860
    },
    {
      "symbol": "NX",
      "provider": "yfinance",
      "timeframe": "1d",
      "start": "1997-01-02",
      "end": "2026-09-11",
      "row_count": 7455
    },
    {
      "symbol": "BH",
      "provider": "yfinance",
      "timeframe": "1d",
      "start": "1997-01-02",
      "end": "2026-09-11",
      "row_count": 7455
    },
    {
      "symbol": "SMBK",
      "provider": "yfinance",
      "timeframe": "1d",
      "start": "2003-10-07",
      "end": "2026-09-11",
      "row_count": 5754
    },
    {
      "symbol": "RDVT",
      "provider": "yfinance",
      "timeframe": "1d",
      "start": "2018-03-27",
      "end": "2026-09-11",
      "row_count": 2111
    },
    {
      "symbol": "HNRG",
      "provider": "yfinance",
      "timeframe": "1d",
      "start": "1997-01-02",
      "end": "2026-09-11",
      "row_count": 7455
    },
    {
      "symbol": "CODI",
      "provider": "yfinance",
      "timeframe": "1d",
      "start": "2006-05-18",
      "end": "2026-09-11",
      "row_count": 5096
    },
    {
      "symbol": "ANNX",
      "provider": "yfinance",
      "timeframe": "1d",
      "start": "2020-07-24",
      "end": "2026-09-11",
      "row_count": 1525
    },
    {
      "symbol": "DJCO",
      "provider": "yfinance",
      "timeframe": "1d",
      "start": "1997-01-02",
      "end": "2026-09-11",
      "row_count": 7455
    },
    {
      "symbol": "REPX",
      "provider": "yfinance",
      "timeframe": "1d",
      "start": "1998-12-28",
      "end": "2026-09-11",
      "row_count": 6954
    },
    {
      "symbol": "GSM",
      "provider": "yfinance",
      "timeframe": "1d",
      "start": "2009-07-30",
      "end": "2026-09-11",
      "row_count": 4291
    },
    {
      "symbol": "FWRG",
      "provider": "yfinance",
      "timeframe": "1d",
      "start": "2021-10-01",
      "end": "2026-09-11",
      "row_count": 1225
    },
    {
      "symbol": "HSTM",
      "provider": "yfinance",
      "timeframe": "1d",
      "start": "2000-04-11",
      "end": "2026-09-11",
      "row_count": 6629
    },
    {
      "symbol": "SHBI",
      "provider": "yfinance",
      "timeframe": "1d",
      "start": "2001-04-09",
      "end": "2026-09-11",
      "row_count": 6379
    },
    {
      "symbol": "ALRS",
      "provider": "yfinance",
      "timeframe": "1d",
      "start": "2003-03-20",
      "end": "2026-09-11",
      "row_count": 5893
    },
    {
      "symbol": "FOXF",
      "provider": "yfinance",
      "timeframe": "1d",
      "start": "2013-08-08",
      "end": "2026-09-11",
      "row_count": 3277
    },
    {
      "symbol": "JBIO",
      "provider": "yfinance",
      "timeframe": "1d",
      "start": "2021-06-30",
      "end": "2026-09-11",
      "row_count": 1290
    },
    {
      "symbol": "NAVI",
      "provider": "yfinance",
      "timeframe": "1d",
      "start": "2014-04-17",
      "end": "2026-09-11",
      "row_count": 3103
    },
    {
      "symbol": "HZO",
      "provider": "yfinance",
      "timeframe": "1d",
      "start": "1998-06-03",
      "end": "2026-09-11",
      "row_count": 7097
    },
    {
      "symbol": "BZH",
      "provider": "yfinance",
      "timeframe": "1d",
      "start": "1997-01-02",
      "end": "2026-09-11",
      "row_count": 7455
    },
    {
      "symbol": "ZVRA",
      "provider": "yfinance",
      "timeframe": "1d",
      "start": "2015-04-16",
      "end": "2026-09-11",
      "row_count": 2853
    },
    {
      "symbol": "FISI",
      "provider": "yfinance",
      "timeframe": "1d",
      "start": "1999-06-25",
      "end": "2026-09-11",
      "row_count": 6830
    },
    {
      "symbol": "SANA",
      "provider": "yfinance",
      "timeframe": "1d",
      "start": "2021-02-04",
      "end": "2026-09-11",
      "row_count": 1391
    },
    {
      "symbol": "PKE",
      "provider": "yfinance",
      "timeframe": "1d",
      "start": "1997-01-02",
      "end": "2026-09-11",
      "row_count": 7455
    },
    {
      "symbol": "DNUT",
      "provider": "yfinance",
      "timeframe": "1d",
      "start": "2021-07-01",
      "end": "2026-09-11",
      "row_count": 1289
    },
    {
      "symbol": "MITK",
      "provider": "yfinance",
      "timeframe": "1d",
      "start": "1997-01-02",
      "end": "2026-09-11",
      "row_count": 7455
    },
    {
      "symbol": "GDOT",
      "provider": "yfinance",
      "timeframe": "1d",
      "start": "2010-07-22",
      "end": "2026-09-11",
      "row_count": 4045
    },
    {
      "symbol": "FEIM",
      "provider": "yfinance",
      "timeframe": "1d",
      "start": "1997-01-02",
      "end": "2026-09-11",
      "row_count": 7455
    },
    {
      "symbol": "GERN",
      "provider": "yfinance",
      "timeframe": "1d",
      "start": "1997-01-02",
      "end": "2026-09-11",
      "row_count": 7455
    },
    {
      "symbol": "IVR",
      "provider": "yfinance",
      "timeframe": "1d",
      "start": "2009-07-01",
      "end": "2026-09-11",
      "row_count": 4311
    },
    {
      "symbol": "CYRX",
      "provider": "yfinance",
      "timeframe": "1d",
      "start": "2005-08-22",
      "end": "2026-09-11",
      "row_count": 5282
    },
    {
      "symbol": "REPL",
      "provider": "yfinance",
      "timeframe": "1d",
      "start": "2018-07-20",
      "end": "2026-09-11",
      "row_count": 2031
    },
    {
      "symbol": "SPIR",
      "provider": "yfinance",
      "timeframe": "1d",
      "start": "2020-11-03",
      "end": "2026-09-11",
      "row_count": 1454
    },
    {
      "symbol": "BRSP",
      "provider": "yfinance",
      "timeframe": "1d",
      "start": "2018-02-01",
      "end": "2026-09-11",
      "row_count": 2148
    },
    {
      "symbol": "NXRT",
      "provider": "yfinance",
      "timeframe": "1d",
      "start": "2015-03-19",
      "end": "2026-09-11",
      "row_count": 2872
    },
    {
      "symbol": "BALY",
      "provider": "yfinance",
      "timeframe": "1d",
      "start": "2024-12-06",
      "end": "2026-09-11",
      "row_count": 425
    },
    {
      "symbol": "IBCP",
      "provider": "yfinance",
      "timeframe": "1d",
      "start": "1997-01-02",
      "end": "2026-09-11",
      "row_count": 7455
    },
    {
      "symbol": "IBTA",
      "provider": "yfinance",
      "timeframe": "1d",
      "start": "2024-04-19",
      "end": "2026-09-11",
      "row_count": 585
    },
    {
      "symbol": "JBI",
      "provider": "yfinance",
      "timeframe": "1d",
      "start": "2019-12-20",
      "end": "2026-09-11",
      "row_count": 1673
    },
    {
      "symbol": "NGVC",
      "provider": "yfinance",
      "timeframe": "1d",
      "start": "2012-07-25",
      "end": "2026-09-11",
      "row_count": 3537
    },
    {
      "symbol": "DSP",
      "provider": "yfinance",
      "timeframe": "1d",
      "start": "2021-02-10",
      "end": "2026-09-11",
      "row_count": 1387
    },
    {
      "symbol": "HSHP",
      "provider": "yfinance",
      "timeframe": "1d",
      "start": "2023-03-31",
      "end": "2026-09-11",
      "row_count": 849
    },
    {
      "symbol": "VTS",
      "provider": "yfinance",
      "timeframe": "1d",
      "start": "2023-01-10",
      "end": "2026-09-11",
      "row_count": 905
    },
    {
      "symbol": "EVMN",
      "provider": "yfinance",
      "timeframe": "1d",
      "start": "2025-11-06",
      "end": "2026-09-11",
      "row_count": 196
    },
    {
      "symbol": "OPFI",
      "provider": "yfinance",
      "timeframe": "1d",
      "start": "2020-11-20",
      "end": "2026-09-11",
      "row_count": 1440
    },
    {
      "symbol": "BLMN",
      "provider": "yfinance",
      "timeframe": "1d",
      "start": "2012-08-08",
      "end": "2026-09-11",
      "row_count": 3527
    },
    {
      "symbol": "VRRM",
      "provider": "yfinance",
      "timeframe": "1d",
      "start": "2017-03-24",
      "end": "2026-09-11",
      "row_count": 2364
    },
    {
      "symbol": "QNST",
      "provider": "yfinance",
      "timeframe": "1d",
      "start": "2010-02-11",
      "end": "2026-09-11",
      "row_count": 4156
    },
    {
      "symbol": "ELA",
      "provider": "yfinance",
      "timeframe": "1d",
      "start": "1997-01-02",
      "end": "2026-09-11",
      "row_count": 7455
    },
    {
      "symbol": "CTO",
      "provider": "yfinance",
      "timeframe": "1d",
      "start": "1997-01-02",
      "end": "2026-09-11",
      "row_count": 7454
    },
    {
      "symbol": "EVER",
      "provider": "yfinance",
      "timeframe": "1d",
      "start": "2018-06-28",
      "end": "2026-09-11",
      "row_count": 2046
    },
    {
      "symbol": "HOV",
      "provider": "yfinance",
      "timeframe": "1d",
      "start": "1997-01-02",
      "end": "2026-09-11",
      "row_count": 7454
    },
    {
      "symbol": "SB",
      "provider": "yfinance",
      "timeframe": "1d",
      "start": "2008-05-30",
      "end": "2026-09-11",
      "row_count": 4585
    },
    {
      "symbol": "SKYH",
      "provider": "yfinance",
      "timeframe": "1d",
      "start": "2020-12-08",
      "end": "2026-09-11",
      "row_count": 1430
    },
    {
      "symbol": "SLDB",
      "provider": "yfinance",
      "timeframe": "1d",
      "start": "2018-01-26",
      "end": "2026-09-11",
      "row_count": 2152
    },
    {
      "symbol": "CBLL",
      "provider": "yfinance",
      "timeframe": "1d",
      "start": "2024-10-11",
      "end": "2026-09-11",
      "row_count": 464
    },
    {
      "symbol": "ASC",
      "provider": "yfinance",
      "timeframe": "1d",
      "start": "2013-08-01",
      "end": "2026-09-11",
      "row_count": 3282
    },
    {
      "symbol": "HELE",
      "provider": "yfinance",
      "timeframe": "1d",
      "start": "1997-01-02",
      "end": "2026-09-11",
      "row_count": 7455
    },
    {
      "symbol": "PD",
      "provider": "yfinance",
      "timeframe": "1d",
      "start": "2019-04-11",
      "end": "2026-09-11",
      "row_count": 1849
    },
    {
      "symbol": "MCS",
      "provider": "yfinance",
      "timeframe": "1d",
      "start": "1997-01-02",
      "end": "2026-09-11",
      "row_count": 7455
    },
    {
      "symbol": "VEL",
      "provider": "yfinance",
      "timeframe": "1d",
      "start": "2020-01-17",
      "end": "2026-09-11",
      "row_count": 1654
    },
    {
      "symbol": "RMR",
      "provider": "yfinance",
      "timeframe": "1d",
      "start": "2015-12-14",
      "end": "2026-09-11",
      "row_count": 2685
    },
    {
      "symbol": "CRMD",
      "provider": "yfinance",
      "timeframe": "1d",
      "start": "2010-05-13",
      "end": "2026-09-11",
      "row_count": 4093
    },
    {
      "symbol": "DSGN",
      "provider": "yfinance",
      "timeframe": "1d",
      "start": "2021-03-29",
      "end": "2026-09-11",
      "row_count": 1355
    },
    {
      "symbol": "WASH",
      "provider": "yfinance",
      "timeframe": "1d",
      "start": "1997-01-02",
      "end": "2026-09-11",
      "row_count": 7455
    },
    {
      "symbol": "SIBN",
      "provider": "yfinance",
      "timeframe": "1d",
      "start": "2018-10-17",
      "end": "2026-09-11",
      "row_count": 1969
    },
    {
      "symbol": "HRTG",
      "provider": "yfinance",
      "timeframe": "1d",
      "start": "2014-05-23",
      "end": "2026-09-11",
      "row_count": 3077
    },
    {
      "symbol": "RSVR",
      "provider": "yfinance",
      "timeframe": "1d",
      "start": "2021-01-05",
      "end": "2026-09-11",
      "row_count": 1412
    },
    {
      "symbol": "SABR",
      "provider": "yfinance",
      "timeframe": "1d",
      "start": "2014-04-17",
      "end": "2026-09-11",
      "row_count": 3103
    },
    {
      "symbol": "INN",
      "provider": "yfinance",
      "timeframe": "1d",
      "start": "2011-02-09",
      "end": "2026-09-11",
      "row_count": 3905
    },
    {
      "symbol": "HY",
      "provider": "yfinance",
      "timeframe": "1d",
      "start": "2012-10-01",
      "end": "2026-09-11",
      "row_count": 3490
    },
    {
      "symbol": "TIPT",
      "provider": "yfinance",
      "timeframe": "1d",
      "start": "2010-10-15",
      "end": "2026-09-11",
      "row_count": 3985
    },
    {
      "symbol": "HIPO",
      "provider": "yfinance",
      "timeframe": "1d",
      "start": "2021-01-11",
      "end": "2026-09-11",
      "row_count": 1408
    },
    {
      "symbol": "TCBX",
      "provider": "yfinance",
      "timeframe": "1d",
      "start": "2021-11-09",
      "end": "2026-09-11",
      "row_count": 1198
    },
    {
      "symbol": "TRTX",
      "provider": "yfinance",
      "timeframe": "1d",
      "start": "2017-07-20",
      "end": "2026-09-11",
      "row_count": 2283
    },
    {
      "symbol": "CARE",
      "provider": "yfinance",
      "timeframe": "1d",
      "start": "2007-03-15",
      "end": "2026-09-11",
      "row_count": 4890
    },
    {
      "symbol": "AURA",
      "provider": "yfinance",
      "timeframe": "1d",
      "start": "2021-10-29",
      "end": "2026-09-11",
      "row_count": 1205
    },
    {
      "symbol": "PSTL",
      "provider": "yfinance",
      "timeframe": "1d",
      "start": "2019-05-15",
      "end": "2026-09-11",
      "row_count": 1826
    },
    {
      "symbol": "DC",
      "provider": "yfinance",
      "timeframe": "1d",
      "start": "2022-04-05",
      "end": "2026-09-11",
      "row_count": 1097
    },
    {
      "symbol": "AROW",
      "provider": "yfinance",
      "timeframe": "1d",
      "start": "1997-01-02",
      "end": "2026-09-11",
      "row_count": 7455
    },
    {
      "symbol": "NTGR",
      "provider": "yfinance",
      "timeframe": "1d",
      "start": "2003-07-31",
      "end": "2026-09-11",
      "row_count": 5801
    },
    {
      "symbol": "SWIM",
      "provider": "yfinance",
      "timeframe": "1d",
      "start": "2021-04-23",
      "end": "2026-09-11",
      "row_count": 1337
    },
    {
      "symbol": "RWT",
      "provider": "yfinance",
      "timeframe": "1d",
      "start": "1997-01-02",
      "end": "2026-09-11",
      "row_count": 7455
    },
    {
      "symbol": "SWBI",
      "provider": "yfinance",
      "timeframe": "1d",
      "start": "1999-08-17",
      "end": "2026-09-11",
      "row_count": 6794
    },
    {
      "symbol": "ALLO",
      "provider": "yfinance",
      "timeframe": "1d",
      "start": "2018-10-11",
      "end": "2026-09-11",
      "row_count": 1973
    },
    {
      "symbol": "DGICA",
      "provider": "yfinance",
      "timeframe": "1d",
      "start": "2003-07-03",
      "end": "2026-09-11",
      "row_count": 5820
    },
    {
      "symbol": "TDUP",
      "provider": "yfinance",
      "timeframe": "1d",
      "start": "2021-03-26",
      "end": "2026-09-11",
      "row_count": 1356
    },
    {
      "symbol": "GRNT",
      "provider": "yfinance",
      "timeframe": "1d",
      "start": "2020-11-06",
      "end": "2026-09-11",
      "row_count": 1451
    },
    {
      "symbol": "BBNX",
      "provider": "yfinance",
      "timeframe": "1d",
      "start": "2025-01-30",
      "end": "2026-09-11",
      "row_count": 390
    },
    {
      "symbol": "HIFS",
      "provider": "yfinance",
      "timeframe": "1d",
      "start": "1997-01-02",
      "end": "2026-09-11",
      "row_count": 7455
    },
    {
      "symbol": "GRPN",
      "provider": "yfinance",
      "timeframe": "1d",
      "start": "2011-11-04",
      "end": "2026-09-11",
      "row_count": 3718
    },
    {
      "symbol": "GOOD",
      "provider": "yfinance",
      "timeframe": "1d",
      "start": "2003-08-14",
      "end": "2026-09-11",
      "row_count": 5791
    },
    {
      "symbol": "FBRT",
      "provider": "yfinance",
      "timeframe": "1d",
      "start": "2021-10-19",
      "end": "2026-09-11",
      "row_count": 1213
    },
    {
      "symbol": "CCSI",
      "provider": "yfinance",
      "timeframe": "1d",
      "start": "2021-09-30",
      "end": "2026-09-11",
      "row_count": 1226
    },
    {
      "symbol": "CSV",
      "provider": "yfinance",
      "timeframe": "1d",
      "start": "1997-01-02",
      "end": "2026-09-11",
      "row_count": 7455
    },
    {
      "symbol": "CASS",
      "provider": "yfinance",
      "timeframe": "1d",
      "start": "1997-01-02",
      "end": "2026-09-11",
      "row_count": 7455
    },
    {
      "symbol": "PFIS",
      "provider": "yfinance",
      "timeframe": "1d",
      "start": "2002-06-05",
      "end": "2026-09-11",
      "row_count": 6092
    },
    {
      "symbol": "BCAL",
      "provider": "yfinance",
      "timeframe": "1d",
      "start": "2005-11-10",
      "end": "2026-09-11",
      "row_count": 5225
    },
    {
      "symbol": "CNNE",
      "provider": "yfinance",
      "timeframe": "1d",
      "start": "2017-11-20",
      "end": "2026-09-11",
      "row_count": 2197
    },
    {
      "symbol": "OMER",
      "provider": "yfinance",
      "timeframe": "1d",
      "start": "2009-10-08",
      "end": "2026-09-11",
      "row_count": 4242
    },
    {
      "symbol": "NPB",
      "provider": "yfinance",
      "timeframe": "1d",
      "start": "2025-02-18",
      "end": "2026-09-11",
      "row_count": 378
    },
    {
      "symbol": "SLDP",
      "provider": "yfinance",
      "timeframe": "1d",
      "start": "2021-05-18",
      "end": "2026-09-11",
      "row_count": 1320
    },
    {
      "symbol": "RGR",
      "provider": "yfinance",
      "timeframe": "1d",
      "start": "1997-01-02",
      "end": "2026-09-11",
      "row_count": 7455
    },
    {
      "symbol": "CSTL",
      "provider": "yfinance",
      "timeframe": "1d",
      "start": "2019-07-25",
      "end": "2026-09-11",
      "row_count": 1777
    },
    {
      "symbol": "EVGO",
      "provider": "yfinance",
      "timeframe": "1d",
      "start": "2020-11-20",
      "end": "2026-09-11",
      "row_count": 1441
    },
    {
      "symbol": "CADL",
      "provider": "yfinance",
      "timeframe": "1d",
      "start": "2021-07-27",
      "end": "2026-09-11",
      "row_count": 1272
    },
    {
      "symbol": "MSBI",
      "provider": "yfinance",
      "timeframe": "1d",
      "start": "2016-05-24",
      "end": "2026-09-11",
      "row_count": 2574
    },
    {
      "symbol": "PACK",
      "provider": "yfinance",
      "timeframe": "1d",
      "start": "2018-03-13",
      "end": "2026-09-11",
      "row_count": 2121
    },
    {
      "symbol": "KE",
      "provider": "yfinance",
      "timeframe": "1d",
      "start": "2014-11-03",
      "end": "2026-09-11",
      "row_count": 2965
    },
    {
      "symbol": "BHB",
      "provider": "yfinance",
      "timeframe": "1d",
      "start": "1997-09-23",
      "end": "2026-09-11",
      "row_count": 7272
    },
    {
      "symbol": "NFBK",
      "provider": "yfinance",
      "timeframe": "1d",
      "start": "2007-11-08",
      "end": "2026-07-28",
      "row_count": 4707
    },
    {
      "symbol": "VTEX",
      "provider": "yfinance",
      "timeframe": "1d",
      "start": "2021-07-21",
      "end": "2026-09-11",
      "row_count": 1276
    },
    {
      "symbol": "TRAX",
      "provider": "yfinance",
      "timeframe": "1d",
      "start": "2026-04-06",
      "end": "2026-09-11",
      "row_count": 95
    },
    {
      "symbol": "ASIX",
      "provider": "yfinance",
      "timeframe": "1d",
      "start": "2016-09-15",
      "end": "2026-09-11",
      "row_count": 2495
    },
    {
      "symbol": "OPTU",
      "provider": "yfinance",
      "timeframe": "1d",
      "start": "2017-06-22",
      "end": "2026-09-11",
      "row_count": 2302
    },
    {
      "symbol": "PAR",
      "provider": "yfinance",
      "timeframe": "1d",
      "start": "1997-01-02",
      "end": "2026-09-11",
      "row_count": 7455
    },
    {
      "symbol": "VLGEA",
      "provider": "yfinance",
      "timeframe": "1d",
      "start": "1997-01-02",
      "end": "2026-09-11",
      "row_count": 7455
    },
    {
      "symbol": "RRBI",
      "provider": "yfinance",
      "timeframe": "1d",
      "start": "2019-05-03",
      "end": "2026-09-11",
      "row_count": 1834
    },
    {
      "symbol": "SMC",
      "provider": "yfinance",
      "timeframe": "1d",
      "start": "2012-09-28",
      "end": "2026-09-11",
      "row_count": 3491
    },
    {
      "symbol": "RIGL",
      "provider": "yfinance",
      "timeframe": "1d",
      "start": "2000-11-29",
      "end": "2026-09-11",
      "row_count": 6468
    },
    {
      "symbol": "BTBT",
      "provider": "yfinance",
      "timeframe": "1d",
      "start": "2018-03-20",
      "end": "2026-09-11",
      "row_count": 2116
    },
    {
      "symbol": "MAMA",
      "provider": "yfinance",
      "timeframe": "1d",
      "start": "2021-07-19",
      "end": "2026-09-11",
      "row_count": 1278
    },
    {
      "symbol": "CLB",
      "provider": "yfinance",
      "timeframe": "1d",
      "start": "1997-01-02",
      "end": "2026-09-11",
      "row_count": 7455
    },
    {
      "symbol": "NABL",
      "provider": "yfinance",
      "timeframe": "1d",
      "start": "2021-07-19",
      "end": "2026-09-11",
      "row_count": 1278
    },
    {
      "symbol": "WTI",
      "provider": "yfinance",
      "timeframe": "1d",
      "start": "2005-01-28",
      "end": "2026-09-11",
      "row_count": 5424
    },
    {
      "symbol": "ACRS",
      "provider": "yfinance",
      "timeframe": "1d",
      "start": "2015-10-06",
      "end": "2026-09-11",
      "row_count": 2733
    },
    {
      "symbol": "IHRT",
      "provider": "yfinance",
      "timeframe": "1d",
      "start": "2019-07-01",
      "end": "2026-09-11",
      "row_count": 1794
    },
    {
      "symbol": "IRWD",
      "provider": "yfinance",
      "timeframe": "1d",
      "start": "2010-02-03",
      "end": "2026-09-11",
      "row_count": 4162
    },
    {
      "symbol": "CLDT",
      "provider": "yfinance",
      "timeframe": "1d",
      "start": "2010-04-16",
      "end": "2026-09-11",
      "row_count": 4112
    },
    {
      "symbol": "ILPT",
      "provider": "yfinance",
      "timeframe": "1d",
      "start": "2018-01-12",
      "end": "2026-09-11",
      "row_count": 2161
    },
    {
      "symbol": "KRT",
      "provider": "yfinance",
      "timeframe": "1d",
      "start": "2021-04-15",
      "end": "2026-09-11",
      "row_count": 1343
    },
    {
      "symbol": "FET",
      "provider": "yfinance",
      "timeframe": "1d",
      "start": "2012-04-12",
      "end": "2026-09-11",
      "row_count": 3609
    },
    {
      "symbol": "PRAA",
      "provider": "yfinance",
      "timeframe": "1d",
      "start": "2002-11-08",
      "end": "2026-09-11",
      "row_count": 5982
    },
    {
      "symbol": "DRUG",
      "provider": "yfinance",
      "timeframe": "1d",
      "start": "2021-03-22",
      "end": "2026-09-11",
      "row_count": 1360
    },
    {
      "symbol": "KRUS",
      "provider": "yfinance",
      "timeframe": "1d",
      "start": "2019-08-01",
      "end": "2026-09-11",
      "row_count": 1772
    },
    {
      "symbol": "LEGH",
      "provider": "yfinance",
      "timeframe": "1d",
      "start": "2018-12-14",
      "end": "2026-09-11",
      "row_count": 1929
    },
    {
      "symbol": "TCMD",
      "provider": "yfinance",
      "timeframe": "1d",
      "start": "2016-07-28",
      "end": "2026-09-11",
      "row_count": 2529
    },
    {
      "symbol": "MG",
      "provider": "yfinance",
      "timeframe": "1d",
      "start": "2009-10-08",
      "end": "2026-09-11",
      "row_count": 4242
    },
    {
      "symbol": "AMSF",
      "provider": "yfinance",
      "timeframe": "1d",
      "start": "2005-11-18",
      "end": "2026-09-11",
      "row_count": 5219
    },
    {
      "symbol": "MAX",
      "provider": "yfinance",
      "timeframe": "1d",
      "start": "2020-10-28",
      "end": "2026-09-11",
      "row_count": 1458
    },
    {
      "symbol": "ORN",
      "provider": "yfinance",
      "timeframe": "1d",
      "start": "2007-12-20",
      "end": "2026-09-11",
      "row_count": 4695
    },
    {
      "symbol": "ACNB",
      "provider": "yfinance",
      "timeframe": "1d",
      "start": "1997-01-02",
      "end": "2026-09-11",
      "row_count": 7455
    },
    {
      "symbol": "MLAB",
      "provider": "yfinance",
      "timeframe": "1d",
      "start": "1997-01-02",
      "end": "2026-09-11",
      "row_count": 7455
    },
    {
      "symbol": "RYAM",
      "provider": "yfinance",
      "timeframe": "1d",
      "start": "2014-06-16",
      "end": "2026-09-11",
      "row_count": 3062
    },
    {
      "symbol": "BVS",
      "provider": "yfinance",
      "timeframe": "1d",
      "start": "2021-02-11",
      "end": "2026-09-11",
      "row_count": 1386
    },
    {
      "symbol": "IIIV",
      "provider": "yfinance",
      "timeframe": "1d",
      "start": "2018-06-21",
      "end": "2026-09-11",
      "row_count": 2051
    },
    {
      "symbol": "IDR",
      "provider": "yfinance",
      "timeframe": "1d",
      "start": "1999-10-27",
      "end": "2026-09-11",
      "row_count": 6744
    },
    {
      "symbol": "SFST",
      "provider": "yfinance",
      "timeframe": "1d",
      "start": "1999-10-28",
      "end": "2026-09-11",
      "row_count": 6743
    },
    {
      "symbol": "NRIM",
      "provider": "yfinance",
      "timeframe": "1d",
      "start": "1997-01-02",
      "end": "2026-09-11",
      "row_count": 7455
    },
    {
      "symbol": "TECX",
      "provider": "yfinance",
      "timeframe": "1d",
      "start": "2018-06-21",
      "end": "2026-09-11",
      "row_count": 2051
    },
    {
      "symbol": "FIP",
      "provider": "yfinance",
      "timeframe": "1d",
      "start": "2022-07-20",
      "end": "2026-09-11",
      "row_count": 1025
    },
    {
      "symbol": "EGY",
      "provider": "yfinance",
      "timeframe": "1d",
      "start": "1997-01-02",
      "end": "2026-09-11",
      "row_count": 7455
    },
    {
      "symbol": "KRNY",
      "provider": "yfinance",
      "timeframe": "1d",
      "start": "2005-02-24",
      "end": "2026-09-11",
      "row_count": 5406
    },
    {
      "symbol": "UNTY",
      "provider": "yfinance",
      "timeframe": "1d",
      "start": "1997-01-14",
      "end": "2026-09-11",
      "row_count": 7447
    },
    {
      "symbol": "AIOT",
      "provider": "yfinance",
      "timeframe": "1d",
      "start": "1999-06-30",
      "end": "2026-09-11",
      "row_count": 6827
    },
    {
      "symbol": "NVEC",
      "provider": "yfinance",
      "timeframe": "1d",
      "start": "1997-01-02",
      "end": "2026-09-11",
      "row_count": 7455
    },
    {
      "symbol": "CIVB",
      "provider": "yfinance",
      "timeframe": "1d",
      "start": "1997-01-02",
      "end": "2026-09-11",
      "row_count": 7455
    },
    {
      "symbol": "BDN",
      "provider": "yfinance",
      "timeframe": "1d",
      "start": "1997-01-02",
      "end": "2026-09-11",
      "row_count": 7455
    },
    {
      "symbol": "MCFT",
      "provider": "yfinance",
      "timeframe": "1d",
      "start": "2015-07-17",
      "end": "2026-09-11",
      "row_count": 2789
    },
    {
      "symbol": "BBCP",
      "provider": "yfinance",
      "timeframe": "1d",
      "start": "2017-08-21",
      "end": "2026-09-11",
      "row_count": 2261
    },
    {
      "symbol": "IIIN",
      "provider": "yfinance",
      "timeframe": "1d",
      "start": "1997-01-02",
      "end": "2026-09-11",
      "row_count": 7455
    },
    {
      "symbol": "PHR",
      "provider": "yfinance",
      "timeframe": "1d",
      "start": "2019-07-18",
      "end": "2026-09-11",
      "row_count": 1782
    },
    {
      "symbol": "NRDS",
      "provider": "yfinance",
      "timeframe": "1d",
      "start": "2021-11-04",
      "end": "2026-09-11",
      "row_count": 1201
    },
    {
      "symbol": "UHT",
      "provider": "yfinance",
      "timeframe": "1d",
      "start": "1997-01-02",
      "end": "2026-09-11",
      "row_count": 7455
    },
    {
      "symbol": "BWB",
      "provider": "yfinance",
      "timeframe": "1d",
      "start": "2018-03-14",
      "end": "2026-09-11",
      "row_count": 2120
    },
    {
      "symbol": "SD",
      "provider": "yfinance",
      "timeframe": "1d",
      "start": "2016-10-04",
      "end": "2026-09-11",
      "row_count": 2482
    },
    {
      "symbol": "CBNK",
      "provider": "yfinance",
      "timeframe": "1d",
      "start": "2018-09-26",
      "end": "2026-09-11",
      "row_count": 1984
    },
    {
      "symbol": "OXM",
      "provider": "yfinance",
      "timeframe": "1d",
      "start": "1997-01-02",
      "end": "2026-09-11",
      "row_count": 7455
    },
    {
      "symbol": "MLR",
      "provider": "yfinance",
      "timeframe": "1d",
      "start": "1997-01-02",
      "end": "2026-09-11",
      "row_count": 7455
    },
    {
      "symbol": "ETD",
      "provider": "yfinance",
      "timeframe": "1d",
      "start": "1997-01-02",
      "end": "2026-09-11",
      "row_count": 7455
    },
    {
      "symbol": "MBUU",
      "provider": "yfinance",
      "timeframe": "1d",
      "start": "2014-01-31",
      "end": "2026-09-11",
      "row_count": 3156
    },
    {
      "symbol": "BWMN",
      "provider": "yfinance",
      "timeframe": "1d",
      "start": "2021-05-07",
      "end": "2026-09-11",
      "row_count": 1327
    },
    {
      "symbol": "CRD.A",
      "provider": "yfinance",
      "timeframe": "1d",
      "start": null,
      "end": null,
      "row_count": 0
    },
    {
      "symbol": "GYRE",
      "provider": "yfinance",
      "timeframe": "1d",
      "start": "2006-04-12",
      "end": "2026-09-11",
      "row_count": 5121
    },
    {
      "symbol": "EVH",
      "provider": "yfinance",
      "timeframe": "1d",
      "start": "2015-06-05",
      "end": "2026-09-11",
      "row_count": 2818
    },
    {
      "symbol": "SERV",
      "provider": "yfinance",
      "timeframe": "1d",
      "start": "2024-03-08",
      "end": "2026-09-11",
      "row_count": 614
    },
    {
      "symbol": "OLP",
      "provider": "yfinance",
      "timeframe": "1d",
      "start": "1997-01-02",
      "end": "2026-09-11",
      "row_count": 7454
    },
    {
      "symbol": "MDXG",
      "provider": "yfinance",
      "timeframe": "1d",
      "start": "2008-02-12",
      "end": "2026-09-11",
      "row_count": 4660
    },
    {
      "symbol": "CLFD",
      "provider": "yfinance",
      "timeframe": "1d",
      "start": "1997-01-02",
      "end": "2026-09-11",
      "row_count": 7455
    },
    {
      "symbol": "GLRE",
      "provider": "yfinance",
      "timeframe": "1d",
      "start": "2007-05-24",
      "end": "2026-09-11",
      "row_count": 4841
    },
    {
      "symbol": "NGS",
      "provider": "yfinance",
      "timeframe": "1d",
      "start": "2002-10-22",
      "end": "2026-09-11",
      "row_count": 5995
    },
    {
      "symbol": "HBCP",
      "provider": "yfinance",
      "timeframe": "1d",
      "start": "2008-10-08",
      "end": "2026-09-11",
      "row_count": 4494
    },
    {
      "symbol": "NPCE",
      "provider": "yfinance",
      "timeframe": "1d",
      "start": "2021-04-22",
      "end": "2026-09-11",
      "row_count": 1338
    },
    {
      "symbol": "CTGO",
      "provider": "yfinance",
      "timeframe": "1d",
      "start": "2010-12-21",
      "end": "2026-09-11",
      "row_count": 3939
    },
    {
      "symbol": "OSPN",
      "provider": "yfinance",
      "timeframe": "1d",
      "start": "1998-05-21",
      "end": "2026-09-11",
      "row_count": 7106
    },
    {
      "symbol": "TOI",
      "provider": "yfinance",
      "timeframe": "1d",
      "start": "2020-06-04",
      "end": "2026-08-11",
      "row_count": 1554
    },
    {
      "symbol": "FLGT",
      "provider": "yfinance",
      "timeframe": "1d",
      "start": "2016-09-29",
      "end": "2026-09-11",
      "row_count": 2485
    },
    {
      "symbol": "CARS",
      "provider": "yfinance",
      "timeframe": "1d",
      "start": "2017-06-01",
      "end": "2026-09-11",
      "row_count": 2317
    },
    {
      "symbol": "GDYN",
      "provider": "yfinance",
      "timeframe": "1d",
      "start": "2018-10-30",
      "end": "2026-09-11",
      "row_count": 1960
    },
    {
      "symbol": "PUBM",
      "provider": "yfinance",
      "timeframe": "1d",
      "start": "2020-12-09",
      "end": "2026-09-11",
      "row_count": 1429
    },
    {
      "symbol": "CTEV",
      "provider": "yfinance",
      "timeframe": "1d",
      "start": "2020-04-03",
      "end": "2026-09-11",
      "row_count": 1602
    },
    {
      "symbol": "BSRR",
      "provider": "yfinance",
      "timeframe": "1d",
      "start": "1997-01-02",
      "end": "2026-09-11",
      "row_count": 7455
    },
    {
      "symbol": "SSTK",
      "provider": "yfinance",
      "timeframe": "1d",
      "start": "2012-10-11",
      "end": "2026-09-11",
      "row_count": 3482
    },
    {
      "symbol": "SFIX",
      "provider": "yfinance",
      "timeframe": "1d",
      "start": "2017-11-17",
      "end": "2026-09-11",
      "row_count": 2198
    },
    {
      "symbol": "EBF",
      "provider": "yfinance",
      "timeframe": "1d",
      "start": "1997-01-02",
      "end": "2026-09-11",
      "row_count": 7455
    },
    {
      "symbol": "XOMA",
      "provider": "yfinance",
      "timeframe": "1d",
      "start": "1997-01-02",
      "end": "2026-07-21",
      "row_count": 7433
    },
    {
      "symbol": "CPS",
      "provider": "yfinance",
      "timeframe": "1d",
      "start": "2010-05-25",
      "end": "2026-09-11",
      "row_count": 4085
    },
    {
      "symbol": "AQST",
      "provider": "yfinance",
      "timeframe": "1d",
      "start": "2018-07-25",
      "end": "2026-09-11",
      "row_count": 2028
    },
    {
      "symbol": "ADV",
      "provider": "yfinance",
      "timeframe": "1d",
      "start": "2020-01-02",
      "end": "2026-09-11",
      "row_count": 1666
    },
    {
      "symbol": "TRC",
      "provider": "yfinance",
      "timeframe": "1d",
      "start": "1997-01-02",
      "end": "2026-09-11",
      "row_count": 7455
    },
    {
      "symbol": "GCBC",
      "provider": "yfinance",
      "timeframe": "1d",
      "start": "1999-06-30",
      "end": "2026-09-11",
      "row_count": 6827
    },
    {
      "symbol": "CERS",
      "provider": "yfinance",
      "timeframe": "1d",
      "start": "1997-01-31",
      "end": "2026-09-11",
      "row_count": 7434
    },
    {
      "symbol": "CHCT",
      "provider": "yfinance",
      "timeframe": "1d",
      "start": "2015-05-20",
      "end": "2026-09-11",
      "row_count": 2829
    },
    {
      "symbol": "OIS",
      "provider": "yfinance",
      "timeframe": "1d",
      "start": "2001-02-09",
      "end": "2026-09-11",
      "row_count": 6419
    },
    {
      "symbol": "CTKB",
      "provider": "yfinance",
      "timeframe": "1d",
      "start": "2021-07-23",
      "end": "2026-09-11",
      "row_count": 1274
    },
    {
      "symbol": "TREE",
      "provider": "yfinance",
      "timeframe": "1d",
      "start": "2008-08-12",
      "end": "2026-09-11",
      "row_count": 4534
    },
    {
      "symbol": "ALT",
      "provider": "yfinance",
      "timeframe": "1d",
      "start": "2017-05-26",
      "end": "2026-09-11",
      "row_count": 2320
    },
    {
      "symbol": "FBIZ",
      "provider": "yfinance",
      "timeframe": "1d",
      "start": "2005-11-09",
      "end": "2026-09-11",
      "row_count": 5226
    },
    {
      "symbol": "PRTH",
      "provider": "yfinance",
      "timeframe": "1d",
      "start": "2016-12-06",
      "end": "2026-09-11",
      "row_count": 2438
    },
    {
      "symbol": "ACIC",
      "provider": "yfinance",
      "timeframe": "1d",
      "start": "2007-11-07",
      "end": "2026-09-11",
      "row_count": 4725
    },
    {
      "symbol": "PANL",
      "provider": "yfinance",
      "timeframe": "1d",
      "start": "2013-12-19",
      "end": "2026-09-11",
      "row_count": 3184
    },
    {
      "symbol": "PRME",
      "provider": "yfinance",
      "timeframe": "1d",
      "start": "2022-10-20",
      "end": "2026-09-11",
      "row_count": 960
    },
    {
      "symbol": "BETR",
      "provider": "yfinance",
      "timeframe": "1d",
      "start": "2021-04-30",
      "end": "2026-09-11",
      "row_count": 1332
    },
    {
      "symbol": "PKOH",
      "provider": "yfinance",
      "timeframe": "1d",
      "start": "1997-01-02",
      "end": "2026-09-11",
      "row_count": 7455
    },
    {
      "symbol": "ANGO",
      "provider": "yfinance",
      "timeframe": "1d",
      "start": "2004-06-01",
      "end": "2026-09-11",
      "row_count": 5591
    },
    {
      "symbol": "TWI",
      "provider": "yfinance",
      "timeframe": "1d",
      "start": "1997-01-02",
      "end": "2026-09-11",
      "row_count": 7455
    },
    {
      "symbol": "GOGO",
      "provider": "yfinance",
      "timeframe": "1d",
      "start": "2013-06-21",
      "end": "2026-09-11",
      "row_count": 3310
    },
    {
      "symbol": "CAL",
      "provider": "yfinance",
      "timeframe": "1d",
      "start": "1997-01-02",
      "end": "2026-09-11",
      "row_count": 7454
    },
    {
      "symbol": "OBT",
      "provider": "yfinance",
      "timeframe": "1d",
      "start": "2003-10-15",
      "end": "2026-09-11",
      "row_count": 5748
    },
    {
      "symbol": "DNA",
      "provider": "yfinance",
      "timeframe": "1d",
      "start": "2021-04-19",
      "end": "2026-09-11",
      "row_count": 1340
    },
    {
      "symbol": "ASPN",
      "provider": "yfinance",
      "timeframe": "1d",
      "start": "2014-06-13",
      "end": "2026-09-11",
      "row_count": 3064
    },
    {
      "symbol": "XRN",
      "provider": "yfinance",
      "timeframe": "1d",
      "start": "2016-06-30",
      "end": "2026-09-11",
      "row_count": 2548
    },
    {
      "symbol": "JOUT",
      "provider": "yfinance",
      "timeframe": "1d",
      "start": "1997-01-02",
      "end": "2026-09-11",
      "row_count": 7455
    },
    {
      "symbol": "KLC",
      "provider": "yfinance",
      "timeframe": "1d",
      "start": "2024-10-09",
      "end": "2026-09-11",
      "row_count": 466
    },
    {
      "symbol": "ARVN",
      "provider": "yfinance",
      "timeframe": "1d",
      "start": "2018-09-27",
      "end": "2026-09-11",
      "row_count": 1983
    },
    {
      "symbol": "LXFR",
      "provider": "yfinance",
      "timeframe": "1d",
      "start": "2012-10-03",
      "end": "2026-09-11",
      "row_count": 3488
    },
    {
      "symbol": "COFS",
      "provider": "yfinance",
      "timeframe": "1d",
      "start": "2001-06-21",
      "end": "2026-09-11",
      "row_count": 6328
    },
    {
      "symbol": "YORW",
      "provider": "yfinance",
      "timeframe": "1d",
      "start": "1999-05-03",
      "end": "2026-09-11",
      "row_count": 6868
    },
    {
      "symbol": "IPI",
      "provider": "yfinance",
      "timeframe": "1d",
      "start": "2008-04-22",
      "end": "2026-09-11",
      "row_count": 4612
    },
    {
      "symbol": "OOMA",
      "provider": "yfinance",
      "timeframe": "1d",
      "start": "2015-07-20",
      "end": "2026-09-11",
      "row_count": 2788
    },
    {
      "symbol": "CWCO",
      "provider": "yfinance",
      "timeframe": "1d",
      "start": "1997-01-02",
      "end": "2026-09-11",
      "row_count": 7455
    },
    {
      "symbol": "CRNC",
      "provider": "yfinance",
      "timeframe": "1d",
      "start": "2019-09-16",
      "end": "2026-09-11",
      "row_count": 1741
    },
    {
      "symbol": "ITIC",
      "provider": "yfinance",
      "timeframe": "1d",
      "start": "1997-01-02",
      "end": "2026-09-11",
      "row_count": 7455
    },
    {
      "symbol": "MNRO",
      "provider": "yfinance",
      "timeframe": "1d",
      "start": "1997-01-02",
      "end": "2026-09-11",
      "row_count": 7455
    },
    {
      "symbol": "SCVL",
      "provider": "yfinance",
      "timeframe": "1d",
      "start": "1997-01-02",
      "end": "2026-07-17",
      "row_count": 7422
    },
    {
      "symbol": "RPD",
      "provider": "yfinance",
      "timeframe": "1d",
      "start": "2015-07-17",
      "end": "2026-09-11",
      "row_count": 2789
    },
    {
      "symbol": "LOCO",
      "provider": "yfinance",
      "timeframe": "1d",
      "start": "2014-07-25",
      "end": "2026-09-11",
      "row_count": 3035
    },
    {
      "symbol": "RR",
      "provider": "yfinance",
      "timeframe": "1d",
      "start": "2023-11-17",
      "end": "2026-09-11",
      "row_count": 689
    },
    {
      "symbol": "BLZE",
      "provider": "yfinance",
      "timeframe": "1d",
      "start": "2021-11-11",
      "end": "2026-09-11",
      "row_count": 1196
    },
    {
      "symbol": "RBBN",
      "provider": "yfinance",
      "timeframe": "1d",
      "start": "2000-05-25",
      "end": "2026-09-11",
      "row_count": 6598
    },
    {
      "symbol": "TITN",
      "provider": "yfinance",
      "timeframe": "1d",
      "start": "2007-12-13",
      "end": "2026-09-11",
      "row_count": 4700
    },
    {
      "symbol": "INV",
      "provider": "yfinance",
      "timeframe": "1d",
      "start": "2021-11-29",
      "end": "2026-09-11",
      "row_count": 1185
    },
    {
      "symbol": "SRTA",
      "provider": "yfinance",
      "timeframe": "1d",
      "start": "2019-11-05",
      "end": "2026-09-11",
      "row_count": 1705
    },
    {
      "symbol": "PDLB",
      "provider": "yfinance",
      "timeframe": "1d",
      "start": "2017-10-02",
      "end": "2026-09-11",
      "row_count": 2232
    },
    {
      "symbol": "GBFH",
      "provider": "yfinance",
      "timeframe": "1d",
      "start": "2024-07-09",
      "end": "2026-09-11",
      "row_count": 531
    },
    {
      "symbol": "ACTG",
      "provider": "yfinance",
      "timeframe": "1d",
      "start": "2002-12-16",
      "end": "2026-09-11",
      "row_count": 5957
    },
    {
      "symbol": "OEC",
      "provider": "yfinance",
      "timeframe": "1d",
      "start": "2014-07-25",
      "end": "2026-09-11",
      "row_count": 3034
    },
    {
      "symbol": "KREF",
      "provider": "yfinance",
      "timeframe": "1d",
      "start": "2017-05-05",
      "end": "2026-09-11",
      "row_count": 2335
    },
    {
      "symbol": "VREX",
      "provider": "yfinance",
      "timeframe": "1d",
      "start": "2017-01-23",
      "end": "2026-09-11",
      "row_count": 2407
    },
    {
      "symbol": "ALTI",
      "provider": "yfinance",
      "timeframe": "1d",
      "start": "2021-04-27",
      "end": "2026-09-11",
      "row_count": 1335
    },
    {
      "symbol": "FDMT",
      "provider": "yfinance",
      "timeframe": "1d",
      "start": "2020-12-11",
      "end": "2026-09-11",
      "row_count": 1427
    },
    {
      "symbol": "GCO",
      "provider": "yfinance",
      "timeframe": "1d",
      "start": "1997-01-02",
      "end": "2026-09-11",
      "row_count": 7455
    },
    {
      "symbol": "ALMU",
      "provider": "yfinance",
      "timeframe": "1d",
      "start": "2023-02-28",
      "end": "2026-09-11",
      "row_count": 872
    },
    {
      "symbol": "ABAT",
      "provider": "yfinance",
      "timeframe": "1d",
      "start": "2016-02-24",
      "end": "2026-09-11",
      "row_count": 2637
    },
    {
      "symbol": "NGNE",
      "provider": "yfinance",
      "timeframe": "1d",
      "start": "2014-03-07",
      "end": "2026-09-11",
      "row_count": 3132
    },
    {
      "symbol": "KIDS",
      "provider": "yfinance",
      "timeframe": "1d",
      "start": "2017-10-13",
      "end": "2026-09-11",
      "row_count": 2223
    },
    {
      "symbol": "FRPH",
      "provider": "yfinance",
      "timeframe": "1d",
      "start": "1997-01-02",
      "end": "2026-09-11",
      "row_count": 7455
    },
    {
      "symbol": "VITL",
      "provider": "yfinance",
      "timeframe": "1d",
      "start": "2020-07-31",
      "end": "2026-09-11",
      "row_count": 1520
    },
    {
      "symbol": "XRX",
      "provider": "yfinance",
      "timeframe": "1d",
      "start": "1997-01-02",
      "end": "2026-09-11",
      "row_count": 7455
    },
    {
      "symbol": "MAGN",
      "provider": "yfinance",
      "timeframe": "1d",
      "start": "1997-01-02",
      "end": "2026-09-11",
      "row_count": 7455
    },
    {
      "symbol": "ULH",
      "provider": "yfinance",
      "timeframe": "1d",
      "start": "2005-02-11",
      "end": "2026-09-11",
      "row_count": 5414
    },
    {
      "symbol": "IMXI",
      "provider": "yfinance",
      "timeframe": "1d",
      "start": "2017-03-27",
      "end": "2026-09-11",
      "row_count": 2363
    },
    {
      "symbol": "FVR",
      "provider": "yfinance",
      "timeframe": "1d",
      "start": "2024-10-02",
      "end": "2026-09-11",
      "row_count": 471
    },
    {
      "symbol": "PLAY",
      "provider": "yfinance",
      "timeframe": "1d",
      "start": "2014-10-10",
      "end": "2026-09-11",
      "row_count": 2981
    },
    {
      "symbol": "MATV",
      "provider": "yfinance",
      "timeframe": "1d",
      "start": "1997-01-02",
      "end": "2026-09-11",
      "row_count": 7455
    },
    {
      "symbol": "MTW",
      "provider": "yfinance",
      "timeframe": "1d",
      "start": "1997-01-02",
      "end": "2026-09-11",
      "row_count": 7455
    },
    {
      "symbol": "CBAN",
      "provider": "yfinance",
      "timeframe": "1d",
      "start": "1998-04-02",
      "end": "2026-09-11",
      "row_count": 7139
    },
    {
      "symbol": "BWFG",
      "provider": "yfinance",
      "timeframe": "1d",
      "start": "2010-04-05",
      "end": "2026-09-11",
      "row_count": 4121
    },
    {
      "symbol": "FSTR",
      "provider": "yfinance",
      "timeframe": "1d",
      "start": "1997-01-02",
      "end": "2026-09-11",
      "row_count": 7455
    },
    {
      "symbol": "EOLS",
      "provider": "yfinance",
      "timeframe": "1d",
      "start": "2018-02-08",
      "end": "2026-09-11",
      "row_count": 2143
    },
    {
      "symbol": "AMCX",
      "provider": "yfinance",
      "timeframe": "1d",
      "start": "2011-06-16",
      "end": "2026-09-11",
      "row_count": 3817
    },
    {
      "symbol": "BSVN",
      "provider": "yfinance",
      "timeframe": "1d",
      "start": "2018-09-20",
      "end": "2026-09-11",
      "row_count": 1988
    },
    {
      "symbol": "DDD",
      "provider": "yfinance",
      "timeframe": "1d",
      "start": "1997-01-02",
      "end": "2026-09-11",
      "row_count": 7455
    },
    {
      "symbol": "CYH",
      "provider": "yfinance",
      "timeframe": "1d",
      "start": "2000-06-09",
      "end": "2026-09-11",
      "row_count": 6588
    },
    {
      "symbol": "WEAV",
      "provider": "yfinance",
      "timeframe": "1d",
      "start": "2021-11-11",
      "end": "2026-09-11",
      "row_count": 1196
    },
    {
      "symbol": "SPT",
      "provider": "yfinance",
      "timeframe": "1d",
      "start": "2019-12-13",
      "end": "2026-09-11",
      "row_count": 1678
    },
    {
      "symbol": "ATNI",
      "provider": "yfinance",
      "timeframe": "1d",
      "start": "1997-01-02",
      "end": "2026-09-11",
      "row_count": 7455
    },
    {
      "symbol": "FPI",
      "provider": "yfinance",
      "timeframe": "1d",
      "start": "2014-04-11",
      "end": "2026-09-11",
      "row_count": 3107
    },
    {
      "symbol": "BBBY",
      "provider": "yfinance",
      "timeframe": "1d",
      "start": "2002-05-30",
      "end": "2026-09-11",
      "row_count": 6096
    },
    {
      "symbol": "CMDB",
      "provider": "yfinance",
      "timeframe": "1d",
      "start": "2025-05-01",
      "end": "2026-09-11",
      "row_count": 327
    },
    {
      "symbol": "DIN",
      "provider": "yfinance",
      "timeframe": "1d",
      "start": "1997-01-02",
      "end": "2026-09-11",
      "row_count": 7455
    },
    {
      "symbol": "PRTA",
      "provider": "yfinance",
      "timeframe": "1d",
      "start": "2012-12-21",
      "end": "2026-09-11",
      "row_count": 3434
    },
    {
      "symbol": "RLGT",
      "provider": "yfinance",
      "timeframe": "1d",
      "start": "2006-11-01",
      "end": "2026-09-11",
      "row_count": 4980
    },
    {
      "symbol": "WTBA",
      "provider": "yfinance",
      "timeframe": "1d",
      "start": "1999-05-03",
      "end": "2026-09-11",
      "row_count": 6868
    },
    {
      "symbol": "ERII",
      "provider": "yfinance",
      "timeframe": "1d",
      "start": "2008-07-02",
      "end": "2026-09-11",
      "row_count": 4562
    },
    {
      "symbol": "EBS",
      "provider": "yfinance",
      "timeframe": "1d",
      "start": "2006-11-15",
      "end": "2026-09-11",
      "row_count": 4970
    },
    {
      "symbol": "BXC",
      "provider": "yfinance",
      "timeframe": "1d",
      "start": "2004-12-14",
      "end": "2026-09-11",
      "row_count": 5455
    },
    {
      "symbol": "MPTI",
      "provider": "yfinance",
      "timeframe": "1d",
      "start": "2022-10-03",
      "end": "2026-09-11",
      "row_count": 973
    },
    {
      "symbol": "MEI",
      "provider": "yfinance",
      "timeframe": "1d",
      "start": "1997-01-02",
      "end": "2026-09-11",
      "row_count": 7455
    },
    {
      "symbol": "BMRC",
      "provider": "yfinance",
      "timeframe": "1d",
      "start": "1999-12-23",
      "end": "2026-09-11",
      "row_count": 6704
    },
    {
      "symbol": "NRC",
      "provider": "yfinance",
      "timeframe": "1d",
      "start": "2013-05-23",
      "end": "2026-09-11",
      "row_count": 3330
    },
    {
      "symbol": "CTRN",
      "provider": "yfinance",
      "timeframe": "1d",
      "start": "2005-05-18",
      "end": "2026-09-11",
      "row_count": 5348
    },
    {
      "symbol": "PBFS",
      "provider": "yfinance",
      "timeframe": "1d",
      "start": "2019-07-18",
      "end": "2026-09-11",
      "row_count": 1782
    },
    {
      "symbol": "CBK",
      "provider": "yfinance",
      "timeframe": "1d",
      "start": "2025-10-02",
      "end": "2026-09-11",
      "row_count": 221
    },
    {
      "symbol": "FWRD",
      "provider": "yfinance",
      "timeframe": "1d",
      "start": "1997-01-02",
      "end": "2026-09-11",
      "row_count": 7455
    },
    {
      "symbol": "CLMB",
      "provider": "yfinance",
      "timeframe": "1d",
      "start": "1997-01-02",
      "end": "2026-09-11",
      "row_count": 7455
    },
    {
      "symbol": "CLNE",
      "provider": "yfinance",
      "timeframe": "1d",
      "start": "2007-05-25",
      "end": "2026-09-11",
      "row_count": 4840
    },
    {
      "symbol": "EDIT",
      "provider": "yfinance",
      "timeframe": "1d",
      "start": "2016-02-03",
      "end": "2026-09-11",
      "row_count": 2651
    },
    {
      "symbol": "RBB",
      "provider": "yfinance",
      "timeframe": "1d",
      "start": "2017-07-26",
      "end": "2026-09-11",
      "row_count": 2279
    },
    {
      "symbol": "VHI",
      "provider": "yfinance",
      "timeframe": "1d",
      "start": "2026-06-08",
      "end": "2026-09-11",
      "row_count": 52
    },
    {
      "symbol": "KELYA",
      "provider": "yfinance",
      "timeframe": "1d",
      "start": "1997-01-02",
      "end": "2026-09-11",
      "row_count": 7455
    },
    {
      "symbol": "NATH",
      "provider": "yfinance",
      "timeframe": "1d",
      "start": "1997-01-02",
      "end": "2026-09-11",
      "row_count": 7455
    },
    {
      "symbol": "ISTR",
      "provider": "yfinance",
      "timeframe": "1d",
      "start": "2014-07-01",
      "end": "2026-09-11",
      "row_count": 3052
    },
    {
      "symbol": "IBEX",
      "provider": "yfinance",
      "timeframe": "1d",
      "start": "2020-08-07",
      "end": "2026-09-11",
      "row_count": 1515
    },
    {
      "symbol": "FRBA",
      "provider": "yfinance",
      "timeframe": "1d",
      "start": "2010-10-15",
      "end": "2026-09-11",
      "row_count": 3985
    },
    {
      "symbol": "BOC",
      "provider": "yfinance",
      "timeframe": "1d",
      "start": "2017-06-13",
      "end": "2026-09-11",
      "row_count": 2308
    },
    {
      "symbol": "BMBL",
      "provider": "yfinance",
      "timeframe": "1d",
      "start": "2021-02-11",
      "end": "2026-09-11",
      "row_count": 1386
    },
    {
      "symbol": "ALIT",
      "provider": "yfinance",
      "timeframe": "1d",
      "start": "2020-07-17",
      "end": "2026-09-11",
      "row_count": 1530
    },
    {
      "symbol": "BLND",
      "provider": "yfinance",
      "timeframe": "1d",
      "start": "2021-07-16",
      "end": "2026-09-11",
      "row_count": 1278
    },
    {
      "symbol": "MYGN",
      "provider": "yfinance",
      "timeframe": "1d",
      "start": "1997-01-02",
      "end": "2026-09-11",
      "row_count": 7455
    },
    {
      "symbol": "CCRN",
      "provider": "yfinance",
      "timeframe": "1d",
      "start": "2001-10-25",
      "end": "2026-07-28",
      "row_count": 6227
    },
    {
      "symbol": "PACB",
      "provider": "yfinance",
      "timeframe": "1d",
      "start": "2010-10-27",
      "end": "2026-09-11",
      "row_count": 3977
    },
    {
      "symbol": "YEXT",
      "provider": "yfinance",
      "timeframe": "1d",
      "start": "2017-04-13",
      "end": "2026-09-11",
      "row_count": 2350
    },
    {
      "symbol": "NEWT",
      "provider": "yfinance",
      "timeframe": "1d",
      "start": "2000-09-27",
      "end": "2026-09-11",
      "row_count": 6512
    },
    {
      "symbol": "DCTH",
      "provider": "yfinance",
      "timeframe": "1d",
      "start": "2018-05-03",
      "end": "2026-09-11",
      "row_count": 2085
    },
    {
      "symbol": "BBW",
      "provider": "yfinance",
      "timeframe": "1d",
      "start": "2004-10-28",
      "end": "2026-09-11",
      "row_count": 5487
    },
    {
      "symbol": "CLPT",
      "provider": "yfinance",
      "timeframe": "1d",
      "start": "2012-05-22",
      "end": "2026-09-11",
      "row_count": 3581
    },
    {
      "symbol": "GTN",
      "provider": "yfinance",
      "timeframe": "1d",
      "start": "2002-08-30",
      "end": "2026-09-11",
      "row_count": 6031
    },
    {
      "symbol": "NC",
      "provider": "yfinance",
      "timeframe": "1d",
      "start": "1997-01-02",
      "end": "2026-09-11",
      "row_count": 7455
    },
    {
      "symbol": "VMD",
      "provider": "yfinance",
      "timeframe": "1d",
      "start": "2019-08-09",
      "end": "2026-09-11",
      "row_count": 1766
    },
    {
      "symbol": "MNPR",
      "provider": "yfinance",
      "timeframe": "1d",
      "start": "2019-12-19",
      "end": "2026-09-11",
      "row_count": 1674
    },
    {
      "symbol": "HNST",
      "provider": "yfinance",
      "timeframe": "1d",
      "start": "2021-05-04",
      "end": "2026-09-11",
      "row_count": 1330
    },
    {
      "symbol": "SVCO",
      "provider": "yfinance",
      "timeframe": "1d",
      "start": "2024-05-09",
      "end": "2026-09-11",
      "row_count": 571
    },
    {
      "symbol": "CMCO",
      "provider": "yfinance",
      "timeframe": "1d",
      "start": "1997-01-02",
      "end": "2026-09-11",
      "row_count": 7455
    },
    {
      "symbol": "FMAO",
      "provider": "yfinance",
      "timeframe": "1d",
      "start": "2006-01-30",
      "end": "2026-09-11",
      "row_count": 5172
    },
    {
      "symbol": "CZNC",
      "provider": "yfinance",
      "timeframe": "1d",
      "start": "1997-01-02",
      "end": "2026-09-11",
      "row_count": 7455
    },
    {
      "symbol": "WNC",
      "provider": "yfinance",
      "timeframe": "1d",
      "start": "1997-01-02",
      "end": "2026-09-11",
      "row_count": 7455
    },
    {
      "symbol": "PLBC",
      "provider": "yfinance",
      "timeframe": "1d",
      "start": "2002-12-11",
      "end": "2026-09-11",
      "row_count": 5960
    },
    {
      "symbol": "TBRG",
      "provider": "yfinance",
      "timeframe": "1d",
      "start": "2002-05-21",
      "end": "2026-07-13",
      "row_count": 6074
    },
    {
      "symbol": "QUAD",
      "provider": "yfinance",
      "timeframe": "1d",
      "start": "2010-07-06",
      "end": "2026-09-11",
      "row_count": 4057
    },
    {
      "symbol": "PAYS",
      "provider": "yfinance",
      "timeframe": "1d",
      "start": "2007-10-10",
      "end": "2026-09-11",
      "row_count": 4745
    },
    {
      "symbol": "CMCL",
      "provider": "yfinance",
      "timeframe": "1d",
      "start": "1997-01-02",
      "end": "2026-09-11",
      "row_count": 7454
    },
    {
      "symbol": "FRST",
      "provider": "yfinance",
      "timeframe": "1d",
      "start": "2006-11-01",
      "end": "2026-09-11",
      "row_count": 4980
    },
    {
      "symbol": "SI",
      "provider": "yfinance",
      "timeframe": "1d",
      "start": "2025-07-31",
      "end": "2026-09-11",
      "row_count": 264
    },
    {
      "symbol": "LAND",
      "provider": "yfinance",
      "timeframe": "1d",
      "start": "2013-01-29",
      "end": "2026-09-11",
      "row_count": 3410
    },
    {
      "symbol": "MTRX",
      "provider": "yfinance",
      "timeframe": "1d",
      "start": "1997-01-02",
      "end": "2026-09-11",
      "row_count": 7455
    },
    {
      "symbol": "RZLT",
      "provider": "yfinance",
      "timeframe": "1d",
      "start": "2013-01-14",
      "end": "2026-09-11",
      "row_count": 3420
    },
    {
      "symbol": "RMNI",
      "provider": "yfinance",
      "timeframe": "1d",
      "start": "2015-08-28",
      "end": "2026-09-11",
      "row_count": 2759
    },
    {
      "symbol": "BNTC",
      "provider": "yfinance",
      "timeframe": "1d",
      "start": "2014-06-24",
      "end": "2026-09-11",
      "row_count": 3057
    },
    {
      "symbol": "LWAY",
      "provider": "yfinance",
      "timeframe": "1d",
      "start": "1997-01-02",
      "end": "2026-09-11",
      "row_count": 7455
    },
    {
      "symbol": "LE",
      "provider": "yfinance",
      "timeframe": "1d",
      "start": "2014-03-20",
      "end": "2026-09-11",
      "row_count": 3123
    },
    {
      "symbol": "NPWR",
      "provider": "yfinance",
      "timeframe": "1d",
      "start": "2021-08-06",
      "end": "2026-09-11",
      "row_count": 1264
    },
    {
      "symbol": "HVT",
      "provider": "yfinance",
      "timeframe": "1d",
      "start": "1997-01-02",
      "end": "2026-09-11",
      "row_count": 7455
    },
    {
      "symbol": "LDI",
      "provider": "yfinance",
      "timeframe": "1d",
      "start": "2021-02-11",
      "end": "2026-09-11",
      "row_count": 1386
    },
    {
      "symbol": "BNED",
      "provider": "yfinance",
      "timeframe": "1d",
      "start": "2015-07-23",
      "end": "2026-09-11",
      "row_count": 2784
    },
    {
      "symbol": "PCB",
      "provider": "yfinance",
      "timeframe": "1d",
      "start": "2018-08-10",
      "end": "2026-09-11",
      "row_count": 2016
    },
    {
      "symbol": "AIRS",
      "provider": "yfinance",
      "timeframe": "1d",
      "start": "2021-10-29",
      "end": "2026-09-11",
      "row_count": 1205
    },
    {
      "symbol": "PKBK",
      "provider": "yfinance",
      "timeframe": "1d",
      "start": "2003-06-23",
      "end": "2026-09-11",
      "row_count": 5828
    },
    {
      "symbol": "RNGR",
      "provider": "yfinance",
      "timeframe": "1d",
      "start": "2017-08-11",
      "end": "2026-09-11",
      "row_count": 2266
    },
    {
      "symbol": "MVST",
      "provider": "yfinance",
      "timeframe": "1d",
      "start": "2019-03-27",
      "end": "2026-09-11",
      "row_count": 1860
    },
    {
      "symbol": "OFIX",
      "provider": "yfinance",
      "timeframe": "1d",
      "start": "1997-01-02",
      "end": "2026-09-11",
      "row_count": 7455
    },
    {
      "symbol": "BKKT",
      "provider": "yfinance",
      "timeframe": "1d",
      "start": "2020-11-19",
      "end": "2026-09-11",
      "row_count": 1442
    },
    {
      "symbol": "PBYI",
      "provider": "yfinance",
      "timeframe": "1d",
      "start": "2012-04-24",
      "end": "2026-09-11",
      "row_count": 3601
    },
    {
      "symbol": "ACCO",
      "provider": "yfinance",
      "timeframe": "1d",
      "start": "2005-08-17",
      "end": "2026-09-11",
      "row_count": 5285
    },
    {
      "symbol": "XPER",
      "provider": "yfinance",
      "timeframe": "1d",
      "start": "2022-09-20",
      "end": "2026-09-11",
      "row_count": 982
    },
    {
      "symbol": "GNE",
      "provider": "yfinance",
      "timeframe": "1d",
      "start": "2011-10-26",
      "end": "2026-09-11",
      "row_count": 3725
    },
    {
      "symbol": "USNA",
      "provider": "yfinance",
      "timeframe": "1d",
      "start": "1997-01-02",
      "end": "2026-09-11",
      "row_count": 7455
    },
    {
      "symbol": "CMPX",
      "provider": "yfinance",
      "timeframe": "1d",
      "start": "2021-04-05",
      "end": "2026-09-11",
      "row_count": 1351
    },
    {
      "symbol": "MVBF",
      "provider": "yfinance",
      "timeframe": "1d",
      "start": "2012-08-03",
      "end": "2026-09-11",
      "row_count": 3530
    },
    {
      "symbol": "PSFE",
      "provider": "yfinance",
      "timeframe": "1d",
      "start": "2020-10-09",
      "end": "2026-09-11",
      "row_count": 1471
    },
    {
      "symbol": "MLP",
      "provider": "yfinance",
      "timeframe": "1d",
      "start": "1997-01-02",
      "end": "2026-09-11",
      "row_count": 7455
    },
    {
      "symbol": "NATR",
      "provider": "yfinance",
      "timeframe": "1d",
      "start": "2009-06-25",
      "end": "2026-09-11",
      "row_count": 4315
    },
    {
      "symbol": "LRMR",
      "provider": "yfinance",
      "timeframe": "1d",
      "start": "2014-06-19",
      "end": "2026-09-11",
      "row_count": 3060
    },
    {
      "symbol": "VSTM",
      "provider": "yfinance",
      "timeframe": "1d",
      "start": "2012-01-27",
      "end": "2026-09-11",
      "row_count": 3661
    },
    {
      "symbol": "AVIR",
      "provider": "yfinance",
      "timeframe": "1d",
      "start": "2020-10-30",
      "end": "2026-09-11",
      "row_count": 1456
    },
    {
      "symbol": "CV",
      "provider": "yfinance",
      "timeframe": "1d",
      "start": "2025-07-02",
      "end": "2026-09-11",
      "row_count": 285
    },
    {
      "symbol": "NECB",
      "provider": "yfinance",
      "timeframe": "1d",
      "start": "2006-07-06",
      "end": "2026-09-11",
      "row_count": 5063
    },
    {
      "symbol": "TSSI",
      "provider": "yfinance",
      "timeframe": "1d",
      "start": "2005-09-29",
      "end": "2026-09-11",
      "row_count": 5255
    },
    {
      "symbol": "TCI",
      "provider": "yfinance",
      "timeframe": "1d",
      "start": "1997-01-02",
      "end": "2026-09-11",
      "row_count": 7454
    },
    {
      "symbol": "USCB",
      "provider": "yfinance",
      "timeframe": "1d",
      "start": "2021-07-23",
      "end": "2026-09-11",
      "row_count": 1274
    },
    {
      "symbol": "VOXR",
      "provider": "yfinance",
      "timeframe": "1d",
      "start": "2020-08-04",
      "end": "2026-09-11",
      "row_count": 1518
    },
    {
      "symbol": "CMTG",
      "provider": "yfinance",
      "timeframe": "1d",
      "start": "2021-11-03",
      "end": "2026-09-11",
      "row_count": 1201
    },
    {
      "symbol": "WSBF",
      "provider": "yfinance",
      "timeframe": "1d",
      "start": "2005-10-05",
      "end": "2026-09-11",
      "row_count": 5251
    },
    {
      "symbol": "VNDA",
      "provider": "yfinance",
      "timeframe": "1d",
      "start": "2006-04-12",
      "end": "2026-09-11",
      "row_count": 5121
    },
    {
      "symbol": "WEYS",
      "provider": "yfinance",
      "timeframe": "1d",
      "start": "1997-01-02",
      "end": "2026-09-11",
      "row_count": 7455
    },
    {
      "symbol": "MGPI",
      "provider": "yfinance",
      "timeframe": "1d",
      "start": "1997-01-02",
      "end": "2026-09-11",
      "row_count": 7455
    },
    {
      "symbol": "BCML",
      "provider": "yfinance",
      "timeframe": "1d",
      "start": "2005-11-10",
      "end": "2026-09-11",
      "row_count": 5225
    },
    {
      "symbol": "BYND",
      "provider": "yfinance",
      "timeframe": "1d",
      "start": "2019-05-02",
      "end": "2026-09-11",
      "row_count": 1835
    },
    {
      "symbol": "NWFL",
      "provider": "yfinance",
      "timeframe": "1d",
      "start": "1998-03-04",
      "end": "2026-09-11",
      "row_count": 7161
    },
    {
      "symbol": "CHMG",
      "provider": "yfinance",
      "timeframe": "1d",
      "start": "1999-01-04",
      "end": "2026-09-11",
      "row_count": 6950
    },
    {
      "symbol": "DBI",
      "provider": "yfinance",
      "timeframe": "1d",
      "start": "2005-06-29",
      "end": "2026-09-11",
      "row_count": 5319
    },
    {
      "symbol": "ATOM",
      "provider": "yfinance",
      "timeframe": "1d",
      "start": "2016-08-08",
      "end": "2026-09-11",
      "row_count": 2522
    },
    {
      "symbol": "REAX",
      "provider": "yfinance",
      "timeframe": "1d",
      "start": "2021-01-08",
      "end": "2026-09-11",
      "row_count": 1409
    },
    {
      "symbol": "FNLC",
      "provider": "yfinance",
      "timeframe": "1d",
      "start": "1999-07-14",
      "end": "2026-09-11",
      "row_count": 6818
    },
    {
      "symbol": "LAB",
      "provider": "yfinance",
      "timeframe": "1d",
      "start": "2011-02-10",
      "end": "2026-09-11",
      "row_count": 3904
    },
    {
      "symbol": "ENTA",
      "provider": "yfinance",
      "timeframe": "1d",
      "start": "2013-03-21",
      "end": "2026-09-11",
      "row_count": 3374
    },
    {
      "symbol": "RGNX",
      "provider": "yfinance",
      "timeframe": "1d",
      "start": "2015-09-17",
      "end": "2026-09-11",
      "row_count": 2746
    },
    {
      "symbol": "LXEO",
      "provider": "yfinance",
      "timeframe": "1d",
      "start": "2023-11-03",
      "end": "2026-09-11",
      "row_count": 699
    },
    {
      "symbol": "RM",
      "provider": "yfinance",
      "timeframe": "1d",
      "start": "2012-03-28",
      "end": "2026-09-11",
      "row_count": 3619
    },
    {
      "symbol": "TLS",
      "provider": "yfinance",
      "timeframe": "1d",
      "start": "2020-11-19",
      "end": "2026-09-11",
      "row_count": 1442
    },
    {
      "symbol": "GEVO",
      "provider": "yfinance",
      "timeframe": "1d",
      "start": "2011-02-09",
      "end": "2026-09-11",
      "row_count": 3905
    },
    {
      "symbol": "NCMI",
      "provider": "yfinance",
      "timeframe": "1d",
      "start": "2007-02-08",
      "end": "2026-09-11",
      "row_count": 4914
    },
    {
      "symbol": "BRCC",
      "provider": "yfinance",
      "timeframe": "1d",
      "start": "2022-02-10",
      "end": "2026-09-11",
      "row_count": 1134
    },
    {
      "symbol": "OPAL",
      "provider": "yfinance",
      "timeframe": "1d",
      "start": "2021-05-24",
      "end": "2026-09-11",
      "row_count": 1316
    },
    {
      "symbol": "PTLO",
      "provider": "yfinance",
      "timeframe": "1d",
      "start": "2021-10-21",
      "end": "2026-09-11",
      "row_count": 1211
    },
    {
      "symbol": "CATX",
      "provider": "yfinance",
      "timeframe": "1d",
      "start": "2005-11-10",
      "end": "2026-09-11",
      "row_count": 5225
    },
    {
      "symbol": "CDZI",
      "provider": "yfinance",
      "timeframe": "1d",
      "start": "1997-01-02",
      "end": "2026-09-11",
      "row_count": 7455
    },
    {
      "symbol": "CZFS",
      "provider": "yfinance",
      "timeframe": "1d",
      "start": "1999-01-04",
      "end": "2026-09-11",
      "row_count": 6950
    },
    {
      "symbol": "TSBK",
      "provider": "yfinance",
      "timeframe": "1d",
      "start": "1998-01-13",
      "end": "2026-09-11",
      "row_count": 7195
    },
    {
      "symbol": "GLSI",
      "provider": "yfinance",
      "timeframe": "1d",
      "start": "2020-09-25",
      "end": "2026-09-11",
      "row_count": 1481
    },
    {
      "symbol": "AII",
      "provider": "yfinance",
      "timeframe": "1d",
      "start": "2025-05-08",
      "end": "2026-09-11",
      "row_count": 322
    },
    {
      "symbol": "PINE",
      "provider": "yfinance",
      "timeframe": "1d",
      "start": "2019-11-22",
      "end": "2026-09-11",
      "row_count": 1692
    },
    {
      "symbol": "PAMT",
      "provider": "yfinance",
      "timeframe": "1d",
      "start": "1997-01-02",
      "end": "2026-09-11",
      "row_count": 7455
    },
    {
      "symbol": "UPB",
      "provider": "yfinance",
      "timeframe": "1d",
      "start": "2024-10-11",
      "end": "2026-09-11",
      "row_count": 464
    },
    {
      "symbol": "LTBR",
      "provider": "yfinance",
      "timeframe": "1d",
      "start": "2005-01-03",
      "end": "2026-09-11",
      "row_count": 5442
    },
    {
      "symbol": "SLP",
      "provider": "yfinance",
      "timeframe": "1d",
      "start": "1997-06-18",
      "end": "2026-09-11",
      "row_count": 7339
    },
    {
      "symbol": "OABI",
      "provider": "yfinance",
      "timeframe": "1d",
      "start": "2021-09-30",
      "end": "2026-09-11",
      "row_count": 1226
    },
    {
      "symbol": "BGS",
      "provider": "yfinance",
      "timeframe": "1d",
      "start": "2007-05-23",
      "end": "2026-09-11",
      "row_count": 4842
    },
    {
      "symbol": "COSO",
      "provider": "yfinance",
      "timeframe": "1d",
      "start": "2025-05-08",
      "end": "2026-09-11",
      "row_count": 322
    },
    {
      "symbol": "STRT",
      "provider": "yfinance",
      "timeframe": "1d",
      "start": "1997-01-02",
      "end": "2026-09-11",
      "row_count": 7455
    },
    {
      "symbol": "VALU",
      "provider": "yfinance",
      "timeframe": "1d",
      "start": "1997-01-02",
      "end": "2026-09-11",
      "row_count": 7455
    },
    {
      "symbol": "NODK",
      "provider": "yfinance",
      "timeframe": "1d",
      "start": "2017-03-16",
      "end": "2026-09-11",
      "row_count": 2370
    },
    {
      "symbol": "XPOF",
      "provider": "yfinance",
      "timeframe": "1d",
      "start": "2021-07-23",
      "end": "2026-09-11",
      "row_count": 1274
    },
    {
      "symbol": "CIX",
      "provider": "yfinance",
      "timeframe": "1d",
      "start": "1998-03-06",
      "end": "2026-09-11",
      "row_count": 7159
    },
    {
      "symbol": "ZUMZ",
      "provider": "yfinance",
      "timeframe": "1d",
      "start": "2005-05-06",
      "end": "2026-09-11",
      "row_count": 5356
    },
    {
      "symbol": "FSBW",
      "provider": "yfinance",
      "timeframe": "1d",
      "start": "2012-07-10",
      "end": "2026-09-11",
      "row_count": 3548
    },
    {
      "symbol": "SEG",
      "provider": "yfinance",
      "timeframe": "1d",
      "start": "2024-07-30",
      "end": "2026-09-11",
      "row_count": 516
    },
    {
      "symbol": "ABEO",
      "provider": "yfinance",
      "timeframe": "1d",
      "start": "1997-01-02",
      "end": "2026-09-11",
      "row_count": 7455
    },
    {
      "symbol": "MBI",
      "provider": "yfinance",
      "timeframe": "1d",
      "start": "1997-01-02",
      "end": "2026-09-11",
      "row_count": 7455
    },
    {
      "symbol": "MASS",
      "provider": "yfinance",
      "timeframe": "1d",
      "start": "2020-12-18",
      "end": "2026-09-11",
      "row_count": 1422
    },
    {
      "symbol": "FENC",
      "provider": "yfinance",
      "timeframe": "1d",
      "start": "2017-09-15",
      "end": "2026-09-11",
      "row_count": 2243
    },
    {
      "symbol": "BKTI",
      "provider": "yfinance",
      "timeframe": "1d",
      "start": "1997-01-02",
      "end": "2026-09-11",
      "row_count": 7455
    },
    {
      "symbol": "ESOA",
      "provider": "yfinance",
      "timeframe": "1d",
      "start": "2006-10-03",
      "end": "2026-09-11",
      "row_count": 5001
    },
    {
      "symbol": "OFLX",
      "provider": "yfinance",
      "timeframe": "1d",
      "start": "2005-08-01",
      "end": "2026-09-11",
      "row_count": 5297
    },
    {
      "symbol": "CARL",
      "provider": "yfinance",
      "timeframe": "1d",
      "start": "2025-07-23",
      "end": "2026-09-11",
      "row_count": 271
    },
    {
      "symbol": "GETY",
      "provider": "yfinance",
      "timeframe": "1d",
      "start": "2020-09-21",
      "end": "2026-09-11",
      "row_count": 1485
    },
    {
      "symbol": "SIGA",
      "provider": "yfinance",
      "timeframe": "1d",
      "start": "1997-09-10",
      "end": "2026-09-11",
      "row_count": 7281
    },
    {
      "symbol": "HLLY",
      "provider": "yfinance",
      "timeframe": "1d",
      "start": "2020-11-27",
      "end": "2026-09-11",
      "row_count": 1437
    },
    {
      "symbol": "PNRG",
      "provider": "yfinance",
      "timeframe": "1d",
      "start": "1997-01-02",
      "end": "2026-09-11",
      "row_count": 7455
    },
    {
      "symbol": "ONIT",
      "provider": "yfinance",
      "timeframe": "1d",
      "start": "1997-01-02",
      "end": "2026-09-11",
      "row_count": 7454
    },
    {
      "symbol": "PPHC",
      "provider": "yfinance",
      "timeframe": "1d",
      "start": "2026-01-28",
      "end": "2026-09-11",
      "row_count": 141
    },
    {
      "symbol": "ELMD",
      "provider": "yfinance",
      "timeframe": "1d",
      "start": "2010-08-13",
      "end": "2026-09-11",
      "row_count": 4029
    },
    {
      "symbol": "JMSB",
      "provider": "yfinance",
      "timeframe": "1d",
      "start": "2017-03-02",
      "end": "2026-09-11",
      "row_count": 2380
    },
    {
      "symbol": "DMAC",
      "provider": "yfinance",
      "timeframe": "1d",
      "start": "2012-08-03",
      "end": "2026-09-11",
      "row_count": 3530
    },
    {
      "symbol": "ALCO",
      "provider": "yfinance",
      "timeframe": "1d",
      "start": "1997-01-02",
      "end": "2026-09-11",
      "row_count": 7455
    },
    {
      "symbol": "FCCO",
      "provider": "yfinance",
      "timeframe": "1d",
      "start": "1999-03-09",
      "end": "2026-09-11",
      "row_count": 6906
    },
    {
      "symbol": "PDYN",
      "provider": "yfinance",
      "timeframe": "1d",
      "start": "2021-09-27",
      "end": "2026-09-11",
      "row_count": 1229
    },
    {
      "symbol": "RCKY",
      "provider": "yfinance",
      "timeframe": "1d",
      "start": "1997-01-02",
      "end": "2026-09-11",
      "row_count": 7455
    },
    {
      "symbol": "FVCB",
      "provider": "yfinance",
      "timeframe": "1d",
      "start": "2015-05-06",
      "end": "2026-09-11",
      "row_count": 2839
    },
    {
      "symbol": "ORGO",
      "provider": "yfinance",
      "timeframe": "1d",
      "start": "2017-01-05",
      "end": "2026-09-11",
      "row_count": 2418
    },
    {
      "symbol": "FNKO",
      "provider": "yfinance",
      "timeframe": "1d",
      "start": "2017-11-02",
      "end": "2026-09-11",
      "row_count": 2209
    },
    {
      "symbol": "RCKT",
      "provider": "yfinance",
      "timeframe": "1d",
      "start": "2015-02-18",
      "end": "2026-09-11",
      "row_count": 2893
    },
    {
      "symbol": "NREF",
      "provider": "yfinance",
      "timeframe": "1d",
      "start": "2020-02-07",
      "end": "2026-09-11",
      "row_count": 1641
    },
    {
      "symbol": "MYFW",
      "provider": "yfinance",
      "timeframe": "1d",
      "start": "2018-07-19",
      "end": "2026-09-11",
      "row_count": 2032
    },
    {
      "symbol": "RPAY",
      "provider": "yfinance",
      "timeframe": "1d",
      "start": "2018-07-17",
      "end": "2026-09-11",
      "row_count": 2034
    },
    {
      "symbol": "BRBS",
      "provider": "yfinance",
      "timeframe": "1d",
      "start": "2012-09-25",
      "end": "2026-09-11",
      "row_count": 3494
    },
    {
      "symbol": "ASLE",
      "provider": "yfinance",
      "timeframe": "1d",
      "start": "2019-02-28",
      "end": "2026-09-11",
      "row_count": 1879
    },
    {
      "symbol": "NL",
      "provider": "yfinance",
      "timeframe": "1d",
      "start": "1997-01-02",
      "end": "2026-09-11",
      "row_count": 7455
    },
    {
      "symbol": "SBC",
      "provider": "yfinance",
      "timeframe": "1d",
      "start": "2022-09-26",
      "end": "2026-09-11",
      "row_count": 978
    },
    {
      "symbol": "ZIP",
      "provider": "yfinance",
      "timeframe": "1d",
      "start": "2021-05-26",
      "end": "2026-09-11",
      "row_count": 1314
    },
    {
      "symbol": "OVLY",
      "provider": "yfinance",
      "timeframe": "1d",
      "start": "2003-10-15",
      "end": "2026-09-11",
      "row_count": 5748
    },
    {
      "symbol": "FDBC",
      "provider": "yfinance",
      "timeframe": "1d",
      "start": "1999-04-13",
      "end": "2026-09-11",
      "row_count": 6882
    },
    {
      "symbol": "MPAA",
      "provider": "yfinance",
      "timeframe": "1d",
      "start": "1997-01-02",
      "end": "2026-09-11",
      "row_count": 7455
    },
    {
      "symbol": "OSUR",
      "provider": "yfinance",
      "timeframe": "1d",
      "start": "1997-01-02",
      "end": "2026-09-11",
      "row_count": 7455
    },
    {
      "symbol": "AIRJ",
      "provider": "yfinance",
      "timeframe": "1d",
      "start": "2022-02-01",
      "end": "2026-09-11",
      "row_count": 1141
    },
    {
      "symbol": "TG",
      "provider": "yfinance",
      "timeframe": "1d",
      "start": "1997-01-02",
      "end": "2026-09-11",
      "row_count": 7455
    },
    {
      "symbol": "CLW",
      "provider": "yfinance",
      "timeframe": "1d",
      "start": "2008-12-05",
      "end": "2026-09-11",
      "row_count": 4453
    },
    {
      "symbol": "BRT",
      "provider": "yfinance",
      "timeframe": "1d",
      "start": "1997-01-02",
      "end": "2026-09-11",
      "row_count": 7455
    },
    {
      "symbol": "NVCT",
      "provider": "yfinance",
      "timeframe": "1d",
      "start": "2022-02-04",
      "end": "2026-09-11",
      "row_count": 1138
    },
    {
      "symbol": "CIA",
      "provider": "yfinance",
      "timeframe": "1d",
      "start": "1997-01-02",
      "end": "2026-09-11",
      "row_count": 7455
    },
    {
      "symbol": "UIS",
      "provider": "yfinance",
      "timeframe": "1d",
      "start": "1997-01-02",
      "end": "2026-09-11",
      "row_count": 7455
    },
    {
      "symbol": "RNAC",
      "provider": "yfinance",
      "timeframe": "1d",
      "start": "2016-06-22",
      "end": "2026-09-11",
      "row_count": 2554
    },
    {
      "symbol": "RC",
      "provider": "yfinance",
      "timeframe": "1d",
      "start": "2013-02-08",
      "end": "2026-09-11",
      "row_count": 3402
    },
    {
      "symbol": "SGHT",
      "provider": "yfinance",
      "timeframe": "1d",
      "start": "2021-07-15",
      "end": "2026-09-11",
      "row_count": 1280
    },
    {
      "symbol": "HCKT",
      "provider": "yfinance",
      "timeframe": "1d",
      "start": "1998-05-28",
      "end": "2026-09-11",
      "row_count": 7102
    },
    {
      "symbol": "FLWS",
      "provider": "yfinance",
      "timeframe": "1d",
      "start": "1999-08-03",
      "end": "2026-09-11",
      "row_count": 6804
    },
    {
      "symbol": "ELDN",
      "provider": "yfinance",
      "timeframe": "1d",
      "start": "2014-09-17",
      "end": "2026-09-11",
      "row_count": 2998
    },
    {
      "symbol": "WNEB",
      "provider": "yfinance",
      "timeframe": "1d",
      "start": "2002-05-02",
      "end": "2026-09-11",
      "row_count": 6115
    },
    {
      "symbol": "HBB",
      "provider": "yfinance",
      "timeframe": "1d",
      "start": "2017-09-26",
      "end": "2026-09-11",
      "row_count": 2236
    },
    {
      "symbol": "NAGE",
      "provider": "yfinance",
      "timeframe": "1d",
      "start": "2008-06-25",
      "end": "2026-09-11",
      "row_count": 4567
    },
    {
      "symbol": "FC",
      "provider": "yfinance",
      "timeframe": "1d",
      "start": "1997-01-02",
      "end": "2026-09-11",
      "row_count": 7454
    },
    {
      "symbol": "SSP",
      "provider": "yfinance",
      "timeframe": "1d",
      "start": "1997-01-02",
      "end": "2026-09-11",
      "row_count": 7455
    },
    {
      "symbol": "ACRE",
      "provider": "yfinance",
      "timeframe": "1d",
      "start": "2012-04-27",
      "end": "2026-09-11",
      "row_count": 3598
    },
    {
      "symbol": "FRAF",
      "provider": "yfinance",
      "timeframe": "1d",
      "start": "1997-01-02",
      "end": "2026-09-11",
      "row_count": 7455
    },
    {
      "symbol": "FXNC",
      "provider": "yfinance",
      "timeframe": "1d",
      "start": "1999-01-14",
      "end": "2026-09-11",
      "row_count": 6942
    },
    {
      "symbol": "FUNC",
      "provider": "yfinance",
      "timeframe": "1d",
      "start": "1997-01-02",
      "end": "2026-09-11",
      "row_count": 7455
    },
    {
      "symbol": "AFRI",
      "provider": "yfinance",
      "timeframe": "1d",
      "start": "2021-02-05",
      "end": "2026-09-11",
      "row_count": 1390
    },
    {
      "symbol": "ATLO",
      "provider": "yfinance",
      "timeframe": "1d",
      "start": "2000-02-15",
      "end": "2026-09-11",
      "row_count": 6668
    },
    {
      "symbol": "CABO",
      "provider": "yfinance",
      "timeframe": "1d",
      "start": "2015-06-11",
      "end": "2026-09-11",
      "row_count": 2814
    },
    {
      "symbol": "NUS",
      "provider": "yfinance",
      "timeframe": "1d",
      "start": "1997-01-02",
      "end": "2026-09-11",
      "row_count": 7455
    },
    {
      "symbol": "MKTW",
      "provider": "yfinance",
      "timeframe": "1d",
      "start": "2020-09-14",
      "end": "2026-09-11",
      "row_count": 1490
    },
    {
      "symbol": "EU",
      "provider": "yfinance",
      "timeframe": "1d",
      "start": "2011-01-12",
      "end": "2026-09-11",
      "row_count": 3924
    },
    {
      "symbol": "TBCH",
      "provider": "yfinance",
      "timeframe": "1d",
      "start": "2010-11-15",
      "end": "2026-09-11",
      "row_count": 3964
    },
    {
      "symbol": "TMCI",
      "provider": "yfinance",
      "timeframe": "1d",
      "start": "2021-04-23",
      "end": "2026-09-11",
      "row_count": 1337
    },
    {
      "symbol": "TTGT",
      "provider": "yfinance",
      "timeframe": "1d",
      "start": "2007-05-17",
      "end": "2026-09-11",
      "row_count": 4846
    },
    {
      "symbol": "HWBK",
      "provider": "yfinance",
      "timeframe": "1d",
      "start": "1999-07-20",
      "end": "2026-09-11",
      "row_count": 6814
    },
    {
      "symbol": "VUZI",
      "provider": "yfinance",
      "timeframe": "1d",
      "start": "2010-04-05",
      "end": "2026-09-11",
      "row_count": 4121
    },
    {
      "symbol": "SITC",
      "provider": "yfinance",
      "timeframe": "1d",
      "start": "1997-01-02",
      "end": "2026-09-11",
      "row_count": 7454
    },
    {
      "symbol": "PCYO",
      "provider": "yfinance",
      "timeframe": "1d",
      "start": "1997-01-02",
      "end": "2026-09-11",
      "row_count": 7455
    },
    {
      "symbol": "LPRO",
      "provider": "yfinance",
      "timeframe": "1d",
      "start": "2018-03-26",
      "end": "2026-08-07",
      "row_count": 2104
    },
    {
      "symbol": "JAKK",
      "provider": "yfinance",
      "timeframe": "1d",
      "start": "1997-01-02",
      "end": "2026-09-11",
      "row_count": 7455
    },
    {
      "symbol": "FLXS",
      "provider": "yfinance",
      "timeframe": "1d",
      "start": "1997-01-02",
      "end": "2026-09-11",
      "row_count": 7455
    },
    {
      "symbol": "ESCA",
      "provider": "yfinance",
      "timeframe": "1d",
      "start": "1997-01-02",
      "end": "2026-09-11",
      "row_count": 7455
    },
    {
      "symbol": "RELL",
      "provider": "yfinance",
      "timeframe": "1d",
      "start": "1997-01-02",
      "end": "2026-09-11",
      "row_count": 7455
    },
    {
      "symbol": "BPRN",
      "provider": "yfinance",
      "timeframe": "1d",
      "start": "2017-05-31",
      "end": "2026-09-11",
      "row_count": 2318
    },
    {
      "symbol": "ACH",
      "provider": "yfinance",
      "timeframe": "1d",
      "start": "1997-01-02",
      "end": "2026-09-11",
      "row_count": 7455
    },
    {
      "symbol": "NXDT",
      "provider": "yfinance",
      "timeframe": "1d",
      "start": "2006-06-26",
      "end": "2026-09-11",
      "row_count": 5069
    },
    {
      "symbol": "JACK",
      "provider": "yfinance",
      "timeframe": "1d",
      "start": "1997-01-02",
      "end": "2026-09-11",
      "row_count": 7455
    },
    {
      "symbol": "USAU",
      "provider": "yfinance",
      "timeframe": "1d",
      "start": "1997-01-02",
      "end": "2026-09-11",
      "row_count": 7455
    },
    {
      "symbol": "AIRO",
      "provider": "yfinance",
      "timeframe": "1d",
      "start": "2025-06-13",
      "end": "2026-09-11",
      "row_count": 297
    },
    {
      "symbol": "ASUR",
      "provider": "yfinance",
      "timeframe": "1d",
      "start": "1997-01-02",
      "end": "2026-09-11",
      "row_count": 7455
    },
    {
      "symbol": "DMRC",
      "provider": "yfinance",
      "timeframe": "1d",
      "start": "1999-12-02",
      "end": "2026-09-11",
      "row_count": 6719
    },
    {
      "symbol": "EGHT",
      "provider": "yfinance",
      "timeframe": "1d",
      "start": "1997-07-02",
      "end": "2026-09-11",
      "row_count": 7329
    },
    {
      "symbol": "CFFI",
      "provider": "yfinance",
      "timeframe": "1d",
      "start": "1998-05-07",
      "end": "2026-09-11",
      "row_count": 7116
    },
    {
      "symbol": "TRDA",
      "provider": "yfinance",
      "timeframe": "1d",
      "start": "2021-10-29",
      "end": "2026-09-11",
      "row_count": 1205
    },
    {
      "symbol": "AVNW",
      "provider": "yfinance",
      "timeframe": "1d",
      "start": "1997-01-02",
      "end": "2026-09-11",
      "row_count": 7455
    },
    {
      "symbol": "SNFCA",
      "provider": "yfinance",
      "timeframe": "1d",
      "start": "1997-01-02",
      "end": "2026-09-11",
      "row_count": 7455
    },
    {
      "symbol": "RGCO",
      "provider": "yfinance",
      "timeframe": "1d",
      "start": "1997-01-02",
      "end": "2026-09-11",
      "row_count": 7455
    },
    {
      "symbol": "LCNB",
      "provider": "yfinance",
      "timeframe": "1d",
      "start": "1999-10-26",
      "end": "2026-09-11",
      "row_count": 6745
    },
    {
      "symbol": "MITT",
      "provider": "yfinance",
      "timeframe": "1d",
      "start": "2011-06-30",
      "end": "2026-09-11",
      "row_count": 3807
    },
    {
      "symbol": "AKBA",
      "provider": "yfinance",
      "timeframe": "1d",
      "start": "2014-03-20",
      "end": "2026-09-11",
      "row_count": 3123
    },
    {
      "symbol": "FRD",
      "provider": "yfinance",
      "timeframe": "1d",
      "start": "1997-01-02",
      "end": "2026-09-11",
      "row_count": 7455
    },
    {
      "symbol": "FHTX",
      "provider": "yfinance",
      "timeframe": "1d",
      "start": "2020-10-23",
      "end": "2026-09-11",
      "row_count": 1461
    },
    {
      "symbol": "CBNA",
      "provider": "yfinance",
      "timeframe": "1d",
      "start": "2024-10-04",
      "end": "2026-09-11",
      "row_count": 468
    },
    {
      "symbol": "VABK",
      "provider": "yfinance",
      "timeframe": "1d",
      "start": "1999-05-04",
      "end": "2026-09-11",
      "row_count": 6867
    },
    {
      "symbol": "LVWR",
      "provider": "yfinance",
      "timeframe": "1d",
      "start": "2020-11-24",
      "end": "2026-09-11",
      "row_count": 1439
    },
    {
      "symbol": "HDSN",
      "provider": "yfinance",
      "timeframe": "1d",
      "start": "1997-01-02",
      "end": "2026-09-11",
      "row_count": 7455
    },
    {
      "symbol": "PEBK",
      "provider": "yfinance",
      "timeframe": "1d",
      "start": "1997-01-02",
      "end": "2026-09-11",
      "row_count": 7455
    },
    {
      "symbol": "LOVE",
      "provider": "yfinance",
      "timeframe": "1d",
      "start": "2018-06-27",
      "end": "2026-09-11",
      "row_count": 2047
    },
    {
      "symbol": "REFI",
      "provider": "yfinance",
      "timeframe": "1d",
      "start": "2021-12-08",
      "end": "2026-09-11",
      "row_count": 1178
    },
    {
      "symbol": "ARL",
      "provider": "yfinance",
      "timeframe": "1d",
      "start": "1997-01-02",
      "end": "2026-09-11",
      "row_count": 7454
    },
    {
      "symbol": "OPRT",
      "provider": "yfinance",
      "timeframe": "1d",
      "start": "2019-09-26",
      "end": "2026-09-11",
      "row_count": 1733
    },
    {
      "symbol": "FATE",
      "provider": "yfinance",
      "timeframe": "1d",
      "start": "2013-10-01",
      "end": "2026-09-11",
      "row_count": 3240
    },
    {
      "symbol": "WALD",
      "provider": "yfinance",
      "timeframe": "1d",
      "start": "2021-05-12",
      "end": "2026-09-11",
      "row_count": 1324
    },
    {
      "symbol": "POWW",
      "provider": "yfinance",
      "timeframe": "1d",
      "start": "2017-02-07",
      "end": "2026-09-11",
      "row_count": 2396
    },
    {
      "symbol": "MRBK",
      "provider": "yfinance",
      "timeframe": "1d",
      "start": "2017-11-07",
      "end": "2026-09-11",
      "row_count": 2206
    },
    {
      "symbol": "MNTK",
      "provider": "yfinance",
      "timeframe": "1d",
      "start": "2021-01-22",
      "end": "2026-09-11",
      "row_count": 1400
    },
    {
      "symbol": "OVBC",
      "provider": "yfinance",
      "timeframe": "1d",
      "start": "1997-01-02",
      "end": "2026-09-11",
      "row_count": 7455
    },
    {
      "symbol": "BRCB",
      "provider": "yfinance",
      "timeframe": "1d",
      "start": "2025-09-12",
      "end": "2026-09-11",
      "row_count": 235
    },
    {
      "symbol": "KINS",
      "provider": "yfinance",
      "timeframe": "1d",
      "start": "1999-10-26",
      "end": "2026-09-11",
      "row_count": 6745
    },
    {
      "symbol": "CXDO",
      "provider": "yfinance",
      "timeframe": "1d",
      "start": "2018-03-27",
      "end": "2026-09-11",
      "row_count": 2111
    },
    {
      "symbol": "LMNR",
      "provider": "yfinance",
      "timeframe": "1d",
      "start": "2003-10-07",
      "end": "2026-09-11",
      "row_count": 5754
    },
    {
      "symbol": "HUMA",
      "provider": "yfinance",
      "timeframe": "1d",
      "start": "2020-12-01",
      "end": "2026-09-11",
      "row_count": 1435
    },
    {
      "symbol": "MFIN",
      "provider": "yfinance",
      "timeframe": "1d",
      "start": "1997-01-02",
      "end": "2026-09-11",
      "row_count": 7455
    },
    {
      "symbol": "PESI",
      "provider": "yfinance",
      "timeframe": "1d",
      "start": "1997-01-02",
      "end": "2026-09-11",
      "row_count": 7455
    },
    {
      "symbol": "FBLA",
      "provider": "yfinance",
      "timeframe": "1d",
      "start": "2024-10-23",
      "end": "2026-09-11",
      "row_count": 456
    },
    {
      "symbol": "PAL",
      "provider": "yfinance",
      "timeframe": "1d",
      "start": "2024-05-09",
      "end": "2026-09-11",
      "row_count": 571
    },
    {
      "symbol": "AVXL",
      "provider": "yfinance",
      "timeframe": "1d",
      "start": "2006-08-02",
      "end": "2026-09-11",
      "row_count": 5043
    },
    {
      "symbol": "TLSI",
      "provider": "yfinance",
      "timeframe": "1d",
      "start": "2021-02-08",
      "end": "2026-09-11",
      "row_count": 1389
    },
    {
      "symbol": "NKSH",
      "provider": "yfinance",
      "timeframe": "1d",
      "start": "1999-12-01",
      "end": "2026-09-11",
      "row_count": 6720
    },
    {
      "symbol": "FULC",
      "provider": "yfinance",
      "timeframe": "1d",
      "start": "2019-07-18",
      "end": "2026-09-11",
      "row_count": 1782
    },
    {
      "symbol": "LAW",
      "provider": "yfinance",
      "timeframe": "1d",
      "start": "2021-07-21",
      "end": "2026-09-11",
      "row_count": 1276
    },
    {
      "symbol": "ALTG",
      "provider": "yfinance",
      "timeframe": "1d",
      "start": "2019-04-25",
      "end": "2026-09-11",
      "row_count": 1839
    },
    {
      "symbol": "STRS",
      "provider": "yfinance",
      "timeframe": "1d",
      "start": "1997-01-02",
      "end": "2026-09-11",
      "row_count": 7454
    },
    {
      "symbol": "INBK",
      "provider": "yfinance",
      "timeframe": "1d",
      "start": "2006-04-05",
      "end": "2026-09-11",
      "row_count": 5126
    },
    {
      "symbol": "SPOK",
      "provider": "yfinance",
      "timeframe": "1d",
      "start": "2004-11-17",
      "end": "2026-09-11",
      "row_count": 5473
    },
    {
      "symbol": "LFMD",
      "provider": "yfinance",
      "timeframe": "1d",
      "start": "2008-01-29",
      "end": "2026-09-11",
      "row_count": 4670
    },
    {
      "symbol": "ANGI",
      "provider": "yfinance",
      "timeframe": "1d",
      "start": "2011-11-17",
      "end": "2026-09-11",
      "row_count": 3709
    },
    {
      "symbol": "TKNO",
      "provider": "yfinance",
      "timeframe": "1d",
      "start": "2021-06-25",
      "end": "2026-09-11",
      "row_count": 1293
    },
    {
      "symbol": "CMRC",
      "provider": "yfinance",
      "timeframe": "1d",
      "start": "2020-08-05",
      "end": "2026-09-11",
      "row_count": 1517
    },
    {
      "symbol": "INSE",
      "provider": "yfinance",
      "timeframe": "1d",
      "start": "2014-12-16",
      "end": "2026-09-11",
      "row_count": 2935
    },
    {
      "symbol": "JILL",
      "provider": "yfinance",
      "timeframe": "1d",
      "start": "2017-03-09",
      "end": "2026-09-11",
      "row_count": 2374
    },
    {
      "symbol": "IKT",
      "provider": "yfinance",
      "timeframe": "1d",
      "start": "2020-12-23",
      "end": "2026-09-11",
      "row_count": 1419
    },
    {
      "symbol": "TARA",
      "provider": "yfinance",
      "timeframe": "1d",
      "start": "2014-10-22",
      "end": "2026-09-11",
      "row_count": 2973
    },
    {
      "symbol": "GENC",
      "provider": "yfinance",
      "timeframe": "1d",
      "start": "2003-07-15",
      "end": "2026-09-11",
      "row_count": 5812
    },
    {
      "symbol": "PMTS",
      "provider": "yfinance",
      "timeframe": "1d",
      "start": "2015-10-08",
      "end": "2026-09-11",
      "row_count": 2731
    },
    {
      "symbol": "CDXS",
      "provider": "yfinance",
      "timeframe": "1d",
      "start": "2010-04-22",
      "end": "2026-09-11",
      "row_count": 4108
    },
    {
      "symbol": "EVI",
      "provider": "yfinance",
      "timeframe": "1d",
      "start": "1997-01-02",
      "end": "2026-09-11",
      "row_count": 7455
    },
    {
      "symbol": "CNDT",
      "provider": "yfinance",
      "timeframe": "1d",
      "start": "2016-12-13",
      "end": "2026-09-11",
      "row_count": 2433
    },
    {
      "symbol": "SGC",
      "provider": "yfinance",
      "timeframe": "1d",
      "start": "1997-01-02",
      "end": "2026-09-11",
      "row_count": 7455
    },
    {
      "symbol": "IMMR",
      "provider": "yfinance",
      "timeframe": "1d",
      "start": "1999-11-12",
      "end": "2026-09-11",
      "row_count": 6732
    },
    {
      "symbol": "CHRS",
      "provider": "yfinance",
      "timeframe": "1d",
      "start": "2014-11-06",
      "end": "2026-09-11",
      "row_count": 2962
    },
    {
      "symbol": "UTMD",
      "provider": "yfinance",
      "timeframe": "1d",
      "start": "1999-03-08",
      "end": "2026-09-11",
      "row_count": 6907
    },
    {
      "symbol": "FCAP",
      "provider": "yfinance",
      "timeframe": "1d",
      "start": "1999-01-04",
      "end": "2026-09-11",
      "row_count": 6950
    },
    {
      "symbol": "LENZ",
      "provider": "yfinance",
      "timeframe": "1d",
      "start": "2021-06-25",
      "end": "2026-09-11",
      "row_count": 1293
    },
    {
      "symbol": "TBI",
      "provider": "yfinance",
      "timeframe": "1d",
      "start": "1997-01-02",
      "end": "2026-09-11",
      "row_count": 7455
    },
    {
      "symbol": "OPBK",
      "provider": "yfinance",
      "timeframe": "1d",
      "start": "2005-08-08",
      "end": "2026-09-11",
      "row_count": 5292
    },
    {
      "symbol": "RNA",
      "provider": "yfinance",
      "timeframe": "1d",
      "start": "2026-02-27",
      "end": "2026-09-11",
      "row_count": 120
    },
    {
      "symbol": "LFCR",
      "provider": "yfinance",
      "timeframe": "1d",
      "start": "1997-01-02",
      "end": "2026-09-11",
      "row_count": 7455
    },
    {
      "symbol": "VYGR",
      "provider": "yfinance",
      "timeframe": "1d",
      "start": "2015-11-11",
      "end": "2026-09-11",
      "row_count": 2707
    },
    {
      "symbol": "CMT",
      "provider": "yfinance",
      "timeframe": "1d",
      "start": "1997-01-02",
      "end": "2026-09-11",
      "row_count": 7455
    },
    {
      "symbol": "KLTR",
      "provider": "yfinance",
      "timeframe": "1d",
      "start": "2021-07-21",
      "end": "2026-09-11",
      "row_count": 1276
    },
    {
      "symbol": "AOMR",
      "provider": "yfinance",
      "timeframe": "1d",
      "start": "2021-06-17",
      "end": "2026-09-11",
      "row_count": 1299
    },
    {
      "symbol": "BZAI",
      "provider": "yfinance",
      "timeframe": "1d",
      "start": "2022-01-31",
      "end": "2026-09-11",
      "row_count": 1142
    },
    {
      "symbol": "RICK",
      "provider": "yfinance",
      "timeframe": "1d",
      "start": "1997-01-02",
      "end": "2026-09-11",
      "row_count": 7455
    },
    {
      "symbol": "CZWI",
      "provider": "yfinance",
      "timeframe": "1d",
      "start": "2004-03-30",
      "end": "2026-09-11",
      "row_count": 5634
    },
    {
      "symbol": "CPSS",
      "provider": "yfinance",
      "timeframe": "1d",
      "start": "1997-01-02",
      "end": "2026-09-11",
      "row_count": 7455
    },
    {
      "symbol": "QSI",
      "provider": "yfinance",
      "timeframe": "1d",
      "start": "2020-11-13",
      "end": "2026-09-11",
      "row_count": 1446
    },
    {
      "symbol": "NKTX",
      "provider": "yfinance",
      "timeframe": "1d",
      "start": "2020-07-10",
      "end": "2026-09-11",
      "row_count": 1535
    },
    {
      "symbol": "EGAN",
      "provider": "yfinance",
      "timeframe": "1d",
      "start": "1999-09-23",
      "end": "2026-09-11",
      "row_count": 6768
    },
    {
      "symbol": "CFBK",
      "provider": "yfinance",
      "timeframe": "1d",
      "start": "1998-12-30",
      "end": "2026-09-11",
      "row_count": 6952
    },
    {
      "symbol": "GWRS",
      "provider": "yfinance",
      "timeframe": "1d",
      "start": "2016-04-28",
      "end": "2026-09-11",
      "row_count": 2592
    },
    {
      "symbol": "FINW",
      "provider": "yfinance",
      "timeframe": "1d",
      "start": "2021-11-19",
      "end": "2026-09-11",
      "row_count": 1190
    },
    {
      "symbol": "FF",
      "provider": "yfinance",
      "timeframe": "1d",
      "start": "2011-03-23",
      "end": "2026-09-11",
      "row_count": 3875
    },
    {
      "symbol": "III",
      "provider": "yfinance",
      "timeframe": "1d",
      "start": "2007-02-12",
      "end": "2026-09-11",
      "row_count": 4912
    },
    {
      "symbol": "KROS",
      "provider": "yfinance",
      "timeframe": "1d",
      "start": "2020-04-08",
      "end": "2026-09-11",
      "row_count": 1599
    },
    {
      "symbol": "SMHI",
      "provider": "yfinance",
      "timeframe": "1d",
      "start": "2017-06-02",
      "end": "2026-09-11",
      "row_count": 2316
    },
    {
      "symbol": "PDEX",
      "provider": "yfinance",
      "timeframe": "1d",
      "start": "1997-01-02",
      "end": "2026-09-11",
      "row_count": 7455
    },
    {
      "symbol": "ARCT",
      "provider": "yfinance",
      "timeframe": "1d",
      "start": "2013-05-22",
      "end": "2026-09-11",
      "row_count": 3331
    },
    {
      "symbol": "CURV",
      "provider": "yfinance",
      "timeframe": "1d",
      "start": "2021-07-01",
      "end": "2026-09-11",
      "row_count": 1288
    },
    {
      "symbol": "ANIK",
      "provider": "yfinance",
      "timeframe": "1d",
      "start": "1997-01-02",
      "end": "2026-09-11",
      "row_count": 7455
    },
    {
      "symbol": "RMAX",
      "provider": "yfinance",
      "timeframe": "1d",
      "start": "2013-10-02",
      "end": "2026-08-12",
      "row_count": 3233
    },
    {
      "symbol": "RXST",
      "provider": "yfinance",
      "timeframe": "1d",
      "start": "2021-07-30",
      "end": "2026-09-11",
      "row_count": 1269
    },
    {
      "symbol": "COOK",
      "provider": "yfinance",
      "timeframe": "1d",
      "start": "2021-07-29",
      "end": "2026-09-11",
      "row_count": 1270
    },
    {
      "symbol": "BCBP",
      "provider": "yfinance",
      "timeframe": "1d",
      "start": "2003-10-15",
      "end": "2026-09-11",
      "row_count": 5748
    },
    {
      "symbol": "HQI",
      "provider": "yfinance",
      "timeframe": "1d",
      "start": "2003-10-07",
      "end": "2026-09-11",
      "row_count": 5754
    },
    {
      "symbol": "JRVR",
      "provider": "yfinance",
      "timeframe": "1d",
      "start": "2014-12-12",
      "end": "2026-09-11",
      "row_count": 2937
    },
    {
      "symbol": "FLYX",
      "provider": "yfinance",
      "timeframe": "1d",
      "start": "2023-12-29",
      "end": "2026-09-11",
      "row_count": 660
    },
    {
      "symbol": "SMTI",
      "provider": "yfinance",
      "timeframe": "1d",
      "start": "1997-01-02",
      "end": "2026-09-11",
      "row_count": 7455
    },
    {
      "symbol": "KGEI",
      "provider": "yfinance",
      "timeframe": "1d",
      "start": "2010-01-05",
      "end": "2026-09-11",
      "row_count": 4182
    },
    {
      "symbol": "CBFV",
      "provider": "yfinance",
      "timeframe": "1d",
      "start": "2003-10-07",
      "end": "2026-09-11",
      "row_count": 5753
    },
    {
      "symbol": "SEVN",
      "provider": "yfinance",
      "timeframe": "1d",
      "start": "2006-05-26",
      "end": "2026-09-11",
      "row_count": 5090
    },
    {
      "symbol": "NRDY",
      "provider": "yfinance",
      "timeframe": "1d",
      "start": "2020-11-27",
      "end": "2026-09-11",
      "row_count": 1437
    },
    {
      "symbol": "MDV",
      "provider": "yfinance",
      "timeframe": "1d",
      "start": "2022-02-11",
      "end": "2026-08-10",
      "row_count": 1126
    },
    {
      "symbol": "EBMT",
      "provider": "yfinance",
      "timeframe": "1d",
      "start": "2000-04-06",
      "end": "2026-09-11",
      "row_count": 6632
    },
    {
      "symbol": "RBKB",
      "provider": "yfinance",
      "timeframe": "1d",
      "start": "2019-01-17",
      "end": "2026-09-11",
      "row_count": 1907
    },
    {
      "symbol": "ONEW",
      "provider": "yfinance",
      "timeframe": "1d",
      "start": "2020-02-07",
      "end": "2026-09-11",
      "row_count": 1641
    },
    {
      "symbol": "EMBC",
      "provider": "yfinance",
      "timeframe": "1d",
      "start": "2022-03-22",
      "end": "2026-09-11",
      "row_count": 1107
    },
    {
      "symbol": "KRMD",
      "provider": "yfinance",
      "timeframe": "1d",
      "start": "1997-01-02",
      "end": "2026-09-11",
      "row_count": 7455
    },
    {
      "symbol": "LUCD",
      "provider": "yfinance",
      "timeframe": "1d",
      "start": "2021-10-14",
      "end": "2026-09-11",
      "row_count": 1216
    },
    {
      "symbol": "LARK",
      "provider": "yfinance",
      "timeframe": "1d",
      "start": "1997-01-02",
      "end": "2026-09-11",
      "row_count": 7455
    },
    {
      "symbol": "MDWD",
      "provider": "yfinance",
      "timeframe": "1d",
      "start": "2014-03-20",
      "end": "2026-09-11",
      "row_count": 3123
    },
    {
      "symbol": "RCMT",
      "provider": "yfinance",
      "timeframe": "1d",
      "start": "1997-01-02",
      "end": "2026-09-11",
      "row_count": 7455
    },
    {
      "symbol": "MRDN",
      "provider": "yfinance",
      "timeframe": "1d",
      "start": "2009-10-30",
      "end": "2026-09-11",
      "row_count": 4225
    },
    {
      "symbol": "TNXP",
      "provider": "yfinance",
      "timeframe": "1d",
      "start": "2012-05-10",
      "end": "2026-09-11",
      "row_count": 3589
    },
    {
      "symbol": "INSG",
      "provider": "yfinance",
      "timeframe": "1d",
      "start": "2000-11-21",
      "end": "2026-09-11",
      "row_count": 6473
    },
    {
      "symbol": "FOA",
      "provider": "yfinance",
      "timeframe": "1d",
      "start": "2019-04-18",
      "end": "2026-09-11",
      "row_count": 1844
    },
    {
      "symbol": "STXS",
      "provider": "yfinance",
      "timeframe": "1d",
      "start": "2004-08-12",
      "end": "2026-09-11",
      "row_count": 5541
    },
    {
      "symbol": "STRW",
      "provider": "yfinance",
      "timeframe": "1d",
      "start": "2023-02-22",
      "end": "2026-09-11",
      "row_count": 876
    },
    {
      "symbol": "MNSB",
      "provider": "yfinance",
      "timeframe": "1d",
      "start": "2005-09-06",
      "end": "2026-09-11",
      "row_count": 5272
    },
    {
      "symbol": "KULR",
      "provider": "yfinance",
      "timeframe": "1d",
      "start": "2018-07-19",
      "end": "2026-09-11",
      "row_count": 2032
    },
    {
      "symbol": "NLOP",
      "provider": "yfinance",
      "timeframe": "1d",
      "start": "2023-10-27",
      "end": "2026-09-11",
      "row_count": 704
    },
    {
      "symbol": "ACU",
      "provider": "yfinance",
      "timeframe": "1d",
      "start": "1997-01-02",
      "end": "2026-09-11",
      "row_count": 7454
    },
    {
      "symbol": "INGN",
      "provider": "yfinance",
      "timeframe": "1d",
      "start": "2014-02-14",
      "end": "2026-09-11",
      "row_count": 3146
    },
    {
      "symbol": "HNVR",
      "provider": "yfinance",
      "timeframe": "1d",
      "start": "2022-05-11",
      "end": "2026-09-11",
      "row_count": 1072
    },
    {
      "symbol": "THRY",
      "provider": "yfinance",
      "timeframe": "1d",
      "start": "2018-04-18",
      "end": "2026-09-11",
      "row_count": 2096
    },
    {
      "symbol": "TRAK",
      "provider": "yfinance",
      "timeframe": "1d",
      "start": "1999-10-27",
      "end": "2026-09-11",
      "row_count": 6744
    },
    {
      "symbol": "EPSN",
      "provider": "yfinance",
      "timeframe": "1d",
      "start": "2007-11-15",
      "end": "2026-09-11",
      "row_count": 4719
    },
    {
      "symbol": "ALEC",
      "provider": "yfinance",
      "timeframe": "1d",
      "start": "2019-02-07",
      "end": "2026-09-11",
      "row_count": 1893
    },
    {
      "symbol": "ECBK",
      "provider": "yfinance",
      "timeframe": "1d",
      "start": "2022-07-28",
      "end": "2026-09-11",
      "row_count": 1019
    },
    {
      "symbol": "PLX",
      "provider": "yfinance",
      "timeframe": "1d",
      "start": "1998-05-15",
      "end": "2026-09-11",
      "row_count": 7110
    },
    {
      "symbol": "KRRO",
      "provider": "yfinance",
      "timeframe": "1d",
      "start": "2019-10-03",
      "end": "2026-09-11",
      "row_count": 1728
    },
    {
      "symbol": "SMID",
      "provider": "yfinance",
      "timeframe": "1d",
      "start": "1997-01-02",
      "end": "2026-09-11",
      "row_count": 7455
    },
    {
      "symbol": "WHG",
      "provider": "yfinance",
      "timeframe": "1d",
      "start": "2002-06-13",
      "end": "2026-09-11",
      "row_count": 6086
    },
    {
      "symbol": "RGP",
      "provider": "yfinance",
      "timeframe": "1d",
      "start": "2000-12-15",
      "end": "2026-09-11",
      "row_count": 6456
    },
    {
      "symbol": "TUSK",
      "provider": "yfinance",
      "timeframe": "1d",
      "start": "2016-10-14",
      "end": "2026-09-11",
      "row_count": 2474
    },
    {
      "symbol": "RMBI",
      "provider": "yfinance",
      "timeframe": "1d",
      "start": "2019-07-02",
      "end": "2026-09-11",
      "row_count": 1793
    },
    {
      "symbol": "DOUG",
      "provider": "yfinance",
      "timeframe": "1d",
      "start": "2021-12-30",
      "end": "2026-09-11",
      "row_count": 1162
    },
    {
      "symbol": "SLQT",
      "provider": "yfinance",
      "timeframe": "1d",
      "start": "2020-05-21",
      "end": "2026-09-11",
      "row_count": 1569
    },
    {
      "symbol": "SRBK",
      "provider": "yfinance",
      "timeframe": "1d",
      "start": "2023-09-20",
      "end": "2026-09-11",
      "row_count": 731
    },
    {
      "symbol": "JELD",
      "provider": "yfinance",
      "timeframe": "1d",
      "start": "2017-01-27",
      "end": "2026-09-11",
      "row_count": 2403
    },
    {
      "symbol": "EFSI",
      "provider": "yfinance",
      "timeframe": "1d",
      "start": "2001-07-05",
      "end": "2026-09-11",
      "row_count": 6319
    },
    {
      "symbol": "CURI",
      "provider": "yfinance",
      "timeframe": "1d",
      "start": "2020-01-08",
      "end": "2026-09-11",
      "row_count": 1662
    },
    {
      "symbol": "EPM",
      "provider": "yfinance",
      "timeframe": "1d",
      "start": "1997-01-02",
      "end": "2026-09-11",
      "row_count": 7455
    },
    {
      "symbol": "BHR",
      "provider": "yfinance",
      "timeframe": "1d",
      "start": "2013-11-06",
      "end": "2026-09-11",
      "row_count": 3214
    },
    {
      "symbol": "TCX",
      "provider": "yfinance",
      "timeframe": "1d",
      "start": "1997-01-02",
      "end": "2026-09-11",
      "row_count": 7455
    },
    {
      "symbol": "HURA",
      "provider": "yfinance",
      "timeframe": "1d",
      "start": "2013-02-22",
      "end": "2026-09-11",
      "row_count": 3393
    },
    {
      "symbol": "FNWD",
      "provider": "yfinance",
      "timeframe": "1d",
      "start": "1998-05-20",
      "end": "2026-09-11",
      "row_count": 7107
    },
    {
      "symbol": "SBFG",
      "provider": "yfinance",
      "timeframe": "1d",
      "start": "1999-01-04",
      "end": "2026-09-11",
      "row_count": 6950
    },
    {
      "symbol": "QTRX",
      "provider": "yfinance",
      "timeframe": "1d",
      "start": "2017-12-07",
      "end": "2026-09-11",
      "row_count": 2185
    },
    {
      "symbol": "NFE",
      "provider": "yfinance",
      "timeframe": "1d",
      "start": "2019-01-31",
      "end": "2026-09-11",
      "row_count": 1898
    },
    {
      "symbol": "BOOM",
      "provider": "yfinance",
      "timeframe": "1d",
      "start": "1997-01-02",
      "end": "2026-09-11",
      "row_count": 7455
    },
    {
      "symbol": "BYRN",
      "provider": "yfinance",
      "timeframe": "1d",
      "start": "2006-09-12",
      "end": "2026-09-11",
      "row_count": 5016
    },
    {
      "symbol": "SKYX",
      "provider": "yfinance",
      "timeframe": "1d",
      "start": "2022-02-10",
      "end": "2026-09-11",
      "row_count": 1134
    },
    {
      "symbol": "HCAT",
      "provider": "yfinance",
      "timeframe": "1d",
      "start": "2019-07-25",
      "end": "2026-09-11",
      "row_count": 1777
    },
    {
      "symbol": "JYNT",
      "provider": "yfinance",
      "timeframe": "1d",
      "start": "2014-11-11",
      "end": "2026-09-11",
      "row_count": 2959
    },
    {
      "symbol": "DERM",
      "provider": "yfinance",
      "timeframe": "1d",
      "start": "2021-11-12",
      "end": "2026-09-11",
      "row_count": 1195
    },
    {
      "symbol": "DOMO",
      "provider": "yfinance",
      "timeframe": "1d",
      "start": "2018-06-29",
      "end": "2026-09-11",
      "row_count": 2045
    },
    {
      "symbol": "BSET",
      "provider": "yfinance",
      "timeframe": "1d",
      "start": "1997-01-02",
      "end": "2026-09-11",
      "row_count": 7455
    },
    {
      "symbol": "FORR",
      "provider": "yfinance",
      "timeframe": "1d",
      "start": "1997-01-02",
      "end": "2026-09-11",
      "row_count": 7455
    },
    {
      "symbol": "ADCT",
      "provider": "yfinance",
      "timeframe": "1d",
      "start": "2020-05-18",
      "end": "2026-09-11",
      "row_count": 1572
    },
    {
      "symbol": "CVRX",
      "provider": "yfinance",
      "timeframe": "1d",
      "start": "2021-06-30",
      "end": "2026-09-11",
      "row_count": 1290
    },
    {
      "symbol": "MED",
      "provider": "yfinance",
      "timeframe": "1d",
      "start": "1997-01-02",
      "end": "2026-09-11",
      "row_count": 7455
    },
    {
      "symbol": "EML",
      "provider": "yfinance",
      "timeframe": "1d",
      "start": "1997-01-02",
      "end": "2026-09-11",
      "row_count": 7455
    },
    {
      "symbol": "AOUT",
      "provider": "yfinance",
      "timeframe": "1d",
      "start": "2020-08-21",
      "end": "2026-09-11",
      "row_count": 1505
    },
    {
      "symbol": "SAMG",
      "provider": "yfinance",
      "timeframe": "1d",
      "start": "2013-06-27",
      "end": "2026-09-11",
      "row_count": 3306
    },
    {
      "symbol": "ACR",
      "provider": "yfinance",
      "timeframe": "1d",
      "start": "2006-02-07",
      "end": "2026-09-11",
      "row_count": 5165
    },
    {
      "symbol": "SNWV",
      "provider": "yfinance",
      "timeframe": "1d",
      "start": "2024-10-18",
      "end": "2026-09-11",
      "row_count": 459
    },
    {
      "symbol": "ACNT",
      "provider": "yfinance",
      "timeframe": "1d",
      "start": "1997-01-02",
      "end": "2026-09-11",
      "row_count": 7455
    },
    {
      "symbol": "RVSB",
      "provider": "yfinance",
      "timeframe": "1d",
      "start": "1997-01-02",
      "end": "2026-09-11",
      "row_count": 7455
    },
    {
      "symbol": "NNOX",
      "provider": "yfinance",
      "timeframe": "1d",
      "start": "2020-08-21",
      "end": "2026-09-11",
      "row_count": 1505
    },
    {
      "symbol": "EXFY",
      "provider": "yfinance",
      "timeframe": "1d",
      "start": "2021-11-10",
      "end": "2026-09-11",
      "row_count": 1197
    },
    {
      "symbol": "DH",
      "provider": "yfinance",
      "timeframe": "1d",
      "start": "2021-09-15",
      "end": "2026-09-11",
      "row_count": 1237
    },
    {
      "symbol": "RCEL",
      "provider": "yfinance",
      "timeframe": "1d",
      "start": "2012-05-14",
      "end": "2026-09-11",
      "row_count": 3587
    },
    {
      "symbol": "MVIS",
      "provider": "yfinance",
      "timeframe": "1d",
      "start": "1997-01-02",
      "end": "2026-09-11",
      "row_count": 7455
    },
    {
      "symbol": "MXCT",
      "provider": "yfinance",
      "timeframe": "1d",
      "start": "2021-07-30",
      "end": "2026-09-11",
      "row_count": 1269
    },
    {
      "symbol": "CLAR",
      "provider": "yfinance",
      "timeframe": "1d",
      "start": "1998-05-27",
      "end": "2026-09-11",
      "row_count": 7103
    },
    {
      "symbol": "EP",
      "provider": "yfinance",
      "timeframe": "1d",
      "start": "1999-10-27",
      "end": "2026-09-11",
      "row_count": 6743
    },
    {
      "symbol": "SUNS",
      "provider": "yfinance",
      "timeframe": "1d",
      "start": "2024-07-09",
      "end": "2026-09-11",
      "row_count": 531
    },
    {
      "symbol": "ARQ",
      "provider": "yfinance",
      "timeframe": "1d",
      "start": "2004-01-23",
      "end": "2026-09-11",
      "row_count": 5680
    },
    {
      "symbol": "TTEC",
      "provider": "yfinance",
      "timeframe": "1d",
      "start": "1997-01-02",
      "end": "2026-09-11",
      "row_count": 7455
    },
    {
      "symbol": "LFVN",
      "provider": "yfinance",
      "timeframe": "1d",
      "start": "1997-01-02",
      "end": "2026-09-11",
      "row_count": 7455
    },
    {
      "symbol": "PNBK",
      "provider": "yfinance",
      "timeframe": "1d",
      "start": "1997-01-02",
      "end": "2026-09-11",
      "row_count": 7455
    },
    {
      "symbol": "ZVIA",
      "provider": "yfinance",
      "timeframe": "1d",
      "start": "2021-07-22",
      "end": "2026-09-11",
      "row_count": 1274
    },
    {
      "symbol": "SAFX",
      "provider": "yfinance",
      "timeframe": "1d",
      "start": "2025-01-02",
      "end": "2026-09-11",
      "row_count": 408
    },
    {
      "symbol": "SFBC",
      "provider": "yfinance",
      "timeframe": "1d",
      "start": "2008-01-09",
      "end": "2026-09-11",
      "row_count": 4682
    },
    {
      "symbol": "TZOO",
      "provider": "yfinance",
      "timeframe": "1d",
      "start": "2002-08-28",
      "end": "2026-09-11",
      "row_count": 6033
    },
    {
      "symbol": "UNB",
      "provider": "yfinance",
      "timeframe": "1d",
      "start": "1999-08-09",
      "end": "2026-09-11",
      "row_count": 6800
    },
    {
      "symbol": "LAKE",
      "provider": "yfinance",
      "timeframe": "1d",
      "start": "1997-01-02",
      "end": "2026-09-11",
      "row_count": 7455
    },
    {
      "symbol": "USGO",
      "provider": "yfinance",
      "timeframe": "1d",
      "start": "2023-04-20",
      "end": "2026-09-11",
      "row_count": 836
    },
    {
      "symbol": "ALDX",
      "provider": "yfinance",
      "timeframe": "1d",
      "start": "2014-05-02",
      "end": "2026-09-11",
      "row_count": 3093
    },
    {
      "symbol": "CRDF",
      "provider": "yfinance",
      "timeframe": "1d",
      "start": "2004-07-27",
      "end": "2026-09-11",
      "row_count": 5553
    },
    {
      "symbol": "SSTI",
      "provider": "yfinance",
      "timeframe": "1d",
      "start": "2017-06-07",
      "end": "2026-09-11",
      "row_count": 2313
    },
    {
      "symbol": "FTLF",
      "provider": "yfinance",
      "timeframe": "1d",
      "start": "2007-11-02",
      "end": "2026-09-11",
      "row_count": 4728
    },
    {
      "symbol": "VIRC",
      "provider": "yfinance",
      "timeframe": "1d",
      "start": "1997-01-02",
      "end": "2026-09-11",
      "row_count": 7455
    },
    {
      "symbol": "HFFG",
      "provider": "yfinance",
      "timeframe": "1d",
      "start": "2017-09-07",
      "end": "2026-09-11",
      "row_count": 2249
    },
    {
      "symbol": "OPRX",
      "provider": "yfinance",
      "timeframe": "1d",
      "start": "2007-11-28",
      "end": "2026-09-11",
      "row_count": 4711
    },
    {
      "symbol": "LPA",
      "provider": "yfinance",
      "timeframe": "1d",
      "start": "2024-03-28",
      "end": "2026-09-11",
      "row_count": 600
    },
    {
      "symbol": "SLSN",
      "provider": "yfinance",
      "timeframe": "1d",
      "start": "1997-11-26",
      "end": "2026-09-11",
      "row_count": 7226
    },
    {
      "symbol": "CSPI",
      "provider": "yfinance",
      "timeframe": "1d",
      "start": "1997-01-02",
      "end": "2026-09-11",
      "row_count": 7455
    },
    {
      "symbol": "STIM",
      "provider": "yfinance",
      "timeframe": "1d",
      "start": "2018-06-28",
      "end": "2026-09-11",
      "row_count": 2046
    },
    {
      "symbol": "BTMD",
      "provider": "yfinance",
      "timeframe": "1d",
      "start": "2021-04-28",
      "end": "2026-09-11",
      "row_count": 1334
    },
    {
      "symbol": "ISPR",
      "provider": "yfinance",
      "timeframe": "1d",
      "start": "2023-04-04",
      "end": "2026-09-11",
      "row_count": 847
    },
    {
      "symbol": "KG",
      "provider": "yfinance",
      "timeframe": "1d",
      "start": "2008-05-06",
      "end": "2026-09-11",
      "row_count": 4602
    },
    {
      "symbol": "FFAI",
      "provider": "yfinance",
      "timeframe": "1d",
      "start": "2020-09-02",
      "end": "2026-09-11",
      "row_count": 1497
    },
    {
      "symbol": "GAMB",
      "provider": "yfinance",
      "timeframe": "1d",
      "start": "2021-07-23",
      "end": "2026-07-29",
      "row_count": 1259
    },
    {
      "symbol": "SEAT",
      "provider": "yfinance",
      "timeframe": "1d",
      "start": "2021-10-20",
      "end": "2026-09-11",
      "row_count": 1212
    },
    {
      "symbol": "AARD",
      "provider": "yfinance",
      "timeframe": "1d",
      "start": "2025-02-13",
      "end": "2026-09-11",
      "row_count": 380
    },
    {
      "symbol": "SKIN",
      "provider": "yfinance",
      "timeframe": "1d",
      "start": "2020-11-24",
      "end": "2026-09-11",
      "row_count": 1439
    },
    {
      "symbol": "BARK",
      "provider": "yfinance",
      "timeframe": "1d",
      "start": "2020-12-18",
      "end": "2026-09-11",
      "row_count": 1421
    },
    {
      "symbol": "AVD",
      "provider": "yfinance",
      "timeframe": "1d",
      "start": "1997-01-02",
      "end": "2026-09-11",
      "row_count": 7455
    },
    {
      "symbol": "AEYE",
      "provider": "yfinance",
      "timeframe": "1d",
      "start": "2013-04-26",
      "end": "2026-09-11",
      "row_count": 3349
    },
    {
      "symbol": "OM",
      "provider": "yfinance",
      "timeframe": "1d",
      "start": "2020-09-15",
      "end": "2026-09-11",
      "row_count": 1489
    },
    {
      "symbol": "PROP",
      "provider": "yfinance",
      "timeframe": "1d",
      "start": "2013-02-19",
      "end": "2026-09-11",
      "row_count": 3396
    },
    {
      "symbol": "MYPS",
      "provider": "yfinance",
      "timeframe": "1d",
      "start": "2020-12-21",
      "end": "2026-09-11",
      "row_count": 1421
    },
    {
      "symbol": "HRTX",
      "provider": "yfinance",
      "timeframe": "1d",
      "start": "1997-01-02",
      "end": "2026-09-11",
      "row_count": 7455
    },
    {
      "symbol": "SIEB",
      "provider": "yfinance",
      "timeframe": "1d",
      "start": "1997-01-02",
      "end": "2026-09-11",
      "row_count": 7455
    },
    {
      "symbol": "NXXT",
      "provider": "yfinance",
      "timeframe": "1d",
      "start": "2021-09-15",
      "end": "2026-09-11",
      "row_count": 1232
    },
    {
      "symbol": "FSP",
      "provider": "yfinance",
      "timeframe": "1d",
      "start": "2005-06-02",
      "end": "2026-09-11",
      "row_count": 5338
    },
    {
      "symbol": "LNSR",
      "provider": "yfinance",
      "timeframe": "1d",
      "start": "2020-10-02",
      "end": "2026-09-11",
      "row_count": 1476
    },
    {
      "symbol": "CD",
      "provider": "yfinance",
      "timeframe": "1d",
      "start": "2015-04-08",
      "end": "2026-09-11",
      "row_count": 2859
    },
    {
      "symbol": "GAIA",
      "provider": "yfinance",
      "timeframe": "1d",
      "start": "1999-10-29",
      "end": "2026-09-11",
      "row_count": 6742
    },
    {
      "symbol": "VGAS",
      "provider": "yfinance",
      "timeframe": "1d",
      "start": "2021-10-04",
      "end": "2026-09-11",
      "row_count": 1224
    },
    {
      "symbol": "AREN",
      "provider": "yfinance",
      "timeframe": "1d",
      "start": "2008-01-29",
      "end": "2026-09-11",
      "row_count": 4670
    },
    {
      "symbol": "LUNG",
      "provider": "yfinance",
      "timeframe": "1d",
      "start": "2020-10-01",
      "end": "2026-09-11",
      "row_count": 1477
    },
    {
      "symbol": "EHTH",
      "provider": "yfinance",
      "timeframe": "1d",
      "start": "2006-10-20",
      "end": "2026-09-11",
      "row_count": 4988
    },
    {
      "symbol": "DCGO",
      "provider": "yfinance",
      "timeframe": "1d",
      "start": "2020-12-17",
      "end": "2026-09-11",
      "row_count": 1423
    },
    {
      "symbol": "HAIN",
      "provider": "yfinance",
      "timeframe": "1d",
      "start": "1997-01-02",
      "end": "2026-09-11",
      "row_count": 7455
    },
    {
      "symbol": "LFT",
      "provider": "yfinance",
      "timeframe": "1d",
      "start": "2013-03-22",
      "end": "2026-09-11",
      "row_count": 3373
    },
    {
      "symbol": "SLND",
      "provider": "yfinance",
      "timeframe": "1d",
      "start": "2021-12-23",
      "end": "2026-09-11",
      "row_count": 1167
    },
    {
      "symbol": "SKIL",
      "provider": "yfinance",
      "timeframe": "1d",
      "start": "2019-07-26",
      "end": "2026-09-11",
      "row_count": 1776
    },
    {
      "symbol": "CLPR",
      "provider": "yfinance",
      "timeframe": "1d",
      "start": "2017-02-10",
      "end": "2026-09-11",
      "row_count": 2393
    },
    {
      "symbol": "ACTU",
      "provider": "yfinance",
      "timeframe": "1d",
      "start": "2024-08-13",
      "end": "2026-09-11",
      "row_count": 506
    },
    {
      "symbol": "ATLN",
      "provider": "yfinance",
      "timeframe": "1d",
      "start": "2021-08-27",
      "end": "2026-07-17",
      "row_count": 1221
    },
    {
      "symbol": "MYO",
      "provider": "yfinance",
      "timeframe": "1d",
      "start": "2017-06-12",
      "end": "2026-09-11",
      "row_count": 2310
    },
    {
      "symbol": "ATYR",
      "provider": "yfinance",
      "timeframe": "1d",
      "start": "2015-05-07",
      "end": "2026-09-11",
      "row_count": 2838
    },
    {
      "symbol": "ARAY",
      "provider": "yfinance",
      "timeframe": "1d",
      "start": "2007-02-08",
      "end": "2026-09-11",
      "row_count": 4914
    },
    {
      "symbol": "GOSS",
      "provider": "yfinance",
      "timeframe": "1d",
      "start": "2019-02-08",
      "end": "2026-09-11",
      "row_count": 1892
    },
    {
      "symbol": "INMB",
      "provider": "yfinance",
      "timeframe": "1d",
      "start": "2019-02-04",
      "end": "2026-09-11",
      "row_count": 1896
    },
    {
      "symbol": "FLD",
      "provider": "yfinance",
      "timeframe": "1d",
      "start": "2022-02-09",
      "end": "2026-09-11",
      "row_count": 1135
    },
    {
      "symbol": "ARAI",
      "provider": "yfinance",
      "timeframe": "1d",
      "start": "2025-05-15",
      "end": "2026-09-11",
      "row_count": 317
    },
    {
      "symbol": "TVRD",
      "provider": "yfinance",
      "timeframe": "1d",
      "start": "2014-01-31",
      "end": "2026-09-11",
      "row_count": 3156
    },
    {
      "symbol": "NEON",
      "provider": "yfinance",
      "timeframe": "1d",
      "start": "1997-01-02",
      "end": "2026-09-11",
      "row_count": 7455
    },
    {
      "symbol": "CRMT",
      "provider": "yfinance",
      "timeframe": "1d",
      "start": "1997-01-02",
      "end": "2026-09-11",
      "row_count": 7455
    },
    {
      "symbol": "PMI",
      "provider": "yfinance",
      "timeframe": "1d",
      "start": "2025-08-29",
      "end": "2026-09-11",
      "row_count": 244
    },
    {
      "symbol": "SNBR",
      "provider": "yfinance",
      "timeframe": "1d",
      "start": "1998-12-04",
      "end": "2026-07-17",
      "row_count": 6936
    },
    {
      "symbol": "GOCO",
      "provider": "yfinance",
      "timeframe": "1d",
      "start": "2020-07-15",
      "end": "2026-07-28",
      "row_count": 1516
    },
    {
      "symbol": "MCHB",
      "provider": "yfinance",
      "timeframe": "1d",
      "start": "2012-02-10",
      "end": "2026-09-11",
      "row_count": 3651
    },
    {
      "symbol": "CWBC",
      "provider": "yfinance",
      "timeframe": "1d",
      "start": "1999-03-08",
      "end": "2026-09-11",
      "row_count": 6907
    },
    {
      "symbol": "RPT",
      "provider": "yfinance",
      "timeframe": "1d",
      "start": "2015-02-13",
      "end": "2026-09-11",
      "row_count": 2895
    },
    {
      "symbol": "BGC",
      "provider": "yfinance",
      "timeframe": "1d",
      "start": "1999-12-10",
      "end": "2026-09-11",
      "row_count": 6713
    },
    {
      "symbol": "WEST",
      "provider": "yfinance",
      "timeframe": "1d",
      "start": "2021-10-20",
      "end": "2026-09-11",
      "row_count": 1212
    },
    {
      "symbol": "OSG",
      "provider": "yfinance",
      "timeframe": "1d",
      "start": "2013-05-01",
      "end": "2026-09-11",
      "row_count": 3346
    },
    {
      "symbol": "SPWR",
      "provider": "yfinance",
      "timeframe": "1d",
      "start": "2023-01-03",
      "end": "2026-09-11",
      "row_count": 910
    },
    {
      "symbol": "VRM",
      "provider": "yfinance",
      "timeframe": "1d",
      "start": "2025-02-20",
      "end": "2026-09-11",
      "row_count": 376
    },
    {
      "symbol": "AESI",
      "provider": "yfinance",
      "timeframe": "1d",
      "start": "2023-03-09",
      "end": "2026-09-11",
      "row_count": 865
    },
    {
      "symbol": "LZM",
      "provider": "yfinance",
      "timeframe": "1d",
      "start": "2021-12-13",
      "end": "2026-09-11",
      "row_count": 1174
    },
    {
      "symbol": "BVFL",
      "provider": "yfinance",
      "timeframe": "1d",
      "start": "2005-02-17",
      "end": "2026-09-11",
      "row_count": 5410
    },
    {
      "symbol": "BEEP",
      "provider": "yfinance",
      "timeframe": "1d",
      "start": "2023-08-28",
      "end": "2026-09-11",
      "row_count": 747
    },
    {
      "symbol": "FBYD",
      "provider": "yfinance",
      "timeframe": "1d",
      "start": "2023-10-06",
      "end": "2026-09-11",
      "row_count": 719
    },
    {
      "symbol": "AISP",
      "provider": "yfinance",
      "timeframe": "1d",
      "start": "2021-05-10",
      "end": "2026-09-11",
      "row_count": 1326
    },
    {
      "symbol": "NEXN",
      "provider": "yfinance",
      "timeframe": "1d",
      "start": "2021-06-18",
      "end": "2026-09-11",
      "row_count": 1298
    },
    {
      "symbol": "TVGN",
      "provider": "yfinance",
      "timeframe": "1d",
      "start": "2022-01-05",
      "end": "2026-09-11",
      "row_count": 1159
    },
    {
      "symbol": "CRML",
      "provider": "yfinance",
      "timeframe": "1d",
      "start": "2022-02-07",
      "end": "2026-09-11",
      "row_count": 1137
    },
    {
      "symbol": "MRP",
      "provider": "yfinance",
      "timeframe": "1d",
      "start": "2025-02-05",
      "end": "2026-09-11",
      "row_count": 386
    },
    {
      "symbol": "STRZ",
      "provider": "yfinance",
      "timeframe": "1d",
      "start": "2025-05-07",
      "end": "2026-09-11",
      "row_count": 323
    },
    {
      "symbol": "AVBH",
      "provider": "yfinance",
      "timeframe": "1d",
      "start": "2004-07-12",
      "end": "2026-09-11",
      "row_count": 5564
    }
  ],
  "lookback_days": 10,
  "timezone": "America/New_York"
}
