[1789483240.31][2026-09-15 07:40:40][subbas-macbook-air.local][99289][SQLite][debug][2][Setting up SQLite][{"base_dir":"data","filename":"sqlite.db","pragmas":{"auto_vacuum":0,"cache_size":-100000,"journal_mode":"WAL"},"cache":{"enabled":true,"maxItems":100000,"maxBytes":104857600},"backups":{"enabled":true,"dir":"data/backups","filename":"backup-[yyyy]-[mm]-[dd]-[hh]-[mi]-[ss].db","compress":true,"keep":7},"keyPrefix":"","keyTemplate":""}]
[1789483240.31][2026-09-15 07:40:40][subbas-macbook-air.local][99289][SQLite][debug][3][Setting up LRU cache][{"enabled":true,"maxItems":100000,"maxBytes":104857600}]
[1789483240.31][2026-09-15 07:40:40][subbas-macbook-air.local][99289][SQLite][debug][3][Opening database file: data/sqlite.db][{"auto_vacuum":0,"cache_size":-100000,"journal_mode":"WAL"}]
[1789483240.318][2026-09-15 07:40:40][subbas-macbook-air.local][99289][SQLite][debug][3][Setup complete][]
[1789483240.319][2026-09-15 07:40:40][subbas-macbook-air.local][99289][SQLite][debug][9][Fetching SQLite Object: unbase/indexes/data][]
[1789483240.331][2026-09-15 07:40:40][subbas-macbook-air.local][99289][SQLite][debug][9][Storing SQLite JSON Object: test/972c6df06b1b1e714e9c12fdcadb3c93][]
[1789483240.331][2026-09-15 07:40:40][subbas-macbook-air.local][99289][SQLite][debug][9][Store complete: test/972c6df06b1b1e714e9c12fdcadb3c93][]
[1789483240.331][2026-09-15 07:40:40][subbas-macbook-air.local][99289][SQLite][debug][9][Cached JSON fetch complete: test/972c6df06b1b1e714e9c12fdcadb3c93][]
[1789483240.331][2026-09-15 07:40:40][subbas-macbook-air.local][99289][SQLite][debug][9][Deleting SQLite Object: test/972c6df06b1b1e714e9c12fdcadb3c93][]
[1789483240.331][2026-09-15 07:40:40][subbas-macbook-air.local][99289][SQLite][debug][9][Delete complete: test/972c6df06b1b1e714e9c12fdcadb3c93][]
[1789483240.332][2026-09-15 07:40:40][subbas-macbook-air.local][99289][SQLite][debug][9][Fetching SQLite Object: global/users][]
[1789483240.347][2026-09-15 07:40:40][subbas-macbook-air.local][99289][SQLite][debug][9][Storing SQLite JSON Object: users/admin][]
[1789483240.347][2026-09-15 07:40:40][subbas-macbook-air.local][99289][SQLite][debug][9][Store complete: users/admin][]
[1789483240.348][2026-09-15 07:40:40][subbas-macbook-air.local][99289][SQLite][debug][5][Beginning transaction commit: 1][{"path":"global/users","actions":2}]
[1789483240.348][2026-09-15 07:40:40][subbas-macbook-air.local][99289][SQLite][debug][5][Transaction commit complete: 1][{"path":"global/users"}]
[1789483240.349][2026-09-15 07:40:40][subbas-macbook-air.local][99289][SQLite][debug][9][Cached JSON fetch complete: global/users][]
[1789483240.349][2026-09-15 07:40:40][subbas-macbook-air.local][99289][SQLite][debug][9][Cached JSON fetch complete: global/users/0][]
[1789483240.349][2026-09-15 07:40:40][subbas-macbook-air.local][99289][SQLite][debug][5][Beginning transaction commit: 2][{"path":"global/users","actions":2}]
[1789483240.35][2026-09-15 07:40:40][subbas-macbook-air.local][99289][SQLite][debug][5][Transaction commit complete: 2][{"path":"global/users"}]
[1789483240.35][2026-09-15 07:40:40][subbas-macbook-air.local][99289][SQLite][debug][9][Fetching SQLite Object: global/api_keys][]
[1789483240.35][2026-09-15 07:40:40][subbas-macbook-air.local][99289][SQLite][debug][5][Beginning transaction commit: 3][{"path":"global/api_keys","actions":2}]
[1789483240.35][2026-09-15 07:40:40][subbas-macbook-air.local][99289][SQLite][debug][5][Transaction commit complete: 3][{"path":"global/api_keys"}]
[1789483240.351][2026-09-15 07:40:40][subbas-macbook-air.local][99289][SQLite][debug][9][Fetching SQLite Object: global/roles][]
[1789483240.351][2026-09-15 07:40:40][subbas-macbook-air.local][99289][SQLite][debug][5][Beginning transaction commit: 4][{"path":"global/roles","actions":2}]
[1789483240.351][2026-09-15 07:40:40][subbas-macbook-air.local][99289][SQLite][debug][5][Transaction commit complete: 4][{"path":"global/roles"}]
[1789483240.352][2026-09-15 07:40:40][subbas-macbook-air.local][99289][SQLite][debug][9][Cached JSON fetch complete: global/roles][]
[1789483240.352][2026-09-15 07:40:40][subbas-macbook-air.local][99289][SQLite][debug][9][Cached JSON fetch complete: global/roles/0][]
[1789483240.352][2026-09-15 07:40:40][subbas-macbook-air.local][99289][SQLite][debug][5][Beginning transaction commit: 5][{"path":"global/roles","actions":2}]
[1789483240.352][2026-09-15 07:40:40][subbas-macbook-air.local][99289][SQLite][debug][5][Transaction commit complete: 5][{"path":"global/roles"}]
[1789483240.353][2026-09-15 07:40:40][subbas-macbook-air.local][99289][SQLite][debug][9][Fetching SQLite Object: global/groups][]
[1789483240.353][2026-09-15 07:40:40][subbas-macbook-air.local][99289][SQLite][debug][5][Beginning transaction commit: 6][{"path":"global/groups","actions":2}]
[1789483240.353][2026-09-15 07:40:40][subbas-macbook-air.local][99289][SQLite][debug][5][Transaction commit complete: 6][{"path":"global/groups"}]
[1789483240.353][2026-09-15 07:40:40][subbas-macbook-air.local][99289][SQLite][debug][9][Cached JSON fetch complete: global/groups][]
[1789483240.353][2026-09-15 07:40:40][subbas-macbook-air.local][99289][SQLite][debug][9][Cached JSON fetch complete: global/groups/0][]
[1789483240.354][2026-09-15 07:40:40][subbas-macbook-air.local][99289][SQLite][debug][5][Beginning transaction commit: 7][{"path":"global/groups","actions":2}]
[1789483240.354][2026-09-15 07:40:40][subbas-macbook-air.local][99289][SQLite][debug][5][Transaction commit complete: 7][{"path":"global/groups"}]
[1789483240.354][2026-09-15 07:40:40][subbas-macbook-air.local][99289][SQLite][debug][9][Fetching SQLite Object: global/plugins][]
[1789483240.354][2026-09-15 07:40:40][subbas-macbook-air.local][99289][SQLite][debug][5][Beginning transaction commit: 8][{"path":"global/plugins","actions":2}]
[1789483240.354][2026-09-15 07:40:40][subbas-macbook-air.local][99289][SQLite][debug][5][Transaction commit complete: 8][{"path":"global/plugins"}]
[1789483240.355][2026-09-15 07:40:40][subbas-macbook-air.local][99289][SQLite][debug][9][Cached JSON fetch complete: global/plugins][]
[1789483240.355][2026-09-15 07:40:40][subbas-macbook-air.local][99289][SQLite][debug][9][Cached JSON fetch complete: global/plugins/0][]
[1789483240.355][2026-09-15 07:40:40][subbas-macbook-air.local][99289][SQLite][debug][5][Beginning transaction commit: 9][{"path":"global/plugins","actions":2}]
[1789483240.355][2026-09-15 07:40:40][subbas-macbook-air.local][99289][SQLite][debug][5][Transaction commit complete: 9][{"path":"global/plugins"}]
[1789483240.356][2026-09-15 07:40:40][subbas-macbook-air.local][99289][SQLite][debug][9][Cached JSON fetch complete: global/plugins][]
[1789483240.356][2026-09-15 07:40:40][subbas-macbook-air.local][99289][SQLite][debug][9][Cached JSON fetch complete: global/plugins/0][]
[1789483240.356][2026-09-15 07:40:40][subbas-macbook-air.local][99289][SQLite][debug][5][Beginning transaction commit: 10][{"path":"global/plugins","actions":2}]
[1789483240.356][2026-09-15 07:40:40][subbas-macbook-air.local][99289][SQLite][debug][5][Transaction commit complete: 10][{"path":"global/plugins"}]
[1789483240.356][2026-09-15 07:40:40][subbas-macbook-air.local][99289][SQLite][debug][9][Cached JSON fetch complete: global/plugins][]
[1789483240.356][2026-09-15 07:40:40][subbas-macbook-air.local][99289][SQLite][debug][9][Cached JSON fetch complete: global/plugins/0][]
[1789483240.362][2026-09-15 07:40:40][subbas-macbook-air.local][99289][SQLite][debug][5][Beginning transaction commit: 11][{"path":"global/plugins","actions":2}]
[1789483240.362][2026-09-15 07:40:40][subbas-macbook-air.local][99289][SQLite][debug][5][Transaction commit complete: 11][{"path":"global/plugins"}]
[1789483240.363][2026-09-15 07:40:40][subbas-macbook-air.local][99289][SQLite][debug][9][Cached JSON fetch complete: global/plugins][]
[1789483240.363][2026-09-15 07:40:40][subbas-macbook-air.local][99289][SQLite][debug][9][Cached JSON fetch complete: global/plugins/0][]
[1789483240.363][2026-09-15 07:40:40][subbas-macbook-air.local][99289][SQLite][debug][5][Beginning transaction commit: 12][{"path":"global/plugins","actions":2}]
[1789483240.363][2026-09-15 07:40:40][subbas-macbook-air.local][99289][SQLite][debug][5][Transaction commit complete: 12][{"path":"global/plugins"}]
[1789483240.364][2026-09-15 07:40:40][subbas-macbook-air.local][99289][SQLite][debug][9][Cached JSON fetch complete: global/plugins][]
[1789483240.364][2026-09-15 07:40:40][subbas-macbook-air.local][99289][SQLite][debug][9][Cached JSON fetch complete: global/plugins/0][]
[1789483240.364][2026-09-15 07:40:40][subbas-macbook-air.local][99289][SQLite][debug][5][Beginning transaction commit: 13][{"path":"global/plugins","actions":2}]
[1789483240.364][2026-09-15 07:40:40][subbas-macbook-air.local][99289][SQLite][debug][5][Transaction commit complete: 13][{"path":"global/plugins"}]
[1789483240.364][2026-09-15 07:40:40][subbas-macbook-air.local][99289][SQLite][debug][9][Cached JSON fetch complete: global/plugins][]
[1789483240.364][2026-09-15 07:40:40][subbas-macbook-air.local][99289][SQLite][debug][9][Cached JSON fetch complete: global/plugins/0][]
[1789483240.365][2026-09-15 07:40:40][subbas-macbook-air.local][99289][SQLite][debug][5][Beginning transaction commit: 14][{"path":"global/plugins","actions":2}]
[1789483240.365][2026-09-15 07:40:40][subbas-macbook-air.local][99289][SQLite][debug][5][Transaction commit complete: 14][{"path":"global/plugins"}]
[1789483240.365][2026-09-15 07:40:40][subbas-macbook-air.local][99289][SQLite][debug][9][Fetching SQLite Object: global/categories][]
[1789483240.366][2026-09-15 07:40:40][subbas-macbook-air.local][99289][SQLite][debug][5][Beginning transaction commit: 15][{"path":"global/categories","actions":2}]
[1789483240.366][2026-09-15 07:40:40][subbas-macbook-air.local][99289][SQLite][debug][5][Transaction commit complete: 15][{"path":"global/categories"}]
[1789483240.366][2026-09-15 07:40:40][subbas-macbook-air.local][99289][SQLite][debug][9][Cached JSON fetch complete: global/categories][]
[1789483240.366][2026-09-15 07:40:40][subbas-macbook-air.local][99289][SQLite][debug][9][Cached JSON fetch complete: global/categories/0][]
[1789483240.367][2026-09-15 07:40:40][subbas-macbook-air.local][99289][SQLite][debug][5][Beginning transaction commit: 16][{"path":"global/categories","actions":2}]
[1789483240.367][2026-09-15 07:40:40][subbas-macbook-air.local][99289][SQLite][debug][5][Transaction commit complete: 16][{"path":"global/categories"}]
[1789483240.367][2026-09-15 07:40:40][subbas-macbook-air.local][99289][SQLite][debug][9][Fetching SQLite Object: global/channels][]
[1789483240.367][2026-09-15 07:40:40][subbas-macbook-air.local][99289][SQLite][debug][5][Beginning transaction commit: 17][{"path":"global/channels","actions":2}]
[1789483240.367][2026-09-15 07:40:40][subbas-macbook-air.local][99289][SQLite][debug][5][Transaction commit complete: 17][{"path":"global/channels"}]
[1789483240.368][2026-09-15 07:40:40][subbas-macbook-air.local][99289][SQLite][debug][9][Cached JSON fetch complete: global/channels][]
[1789483240.368][2026-09-15 07:40:40][subbas-macbook-air.local][99289][SQLite][debug][9][Cached JSON fetch complete: global/channels/0][]
[1789483240.368][2026-09-15 07:40:40][subbas-macbook-air.local][99289][SQLite][debug][5][Beginning transaction commit: 18][{"path":"global/channels","actions":2}]
[1789483240.368][2026-09-15 07:40:40][subbas-macbook-air.local][99289][SQLite][debug][5][Transaction commit complete: 18][{"path":"global/channels"}]
[1789483240.369][2026-09-15 07:40:40][subbas-macbook-air.local][99289][SQLite][debug][9][Fetching SQLite Object: global/web_hooks][]
[1789483240.369][2026-09-15 07:40:40][subbas-macbook-air.local][99289][SQLite][debug][5][Beginning transaction commit: 19][{"path":"global/web_hooks","actions":2}]
[1789483240.369][2026-09-15 07:40:40][subbas-macbook-air.local][99289][SQLite][debug][5][Transaction commit complete: 19][{"path":"global/web_hooks"}]
[1789483240.37][2026-09-15 07:40:40][subbas-macbook-air.local][99289][SQLite][debug][9][Cached JSON fetch complete: global/web_hooks][]
[1789483240.37][2026-09-15 07:40:40][subbas-macbook-air.local][99289][SQLite][debug][9][Cached JSON fetch complete: global/web_hooks/0][]
[1789483240.37][2026-09-15 07:40:40][subbas-macbook-air.local][99289][SQLite][debug][5][Beginning transaction commit: 20][{"path":"global/web_hooks","actions":2}]
[1789483240.37][2026-09-15 07:40:40][subbas-macbook-air.local][99289][SQLite][debug][5][Transaction commit complete: 20][{"path":"global/web_hooks"}]
[1789483240.37][2026-09-15 07:40:40][subbas-macbook-air.local][99289][SQLite][debug][9][Fetching SQLite Object: global/events][]
[1789483240.371][2026-09-15 07:40:40][subbas-macbook-air.local][99289][SQLite][debug][5][Beginning transaction commit: 21][{"path":"global/events","actions":2}]
[1789483240.371][2026-09-15 07:40:40][subbas-macbook-air.local][99289][SQLite][debug][5][Transaction commit complete: 21][{"path":"global/events"}]
[1789483240.371][2026-09-15 07:40:40][subbas-macbook-air.local][99289][SQLite][debug][9][Fetching SQLite Object: global/tags][]
[1789483240.371][2026-09-15 07:40:40][subbas-macbook-air.local][99289][SQLite][debug][5][Beginning transaction commit: 22][{"path":"global/tags","actions":2}]
[1789483240.371][2026-09-15 07:40:40][subbas-macbook-air.local][99289][SQLite][debug][5][Transaction commit complete: 22][{"path":"global/tags"}]
[1789483240.372][2026-09-15 07:40:40][subbas-macbook-air.local][99289][SQLite][debug][9][Cached JSON fetch complete: global/tags][]
[1789483240.372][2026-09-15 07:40:40][subbas-macbook-air.local][99289][SQLite][debug][9][Cached JSON fetch complete: global/tags/0][]
[1789483240.372][2026-09-15 07:40:40][subbas-macbook-air.local][99289][SQLite][debug][5][Beginning transaction commit: 23][{"path":"global/tags","actions":2}]
[1789483240.372][2026-09-15 07:40:40][subbas-macbook-air.local][99289][SQLite][debug][5][Transaction commit complete: 23][{"path":"global/tags"}]
[1789483240.373][2026-09-15 07:40:40][subbas-macbook-air.local][99289][SQLite][debug][9][Cached JSON fetch complete: global/tags][]
[1789483240.373][2026-09-15 07:40:40][subbas-macbook-air.local][99289][SQLite][debug][9][Cached JSON fetch complete: global/tags/0][]
[1789483240.373][2026-09-15 07:40:40][subbas-macbook-air.local][99289][SQLite][debug][5][Beginning transaction commit: 24][{"path":"global/tags","actions":2}]
[1789483240.373][2026-09-15 07:40:40][subbas-macbook-air.local][99289][SQLite][debug][5][Transaction commit complete: 24][{"path":"global/tags"}]
[1789483240.373][2026-09-15 07:40:40][subbas-macbook-air.local][99289][SQLite][debug][9][Fetching SQLite Object: global/monitors][]
[1789483240.374][2026-09-15 07:40:40][subbas-macbook-air.local][99289][SQLite][debug][5][Beginning transaction commit: 25][{"path":"global/monitors","actions":2}]
[1789483240.374][2026-09-15 07:40:40][subbas-macbook-air.local][99289][SQLite][debug][5][Transaction commit complete: 25][{"path":"global/monitors"}]
[1789483240.374][2026-09-15 07:40:40][subbas-macbook-air.local][99289][SQLite][debug][9][Cached JSON fetch complete: global/monitors][]
[1789483240.374][2026-09-15 07:40:40][subbas-macbook-air.local][99289][SQLite][debug][9][Cached JSON fetch complete: global/monitors/0][]
[1789483240.374][2026-09-15 07:40:40][subbas-macbook-air.local][99289][SQLite][debug][5][Beginning transaction commit: 26][{"path":"global/monitors","actions":2}]
[1789483240.374][2026-09-15 07:40:40][subbas-macbook-air.local][99289][SQLite][debug][5][Transaction commit complete: 26][{"path":"global/monitors"}]
[1789483240.375][2026-09-15 07:40:40][subbas-macbook-air.local][99289][SQLite][debug][9][Cached JSON fetch complete: global/monitors][]
[1789483240.375][2026-09-15 07:40:40][subbas-macbook-air.local][99289][SQLite][debug][9][Cached JSON fetch complete: global/monitors/0][]
[1789483240.375][2026-09-15 07:40:40][subbas-macbook-air.local][99289][SQLite][debug][5][Beginning transaction commit: 27][{"path":"global/monitors","actions":2}]
[1789483240.375][2026-09-15 07:40:40][subbas-macbook-air.local][99289][SQLite][debug][5][Transaction commit complete: 27][{"path":"global/monitors"}]
[1789483240.375][2026-09-15 07:40:40][subbas-macbook-air.local][99289][SQLite][debug][9][Cached JSON fetch complete: global/monitors][]
[1789483240.375][2026-09-15 07:40:40][subbas-macbook-air.local][99289][SQLite][debug][9][Cached JSON fetch complete: global/monitors/0][]
[1789483240.376][2026-09-15 07:40:40][subbas-macbook-air.local][99289][SQLite][debug][5][Beginning transaction commit: 28][{"path":"global/monitors","actions":2}]
[1789483240.376][2026-09-15 07:40:40][subbas-macbook-air.local][99289][SQLite][debug][5][Transaction commit complete: 28][{"path":"global/monitors"}]
[1789483240.376][2026-09-15 07:40:40][subbas-macbook-air.local][99289][SQLite][debug][9][Cached JSON fetch complete: global/monitors][]
[1789483240.376][2026-09-15 07:40:40][subbas-macbook-air.local][99289][SQLite][debug][9][Cached JSON fetch complete: global/monitors/0][]
[1789483240.376][2026-09-15 07:40:40][subbas-macbook-air.local][99289][SQLite][debug][5][Beginning transaction commit: 29][{"path":"global/monitors","actions":2}]
[1789483240.376][2026-09-15 07:40:40][subbas-macbook-air.local][99289][SQLite][debug][5][Transaction commit complete: 29][{"path":"global/monitors"}]
[1789483240.377][2026-09-15 07:40:40][subbas-macbook-air.local][99289][SQLite][debug][9][Cached JSON fetch complete: global/monitors][]
[1789483240.377][2026-09-15 07:40:40][subbas-macbook-air.local][99289][SQLite][debug][9][Cached JSON fetch complete: global/monitors/0][]
[1789483240.377][2026-09-15 07:40:40][subbas-macbook-air.local][99289][SQLite][debug][5][Beginning transaction commit: 30][{"path":"global/monitors","actions":2}]
[1789483240.377][2026-09-15 07:40:40][subbas-macbook-air.local][99289][SQLite][debug][5][Transaction commit complete: 30][{"path":"global/monitors"}]
[1789483240.378][2026-09-15 07:40:40][subbas-macbook-air.local][99289][SQLite][debug][9][Cached JSON fetch complete: global/monitors][]
[1789483240.378][2026-09-15 07:40:40][subbas-macbook-air.local][99289][SQLite][debug][9][Cached JSON fetch complete: global/monitors/0][]
[1789483240.378][2026-09-15 07:40:40][subbas-macbook-air.local][99289][SQLite][debug][5][Beginning transaction commit: 31][{"path":"global/monitors","actions":2}]
[1789483240.378][2026-09-15 07:40:40][subbas-macbook-air.local][99289][SQLite][debug][5][Transaction commit complete: 31][{"path":"global/monitors"}]
[1789483240.378][2026-09-15 07:40:40][subbas-macbook-air.local][99289][SQLite][debug][9][Cached JSON fetch complete: global/monitors][]
[1789483240.378][2026-09-15 07:40:40][subbas-macbook-air.local][99289][SQLite][debug][9][Cached JSON fetch complete: global/monitors/0][]
[1789483240.379][2026-09-15 07:40:40][subbas-macbook-air.local][99289][SQLite][debug][5][Beginning transaction commit: 32][{"path":"global/monitors","actions":2}]
[1789483240.379][2026-09-15 07:40:40][subbas-macbook-air.local][99289][SQLite][debug][5][Transaction commit complete: 32][{"path":"global/monitors"}]
[1789483240.379][2026-09-15 07:40:40][subbas-macbook-air.local][99289][SQLite][debug][9][Cached JSON fetch complete: global/monitors][]
[1789483240.379][2026-09-15 07:40:40][subbas-macbook-air.local][99289][SQLite][debug][9][Cached JSON fetch complete: global/monitors/0][]
[1789483240.379][2026-09-15 07:40:40][subbas-macbook-air.local][99289][SQLite][debug][5][Beginning transaction commit: 33][{"path":"global/monitors","actions":2}]
[1789483240.379][2026-09-15 07:40:40][subbas-macbook-air.local][99289][SQLite][debug][5][Transaction commit complete: 33][{"path":"global/monitors"}]
[1789483240.38][2026-09-15 07:40:40][subbas-macbook-air.local][99289][SQLite][debug][9][Cached JSON fetch complete: global/monitors][]
[1789483240.38][2026-09-15 07:40:40][subbas-macbook-air.local][99289][SQLite][debug][9][Cached JSON fetch complete: global/monitors/0][]
[1789483240.38][2026-09-15 07:40:40][subbas-macbook-air.local][99289][SQLite][debug][5][Beginning transaction commit: 34][{"path":"global/monitors","actions":2}]
[1789483240.38][2026-09-15 07:40:40][subbas-macbook-air.local][99289][SQLite][debug][5][Transaction commit complete: 34][{"path":"global/monitors"}]
[1789483240.38][2026-09-15 07:40:40][subbas-macbook-air.local][99289][SQLite][debug][9][Cached JSON fetch complete: global/monitors][]
[1789483240.38][2026-09-15 07:40:40][subbas-macbook-air.local][99289][SQLite][debug][9][Cached JSON fetch complete: global/monitors/0][]
[1789483240.381][2026-09-15 07:40:40][subbas-macbook-air.local][99289][SQLite][debug][5][Beginning transaction commit: 35][{"path":"global/monitors","actions":2}]
[1789483240.381][2026-09-15 07:40:40][subbas-macbook-air.local][99289][SQLite][debug][5][Transaction commit complete: 35][{"path":"global/monitors"}]
[1789483240.381][2026-09-15 07:40:40][subbas-macbook-air.local][99289][SQLite][debug][9][Cached JSON fetch complete: global/monitors][]
[1789483240.381][2026-09-15 07:40:40][subbas-macbook-air.local][99289][SQLite][debug][9][Cached JSON fetch complete: global/monitors/0][]
[1789483240.381][2026-09-15 07:40:40][subbas-macbook-air.local][99289][SQLite][debug][5][Beginning transaction commit: 36][{"path":"global/monitors","actions":2}]
[1789483240.382][2026-09-15 07:40:40][subbas-macbook-air.local][99289][SQLite][debug][5][Transaction commit complete: 36][{"path":"global/monitors"}]
[1789483240.382][2026-09-15 07:40:40][subbas-macbook-air.local][99289][SQLite][debug][9][Cached JSON fetch complete: global/monitors][]
[1789483240.382][2026-09-15 07:40:40][subbas-macbook-air.local][99289][SQLite][debug][9][Cached JSON fetch complete: global/monitors/0][]
[1789483240.382][2026-09-15 07:40:40][subbas-macbook-air.local][99289][SQLite][debug][5][Beginning transaction commit: 37][{"path":"global/monitors","actions":2}]
[1789483240.382][2026-09-15 07:40:40][subbas-macbook-air.local][99289][SQLite][debug][5][Transaction commit complete: 37][{"path":"global/monitors"}]
[1789483240.382][2026-09-15 07:40:40][subbas-macbook-air.local][99289][SQLite][debug][9][Cached JSON fetch complete: global/monitors][]
[1789483240.383][2026-09-15 07:40:40][subbas-macbook-air.local][99289][SQLite][debug][9][Cached JSON fetch complete: global/monitors/0][]
[1789483240.383][2026-09-15 07:40:40][subbas-macbook-air.local][99289][SQLite][debug][5][Beginning transaction commit: 38][{"path":"global/monitors","actions":2}]
[1789483240.383][2026-09-15 07:40:40][subbas-macbook-air.local][99289][SQLite][debug][5][Transaction commit complete: 38][{"path":"global/monitors"}]
[1789483240.383][2026-09-15 07:40:40][subbas-macbook-air.local][99289][SQLite][debug][9][Cached JSON fetch complete: global/monitors][]
[1789483240.383][2026-09-15 07:40:40][subbas-macbook-air.local][99289][SQLite][debug][9][Cached JSON fetch complete: global/monitors/0][]
[1789483240.384][2026-09-15 07:40:40][subbas-macbook-air.local][99289][SQLite][debug][5][Beginning transaction commit: 39][{"path":"global/monitors","actions":2}]
[1789483240.384][2026-09-15 07:40:40][subbas-macbook-air.local][99289][SQLite][debug][5][Transaction commit complete: 39][{"path":"global/monitors"}]
[1789483240.384][2026-09-15 07:40:40][subbas-macbook-air.local][99289][SQLite][debug][9][Cached JSON fetch complete: global/monitors][]
[1789483240.384][2026-09-15 07:40:40][subbas-macbook-air.local][99289][SQLite][debug][9][Cached JSON fetch complete: global/monitors/0][]
[1789483240.384][2026-09-15 07:40:40][subbas-macbook-air.local][99289][SQLite][debug][5][Beginning transaction commit: 40][{"path":"global/monitors","actions":2}]
[1789483240.384][2026-09-15 07:40:40][subbas-macbook-air.local][99289][SQLite][debug][5][Transaction commit complete: 40][{"path":"global/monitors"}]
[1789483240.385][2026-09-15 07:40:40][subbas-macbook-air.local][99289][SQLite][debug][9][Fetching SQLite Object: global/alerts][]
[1789483240.385][2026-09-15 07:40:40][subbas-macbook-air.local][99289][SQLite][debug][5][Beginning transaction commit: 41][{"path":"global/alerts","actions":2}]
[1789483240.385][2026-09-15 07:40:40][subbas-macbook-air.local][99289][SQLite][debug][5][Transaction commit complete: 41][{"path":"global/alerts"}]
[1789483240.385][2026-09-15 07:40:40][subbas-macbook-air.local][99289][SQLite][debug][9][Cached JSON fetch complete: global/alerts][]
[1789483240.385][2026-09-15 07:40:40][subbas-macbook-air.local][99289][SQLite][debug][9][Cached JSON fetch complete: global/alerts/0][]
[1789483240.385][2026-09-15 07:40:40][subbas-macbook-air.local][99289][SQLite][debug][5][Beginning transaction commit: 42][{"path":"global/alerts","actions":2}]
[1789483240.385][2026-09-15 07:40:40][subbas-macbook-air.local][99289][SQLite][debug][5][Transaction commit complete: 42][{"path":"global/alerts"}]
[1789483240.386][2026-09-15 07:40:40][subbas-macbook-air.local][99289][SQLite][debug][9][Cached JSON fetch complete: global/alerts][]
[1789483240.386][2026-09-15 07:40:40][subbas-macbook-air.local][99289][SQLite][debug][9][Cached JSON fetch complete: global/alerts/0][]
[1789483240.386][2026-09-15 07:40:40][subbas-macbook-air.local][99289][SQLite][debug][5][Beginning transaction commit: 43][{"path":"global/alerts","actions":2}]
[1789483240.386][2026-09-15 07:40:40][subbas-macbook-air.local][99289][SQLite][debug][5][Transaction commit complete: 43][{"path":"global/alerts"}]
[1789483240.386][2026-09-15 07:40:40][subbas-macbook-air.local][99289][SQLite][debug][9][Cached JSON fetch complete: global/alerts][]
[1789483240.387][2026-09-15 07:40:40][subbas-macbook-air.local][99289][SQLite][debug][9][Cached JSON fetch complete: global/alerts/0][]
[1789483240.387][2026-09-15 07:40:40][subbas-macbook-air.local][99289][SQLite][debug][5][Beginning transaction commit: 44][{"path":"global/alerts","actions":2}]
[1789483240.387][2026-09-15 07:40:40][subbas-macbook-air.local][99289][SQLite][debug][5][Transaction commit complete: 44][{"path":"global/alerts"}]
[1789483240.387][2026-09-15 07:40:40][subbas-macbook-air.local][99289][SQLite][debug][9][Cached JSON fetch complete: global/alerts][]
[1789483240.387][2026-09-15 07:40:40][subbas-macbook-air.local][99289][SQLite][debug][9][Cached JSON fetch complete: global/alerts/0][]
[1789483240.387][2026-09-15 07:40:40][subbas-macbook-air.local][99289][SQLite][debug][5][Beginning transaction commit: 45][{"path":"global/alerts","actions":2}]
[1789483240.388][2026-09-15 07:40:40][subbas-macbook-air.local][99289][SQLite][debug][5][Transaction commit complete: 45][{"path":"global/alerts"}]
[1789483240.388][2026-09-15 07:40:40][subbas-macbook-air.local][99289][SQLite][debug][9][Cached JSON fetch complete: global/alerts][]
[1789483240.388][2026-09-15 07:40:40][subbas-macbook-air.local][99289][SQLite][debug][9][Cached JSON fetch complete: global/alerts/0][]
[1789483240.388][2026-09-15 07:40:40][subbas-macbook-air.local][99289][SQLite][debug][5][Beginning transaction commit: 46][{"path":"global/alerts","actions":2}]
[1789483240.388][2026-09-15 07:40:40][subbas-macbook-air.local][99289][SQLite][debug][5][Transaction commit complete: 46][{"path":"global/alerts"}]
[1789483240.388][2026-09-15 07:40:40][subbas-macbook-air.local][99289][SQLite][debug][9][Fetching SQLite Object: global/buckets][]
[1789483240.389][2026-09-15 07:40:40][subbas-macbook-air.local][99289][SQLite][debug][5][Beginning transaction commit: 47][{"path":"global/buckets","actions":2}]
[1789483240.389][2026-09-15 07:40:40][subbas-macbook-air.local][99289][SQLite][debug][5][Transaction commit complete: 47][{"path":"global/buckets"}]
[1789483240.389][2026-09-15 07:40:40][subbas-macbook-air.local][99289][SQLite][debug][9][Fetching SQLite Object: global/secrets][]
[1789483240.389][2026-09-15 07:40:40][subbas-macbook-air.local][99289][SQLite][debug][5][Beginning transaction commit: 48][{"path":"global/secrets","actions":2}]
[1789483240.389][2026-09-15 07:40:40][subbas-macbook-air.local][99289][SQLite][debug][5][Transaction commit complete: 48][{"path":"global/secrets"}]
[1789483240.39][2026-09-15 07:40:40][subbas-macbook-air.local][99289][SQLite][debug][9][Fetching SQLite Object: global/stats][]
[1789483240.39][2026-09-15 07:40:40][subbas-macbook-air.local][99289][SQLite][debug][5][Beginning transaction commit: 49][{"path":"global/stats","actions":2}]
[1789483240.39][2026-09-15 07:40:40][subbas-macbook-air.local][99289][SQLite][debug][5][Transaction commit complete: 49][{"path":"global/stats"}]
[1789483240.39][2026-09-15 07:40:40][subbas-macbook-air.local][99289][SQLite][debug][9][Storing SQLite JSON Object: global/state][]
[1789483240.39][2026-09-15 07:40:40][subbas-macbook-air.local][99289][SQLite][debug][9][Store complete: global/state][]
[1789483240.39][2026-09-15 07:40:40][subbas-macbook-air.local][99289][SQLite][debug][9][Storing SQLite JSON Object: unbase/records/activity/amu2s497elk64n42][]
[1789483240.39][2026-09-15 07:40:40][subbas-macbook-air.local][99289][SQLite][debug][9][Store complete: unbase/records/activity/amu2s497elk64n42][]
[1789483240.391][2026-09-15 07:40:40][subbas-macbook-air.local][99289][SQLite][debug][9][Fetching SQLite Object: unbase/index/activity/_data/amu2s497elk64n42][]
[1789483240.392][2026-09-15 07:40:40][subbas-macbook-air.local][99289][SQLite][debug][9][Fetching SQLite Object: unbase/index/activity/_id][]
[1789483240.392][2026-09-15 07:40:40][subbas-macbook-air.local][99289][SQLite][debug][9][Fetching SQLite Object: unbase/index/activity/action/word/group_create][]
[1789483240.392][2026-09-15 07:40:40][subbas-macbook-air.local][99289][SQLite][debug][9][Fetching SQLite Object: unbase/index/activity/keywords/word/main][]
[1789483240.393][2026-09-15 07:40:40][subbas-macbook-air.local][99289][SQLite][debug][9][Fetching SQLite Object: unbase/index/activity/keywords/word/admin][]
[1789483240.393][2026-09-15 07:40:40][subbas-macbook-air.local][99289][SQLite][debug][9][Fetching SQLite Object: unbase/index/activity/date/summary][]
[1789483240.393][2026-09-15 07:40:40][subbas-macbook-air.local][99289][SQLite][debug][9][Fetching SQLite Object: unbase/index/activity/date/word/497078][]
[1789483240.393][2026-09-15 07:40:40][subbas-macbook-air.local][99289][SQLite][debug][9][Fetching SQLite Object: unbase/index/activity/date/word/h497000][]
[1789483240.393][2026-09-15 07:40:40][subbas-macbook-air.local][99289][SQLite][debug][9][Fetching SQLite Object: unbase/index/activity/date/word/t497000][]
[1789483240.396][2026-09-15 07:40:40][subbas-macbook-air.local][99289][SQLite][debug][5][Beginning transaction commit: 50][{"path":"unbase/index/activity","actions":16}]
[1789483240.396][2026-09-15 07:40:40][subbas-macbook-air.local][99289][SQLite][debug][5][Transaction commit complete: 50][{"path":"unbase/index/activity"}]
[1789483240.397][2026-09-15 07:40:40][subbas-macbook-air.local][99289][SQLite][debug][9][Storing SQLite JSON Object: unbase/records/activity/amu2s497ell06e25][]
[1789483240.397][2026-09-15 07:40:40][subbas-macbook-air.local][99289][SQLite][debug][9][Store complete: unbase/records/activity/amu2s497ell06e25][]
[1789483240.397][2026-09-15 07:40:40][subbas-macbook-air.local][99289][SQLite][debug][9][Fetching SQLite Object: unbase/index/activity/_data/amu2s497ell06e25][]
[1789483240.398][2026-09-15 07:40:40][subbas-macbook-air.local][99289][SQLite][debug][9][Cached JSON fetch complete: unbase/index/activity/_id][]
[1789483240.398][2026-09-15 07:40:40][subbas-macbook-air.local][99289][SQLite][debug][9][Cached JSON fetch complete: unbase/index/activity/_id/data][]
[1789483240.398][2026-09-15 07:40:40][subbas-macbook-air.local][99289][SQLite][debug][9][Fetching SQLite Object: unbase/index/activity/action/word/plugin_create][]
[1789483240.398][2026-09-15 07:40:40][subbas-macbook-air.local][99289][SQLite][debug][9][Fetching SQLite Object: unbase/index/activity/keywords/word/testplug][]
[1789483240.399][2026-09-15 07:40:40][subbas-macbook-air.local][99289][SQLite][debug][9][Cached JSON fetch complete: unbase/index/activity/keywords/word/admin][]
[1789483240.399][2026-09-15 07:40:40][subbas-macbook-air.local][99289][SQLite][debug][9][Cached JSON fetch complete: unbase/index/activity/date/summary][]
[1789483240.399][2026-09-15 07:40:40][subbas-macbook-air.local][99289][SQLite][debug][9][Cached JSON fetch complete: unbase/index/activity/date/word/497078][]
[1789483240.399][2026-09-15 07:40:40][subbas-macbook-air.local][99289][SQLite][debug][9][Cached JSON fetch complete: unbase/index/activity/date/word/h497000][]
[1789483240.399][2026-09-15 07:40:40][subbas-macbook-air.local][99289][SQLite][debug][9][Cached JSON fetch complete: unbase/index/activity/date/word/t497000][]
[1789483240.399][2026-09-15 07:40:40][subbas-macbook-air.local][99289][SQLite][debug][9][Cached JSON fetch complete: unbase/index/activity/keywords/word/admin/data][]
[1789483240.399][2026-09-15 07:40:40][subbas-macbook-air.local][99289][SQLite][debug][9][Cached JSON fetch complete: unbase/index/activity/date/word/497078/data][]
[1789483240.399][2026-09-15 07:40:40][subbas-macbook-air.local][99289][SQLite][debug][9][Cached JSON fetch complete: unbase/index/activity/date/word/h497000/data][]
[1789483240.399][2026-09-15 07:40:40][subbas-macbook-air.local][99289][SQLite][debug][9][Cached JSON fetch complete: unbase/index/activity/date/word/t497000/data][]
[1789483240.401][2026-09-15 07:40:40][subbas-macbook-air.local][99289][SQLite][debug][5][Beginning transaction commit: 51][{"path":"unbase/index/activity","actions":16}]
[1789483240.401][2026-09-15 07:40:40][subbas-macbook-air.local][99289][SQLite][debug][5][Transaction commit complete: 51][{"path":"unbase/index/activity"}]
[1789483240.401][2026-09-15 07:40:40][subbas-macbook-air.local][99289][SQLite][debug][9][Storing SQLite JSON Object: unbase/records/activity/amu2s497elm1px8f][]
[1789483240.401][2026-09-15 07:40:40][subbas-macbook-air.local][99289][SQLite][debug][9][Store complete: unbase/records/activity/amu2s497elm1px8f][]
[1789483240.402][2026-09-15 07:40:40][subbas-macbook-air.local][99289][SQLite][debug][9][Fetching SQLite Object: unbase/index/activity/_data/amu2s497elm1px8f][]
[1789483240.402][2026-09-15 07:40:40][subbas-macbook-air.local][99289][SQLite][debug][9][Cached JSON fetch complete: unbase/index/activity/_id][]
[1789483240.402][2026-09-15 07:40:40][subbas-macbook-air.local][99289][SQLite][debug][9][Cached JSON fetch complete: unbase/index/activity/_id/data][]
[1789483240.403][2026-09-15 07:40:40][subbas-macbook-air.local][99289][SQLite][debug][9][Fetching SQLite Object: unbase/index/activity/keywords/word/shellplug][]
[1789483240.403][2026-09-15 07:40:40][subbas-macbook-air.local][99289][SQLite][debug][9][Cached JSON fetch complete: unbase/index/activity/action/word/plugin_create][]
[1789483240.403][2026-09-15 07:40:40][subbas-macbook-air.local][99289][SQLite][debug][9][Cached JSON fetch complete: unbase/index/activity/keywords/word/admin][]
[1789483240.403][2026-09-15 07:40:40][subbas-macbook-air.local][99289][SQLite][debug][9][Cached JSON fetch complete: unbase/index/activity/date/summary][]
[1789483240.403][2026-09-15 07:40:40][subbas-macbook-air.local][99289][SQLite][debug][9][Cached JSON fetch complete: unbase/index/activity/date/word/497078][]
[1789483240.404][2026-09-15 07:40:40][subbas-macbook-air.local][99289][SQLite][debug][9][Cached JSON fetch complete: unbase/index/activity/date/word/h497000][]
[1789483240.404][2026-09-15 07:40:40][subbas-macbook-air.local][99289][SQLite][debug][9][Cached JSON fetch complete: unbase/index/activity/date/word/t497000][]
[1789483240.404][2026-09-15 07:40:40][subbas-macbook-air.local][99289][SQLite][debug][9][Cached JSON fetch complete: unbase/index/activity/action/word/plugin_create/data][]
[1789483240.404][2026-09-15 07:40:40][subbas-macbook-air.local][99289][SQLite][debug][9][Cached JSON fetch complete: unbase/index/activity/keywords/word/admin/data][]
[1789483240.404][2026-09-15 07:40:40][subbas-macbook-air.local][99289][SQLite][debug][9][Cached JSON fetch complete: unbase/index/activity/date/word/497078/data][]
[1789483240.404][2026-09-15 07:40:40][subbas-macbook-air.local][99289][SQLite][debug][9][Cached JSON fetch complete: unbase/index/activity/date/word/h497000/data][]
[1789483240.404][2026-09-15 07:40:40][subbas-macbook-air.local][99289][SQLite][debug][9][Cached JSON fetch complete: unbase/index/activity/date/word/t497000/data][]
[1789483240.405][2026-09-15 07:40:40][subbas-macbook-air.local][99289][SQLite][debug][5][Beginning transaction commit: 52][{"path":"unbase/index/activity","actions":16}]
[1789483240.405][2026-09-15 07:40:40][subbas-macbook-air.local][99289][SQLite][debug][5][Transaction commit complete: 52][{"path":"unbase/index/activity"}]
[1789483240.405][2026-09-15 07:40:40][subbas-macbook-air.local][99289][SQLite][debug][9][Storing SQLite JSON Object: unbase/records/activity/amu2s497elnffa41][]
[1789483240.406][2026-09-15 07:40:40][subbas-macbook-air.local][99289][SQLite][debug][9][Store complete: unbase/records/activity/amu2s497elnffa41][]
[1789483240.406][2026-09-15 07:40:40][subbas-macbook-air.local][99289][SQLite][debug][9][Fetching SQLite Object: unbase/index/activity/_data/amu2s497elnffa41][]
[1789483240.406][2026-09-15 07:40:40][subbas-macbook-air.local][99289][SQLite][debug][9][Cached JSON fetch complete: unbase/index/activity/_id][]
[1789483240.406][2026-09-15 07:40:40][subbas-macbook-air.local][99289][SQLite][debug][9][Cached JSON fetch complete: unbase/index/activity/_id/data][]
[1789483240.407][2026-09-15 07:40:40][subbas-macbook-air.local][99289][SQLite][debug][9][Fetching SQLite Object: unbase/index/activity/keywords/word/httpplug][]
[1789483240.407][2026-09-15 07:40:40][subbas-macbook-air.local][99289][SQLite][debug][9][Cached JSON fetch complete: unbase/index/activity/action/word/plugin_create][]
[1789483240.408][2026-09-15 07:40:40][subbas-macbook-air.local][99289][SQLite][debug][9][Cached JSON fetch complete: unbase/index/activity/keywords/word/admin][]
[1789483240.408][2026-09-15 07:40:40][subbas-macbook-air.local][99289][SQLite][debug][9][Cached JSON fetch complete: unbase/index/activity/date/summary][]
[1789483240.408][2026-09-15 07:40:40][subbas-macbook-air.local][99289][SQLite][debug][9][Cached JSON fetch complete: unbase/index/activity/date/word/497078][]
[1789483240.408][2026-09-15 07:40:40][subbas-macbook-air.local][99289][SQLite][debug][9][Cached JSON fetch complete: unbase/index/activity/date/word/h497000][]
[1789483240.408][2026-09-15 07:40:40][subbas-macbook-air.local][99289][SQLite][debug][9][Cached JSON fetch complete: unbase/index/activity/date/word/t497000][]
[1789483240.408][2026-09-15 07:40:40][subbas-macbook-air.local][99289][SQLite][debug][9][Cached JSON fetch complete: unbase/index/activity/action/word/plugin_create/data][]
[1789483240.408][2026-09-15 07:40:40][subbas-macbook-air.local][99289][SQLite][debug][9][Cached JSON fetch complete: unbase/index/activity/keywords/word/admin/data][]
[1789483240.408][2026-09-15 07:40:40][subbas-macbook-air.local][99289][SQLite][debug][9][Cached JSON fetch complete: unbase/index/activity/date/word/497078/data][]
[1789483240.408][2026-09-15 07:40:40][subbas-macbook-air.local][99289][SQLite][debug][9][Cached JSON fetch complete: unbase/index/activity/date/word/h497000/data][]
[1789483240.408][2026-09-15 07:40:40][subbas-macbook-air.local][99289][SQLite][debug][9][Cached JSON fetch complete: unbase/index/activity/date/word/t497000/data][]
[1789483240.409][2026-09-15 07:40:40][subbas-macbook-air.local][99289][SQLite][debug][5][Beginning transaction commit: 53][{"path":"unbase/index/activity","actions":16}]
[1789483240.409][2026-09-15 07:40:40][subbas-macbook-air.local][99289][SQLite][debug][5][Transaction commit complete: 53][{"path":"unbase/index/activity"}]
[1789483240.41][2026-09-15 07:40:40][subbas-macbook-air.local][99289][SQLite][debug][9][Storing SQLite JSON Object: unbase/records/activity/amu2s497elofrsly][]
[1789483240.41][2026-09-15 07:40:40][subbas-macbook-air.local][99289][SQLite][debug][9][Store complete: unbase/records/activity/amu2s497elofrsly][]
[1789483240.41][2026-09-15 07:40:40][subbas-macbook-air.local][99289][SQLite][debug][9][Fetching SQLite Object: unbase/index/activity/_data/amu2s497elofrsly][]
[1789483240.411][2026-09-15 07:40:40][subbas-macbook-air.local][99289][SQLite][debug][9][Cached JSON fetch complete: unbase/index/activity/_id][]
[1789483240.411][2026-09-15 07:40:40][subbas-macbook-air.local][99289][SQLite][debug][9][Cached JSON fetch complete: unbase/index/activity/_id/data][]
[1789483240.411][2026-09-15 07:40:40][subbas-macbook-air.local][99289][SQLite][debug][9][Fetching SQLite Object: unbase/index/activity/keywords/word/dockerplug][]
[1789483240.412][2026-09-15 07:40:40][subbas-macbook-air.local][99289][SQLite][debug][9][Cached JSON fetch complete: unbase/index/activity/action/word/plugin_create][]
[1789483240.412][2026-09-15 07:40:40][subbas-macbook-air.local][99289][SQLite][debug][9][Cached JSON fetch complete: unbase/index/activity/keywords/word/admin][]
[1789483240.412][2026-09-15 07:40:40][subbas-macbook-air.local][99289][SQLite][debug][9][Cached JSON fetch complete: unbase/index/activity/date/summary][]
[1789483240.412][2026-09-15 07:40:40][subbas-macbook-air.local][99289][SQLite][debug][9][Cached JSON fetch complete: unbase/index/activity/date/word/497078][]
[1789483240.412][2026-09-15 07:40:40][subbas-macbook-air.local][99289][SQLite][debug][9][Cached JSON fetch complete: unbase/index/activity/date/word/h497000][]
[1789483240.412][2026-09-15 07:40:40][subbas-macbook-air.local][99289][SQLite][debug][9][Cached JSON fetch complete: unbase/index/activity/date/word/t497000][]
[1789483240.412][2026-09-15 07:40:40][subbas-macbook-air.local][99289][SQLite][debug][9][Cached JSON fetch complete: unbase/index/activity/action/word/plugin_create/data][]
[1789483240.412][2026-09-15 07:40:40][subbas-macbook-air.local][99289][SQLite][debug][9][Cached JSON fetch complete: unbase/index/activity/keywords/word/admin/data][]
[1789483240.412][2026-09-15 07:40:40][subbas-macbook-air.local][99289][SQLite][debug][9][Cached JSON fetch complete: unbase/index/activity/date/word/497078/data][]
[1789483240.412][2026-09-15 07:40:40][subbas-macbook-air.local][99289][SQLite][debug][9][Cached JSON fetch complete: unbase/index/activity/date/word/h497000/data][]
[1789483240.412][2026-09-15 07:40:40][subbas-macbook-air.local][99289][SQLite][debug][9][Cached JSON fetch complete: unbase/index/activity/date/word/t497000/data][]
[1789483240.413][2026-09-15 07:40:40][subbas-macbook-air.local][99289][SQLite][debug][5][Beginning transaction commit: 54][{"path":"unbase/index/activity","actions":16}]
[1789483240.414][2026-09-15 07:40:40][subbas-macbook-air.local][99289][SQLite][debug][5][Transaction commit complete: 54][{"path":"unbase/index/activity"}]
[1789483240.414][2026-09-15 07:40:40][subbas-macbook-air.local][99289][SQLite][debug][9][Storing SQLite JSON Object: unbase/records/activity/amu2s497elpgec33][]
[1789483240.414][2026-09-15 07:40:40][subbas-macbook-air.local][99289][SQLite][debug][9][Store complete: unbase/records/activity/amu2s497elpgec33][]
[1789483240.414][2026-09-15 07:40:40][subbas-macbook-air.local][99289][SQLite][debug][9][Fetching SQLite Object: unbase/index/activity/_data/amu2s497elpgec33][]
[1789483240.415][2026-09-15 07:40:40][subbas-macbook-air.local][99289][SQLite][debug][9][Cached JSON fetch complete: unbase/index/activity/_id][]
[1789483240.415][2026-09-15 07:40:40][subbas-macbook-air.local][99289][SQLite][debug][9][Cached JSON fetch complete: unbase/index/activity/_id/data][]
[1789483240.415][2026-09-15 07:40:40][subbas-macbook-air.local][99289][SQLite][debug][9][Fetching SQLite Object: unbase/index/activity/keywords/word/hookplug][]
[1789483240.416][2026-09-15 07:40:40][subbas-macbook-air.local][99289][SQLite][debug][9][Cached JSON fetch complete: unbase/index/activity/action/word/plugin_create][]
[1789483240.416][2026-09-15 07:40:40][subbas-macbook-air.local][99289][SQLite][debug][9][Cached JSON fetch complete: unbase/index/activity/keywords/word/admin][]
[1789483240.416][2026-09-15 07:40:40][subbas-macbook-air.local][99289][SQLite][debug][9][Cached JSON fetch complete: unbase/index/activity/date/summary][]
[1789483240.416][2026-09-15 07:40:40][subbas-macbook-air.local][99289][SQLite][debug][9][Cached JSON fetch complete: unbase/index/activity/date/word/497078][]
[1789483240.416][2026-09-15 07:40:40][subbas-macbook-air.local][99289][SQLite][debug][9][Cached JSON fetch complete: unbase/index/activity/date/word/h497000][]
[1789483240.416][2026-09-15 07:40:40][subbas-macbook-air.local][99289][SQLite][debug][9][Cached JSON fetch complete: unbase/index/activity/date/word/t497000][]
[1789483240.416][2026-09-15 07:40:40][subbas-macbook-air.local][99289][SQLite][debug][9][Cached JSON fetch complete: unbase/index/activity/action/word/plugin_create/data][]
[1789483240.417][2026-09-15 07:40:40][subbas-macbook-air.local][99289][SQLite][debug][9][Cached JSON fetch complete: unbase/index/activity/keywords/word/admin/data][]
[1789483240.417][2026-09-15 07:40:40][subbas-macbook-air.local][99289][SQLite][debug][9][Cached JSON fetch complete: unbase/index/activity/date/word/497078/data][]
[1789483240.417][2026-09-15 07:40:40][subbas-macbook-air.local][99289][SQLite][debug][9][Cached JSON fetch complete: unbase/index/activity/date/word/h497000/data][]
[1789483240.417][2026-09-15 07:40:40][subbas-macbook-air.local][99289][SQLite][debug][9][Cached JSON fetch complete: unbase/index/activity/date/word/t497000/data][]
[1789483240.418][2026-09-15 07:40:40][subbas-macbook-air.local][99289][SQLite][debug][5][Beginning transaction commit: 55][{"path":"unbase/index/activity","actions":16}]
[1789483240.419][2026-09-15 07:40:40][subbas-macbook-air.local][99289][SQLite][debug][5][Transaction commit complete: 55][{"path":"unbase/index/activity"}]
[1789483240.419][2026-09-15 07:40:40][subbas-macbook-air.local][99289][SQLite][debug][9][Storing SQLite JSON Object: unbase/records/activity/amu2s497elqn38yh][]
[1789483240.419][2026-09-15 07:40:40][subbas-macbook-air.local][99289][SQLite][debug][9][Store complete: unbase/records/activity/amu2s497elqn38yh][]
[1789483240.419][2026-09-15 07:40:40][subbas-macbook-air.local][99289][SQLite][debug][9][Fetching SQLite Object: unbase/index/activity/_data/amu2s497elqn38yh][]
[1789483240.42][2026-09-15 07:40:40][subbas-macbook-air.local][99289][SQLite][debug][9][Cached JSON fetch complete: unbase/index/activity/_id][]
[1789483240.42][2026-09-15 07:40:40][subbas-macbook-air.local][99289][SQLite][debug][9][Cached JSON fetch complete: unbase/index/activity/_id/data][]
[1789483240.42][2026-09-15 07:40:40][subbas-macbook-air.local][99289][SQLite][debug][9][Fetching SQLite Object: unbase/index/activity/keywords/word/open_files][]
[1789483240.421][2026-09-15 07:40:40][subbas-macbook-air.local][99289][SQLite][debug][9][Cached JSON fetch complete: unbase/index/activity/action/word/plugin_create][]
[1789483240.421][2026-09-15 07:40:40][subbas-macbook-air.local][99289][SQLite][debug][9][Cached JSON fetch complete: unbase/index/activity/keywords/word/admin][]
[1789483240.421][2026-09-15 07:40:40][subbas-macbook-air.local][99289][SQLite][debug][9][Cached JSON fetch complete: unbase/index/activity/date/summary][]
[1789483240.421][2026-09-15 07:40:40][subbas-macbook-air.local][99289][SQLite][debug][9][Cached JSON fetch complete: unbase/index/activity/date/word/497078][]
[1789483240.421][2026-09-15 07:40:40][subbas-macbook-air.local][99289][SQLite][debug][9][Cached JSON fetch complete: unbase/index/activity/date/word/h497000][]
[1789483240.421][2026-09-15 07:40:40][subbas-macbook-air.local][99289][SQLite][debug][9][Cached JSON fetch complete: unbase/index/activity/date/word/t497000][]
[1789483240.421][2026-09-15 07:40:40][subbas-macbook-air.local][99289][SQLite][debug][9][Cached JSON fetch complete: unbase/index/activity/action/word/plugin_create/data][]
[1789483240.421][2026-09-15 07:40:40][subbas-macbook-air.local][99289][SQLite][debug][9][Cached JSON fetch complete: unbase/index/activity/keywords/word/admin/data][]
[1789483240.421][2026-09-15 07:40:40][subbas-macbook-air.local][99289][SQLite][debug][9][Cached JSON fetch complete: unbase/index/activity/date/word/497078/data][]
[1789483240.422][2026-09-15 07:40:40][subbas-macbook-air.local][99289][SQLite][debug][9][Cached JSON fetch complete: unbase/index/activity/date/word/h497000/data][]
[1789483240.422][2026-09-15 07:40:40][subbas-macbook-air.local][99289][SQLite][debug][9][Cached JSON fetch complete: unbase/index/activity/date/word/t497000/data][]
[1789483240.423][2026-09-15 07:40:40][subbas-macbook-air.local][99289][SQLite][debug][5][Beginning transaction commit: 56][{"path":"unbase/index/activity","actions":16}]
[1789483240.423][2026-09-15 07:40:40][subbas-macbook-air.local][99289][SQLite][debug][5][Transaction commit complete: 56][{"path":"unbase/index/activity"}]
[1789483240.423][2026-09-15 07:40:40][subbas-macbook-air.local][99289][SQLite][debug][9][Storing SQLite JSON Object: unbase/records/activity/amu2s497elrhwjet][]
[1789483240.423][2026-09-15 07:40:40][subbas-macbook-air.local][99289][SQLite][debug][9][Store complete: unbase/records/activity/amu2s497elrhwjet][]
[1789483240.424][2026-09-15 07:40:40][subbas-macbook-air.local][99289][SQLite][debug][9][Fetching SQLite Object: unbase/index/activity/_data/amu2s497elrhwjet][]
[1789483240.424][2026-09-15 07:40:40][subbas-macbook-air.local][99289][SQLite][debug][9][Cached JSON fetch complete: unbase/index/activity/_id][]
[1789483240.424][2026-09-15 07:40:40][subbas-macbook-air.local][99289][SQLite][debug][9][Cached JSON fetch complete: unbase/index/activity/_id/data][]
[1789483240.425][2026-09-15 07:40:40][subbas-macbook-air.local][99289][SQLite][debug][9][Fetching SQLite Object: unbase/index/activity/action/word/category_create][]
[1789483240.425][2026-09-15 07:40:40][subbas-macbook-air.local][99289][SQLite][debug][9][Fetching SQLite Object: unbase/index/activity/keywords/word/general][]
[1789483240.426][2026-09-15 07:40:40][subbas-macbook-air.local][99289][SQLite][debug][9][Cached JSON fetch complete: unbase/index/activity/keywords/word/admin][]
[1789483240.426][2026-09-15 07:40:40][subbas-macbook-air.local][99289][SQLite][debug][9][Cached JSON fetch complete: unbase/index/activity/date/summary][]
[1789483240.426][2026-09-15 07:40:40][subbas-macbook-air.local][99289][SQLite][debug][9][Cached JSON fetch complete: unbase/index/activity/date/word/497078][]
[1789483240.426][2026-09-15 07:40:40][subbas-macbook-air.local][99289][SQLite][debug][9][Cached JSON fetch complete: unbase/index/activity/date/word/h497000][]
[1789483240.426][2026-09-15 07:40:40][subbas-macbook-air.local][99289][SQLite][debug][9][Cached JSON fetch complete: unbase/index/activity/date/word/t497000][]
[1789483240.426][2026-09-15 07:40:40][subbas-macbook-air.local][99289][SQLite][debug][9][Cached JSON fetch complete: unbase/index/activity/keywords/word/admin/data][]
[1789483240.426][2026-09-15 07:40:40][subbas-macbook-air.local][99289][SQLite][debug][9][Cached JSON fetch complete: unbase/index/activity/date/word/497078/data][]
[1789483240.426][2026-09-15 07:40:40][subbas-macbook-air.local][99289][SQLite][debug][9][Cached JSON fetch complete: unbase/index/activity/date/word/h497000/data][]
[1789483240.426][2026-09-15 07:40:40][subbas-macbook-air.local][99289][SQLite][debug][9][Cached JSON fetch complete: unbase/index/activity/date/word/t497000/data][]
[1789483240.428][2026-09-15 07:40:40][subbas-macbook-air.local][99289][SQLite][debug][5][Beginning transaction commit: 57][{"path":"unbase/index/activity","actions":16}]
[1789483240.428][2026-09-15 07:40:40][subbas-macbook-air.local][99289][SQLite][debug][5][Transaction commit complete: 57][{"path":"unbase/index/activity"}]
[1789483240.428][2026-09-15 07:40:40][subbas-macbook-air.local][99289][SQLite][debug][9][Storing SQLite JSON Object: unbase/records/activity/amu2s497elsb4fn3][]
[1789483240.428][2026-09-15 07:40:40][subbas-macbook-air.local][99289][SQLite][debug][9][Store complete: unbase/records/activity/amu2s497elsb4fn3][]
[1789483240.428][2026-09-15 07:40:40][subbas-macbook-air.local][99289][SQLite][debug][9][Fetching SQLite Object: unbase/index/activity/_data/amu2s497elsb4fn3][]
[1789483240.429][2026-09-15 07:40:40][subbas-macbook-air.local][99289][SQLite][debug][9][Cached JSON fetch complete: unbase/index/activity/_id][]
[1789483240.429][2026-09-15 07:40:40][subbas-macbook-air.local][99289][SQLite][debug][9][Cached JSON fetch complete: unbase/index/activity/_id/data][]
[1789483240.429][2026-09-15 07:40:40][subbas-macbook-air.local][99289][SQLite][debug][9][Fetching SQLite Object: unbase/index/activity/action/word/channel_create][]
[1789483240.429][2026-09-15 07:40:40][subbas-macbook-air.local][99289][SQLite][debug][9][Fetching SQLite Object: unbase/index/activity/keywords/word/sev1][]
[1789483240.43][2026-09-15 07:40:40][subbas-macbook-air.local][99289][SQLite][debug][9][Cached JSON fetch complete: unbase/index/activity/keywords/word/admin][]
[1789483240.43][2026-09-15 07:40:40][subbas-macbook-air.local][99289][SQLite][debug][9][Cached JSON fetch complete: unbase/index/activity/date/summary][]
[1789483240.43][2026-09-15 07:40:40][subbas-macbook-air.local][99289][SQLite][debug][9][Cached JSON fetch complete: unbase/index/activity/date/word/497078][]
[1789483240.43][2026-09-15 07:40:40][subbas-macbook-air.local][99289][SQLite][debug][9][Cached JSON fetch complete: unbase/index/activity/date/word/h497000][]
[1789483240.43][2026-09-15 07:40:40][subbas-macbook-air.local][99289][SQLite][debug][9][Cached JSON fetch complete: unbase/index/activity/date/word/t497000][]
[1789483240.43][2026-09-15 07:40:40][subbas-macbook-air.local][99289][SQLite][debug][9][Cached JSON fetch complete: unbase/index/activity/keywords/word/admin/data][]
[1789483240.43][2026-09-15 07:40:40][subbas-macbook-air.local][99289][SQLite][debug][9][Cached JSON fetch complete: unbase/index/activity/date/word/497078/data][]
[1789483240.43][2026-09-15 07:40:40][subbas-macbook-air.local][99289][SQLite][debug][9][Cached JSON fetch complete: unbase/index/activity/date/word/h497000/data][]
[1789483240.43][2026-09-15 07:40:40][subbas-macbook-air.local][99289][SQLite][debug][9][Cached JSON fetch complete: unbase/index/activity/date/word/t497000/data][]
[1789483240.432][2026-09-15 07:40:40][subbas-macbook-air.local][99289][SQLite][debug][5][Beginning transaction commit: 58][{"path":"unbase/index/activity","actions":16}]
[1789483240.432][2026-09-15 07:40:40][subbas-macbook-air.local][99289][SQLite][debug][5][Transaction commit complete: 58][{"path":"unbase/index/activity"}]
[1789483240.432][2026-09-15 07:40:40][subbas-macbook-air.local][99289][SQLite][debug][9][Storing SQLite JSON Object: unbase/records/activity/amu2s497eltf38a7][]
[1789483240.432][2026-09-15 07:40:40][subbas-macbook-air.local][99289][SQLite][debug][9][Store complete: unbase/records/activity/amu2s497eltf38a7][]
[1789483240.433][2026-09-15 07:40:40][subbas-macbook-air.local][99289][SQLite][debug][9][Fetching SQLite Object: unbase/index/activity/_data/amu2s497eltf38a7][]
[1789483240.433][2026-09-15 07:40:40][subbas-macbook-air.local][99289][SQLite][debug][9][Cached JSON fetch complete: unbase/index/activity/_id][]
[1789483240.433][2026-09-15 07:40:40][subbas-macbook-air.local][99289][SQLite][debug][9][Cached JSON fetch complete: unbase/index/activity/_id/data][]
[1789483240.434][2026-09-15 07:40:40][subbas-macbook-air.local][99289][SQLite][debug][9][Fetching SQLite Object: unbase/index/activity/action/word/web_hook_create][]
[1789483240.434][2026-09-15 07:40:40][subbas-macbook-air.local][99289][SQLite][debug][9][Fetching SQLite Object: unbase/index/activity/keywords/word/example_hook][]
[1789483240.435][2026-09-15 07:40:40][subbas-macbook-air.local][99289][SQLite][debug][9][Cached JSON fetch complete: unbase/index/activity/keywords/word/admin][]
[1789483240.435][2026-09-15 07:40:40][subbas-macbook-air.local][99289][SQLite][debug][9][Cached JSON fetch complete: unbase/index/activity/date/summary][]
[1789483240.435][2026-09-15 07:40:40][subbas-macbook-air.local][99289][SQLite][debug][9][Cached JSON fetch complete: unbase/index/activity/date/word/497078][]
[1789483240.435][2026-09-15 07:40:40][subbas-macbook-air.local][99289][SQLite][debug][9][Cached JSON fetch complete: unbase/index/activity/date/word/h497000][]
[1789483240.435][2026-09-15 07:40:40][subbas-macbook-air.local][99289][SQLite][debug][9][Cached JSON fetch complete: unbase/index/activity/date/word/t497000][]
[1789483240.435][2026-09-15 07:40:40][subbas-macbook-air.local][99289][SQLite][debug][9][Cached JSON fetch complete: unbase/index/activity/keywords/word/admin/data][]
[1789483240.435][2026-09-15 07:40:40][subbas-macbook-air.local][99289][SQLite][debug][9][Cached JSON fetch complete: unbase/index/activity/date/word/497078/data][]
[1789483240.435][2026-09-15 07:40:40][subbas-macbook-air.local][99289][SQLite][debug][9][Cached JSON fetch complete: unbase/index/activity/date/word/h497000/data][]
[1789483240.435][2026-09-15 07:40:40][subbas-macbook-air.local][99289][SQLite][debug][9][Cached JSON fetch complete: unbase/index/activity/date/word/t497000/data][]
[1789483240.438][2026-09-15 07:40:40][subbas-macbook-air.local][99289][SQLite][debug][5][Beginning transaction commit: 59][{"path":"unbase/index/activity","actions":16}]
[1789483240.439][2026-09-15 07:40:40][subbas-macbook-air.local][99289][SQLite][debug][5][Transaction commit complete: 59][{"path":"unbase/index/activity"}]
[1789483240.439][2026-09-15 07:40:40][subbas-macbook-air.local][99289][SQLite][debug][9][Storing SQLite JSON Object: unbase/records/activity/amu2s497elu9vnfc][]
[1789483240.439][2026-09-15 07:40:40][subbas-macbook-air.local][99289][SQLite][debug][9][Store complete: unbase/records/activity/amu2s497elu9vnfc][]
[1789483240.439][2026-09-15 07:40:40][subbas-macbook-air.local][99289][SQLite][debug][9][Fetching SQLite Object: unbase/index/activity/_data/amu2s497elu9vnfc][]
[1789483240.44][2026-09-15 07:40:40][subbas-macbook-air.local][99289][SQLite][debug][9][Cached JSON fetch complete: unbase/index/activity/_id][]
[1789483240.44][2026-09-15 07:40:40][subbas-macbook-air.local][99289][SQLite][debug][9][Cached JSON fetch complete: unbase/index/activity/_id/data][]
[1789483240.44][2026-09-15 07:40:40][subbas-macbook-air.local][99289][SQLite][debug][9][Fetching SQLite Object: unbase/index/activity/action/word/tag_create][]
[1789483240.44][2026-09-15 07:40:40][subbas-macbook-air.local][99289][SQLite][debug][9][Fetching SQLite Object: unbase/index/activity/keywords/word/important][]
[1789483240.441][2026-09-15 07:40:40][subbas-macbook-air.local][99289][SQLite][debug][9][Cached JSON fetch complete: unbase/index/activity/keywords/word/admin][]
[1789483240.441][2026-09-15 07:40:40][subbas-macbook-air.local][99289][SQLite][debug][9][Cached JSON fetch complete: unbase/index/activity/date/summary][]
[1789483240.441][2026-09-15 07:40:40][subbas-macbook-air.local][99289][SQLite][debug][9][Cached JSON fetch complete: unbase/index/activity/date/word/497078][]
[1789483240.441][2026-09-15 07:40:40][subbas-macbook-air.local][99289][SQLite][debug][9][Cached JSON fetch complete: unbase/index/activity/date/word/h497000][]
[1789483240.441][2026-09-15 07:40:40][subbas-macbook-air.local][99289][SQLite][debug][9][Cached JSON fetch complete: unbase/index/activity/date/word/t497000][]
[1789483240.441][2026-09-15 07:40:40][subbas-macbook-air.local][99289][SQLite][debug][9][Cached JSON fetch complete: unbase/index/activity/keywords/word/admin/data][]
[1789483240.441][2026-09-15 07:40:40][subbas-macbook-air.local][99289][SQLite][debug][9][Cached JSON fetch complete: unbase/index/activity/date/word/497078/data][]
[1789483240.441][2026-09-15 07:40:40][subbas-macbook-air.local][99289][SQLite][debug][9][Cached JSON fetch complete: unbase/index/activity/date/word/h497000/data][]
[1789483240.441][2026-09-15 07:40:40][subbas-macbook-air.local][99289][SQLite][debug][9][Cached JSON fetch complete: unbase/index/activity/date/word/t497000/data][]
[1789483240.443][2026-09-15 07:40:40][subbas-macbook-air.local][99289][SQLite][debug][5][Beginning transaction commit: 60][{"path":"unbase/index/activity","actions":16}]
[1789483240.443][2026-09-15 07:40:40][subbas-macbook-air.local][99289][SQLite][debug][5][Transaction commit complete: 60][{"path":"unbase/index/activity"}]
[1789483240.443][2026-09-15 07:40:40][subbas-macbook-air.local][99289][SQLite][debug][9][Storing SQLite JSON Object: unbase/records/activity/amu2s497elvgcu0d][]
[1789483240.443][2026-09-15 07:40:40][subbas-macbook-air.local][99289][SQLite][debug][9][Store complete: unbase/records/activity/amu2s497elvgcu0d][]
[1789483240.443][2026-09-15 07:40:40][subbas-macbook-air.local][99289][SQLite][debug][9][Fetching SQLite Object: unbase/index/activity/_data/amu2s497elvgcu0d][]
[1789483240.444][2026-09-15 07:40:40][subbas-macbook-air.local][99289][SQLite][debug][9][Cached JSON fetch complete: unbase/index/activity/_id][]
[1789483240.444][2026-09-15 07:40:40][subbas-macbook-air.local][99289][SQLite][debug][9][Cached JSON fetch complete: unbase/index/activity/_id/data][]
[1789483240.444][2026-09-15 07:40:40][subbas-macbook-air.local][99289][SQLite][debug][9][Fetching SQLite Object: unbase/index/activity/keywords/word/flag][]
[1789483240.445][2026-09-15 07:40:40][subbas-macbook-air.local][99289][SQLite][debug][9][Cached JSON fetch complete: unbase/index/activity/action/word/tag_create][]
[1789483240.445][2026-09-15 07:40:40][subbas-macbook-air.local][99289][SQLite][debug][9][Cached JSON fetch complete: unbase/index/activity/keywords/word/admin][]
[1789483240.445][2026-09-15 07:40:40][subbas-macbook-air.local][99289][SQLite][debug][9][Cached JSON fetch complete: unbase/index/activity/date/summary][]
[1789483240.445][2026-09-15 07:40:40][subbas-macbook-air.local][99289][SQLite][debug][9][Cached JSON fetch complete: unbase/index/activity/date/word/497078][]
[1789483240.445][2026-09-15 07:40:40][subbas-macbook-air.local][99289][SQLite][debug][9][Cached JSON fetch complete: unbase/index/activity/date/word/h497000][]
[1789483240.445][2026-09-15 07:40:40][subbas-macbook-air.local][99289][SQLite][debug][9][Cached JSON fetch complete: unbase/index/activity/date/word/t497000][]
[1789483240.445][2026-09-15 07:40:40][subbas-macbook-air.local][99289][SQLite][debug][9][Cached JSON fetch complete: unbase/index/activity/action/word/tag_create/data][]
[1789483240.445][2026-09-15 07:40:40][subbas-macbook-air.local][99289][SQLite][debug][9][Cached JSON fetch complete: unbase/index/activity/keywords/word/admin/data][]
[1789483240.445][2026-09-15 07:40:40][subbas-macbook-air.local][99289][SQLite][debug][9][Cached JSON fetch complete: unbase/index/activity/date/word/497078/data][]
[1789483240.445][2026-09-15 07:40:40][subbas-macbook-air.local][99289][SQLite][debug][9][Cached JSON fetch complete: unbase/index/activity/date/word/h497000/data][]
[1789483240.445][2026-09-15 07:40:40][subbas-macbook-air.local][99289][SQLite][debug][9][Cached JSON fetch complete: unbase/index/activity/date/word/t497000/data][]
[1789483240.447][2026-09-15 07:40:40][subbas-macbook-air.local][99289][SQLite][debug][5][Beginning transaction commit: 61][{"path":"unbase/index/activity","actions":16}]
[1789483240.447][2026-09-15 07:40:40][subbas-macbook-air.local][99289][SQLite][debug][5][Transaction commit complete: 61][{"path":"unbase/index/activity"}]
[1789483240.447][2026-09-15 07:40:40][subbas-macbook-air.local][99289][SQLite][debug][9][Storing SQLite JSON Object: unbase/records/activity/amu2s497flwmzv28][]
[1789483240.447][2026-09-15 07:40:40][subbas-macbook-air.local][99289][SQLite][debug][9][Store complete: unbase/records/activity/amu2s497flwmzv28][]
[1789483240.447][2026-09-15 07:40:40][subbas-macbook-air.local][99289][SQLite][debug][9][Fetching SQLite Object: unbase/index/activity/_data/amu2s497flwmzv28][]
[1789483240.448][2026-09-15 07:40:40][subbas-macbook-air.local][99289][SQLite][debug][9][Cached JSON fetch complete: unbase/index/activity/_id][]
[1789483240.448][2026-09-15 07:40:40][subbas-macbook-air.local][99289][SQLite][debug][9][Cached JSON fetch complete: unbase/index/activity/_id/data][]
[1789483240.448][2026-09-15 07:40:40][subbas-macbook-air.local][99289][SQLite][debug][9][Fetching SQLite Object: unbase/index/activity/action/word/monitor_create][]
[1789483240.448][2026-09-15 07:40:40][subbas-macbook-air.local][99289][SQLite][debug][9][Fetching SQLite Object: unbase/index/activity/keywords/word/load_avg][]
[1789483240.449][2026-09-15 07:40:40][subbas-macbook-air.local][99289][SQLite][debug][9][Cached JSON fetch complete: unbase/index/activity/keywords/word/admin][]
[1789483240.449][2026-09-15 07:40:40][subbas-macbook-air.local][99289][SQLite][debug][9][Cached JSON fetch complete: unbase/index/activity/date/summary][]
[1789483240.449][2026-09-15 07:40:40][subbas-macbook-air.local][99289][SQLite][debug][9][Cached JSON fetch complete: unbase/index/activity/date/word/497078][]
[1789483240.449][2026-09-15 07:40:40][subbas-macbook-air.local][99289][SQLite][debug][9][Cached JSON fetch complete: unbase/index/activity/date/word/h497000][]
[1789483240.449][2026-09-15 07:40:40][subbas-macbook-air.local][99289][SQLite][debug][9][Cached JSON fetch complete: unbase/index/activity/date/word/t497000][]
[1789483240.449][2026-09-15 07:40:40][subbas-macbook-air.local][99289][SQLite][debug][9][Cached JSON fetch complete: unbase/index/activity/keywords/word/admin/data][]
[1789483240.449][2026-09-15 07:40:40][subbas-macbook-air.local][99289][SQLite][debug][9][Cached JSON fetch complete: unbase/index/activity/date/word/497078/data][]
[1789483240.449][2026-09-15 07:40:40][subbas-macbook-air.local][99289][SQLite][debug][9][Cached JSON fetch complete: unbase/index/activity/date/word/h497000/data][]
[1789483240.45][2026-09-15 07:40:40][subbas-macbook-air.local][99289][SQLite][debug][9][Cached JSON fetch complete: unbase/index/activity/date/word/t497000/data][]
[1789483240.451][2026-09-15 07:40:40][subbas-macbook-air.local][99289][SQLite][debug][5][Beginning transaction commit: 62][{"path":"unbase/index/activity","actions":16}]
[1789483240.451][2026-09-15 07:40:40][subbas-macbook-air.local][99289][SQLite][debug][5][Transaction commit complete: 62][{"path":"unbase/index/activity"}]
[1789483240.451][2026-09-15 07:40:40][subbas-macbook-air.local][99289][SQLite][debug][9][Storing SQLite JSON Object: unbase/records/activity/amu2s497flxb29rc][]
[1789483240.451][2026-09-15 07:40:40][subbas-macbook-air.local][99289][SQLite][debug][9][Store complete: unbase/records/activity/amu2s497flxb29rc][]
[1789483240.451][2026-09-15 07:40:40][subbas-macbook-air.local][99289][SQLite][debug][9][Fetching SQLite Object: unbase/index/activity/_data/amu2s497flxb29rc][]
[1789483240.452][2026-09-15 07:40:40][subbas-macbook-air.local][99289][SQLite][debug][9][Cached JSON fetch complete: unbase/index/activity/_id][]
[1789483240.452][2026-09-15 07:40:40][subbas-macbook-air.local][99289][SQLite][debug][9][Cached JSON fetch complete: unbase/index/activity/_id/data][]
[1789483240.452][2026-09-15 07:40:40][subbas-macbook-air.local][99289][SQLite][debug][9][Fetching SQLite Object: unbase/index/activity/keywords/word/cpu_usage][]
[1789483240.453][2026-09-15 07:40:40][subbas-macbook-air.local][99289][SQLite][debug][9][Cached JSON fetch complete: unbase/index/activity/action/word/monitor_create][]
[1789483240.453][2026-09-15 07:40:40][subbas-macbook-air.local][99289][SQLite][debug][9][Cached JSON fetch complete: unbase/index/activity/keywords/word/admin][]
[1789483240.453][2026-09-15 07:40:40][subbas-macbook-air.local][99289][SQLite][debug][9][Cached JSON fetch complete: unbase/index/activity/date/summary][]
[1789483240.453][2026-09-15 07:40:40][subbas-macbook-air.local][99289][SQLite][debug][9][Cached JSON fetch complete: unbase/index/activity/date/word/497078][]
[1789483240.453][2026-09-15 07:40:40][subbas-macbook-air.local][99289][SQLite][debug][9][Cached JSON fetch complete: unbase/index/activity/date/word/h497000][]
[1789483240.453][2026-09-15 07:40:40][subbas-macbook-air.local][99289][SQLite][debug][9][Cached JSON fetch complete: unbase/index/activity/date/word/t497000][]
[1789483240.453][2026-09-15 07:40:40][subbas-macbook-air.local][99289][SQLite][debug][9][Cached JSON fetch complete: unbase/index/activity/action/word/monitor_create/data][]
[1789483240.453][2026-09-15 07:40:40][subbas-macbook-air.local][99289][SQLite][debug][9][Cached JSON fetch complete: unbase/index/activity/keywords/word/admin/data][]
[1789483240.453][2026-09-15 07:40:40][subbas-macbook-air.local][99289][SQLite][debug][9][Cached JSON fetch complete: unbase/index/activity/date/word/497078/data][]
[1789483240.453][2026-09-15 07:40:40][subbas-macbook-air.local][99289][SQLite][debug][9][Cached JSON fetch complete: unbase/index/activity/date/word/h497000/data][]
[1789483240.453][2026-09-15 07:40:40][subbas-macbook-air.local][99289][SQLite][debug][9][Cached JSON fetch complete: unbase/index/activity/date/word/t497000/data][]
[1789483240.455][2026-09-15 07:40:40][subbas-macbook-air.local][99289][SQLite][debug][5][Beginning transaction commit: 63][{"path":"unbase/index/activity","actions":16}]
[1789483240.455][2026-09-15 07:40:40][subbas-macbook-air.local][99289][SQLite][debug][5][Transaction commit complete: 63][{"path":"unbase/index/activity"}]
[1789483240.455][2026-09-15 07:40:40][subbas-macbook-air.local][99289][SQLite][debug][9][Storing SQLite JSON Object: unbase/records/activity/amu2s497flywfju7][]
[1789483240.455][2026-09-15 07:40:40][subbas-macbook-air.local][99289][SQLite][debug][9][Store complete: unbase/records/activity/amu2s497flywfju7][]
[1789483240.455][2026-09-15 07:40:40][subbas-macbook-air.local][99289][SQLite][debug][9][Fetching SQLite Object: unbase/index/activity/_data/amu2s497flywfju7][]
[1789483240.456][2026-09-15 07:40:40][subbas-macbook-air.local][99289][SQLite][debug][9][Cached JSON fetch complete: unbase/index/activity/_id][]
[1789483240.456][2026-09-15 07:40:40][subbas-macbook-air.local][99289][SQLite][debug][9][Cached JSON fetch complete: unbase/index/activity/_id/data][]
[1789483240.457][2026-09-15 07:40:40][subbas-macbook-air.local][99289][SQLite][debug][9][Fetching SQLite Object: unbase/index/activity/keywords/word/mem_used][]
[1789483240.457][2026-09-15 07:40:40][subbas-macbook-air.local][99289][SQLite][debug][9][Cached JSON fetch complete: unbase/index/activity/action/word/monitor_create][]
[1789483240.457][2026-09-15 07:40:40][subbas-macbook-air.local][99289][SQLite][debug][9][Cached JSON fetch complete: unbase/index/activity/keywords/word/admin][]
[1789483240.457][2026-09-15 07:40:40][subbas-macbook-air.local][99289][SQLite][debug][9][Cached JSON fetch complete: unbase/index/activity/date/summary][]
[1789483240.457][2026-09-15 07:40:40][subbas-macbook-air.local][99289][SQLite][debug][9][Cached JSON fetch complete: unbase/index/activity/date/word/497078][]
[1789483240.457][2026-09-15 07:40:40][subbas-macbook-air.local][99289][SQLite][debug][9][Cached JSON fetch complete: unbase/index/activity/date/word/h497000][]
[1789483240.457][2026-09-15 07:40:40][subbas-macbook-air.local][99289][SQLite][debug][9][Cached JSON fetch complete: unbase/index/activity/date/word/t497000][]
[1789483240.457][2026-09-15 07:40:40][subbas-macbook-air.local][99289][SQLite][debug][9][Cached JSON fetch complete: unbase/index/activity/action/word/monitor_create/data][]
[1789483240.458][2026-09-15 07:40:40][subbas-macbook-air.local][99289][SQLite][debug][9][Cached JSON fetch complete: unbase/index/activity/keywords/word/admin/data][]
[1789483240.458][2026-09-15 07:40:40][subbas-macbook-air.local][99289][SQLite][debug][9][Cached JSON fetch complete: unbase/index/activity/date/word/497078/data][]
[1789483240.458][2026-09-15 07:40:40][subbas-macbook-air.local][99289][SQLite][debug][9][Cached JSON fetch complete: unbase/index/activity/date/word/h497000/data][]
[1789483240.458][2026-09-15 07:40:40][subbas-macbook-air.local][99289][SQLite][debug][9][Cached JSON fetch complete: unbase/index/activity/date/word/t497000/data][]
[1789483240.459][2026-09-15 07:40:40][subbas-macbook-air.local][99289][SQLite][debug][5][Beginning transaction commit: 64][{"path":"unbase/index/activity","actions":16}]
[1789483240.459][2026-09-15 07:40:40][subbas-macbook-air.local][99289][SQLite][debug][5][Transaction commit complete: 64][{"path":"unbase/index/activity"}]
[1789483240.459][2026-09-15 07:40:40][subbas-macbook-air.local][99289][SQLite][debug][9][Storing SQLite JSON Object: unbase/records/activity/amu2s497flzp3rmb][]
[1789483240.46][2026-09-15 07:40:40][subbas-macbook-air.local][99289][SQLite][debug][9][Store complete: unbase/records/activity/amu2s497flzp3rmb][]
[1789483240.46][2026-09-15 07:40:40][subbas-macbook-air.local][99289][SQLite][debug][9][Fetching SQLite Object: unbase/index/activity/_data/amu2s497flzp3rmb][]
[1789483240.46][2026-09-15 07:40:40][subbas-macbook-air.local][99289][SQLite][debug][9][Cached JSON fetch complete: unbase/index/activity/_id][]
[1789483240.46][2026-09-15 07:40:40][subbas-macbook-air.local][99289][SQLite][debug][9][Cached JSON fetch complete: unbase/index/activity/_id/data][]
[1789483240.461][2026-09-15 07:40:40][subbas-macbook-air.local][99289][SQLite][debug][9][Fetching SQLite Object: unbase/index/activity/keywords/word/mem_free][]
[1789483240.461][2026-09-15 07:40:40][subbas-macbook-air.local][99289][SQLite][debug][9][Cached JSON fetch complete: unbase/index/activity/action/word/monitor_create][]
[1789483240.461][2026-09-15 07:40:40][subbas-macbook-air.local][99289][SQLite][debug][9][Cached JSON fetch complete: unbase/index/activity/keywords/word/admin][]
[1789483240.462][2026-09-15 07:40:40][subbas-macbook-air.local][99289][SQLite][debug][9][Cached JSON fetch complete: unbase/index/activity/date/summary][]
[1789483240.462][2026-09-15 07:40:40][subbas-macbook-air.local][99289][SQLite][debug][9][Cached JSON fetch complete: unbase/index/activity/date/word/497078][]
[1789483240.462][2026-09-15 07:40:40][subbas-macbook-air.local][99289][SQLite][debug][9][Cached JSON fetch complete: unbase/index/activity/date/word/h497000][]
[1789483240.462][2026-09-15 07:40:40][subbas-macbook-air.local][99289][SQLite][debug][9][Cached JSON fetch complete: unbase/index/activity/date/word/t497000][]
[1789483240.462][2026-09-15 07:40:40][subbas-macbook-air.local][99289][SQLite][debug][9][Cached JSON fetch complete: unbase/index/activity/action/word/monitor_create/data][]
[1789483240.462][2026-09-15 07:40:40][subbas-macbook-air.local][99289][SQLite][debug][9][Cached JSON fetch complete: unbase/index/activity/keywords/word/admin/data][]
[1789483240.462][2026-09-15 07:40:40][subbas-macbook-air.local][99289][SQLite][debug][9][Cached JSON fetch complete: unbase/index/activity/date/word/497078/data][]
[1789483240.462][2026-09-15 07:40:40][subbas-macbook-air.local][99289][SQLite][debug][9][Cached JSON fetch complete: unbase/index/activity/date/word/h497000/data][]
[1789483240.462][2026-09-15 07:40:40][subbas-macbook-air.local][99289][SQLite][debug][9][Cached JSON fetch complete: unbase/index/activity/date/word/t497000/data][]
[1789483240.463][2026-09-15 07:40:40][subbas-macbook-air.local][99289][SQLite][debug][5][Beginning transaction commit: 65][{"path":"unbase/index/activity","actions":16}]
[1789483240.463][2026-09-15 07:40:40][subbas-macbook-air.local][99289][SQLite][debug][5][Transaction commit complete: 65][{"path":"unbase/index/activity"}]
[1789483240.464][2026-09-15 07:40:40][subbas-macbook-air.local][99289][SQLite][debug][9][Storing SQLite JSON Object: unbase/records/activity/amu2s497fm02tu72][]
[1789483240.464][2026-09-15 07:40:40][subbas-macbook-air.local][99289][SQLite][debug][9][Store complete: unbase/records/activity/amu2s497fm02tu72][]
[1789483240.464][2026-09-15 07:40:40][subbas-macbook-air.local][99289][SQLite][debug][9][Fetching SQLite Object: unbase/index/activity/_data/amu2s497fm02tu72][]
[1789483240.465][2026-09-15 07:40:40][subbas-macbook-air.local][99289][SQLite][debug][9][Cached JSON fetch complete: unbase/index/activity/_id][]
[1789483240.465][2026-09-15 07:40:40][subbas-macbook-air.local][99289][SQLite][debug][9][Cached JSON fetch complete: unbase/index/activity/_id/data][]
[1789483240.465][2026-09-15 07:40:40][subbas-macbook-air.local][99289][SQLite][debug][9][Fetching SQLite Object: unbase/index/activity/keywords/word/net_conns][]
[1789483240.466][2026-09-15 07:40:40][subbas-macbook-air.local][99289][SQLite][debug][9][Cached JSON fetch complete: unbase/index/activity/action/word/monitor_create][]
[1789483240.466][2026-09-15 07:40:40][subbas-macbook-air.local][99289][SQLite][debug][9][Cached JSON fetch complete: unbase/index/activity/keywords/word/admin][]
[1789483240.466][2026-09-15 07:40:40][subbas-macbook-air.local][99289][SQLite][debug][9][Cached JSON fetch complete: unbase/index/activity/date/summary][]
[1789483240.466][2026-09-15 07:40:40][subbas-macbook-air.local][99289][SQLite][debug][9][Cached JSON fetch complete: unbase/index/activity/date/word/497078][]
[1789483240.466][2026-09-15 07:40:40][subbas-macbook-air.local][99289][SQLite][debug][9][Cached JSON fetch complete: unbase/index/activity/date/word/h497000][]
[1789483240.466][2026-09-15 07:40:40][subbas-macbook-air.local][99289][SQLite][debug][9][Cached JSON fetch complete: unbase/index/activity/date/word/t497000][]
[1789483240.466][2026-09-15 07:40:40][subbas-macbook-air.local][99289][SQLite][debug][9][Cached JSON fetch complete: unbase/index/activity/action/word/monitor_create/data][]
[1789483240.466][2026-09-15 07:40:40][subbas-macbook-air.local][99289][SQLite][debug][9][Cached JSON fetch complete: unbase/index/activity/keywords/word/admin/data][]
[1789483240.466][2026-09-15 07:40:40][subbas-macbook-air.local][99289][SQLite][debug][9][Cached JSON fetch complete: unbase/index/activity/date/word/497078/data][]
[1789483240.466][2026-09-15 07:40:40][subbas-macbook-air.local][99289][SQLite][debug][9][Cached JSON fetch complete: unbase/index/activity/date/word/h497000/data][]
[1789483240.466][2026-09-15 07:40:40][subbas-macbook-air.local][99289][SQLite][debug][9][Cached JSON fetch complete: unbase/index/activity/date/word/t497000/data][]
[1789483240.467][2026-09-15 07:40:40][subbas-macbook-air.local][99289][SQLite][debug][5][Beginning transaction commit: 66][{"path":"unbase/index/activity","actions":16}]
[1789483240.468][2026-09-15 07:40:40][subbas-macbook-air.local][99289][SQLite][debug][5][Transaction commit complete: 66][{"path":"unbase/index/activity"}]
[1789483240.468][2026-09-15 07:40:40][subbas-macbook-air.local][99289][SQLite][debug][9][Storing SQLite JSON Object: unbase/records/activity/amu2s497fm1sneqy][]
[1789483240.468][2026-09-15 07:40:40][subbas-macbook-air.local][99289][SQLite][debug][9][Store complete: unbase/records/activity/amu2s497fm1sneqy][]
[1789483240.468][2026-09-15 07:40:40][subbas-macbook-air.local][99289][SQLite][debug][9][Fetching SQLite Object: unbase/index/activity/_data/amu2s497fm1sneqy][]
[1789483240.469][2026-09-15 07:40:40][subbas-macbook-air.local][99289][SQLite][debug][9][Cached JSON fetch complete: unbase/index/activity/_id][]
[1789483240.469][2026-09-15 07:40:40][subbas-macbook-air.local][99289][SQLite][debug][9][Cached JSON fetch complete: unbase/index/activity/_id/data][]
[1789483240.469][2026-09-15 07:40:40][subbas-macbook-air.local][99289][SQLite][debug][9][Fetching SQLite Object: unbase/index/activity/keywords/word/disk_usage_root][]
[1789483240.47][2026-09-15 07:40:40][subbas-macbook-air.local][99289][SQLite][debug][9][Cached JSON fetch complete: unbase/index/activity/action/word/monitor_create][]
[1789483240.47][2026-09-15 07:40:40][subbas-macbook-air.local][99289][SQLite][debug][9][Cached JSON fetch complete: unbase/index/activity/keywords/word/admin][]
[1789483240.47][2026-09-15 07:40:40][subbas-macbook-air.local][99289][SQLite][debug][9][Cached JSON fetch complete: unbase/index/activity/date/summary][]
[1789483240.47][2026-09-15 07:40:40][subbas-macbook-air.local][99289][SQLite][debug][9][Cached JSON fetch complete: unbase/index/activity/date/word/497078][]
[1789483240.47][2026-09-15 07:40:40][subbas-macbook-air.local][99289][SQLite][debug][9][Cached JSON fetch complete: unbase/index/activity/date/word/h497000][]
[1789483240.47][2026-09-15 07:40:40][subbas-macbook-air.local][99289][SQLite][debug][9][Cached JSON fetch complete: unbase/index/activity/date/word/t497000][]
[1789483240.47][2026-09-15 07:40:40][subbas-macbook-air.local][99289][SQLite][debug][9][Cached JSON fetch complete: unbase/index/activity/action/word/monitor_create/data][]
[1789483240.47][2026-09-15 07:40:40][subbas-macbook-air.local][99289][SQLite][debug][9][Cached JSON fetch complete: unbase/index/activity/keywords/word/admin/data][]
[1789483240.47][2026-09-15 07:40:40][subbas-macbook-air.local][99289][SQLite][debug][9][Cached JSON fetch complete: unbase/index/activity/date/word/497078/data][]
[1789483240.47][2026-09-15 07:40:40][subbas-macbook-air.local][99289][SQLite][debug][9][Cached JSON fetch complete: unbase/index/activity/date/word/h497000/data][]
[1789483240.47][2026-09-15 07:40:40][subbas-macbook-air.local][99289][SQLite][debug][9][Cached JSON fetch complete: unbase/index/activity/date/word/t497000/data][]
[1789483240.472][2026-09-15 07:40:40][subbas-macbook-air.local][99289][SQLite][debug][5][Beginning transaction commit: 67][{"path":"unbase/index/activity","actions":16}]
[1789483240.472][2026-09-15 07:40:40][subbas-macbook-air.local][99289][SQLite][debug][5][Transaction commit complete: 67][{"path":"unbase/index/activity"}]
[1789483240.472][2026-09-15 07:40:40][subbas-macbook-air.local][99289][SQLite][debug][9][Storing SQLite JSON Object: unbase/records/activity/amu2s497fm2ug4sf][]
[1789483240.472][2026-09-15 07:40:40][subbas-macbook-air.local][99289][SQLite][debug][9][Store complete: unbase/records/activity/amu2s497fm2ug4sf][]
[1789483240.472][2026-09-15 07:40:40][subbas-macbook-air.local][99289][SQLite][debug][9][Fetching SQLite Object: unbase/index/activity/_data/amu2s497fm2ug4sf][]
[1789483240.473][2026-09-15 07:40:40][subbas-macbook-air.local][99289][SQLite][debug][9][Cached JSON fetch complete: unbase/index/activity/_id][]
[1789483240.473][2026-09-15 07:40:40][subbas-macbook-air.local][99289][SQLite][debug][9][Cached JSON fetch complete: unbase/index/activity/_id/data][]
[1789483240.473][2026-09-15 07:40:40][subbas-macbook-air.local][99289][SQLite][debug][9][Fetching SQLite Object: unbase/index/activity/keywords/word/disk_read_sec][]
[1789483240.474][2026-09-15 07:40:40][subbas-macbook-air.local][99289][SQLite][debug][9][Cached JSON fetch complete: unbase/index/activity/action/word/monitor_create][]
[1789483240.474][2026-09-15 07:40:40][subbas-macbook-air.local][99289][SQLite][debug][9][Cached JSON fetch complete: unbase/index/activity/keywords/word/admin][]
[1789483240.474][2026-09-15 07:40:40][subbas-macbook-air.local][99289][SQLite][debug][9][Cached JSON fetch complete: unbase/index/activity/date/summary][]
[1789483240.474][2026-09-15 07:40:40][subbas-macbook-air.local][99289][SQLite][debug][9][Cached JSON fetch complete: unbase/index/activity/date/word/497078][]
[1789483240.474][2026-09-15 07:40:40][subbas-macbook-air.local][99289][SQLite][debug][9][Cached JSON fetch complete: unbase/index/activity/date/word/h497000][]
[1789483240.474][2026-09-15 07:40:40][subbas-macbook-air.local][99289][SQLite][debug][9][Cached JSON fetch complete: unbase/index/activity/date/word/t497000][]
[1789483240.474][2026-09-15 07:40:40][subbas-macbook-air.local][99289][SQLite][debug][9][Cached JSON fetch complete: unbase/index/activity/action/word/monitor_create/data][]
[1789483240.474][2026-09-15 07:40:40][subbas-macbook-air.local][99289][SQLite][debug][9][Cached JSON fetch complete: unbase/index/activity/keywords/word/admin/data][]
[1789483240.474][2026-09-15 07:40:40][subbas-macbook-air.local][99289][SQLite][debug][9][Cached JSON fetch complete: unbase/index/activity/date/word/497078/data][]
[1789483240.474][2026-09-15 07:40:40][subbas-macbook-air.local][99289][SQLite][debug][9][Cached JSON fetch complete: unbase/index/activity/date/word/h497000/data][]
[1789483240.474][2026-09-15 07:40:40][subbas-macbook-air.local][99289][SQLite][debug][9][Cached JSON fetch complete: unbase/index/activity/date/word/t497000/data][]
[1789483240.475][2026-09-15 07:40:40][subbas-macbook-air.local][99289][SQLite][debug][5][Beginning transaction commit: 68][{"path":"unbase/index/activity","actions":16}]
[1789483240.476][2026-09-15 07:40:40][subbas-macbook-air.local][99289][SQLite][debug][5][Transaction commit complete: 68][{"path":"unbase/index/activity"}]
[1789483240.476][2026-09-15 07:40:40][subbas-macbook-air.local][99289][SQLite][debug][9][Storing SQLite JSON Object: unbase/records/activity/amu2s497fm3esz0g][]
[1789483240.476][2026-09-15 07:40:40][subbas-macbook-air.local][99289][SQLite][debug][9][Store complete: unbase/records/activity/amu2s497fm3esz0g][]
[1789483240.476][2026-09-15 07:40:40][subbas-macbook-air.local][99289][SQLite][debug][9][Fetching SQLite Object: unbase/index/activity/_data/amu2s497fm3esz0g][]
[1789483240.477][2026-09-15 07:40:40][subbas-macbook-air.local][99289][SQLite][debug][9][Cached JSON fetch complete: unbase/index/activity/_id][]
[1789483240.477][2026-09-15 07:40:40][subbas-macbook-air.local][99289][SQLite][debug][9][Cached JSON fetch complete: unbase/index/activity/_id/data][]
[1789483240.477][2026-09-15 07:40:40][subbas-macbook-air.local][99289][SQLite][debug][9][Fetching SQLite Object: unbase/index/activity/keywords/word/disk_write_sec][]
[1789483240.478][2026-09-15 07:40:40][subbas-macbook-air.local][99289][SQLite][debug][9][Cached JSON fetch complete: unbase/index/activity/action/word/monitor_create][]
[1789483240.478][2026-09-15 07:40:40][subbas-macbook-air.local][99289][SQLite][debug][9][Cached JSON fetch complete: unbase/index/activity/keywords/word/admin][]
[1789483240.478][2026-09-15 07:40:40][subbas-macbook-air.local][99289][SQLite][debug][9][Cached JSON fetch complete: unbase/index/activity/date/summary][]
[1789483240.478][2026-09-15 07:40:40][subbas-macbook-air.local][99289][SQLite][debug][9][Cached JSON fetch complete: unbase/index/activity/date/word/497078][]
[1789483240.478][2026-09-15 07:40:40][subbas-macbook-air.local][99289][SQLite][debug][9][Cached JSON fetch complete: unbase/index/activity/date/word/h497000][]
[1789483240.478][2026-09-15 07:40:40][subbas-macbook-air.local][99289][SQLite][debug][9][Cached JSON fetch complete: unbase/index/activity/date/word/t497000][]
[1789483240.478][2026-09-15 07:40:40][subbas-macbook-air.local][99289][SQLite][debug][9][Cached JSON fetch complete: unbase/index/activity/action/word/monitor_create/data][]
[1789483240.478][2026-09-15 07:40:40][subbas-macbook-air.local][99289][SQLite][debug][9][Cached JSON fetch complete: unbase/index/activity/keywords/word/admin/data][]
[1789483240.478][2026-09-15 07:40:40][subbas-macbook-air.local][99289][SQLite][debug][9][Cached JSON fetch complete: unbase/index/activity/date/word/497078/data][]
[1789483240.478][2026-09-15 07:40:40][subbas-macbook-air.local][99289][SQLite][debug][9][Cached JSON fetch complete: unbase/index/activity/date/word/h497000/data][]
[1789483240.478][2026-09-15 07:40:40][subbas-macbook-air.local][99289][SQLite][debug][9][Cached JSON fetch complete: unbase/index/activity/date/word/t497000/data][]
[1789483240.479][2026-09-15 07:40:40][subbas-macbook-air.local][99289][SQLite][debug][5][Beginning transaction commit: 69][{"path":"unbase/index/activity","actions":16}]
[1789483240.48][2026-09-15 07:40:40][subbas-macbook-air.local][99289][SQLite][debug][5][Transaction commit complete: 69][{"path":"unbase/index/activity"}]
[1789483240.48][2026-09-15 07:40:40][subbas-macbook-air.local][99289][SQLite][debug][9][Storing SQLite JSON Object: unbase/records/activity/amu2s497fm4c6eok][]
[1789483240.48][2026-09-15 07:40:40][subbas-macbook-air.local][99289][SQLite][debug][9][Store complete: unbase/records/activity/amu2s497fm4c6eok][]
[1789483240.48][2026-09-15 07:40:40][subbas-macbook-air.local][99289][SQLite][debug][9][Fetching SQLite Object: unbase/index/activity/_data/amu2s497fm4c6eok][]
[1789483240.481][2026-09-15 07:40:40][subbas-macbook-air.local][99289][SQLite][debug][9][Cached JSON fetch complete: unbase/index/activity/_id][]
[1789483240.481][2026-09-15 07:40:40][subbas-macbook-air.local][99289][SQLite][debug][9][Cached JSON fetch complete: unbase/index/activity/_id/data][]
[1789483240.481][2026-09-15 07:40:40][subbas-macbook-air.local][99289][SQLite][debug][9][Fetching SQLite Object: unbase/index/activity/keywords/word/disk_iops_sec][]
[1789483240.482][2026-09-15 07:40:40][subbas-macbook-air.local][99289][SQLite][debug][9][Cached JSON fetch complete: unbase/index/activity/action/word/monitor_create][]
[1789483240.482][2026-09-15 07:40:40][subbas-macbook-air.local][99289][SQLite][debug][9][Cached JSON fetch complete: unbase/index/activity/keywords/word/admin][]
[1789483240.482][2026-09-15 07:40:40][subbas-macbook-air.local][99289][SQLite][debug][9][Cached JSON fetch complete: unbase/index/activity/date/summary][]
[1789483240.482][2026-09-15 07:40:40][subbas-macbook-air.local][99289][SQLite][debug][9][Cached JSON fetch complete: unbase/index/activity/date/word/497078][]
[1789483240.482][2026-09-15 07:40:40][subbas-macbook-air.local][99289][SQLite][debug][9][Cached JSON fetch complete: unbase/index/activity/date/word/h497000][]
[1789483240.482][2026-09-15 07:40:40][subbas-macbook-air.local][99289][SQLite][debug][9][Cached JSON fetch complete: unbase/index/activity/date/word/t497000][]
[1789483240.482][2026-09-15 07:40:40][subbas-macbook-air.local][99289][SQLite][debug][9][Cached JSON fetch complete: unbase/index/activity/action/word/monitor_create/data][]
[1789483240.482][2026-09-15 07:40:40][subbas-macbook-air.local][99289][SQLite][debug][9][Cached JSON fetch complete: unbase/index/activity/keywords/word/admin/data][]
[1789483240.482][2026-09-15 07:40:40][subbas-macbook-air.local][99289][SQLite][debug][9][Cached JSON fetch complete: unbase/index/activity/date/word/497078/data][]
[1789483240.482][2026-09-15 07:40:40][subbas-macbook-air.local][99289][SQLite][debug][9][Cached JSON fetch complete: unbase/index/activity/date/word/h497000/data][]
[1789483240.482][2026-09-15 07:40:40][subbas-macbook-air.local][99289][SQLite][debug][9][Cached JSON fetch complete: unbase/index/activity/date/word/t497000/data][]
[1789483240.484][2026-09-15 07:40:40][subbas-macbook-air.local][99289][SQLite][debug][5][Beginning transaction commit: 70][{"path":"unbase/index/activity","actions":16}]
[1789483240.484][2026-09-15 07:40:40][subbas-macbook-air.local][99289][SQLite][debug][5][Transaction commit complete: 70][{"path":"unbase/index/activity"}]
[1789483240.484][2026-09-15 07:40:40][subbas-macbook-air.local][99289][SQLite][debug][9][Storing SQLite JSON Object: unbase/records/activity/amu2s497fm51spkq][]
[1789483240.484][2026-09-15 07:40:40][subbas-macbook-air.local][99289][SQLite][debug][9][Store complete: unbase/records/activity/amu2s497fm51spkq][]
[1789483240.484][2026-09-15 07:40:40][subbas-macbook-air.local][99289][SQLite][debug][9][Fetching SQLite Object: unbase/index/activity/_data/amu2s497fm51spkq][]
[1789483240.485][2026-09-15 07:40:40][subbas-macbook-air.local][99289][SQLite][debug][9][Cached JSON fetch complete: unbase/index/activity/_id][]
[1789483240.485][2026-09-15 07:40:40][subbas-macbook-air.local][99289][SQLite][debug][9][Cached JSON fetch complete: unbase/index/activity/_id/data][]
[1789483240.485][2026-09-15 07:40:40][subbas-macbook-air.local][99289][SQLite][debug][9][Fetching SQLite Object: unbase/index/activity/keywords/word/io_wait][]
[1789483240.486][2026-09-15 07:40:40][subbas-macbook-air.local][99289][SQLite][debug][9][Cached JSON fetch complete: unbase/index/activity/action/word/monitor_create][]
[1789483240.486][2026-09-15 07:40:40][subbas-macbook-air.local][99289][SQLite][debug][9][Cached JSON fetch complete: unbase/index/activity/keywords/word/admin][]
[1789483240.486][2026-09-15 07:40:40][subbas-macbook-air.local][99289][SQLite][debug][9][Cached JSON fetch complete: unbase/index/activity/date/summary][]
[1789483240.486][2026-09-15 07:40:40][subbas-macbook-air.local][99289][SQLite][debug][9][Cached JSON fetch complete: unbase/index/activity/date/word/497078][]
[1789483240.486][2026-09-15 07:40:40][subbas-macbook-air.local][99289][SQLite][debug][9][Cached JSON fetch complete: unbase/index/activity/date/word/h497000][]
[1789483240.486][2026-09-15 07:40:40][subbas-macbook-air.local][99289][SQLite][debug][9][Cached JSON fetch complete: unbase/index/activity/date/word/t497000][]
[1789483240.486][2026-09-15 07:40:40][subbas-macbook-air.local][99289][SQLite][debug][9][Cached JSON fetch complete: unbase/index/activity/action/word/monitor_create/data][]
[1789483240.486][2026-09-15 07:40:40][subbas-macbook-air.local][99289][SQLite][debug][9][Cached JSON fetch complete: unbase/index/activity/keywords/word/admin/data][]
[1789483240.486][2026-09-15 07:40:40][subbas-macbook-air.local][99289][SQLite][debug][9][Cached JSON fetch complete: unbase/index/activity/date/word/497078/data][]
[1789483240.487][2026-09-15 07:40:40][subbas-macbook-air.local][99289][SQLite][debug][9][Cached JSON fetch complete: unbase/index/activity/date/word/h497000/data][]
[1789483240.487][2026-09-15 07:40:40][subbas-macbook-air.local][99289][SQLite][debug][9][Cached JSON fetch complete: unbase/index/activity/date/word/t497000/data][]
[1789483240.488][2026-09-15 07:40:40][subbas-macbook-air.local][99289][SQLite][debug][5][Beginning transaction commit: 71][{"path":"unbase/index/activity","actions":16}]
[1789483240.488][2026-09-15 07:40:40][subbas-macbook-air.local][99289][SQLite][debug][5][Transaction commit complete: 71][{"path":"unbase/index/activity"}]
[1789483240.488][2026-09-15 07:40:40][subbas-macbook-air.local][99289][SQLite][debug][9][Storing SQLite JSON Object: unbase/records/activity/amu2s497fm6jkwwd][]
[1789483240.488][2026-09-15 07:40:40][subbas-macbook-air.local][99289][SQLite][debug][9][Store complete: unbase/records/activity/amu2s497fm6jkwwd][]
[1789483240.489][2026-09-15 07:40:40][subbas-macbook-air.local][99289][SQLite][debug][9][Fetching SQLite Object: unbase/index/activity/_data/amu2s497fm6jkwwd][]
[1789483240.489][2026-09-15 07:40:40][subbas-macbook-air.local][99289][SQLite][debug][9][Cached JSON fetch complete: unbase/index/activity/_id][]
[1789483240.489][2026-09-15 07:40:40][subbas-macbook-air.local][99289][SQLite][debug][9][Cached JSON fetch complete: unbase/index/activity/_id/data][]
[1789483240.49][2026-09-15 07:40:40][subbas-macbook-air.local][99289][SQLite][debug][9][Cached JSON fetch complete: unbase/index/activity/action/word/monitor_create][]
[1789483240.49][2026-09-15 07:40:40][subbas-macbook-air.local][99289][SQLite][debug][9][Cached JSON fetch complete: unbase/index/activity/keywords/word/open_files][]
[1789483240.49][2026-09-15 07:40:40][subbas-macbook-air.local][99289][SQLite][debug][9][Cached JSON fetch complete: unbase/index/activity/keywords/word/admin][]
[1789483240.49][2026-09-15 07:40:40][subbas-macbook-air.local][99289][SQLite][debug][9][Cached JSON fetch complete: unbase/index/activity/date/summary][]
[1789483240.49][2026-09-15 07:40:40][subbas-macbook-air.local][99289][SQLite][debug][9][Cached JSON fetch complete: unbase/index/activity/date/word/497078][]
[1789483240.49][2026-09-15 07:40:40][subbas-macbook-air.local][99289][SQLite][debug][9][Cached JSON fetch complete: unbase/index/activity/date/word/h497000][]
[1789483240.49][2026-09-15 07:40:40][subbas-macbook-air.local][99289][SQLite][debug][9][Cached JSON fetch complete: unbase/index/activity/date/word/t497000][]
[1789483240.49][2026-09-15 07:40:40][subbas-macbook-air.local][99289][SQLite][debug][9][Cached JSON fetch complete: unbase/index/activity/action/word/monitor_create/data][]
[1789483240.49][2026-09-15 07:40:40][subbas-macbook-air.local][99289][SQLite][debug][9][Cached JSON fetch complete: unbase/index/activity/keywords/word/open_files/data][]
[1789483240.49][2026-09-15 07:40:40][subbas-macbook-air.local][99289][SQLite][debug][9][Cached JSON fetch complete: unbase/index/activity/keywords/word/admin/data][]
[1789483240.491][2026-09-15 07:40:40][subbas-macbook-air.local][99289][SQLite][debug][9][Cached JSON fetch complete: unbase/index/activity/date/word/497078/data][]
[1789483240.491][2026-09-15 07:40:40][subbas-macbook-air.local][99289][SQLite][debug][9][Cached JSON fetch complete: unbase/index/activity/date/word/h497000/data][]
[1789483240.491][2026-09-15 07:40:40][subbas-macbook-air.local][99289][SQLite][debug][9][Cached JSON fetch complete: unbase/index/activity/date/word/t497000/data][]
[1789483240.492][2026-09-15 07:40:40][subbas-macbook-air.local][99289][SQLite][debug][5][Beginning transaction commit: 72][{"path":"unbase/index/activity","actions":16}]
[1789483240.492][2026-09-15 07:40:40][subbas-macbook-air.local][99289][SQLite][debug][5][Transaction commit complete: 72][{"path":"unbase/index/activity"}]
[1789483240.492][2026-09-15 07:40:40][subbas-macbook-air.local][99289][SQLite][debug][9][Storing SQLite JSON Object: unbase/records/activity/amu2s497fm7kvww4][]
[1789483240.492][2026-09-15 07:40:40][subbas-macbook-air.local][99289][SQLite][debug][9][Store complete: unbase/records/activity/amu2s497fm7kvww4][]
[1789483240.492][2026-09-15 07:40:40][subbas-macbook-air.local][99289][SQLite][debug][9][Fetching SQLite Object: unbase/index/activity/_data/amu2s497fm7kvww4][]
[1789483240.493][2026-09-15 07:40:40][subbas-macbook-air.local][99289][SQLite][debug][9][Cached JSON fetch complete: unbase/index/activity/_id][]
[1789483240.493][2026-09-15 07:40:40][subbas-macbook-air.local][99289][SQLite][debug][9][Cached JSON fetch complete: unbase/index/activity/_id/data][]
[1789483240.494][2026-09-15 07:40:40][subbas-macbook-air.local][99289][SQLite][debug][9][Fetching SQLite Object: unbase/index/activity/keywords/word/os_bytes_in_sec][]
[1789483240.494][2026-09-15 07:40:40][subbas-macbook-air.local][99289][SQLite][debug][9][Cached JSON fetch complete: unbase/index/activity/action/word/monitor_create][]
[1789483240.494][2026-09-15 07:40:40][subbas-macbook-air.local][99289][SQLite][debug][9][Cached JSON fetch complete: unbase/index/activity/keywords/word/admin][]
[1789483240.494][2026-09-15 07:40:40][subbas-macbook-air.local][99289][SQLite][debug][9][Cached JSON fetch complete: unbase/index/activity/date/summary][]
[1789483240.494][2026-09-15 07:40:40][subbas-macbook-air.local][99289][SQLite][debug][9][Cached JSON fetch complete: unbase/index/activity/date/word/497078][]
[1789483240.494][2026-09-15 07:40:40][subbas-macbook-air.local][99289][SQLite][debug][9][Cached JSON fetch complete: unbase/index/activity/date/word/h497000][]
[1789483240.494][2026-09-15 07:40:40][subbas-macbook-air.local][99289][SQLite][debug][9][Cached JSON fetch complete: unbase/index/activity/date/word/t497000][]
[1789483240.494][2026-09-15 07:40:40][subbas-macbook-air.local][99289][SQLite][debug][9][Cached JSON fetch complete: unbase/index/activity/action/word/monitor_create/data][]
[1789483240.495][2026-09-15 07:40:40][subbas-macbook-air.local][99289][SQLite][debug][9][Cached JSON fetch complete: unbase/index/activity/keywords/word/admin/data][]
[1789483240.495][2026-09-15 07:40:40][subbas-macbook-air.local][99289][SQLite][debug][9][Cached JSON fetch complete: unbase/index/activity/date/word/497078/data][]
[1789483240.495][2026-09-15 07:40:40][subbas-macbook-air.local][99289][SQLite][debug][9][Cached JSON fetch complete: unbase/index/activity/date/word/h497000/data][]
[1789483240.495][2026-09-15 07:40:40][subbas-macbook-air.local][99289][SQLite][debug][9][Cached JSON fetch complete: unbase/index/activity/date/word/t497000/data][]
[1789483240.498][2026-09-15 07:40:40][subbas-macbook-air.local][99289][SQLite][debug][5][Beginning transaction commit: 73][{"path":"unbase/index/activity","actions":16}]
[1789483240.499][2026-09-15 07:40:40][subbas-macbook-air.local][99289][SQLite][debug][5][Transaction commit complete: 73][{"path":"unbase/index/activity"}]
[1789483240.499][2026-09-15 07:40:40][subbas-macbook-air.local][99289][SQLite][debug][9][Storing SQLite JSON Object: unbase/records/activity/amu2s497fm8d46zf][]
[1789483240.499][2026-09-15 07:40:40][subbas-macbook-air.local][99289][SQLite][debug][9][Store complete: unbase/records/activity/amu2s497fm8d46zf][]
[1789483240.5][2026-09-15 07:40:40][subbas-macbook-air.local][99289][SQLite][debug][9][Fetching SQLite Object: unbase/index/activity/_data/amu2s497fm8d46zf][]
[1789483240.5][2026-09-15 07:40:40][subbas-macbook-air.local][99289][SQLite][debug][9][Cached JSON fetch complete: unbase/index/activity/_id][]
[1789483240.5][2026-09-15 07:40:40][subbas-macbook-air.local][99289][SQLite][debug][9][Cached JSON fetch complete: unbase/index/activity/_id/data][]
[1789483240.501][2026-09-15 07:40:40][subbas-macbook-air.local][99289][SQLite][debug][9][Fetching SQLite Object: unbase/index/activity/keywords/word/os_bytes_out_sec][]
[1789483240.501][2026-09-15 07:40:40][subbas-macbook-air.local][99289][SQLite][debug][9][Cached JSON fetch complete: unbase/index/activity/action/word/monitor_create][]
[1789483240.501][2026-09-15 07:40:40][subbas-macbook-air.local][99289][SQLite][debug][9][Cached JSON fetch complete: unbase/index/activity/keywords/word/admin][]
[1789483240.501][2026-09-15 07:40:40][subbas-macbook-air.local][99289][SQLite][debug][9][Cached JSON fetch complete: unbase/index/activity/date/summary][]
[1789483240.501][2026-09-15 07:40:40][subbas-macbook-air.local][99289][SQLite][debug][9][Cached JSON fetch complete: unbase/index/activity/date/word/497078][]
[1789483240.501][2026-09-15 07:40:40][subbas-macbook-air.local][99289][SQLite][debug][9][Cached JSON fetch complete: unbase/index/activity/date/word/h497000][]
[1789483240.502][2026-09-15 07:40:40][subbas-macbook-air.local][99289][SQLite][debug][9][Cached JSON fetch complete: unbase/index/activity/date/word/t497000][]
[1789483240.502][2026-09-15 07:40:40][subbas-macbook-air.local][99289][SQLite][debug][9][Cached JSON fetch complete: unbase/index/activity/action/word/monitor_create/data][]
[1789483240.502][2026-09-15 07:40:40][subbas-macbook-air.local][99289][SQLite][debug][9][Cached JSON fetch complete: unbase/index/activity/keywords/word/admin/data][]
[1789483240.502][2026-09-15 07:40:40][subbas-macbook-air.local][99289][SQLite][debug][9][Cached JSON fetch complete: unbase/index/activity/date/word/497078/data][]
[1789483240.502][2026-09-15 07:40:40][subbas-macbook-air.local][99289][SQLite][debug][9][Cached JSON fetch complete: unbase/index/activity/date/word/h497000/data][]
[1789483240.502][2026-09-15 07:40:40][subbas-macbook-air.local][99289][SQLite][debug][9][Cached JSON fetch complete: unbase/index/activity/date/word/t497000/data][]
[1789483240.503][2026-09-15 07:40:40][subbas-macbook-air.local][99289][SQLite][debug][5][Beginning transaction commit: 74][{"path":"unbase/index/activity","actions":16}]
[1789483240.503][2026-09-15 07:40:40][subbas-macbook-air.local][99289][SQLite][debug][5][Transaction commit complete: 74][{"path":"unbase/index/activity"}]
[1789483240.504][2026-09-15 07:40:40][subbas-macbook-air.local][99289][SQLite][debug][9][Storing SQLite JSON Object: unbase/records/activity/amu2s497fm9c5edf][]
[1789483240.504][2026-09-15 07:40:40][subbas-macbook-air.local][99289][SQLite][debug][9][Store complete: unbase/records/activity/amu2s497fm9c5edf][]
[1789483240.504][2026-09-15 07:40:40][subbas-macbook-air.local][99289][SQLite][debug][9][Fetching SQLite Object: unbase/index/activity/_data/amu2s497fm9c5edf][]
[1789483240.504][2026-09-15 07:40:40][subbas-macbook-air.local][99289][SQLite][debug][9][Cached JSON fetch complete: unbase/index/activity/_id][]
[1789483240.504][2026-09-15 07:40:40][subbas-macbook-air.local][99289][SQLite][debug][9][Cached JSON fetch complete: unbase/index/activity/_id/data][]
[1789483240.505][2026-09-15 07:40:40][subbas-macbook-air.local][99289][SQLite][debug][9][Fetching SQLite Object: unbase/index/activity/keywords/word/total_procs][]
[1789483240.505][2026-09-15 07:40:40][subbas-macbook-air.local][99289][SQLite][debug][9][Cached JSON fetch complete: unbase/index/activity/action/word/monitor_create][]
[1789483240.505][2026-09-15 07:40:40][subbas-macbook-air.local][99289][SQLite][debug][9][Cached JSON fetch complete: unbase/index/activity/keywords/word/admin][]
[1789483240.505][2026-09-15 07:40:40][subbas-macbook-air.local][99289][SQLite][debug][9][Cached JSON fetch complete: unbase/index/activity/date/summary][]
[1789483240.505][2026-09-15 07:40:40][subbas-macbook-air.local][99289][SQLite][debug][9][Cached JSON fetch complete: unbase/index/activity/date/word/497078][]
[1789483240.505][2026-09-15 07:40:40][subbas-macbook-air.local][99289][SQLite][debug][9][Cached JSON fetch complete: unbase/index/activity/date/word/h497000][]
[1789483240.505][2026-09-15 07:40:40][subbas-macbook-air.local][99289][SQLite][debug][9][Cached JSON fetch complete: unbase/index/activity/date/word/t497000][]
[1789483240.506][2026-09-15 07:40:40][subbas-macbook-air.local][99289][SQLite][debug][9][Cached JSON fetch complete: unbase/index/activity/action/word/monitor_create/data][]
[1789483240.506][2026-09-15 07:40:40][subbas-macbook-air.local][99289][SQLite][debug][9][Cached JSON fetch complete: unbase/index/activity/keywords/word/admin/data][]
[1789483240.506][2026-09-15 07:40:40][subbas-macbook-air.local][99289][SQLite][debug][9][Cached JSON fetch complete: unbase/index/activity/date/word/497078/data][]
[1789483240.506][2026-09-15 07:40:40][subbas-macbook-air.local][99289][SQLite][debug][9][Cached JSON fetch complete: unbase/index/activity/date/word/h497000/data][]
[1789483240.506][2026-09-15 07:40:40][subbas-macbook-air.local][99289][SQLite][debug][9][Cached JSON fetch complete: unbase/index/activity/date/word/t497000/data][]
[1789483240.507][2026-09-15 07:40:40][subbas-macbook-air.local][99289][SQLite][debug][5][Beginning transaction commit: 75][{"path":"unbase/index/activity","actions":16}]
[1789483240.507][2026-09-15 07:40:40][subbas-macbook-air.local][99289][SQLite][debug][5][Transaction commit complete: 75][{"path":"unbase/index/activity"}]
[1789483240.507][2026-09-15 07:40:40][subbas-macbook-air.local][99289][SQLite][debug][9][Storing SQLite JSON Object: unbase/records/activity/amu2s497fma2iov9][]
[1789483240.507][2026-09-15 07:40:40][subbas-macbook-air.local][99289][SQLite][debug][9][Store complete: unbase/records/activity/amu2s497fma2iov9][]
[1789483240.508][2026-09-15 07:40:40][subbas-macbook-air.local][99289][SQLite][debug][9][Fetching SQLite Object: unbase/index/activity/_data/amu2s497fma2iov9][]
[1789483240.508][2026-09-15 07:40:40][subbas-macbook-air.local][99289][SQLite][debug][9][Cached JSON fetch complete: unbase/index/activity/_id][]
[1789483240.508][2026-09-15 07:40:40][subbas-macbook-air.local][99289][SQLite][debug][9][Cached JSON fetch complete: unbase/index/activity/_id/data][]
[1789483240.509][2026-09-15 07:40:40][subbas-macbook-air.local][99289][SQLite][debug][9][Fetching SQLite Object: unbase/index/activity/keywords/word/active_jobs][]
[1789483240.509][2026-09-15 07:40:40][subbas-macbook-air.local][99289][SQLite][debug][9][Cached JSON fetch complete: unbase/index/activity/action/word/monitor_create][]
[1789483240.509][2026-09-15 07:40:40][subbas-macbook-air.local][99289][SQLite][debug][9][Cached JSON fetch complete: unbase/index/activity/keywords/word/admin][]
[1789483240.509][2026-09-15 07:40:40][subbas-macbook-air.local][99289][SQLite][debug][9][Cached JSON fetch complete: unbase/index/activity/date/summary][]
[1789483240.509][2026-09-15 07:40:40][subbas-macbook-air.local][99289][SQLite][debug][9][Cached JSON fetch complete: unbase/index/activity/date/word/497078][]
[1789483240.509][2026-09-15 07:40:40][subbas-macbook-air.local][99289][SQLite][debug][9][Cached JSON fetch complete: unbase/index/activity/date/word/h497000][]
[1789483240.509][2026-09-15 07:40:40][subbas-macbook-air.local][99289][SQLite][debug][9][Cached JSON fetch complete: unbase/index/activity/date/word/t497000][]
[1789483240.509][2026-09-15 07:40:40][subbas-macbook-air.local][99289][SQLite][debug][9][Cached JSON fetch complete: unbase/index/activity/action/word/monitor_create/data][]
[1789483240.509][2026-09-15 07:40:40][subbas-macbook-air.local][99289][SQLite][debug][9][Cached JSON fetch complete: unbase/index/activity/keywords/word/admin/data][]
[1789483240.51][2026-09-15 07:40:40][subbas-macbook-air.local][99289][SQLite][debug][9][Cached JSON fetch complete: unbase/index/activity/date/word/497078/data][]
[1789483240.51][2026-09-15 07:40:40][subbas-macbook-air.local][99289][SQLite][debug][9][Cached JSON fetch complete: unbase/index/activity/date/word/h497000/data][]
[1789483240.51][2026-09-15 07:40:40][subbas-macbook-air.local][99289][SQLite][debug][9][Cached JSON fetch complete: unbase/index/activity/date/word/t497000/data][]
[1789483240.511][2026-09-15 07:40:40][subbas-macbook-air.local][99289][SQLite][debug][5][Beginning transaction commit: 76][{"path":"unbase/index/activity","actions":16}]
[1789483240.511][2026-09-15 07:40:40][subbas-macbook-air.local][99289][SQLite][debug][5][Transaction commit complete: 76][{"path":"unbase/index/activity"}]
[1789483240.511][2026-09-15 07:40:40][subbas-macbook-air.local][99289][SQLite][debug][9][Storing SQLite JSON Object: unbase/records/activity/amu2s497fmbg8eld][]
[1789483240.511][2026-09-15 07:40:40][subbas-macbook-air.local][99289][SQLite][debug][9][Store complete: unbase/records/activity/amu2s497fmbg8eld][]
[1789483240.511][2026-09-15 07:40:40][subbas-macbook-air.local][99289][SQLite][debug][9][Fetching SQLite Object: unbase/index/activity/_data/amu2s497fmbg8eld][]
[1789483240.512][2026-09-15 07:40:40][subbas-macbook-air.local][99289][SQLite][debug][9][Cached JSON fetch complete: unbase/index/activity/_id][]
[1789483240.512][2026-09-15 07:40:40][subbas-macbook-air.local][99289][SQLite][debug][9][Cached JSON fetch complete: unbase/index/activity/_id/data][]
[1789483240.512][2026-09-15 07:40:40][subbas-macbook-air.local][99289][SQLite][debug][9][Fetching SQLite Object: unbase/index/activity/action/word/alert_create][]
[1789483240.512][2026-09-15 07:40:40][subbas-macbook-air.local][99289][SQLite][debug][9][Fetching SQLite Object: unbase/index/activity/keywords/word/load_avg_high][]
[1789483240.513][2026-09-15 07:40:40][subbas-macbook-air.local][99289][SQLite][debug][9][Cached JSON fetch complete: unbase/index/activity/keywords/word/admin][]
[1789483240.513][2026-09-15 07:40:40][subbas-macbook-air.local][99289][SQLite][debug][9][Cached JSON fetch complete: unbase/index/activity/date/summary][]
[1789483240.513][2026-09-15 07:40:40][subbas-macbook-air.local][99289][SQLite][debug][9][Cached JSON fetch complete: unbase/index/activity/date/word/497078][]
[1789483240.513][2026-09-15 07:40:40][subbas-macbook-air.local][99289][SQLite][debug][9][Cached JSON fetch complete: unbase/index/activity/date/word/h497000][]
[1789483240.513][2026-09-15 07:40:40][subbas-macbook-air.local][99289][SQLite][debug][9][Cached JSON fetch complete: unbase/index/activity/date/word/t497000][]
[1789483240.513][2026-09-15 07:40:40][subbas-macbook-air.local][99289][SQLite][debug][9][Cached JSON fetch complete: unbase/index/activity/keywords/word/admin/data][]
[1789483240.514][2026-09-15 07:40:40][subbas-macbook-air.local][99289][SQLite][debug][9][Cached JSON fetch complete: unbase/index/activity/date/word/497078/data][]
[1789483240.514][2026-09-15 07:40:40][subbas-macbook-air.local][99289][SQLite][debug][9][Cached JSON fetch complete: unbase/index/activity/date/word/h497000/data][]
[1789483240.514][2026-09-15 07:40:40][subbas-macbook-air.local][99289][SQLite][debug][9][Cached JSON fetch complete: unbase/index/activity/date/word/t497000/data][]
[1789483240.515][2026-09-15 07:40:40][subbas-macbook-air.local][99289][SQLite][debug][5][Beginning transaction commit: 77][{"path":"unbase/index/activity","actions":16}]
[1789483240.515][2026-09-15 07:40:40][subbas-macbook-air.local][99289][SQLite][debug][5][Transaction commit complete: 77][{"path":"unbase/index/activity"}]
[1789483240.516][2026-09-15 07:40:40][subbas-macbook-air.local][99289][SQLite][debug][9][Storing SQLite JSON Object: unbase/records/activity/amu2s497fmcopdxo][]
[1789483240.516][2026-09-15 07:40:40][subbas-macbook-air.local][99289][SQLite][debug][9][Store complete: unbase/records/activity/amu2s497fmcopdxo][]
[1789483240.516][2026-09-15 07:40:40][subbas-macbook-air.local][99289][SQLite][debug][9][Fetching SQLite Object: unbase/index/activity/_data/amu2s497fmcopdxo][]
[1789483240.517][2026-09-15 07:40:40][subbas-macbook-air.local][99289][SQLite][debug][9][Cached JSON fetch complete: unbase/index/activity/_id][]
[1789483240.517][2026-09-15 07:40:40][subbas-macbook-air.local][99289][SQLite][debug][9][Cached JSON fetch complete: unbase/index/activity/_id/data][]
[1789483240.517][2026-09-15 07:40:40][subbas-macbook-air.local][99289][SQLite][debug][9][Fetching SQLite Object: unbase/index/activity/keywords/word/mem_free_low][]
[1789483240.518][2026-09-15 07:40:40][subbas-macbook-air.local][99289][SQLite][debug][9][Cached JSON fetch complete: unbase/index/activity/action/word/alert_create][]
[1789483240.518][2026-09-15 07:40:40][subbas-macbook-air.local][99289][SQLite][debug][9][Cached JSON fetch complete: unbase/index/activity/keywords/word/admin][]
[1789483240.518][2026-09-15 07:40:40][subbas-macbook-air.local][99289][SQLite][debug][9][Cached JSON fetch complete: unbase/index/activity/date/summary][]
[1789483240.518][2026-09-15 07:40:40][subbas-macbook-air.local][99289][SQLite][debug][9][Cached JSON fetch complete: unbase/index/activity/date/word/497078][]
[1789483240.518][2026-09-15 07:40:40][subbas-macbook-air.local][99289][SQLite][debug][9][Cached JSON fetch complete: unbase/index/activity/date/word/h497000][]
[1789483240.518][2026-09-15 07:40:40][subbas-macbook-air.local][99289][SQLite][debug][9][Cached JSON fetch complete: unbase/index/activity/date/word/t497000][]
[1789483240.518][2026-09-15 07:40:40][subbas-macbook-air.local][99289][SQLite][debug][9][Cached JSON fetch complete: unbase/index/activity/action/word/alert_create/data][]
[1789483240.518][2026-09-15 07:40:40][subbas-macbook-air.local][99289][SQLite][debug][9][Cached JSON fetch complete: unbase/index/activity/keywords/word/admin/data][]
[1789483240.518][2026-09-15 07:40:40][subbas-macbook-air.local][99289][SQLite][debug][9][Cached JSON fetch complete: unbase/index/activity/date/word/497078/data][]
[1789483240.518][2026-09-15 07:40:40][subbas-macbook-air.local][99289][SQLite][debug][9][Cached JSON fetch complete: unbase/index/activity/date/word/h497000/data][]
[1789483240.518][2026-09-15 07:40:40][subbas-macbook-air.local][99289][SQLite][debug][9][Cached JSON fetch complete: unbase/index/activity/date/word/t497000/data][]
[1789483240.519][2026-09-15 07:40:40][subbas-macbook-air.local][99289][SQLite][debug][5][Beginning transaction commit: 78][{"path":"unbase/index/activity","actions":16}]
[1789483240.519][2026-09-15 07:40:40][subbas-macbook-air.local][99289][SQLite][debug][5][Transaction commit complete: 78][{"path":"unbase/index/activity"}]
[1789483240.52][2026-09-15 07:40:40][subbas-macbook-air.local][99289][SQLite][debug][9][Storing SQLite JSON Object: unbase/records/activity/amu2s497fmddtq57][]
[1789483240.52][2026-09-15 07:40:40][subbas-macbook-air.local][99289][SQLite][debug][9][Store complete: unbase/records/activity/amu2s497fmddtq57][]
[1789483240.52][2026-09-15 07:40:40][subbas-macbook-air.local][99289][SQLite][debug][9][Fetching SQLite Object: unbase/index/activity/_data/amu2s497fmddtq57][]
[1789483240.521][2026-09-15 07:40:40][subbas-macbook-air.local][99289][SQLite][debug][9][Cached JSON fetch complete: unbase/index/activity/_id][]
[1789483240.521][2026-09-15 07:40:40][subbas-macbook-air.local][99289][SQLite][debug][9][Cached JSON fetch complete: unbase/index/activity/_id/data][]
[1789483240.521][2026-09-15 07:40:40][subbas-macbook-air.local][99289][SQLite][debug][9][Fetching SQLite Object: unbase/index/activity/keywords/word/io_wait_high][]
[1789483240.521][2026-09-15 07:40:40][subbas-macbook-air.local][99289][SQLite][debug][9][Cached JSON fetch complete: unbase/index/activity/action/word/alert_create][]
[1789483240.522][2026-09-15 07:40:40][subbas-macbook-air.local][99289][SQLite][debug][9][Cached JSON fetch complete: unbase/index/activity/keywords/word/admin][]
[1789483240.522][2026-09-15 07:40:40][subbas-macbook-air.local][99289][SQLite][debug][9][Cached JSON fetch complete: unbase/index/activity/date/summary][]
[1789483240.522][2026-09-15 07:40:40][subbas-macbook-air.local][99289][SQLite][debug][9][Cached JSON fetch complete: unbase/index/activity/date/word/497078][]
[1789483240.522][2026-09-15 07:40:40][subbas-macbook-air.local][99289][SQLite][debug][9][Cached JSON fetch complete: unbase/index/activity/date/word/h497000][]
[1789483240.522][2026-09-15 07:40:40][subbas-macbook-air.local][99289][SQLite][debug][9][Cached JSON fetch complete: unbase/index/activity/date/word/t497000][]
[1789483240.522][2026-09-15 07:40:40][subbas-macbook-air.local][99289][SQLite][debug][9][Cached JSON fetch complete: unbase/index/activity/action/word/alert_create/data][]
[1789483240.522][2026-09-15 07:40:40][subbas-macbook-air.local][99289][SQLite][debug][9][Cached JSON fetch complete: unbase/index/activity/keywords/word/admin/data][]
[1789483240.522][2026-09-15 07:40:40][subbas-macbook-air.local][99289][SQLite][debug][9][Cached JSON fetch complete: unbase/index/activity/date/word/497078/data][]
[1789483240.522][2026-09-15 07:40:40][subbas-macbook-air.local][99289][SQLite][debug][9][Cached JSON fetch complete: unbase/index/activity/date/word/h497000/data][]
[1789483240.522][2026-09-15 07:40:40][subbas-macbook-air.local][99289][SQLite][debug][9][Cached JSON fetch complete: unbase/index/activity/date/word/t497000/data][]
[1789483240.523][2026-09-15 07:40:40][subbas-macbook-air.local][99289][SQLite][debug][5][Beginning transaction commit: 79][{"path":"unbase/index/activity","actions":16}]
[1789483240.523][2026-09-15 07:40:40][subbas-macbook-air.local][99289][SQLite][debug][5][Transaction commit complete: 79][{"path":"unbase/index/activity"}]
[1789483240.524][2026-09-15 07:40:40][subbas-macbook-air.local][99289][SQLite][debug][9][Storing SQLite JSON Object: unbase/records/activity/amu2s497fmeivniv][]
[1789483240.524][2026-09-15 07:40:40][subbas-macbook-air.local][99289][SQLite][debug][9][Store complete: unbase/records/activity/amu2s497fmeivniv][]
[1789483240.524][2026-09-15 07:40:40][subbas-macbook-air.local][99289][SQLite][debug][9][Fetching SQLite Object: unbase/index/activity/_data/amu2s497fmeivniv][]
[1789483240.524][2026-09-15 07:40:40][subbas-macbook-air.local][99289][SQLite][debug][9][Cached JSON fetch complete: unbase/index/activity/_id][]
[1789483240.524][2026-09-15 07:40:40][subbas-macbook-air.local][99289][SQLite][debug][9][Cached JSON fetch complete: unbase/index/activity/_id/data][]
[1789483240.525][2026-09-15 07:40:40][subbas-macbook-air.local][99289][SQLite][debug][9][Fetching SQLite Object: unbase/index/activity/keywords/word/disk_usage_root_high][]
[1789483240.525][2026-09-15 07:40:40][subbas-macbook-air.local][99289][SQLite][debug][9][Cached JSON fetch complete: unbase/index/activity/action/word/alert_create][]
[1789483240.525][2026-09-15 07:40:40][subbas-macbook-air.local][99289][SQLite][debug][9][Cached JSON fetch complete: unbase/index/activity/keywords/word/admin][]
[1789483240.525][2026-09-15 07:40:40][subbas-macbook-air.local][99289][SQLite][debug][9][Cached JSON fetch complete: unbase/index/activity/date/summary][]
[1789483240.525][2026-09-15 07:40:40][subbas-macbook-air.local][99289][SQLite][debug][9][Cached JSON fetch complete: unbase/index/activity/date/word/497078][]
[1789483240.525][2026-09-15 07:40:40][subbas-macbook-air.local][99289][SQLite][debug][9][Cached JSON fetch complete: unbase/index/activity/date/word/h497000][]
[1789483240.525][2026-09-15 07:40:40][subbas-macbook-air.local][99289][SQLite][debug][9][Cached JSON fetch complete: unbase/index/activity/date/word/t497000][]
[1789483240.526][2026-09-15 07:40:40][subbas-macbook-air.local][99289][SQLite][debug][9][Cached JSON fetch complete: unbase/index/activity/action/word/alert_create/data][]
[1789483240.526][2026-09-15 07:40:40][subbas-macbook-air.local][99289][SQLite][debug][9][Cached JSON fetch complete: unbase/index/activity/keywords/word/admin/data][]
[1789483240.526][2026-09-15 07:40:40][subbas-macbook-air.local][99289][SQLite][debug][9][Cached JSON fetch complete: unbase/index/activity/date/word/497078/data][]
[1789483240.526][2026-09-15 07:40:40][subbas-macbook-air.local][99289][SQLite][debug][9][Cached JSON fetch complete: unbase/index/activity/date/word/h497000/data][]
[1789483240.526][2026-09-15 07:40:40][subbas-macbook-air.local][99289][SQLite][debug][9][Cached JSON fetch complete: unbase/index/activity/date/word/t497000/data][]
[1789483240.527][2026-09-15 07:40:40][subbas-macbook-air.local][99289][SQLite][debug][5][Beginning transaction commit: 80][{"path":"unbase/index/activity","actions":16}]
[1789483240.527][2026-09-15 07:40:40][subbas-macbook-air.local][99289][SQLite][debug][5][Transaction commit complete: 80][{"path":"unbase/index/activity"}]
[1789483240.527][2026-09-15 07:40:40][subbas-macbook-air.local][99289][SQLite][debug][9][Storing SQLite JSON Object: unbase/records/activity/amu2s497fmf8eild][]
[1789483240.528][2026-09-15 07:40:40][subbas-macbook-air.local][99289][SQLite][debug][9][Store complete: unbase/records/activity/amu2s497fmf8eild][]
[1789483240.528][2026-09-15 07:40:40][subbas-macbook-air.local][99289][SQLite][debug][9][Fetching SQLite Object: unbase/index/activity/_data/amu2s497fmf8eild][]
[1789483240.528][2026-09-15 07:40:40][subbas-macbook-air.local][99289][SQLite][debug][9][Cached JSON fetch complete: unbase/index/activity/_id][]
[1789483240.528][2026-09-15 07:40:40][subbas-macbook-air.local][99289][SQLite][debug][9][Cached JSON fetch complete: unbase/index/activity/_id/data][]
[1789483240.529][2026-09-15 07:40:40][subbas-macbook-air.local][99289][SQLite][debug][9][Fetching SQLite Object: unbase/index/activity/keywords/word/active_jobs_high][]
[1789483240.529][2026-09-15 07:40:40][subbas-macbook-air.local][99289][SQLite][debug][9][Cached JSON fetch complete: unbase/index/activity/action/word/alert_create][]
[1789483240.529][2026-09-15 07:40:40][subbas-macbook-air.local][99289][SQLite][debug][9][Cached JSON fetch complete: unbase/index/activity/keywords/word/admin][]
[1789483240.529][2026-09-15 07:40:40][subbas-macbook-air.local][99289][SQLite][debug][9][Cached JSON fetch complete: unbase/index/activity/date/summary][]
[1789483240.529][2026-09-15 07:40:40][subbas-macbook-air.local][99289][SQLite][debug][9][Cached JSON fetch complete: unbase/index/activity/date/word/497078][]
[1789483240.529][2026-09-15 07:40:40][subbas-macbook-air.local][99289][SQLite][debug][9][Cached JSON fetch complete: unbase/index/activity/date/word/h497000][]
[1789483240.529][2026-09-15 07:40:40][subbas-macbook-air.local][99289][SQLite][debug][9][Cached JSON fetch complete: unbase/index/activity/date/word/t497000][]
[1789483240.529][2026-09-15 07:40:40][subbas-macbook-air.local][99289][SQLite][debug][9][Cached JSON fetch complete: unbase/index/activity/action/word/alert_create/data][]
[1789483240.53][2026-09-15 07:40:40][subbas-macbook-air.local][99289][SQLite][debug][9][Cached JSON fetch complete: unbase/index/activity/keywords/word/admin/data][]
[1789483240.53][2026-09-15 07:40:40][subbas-macbook-air.local][99289][SQLite][debug][9][Cached JSON fetch complete: unbase/index/activity/date/word/497078/data][]
[1789483240.53][2026-09-15 07:40:40][subbas-macbook-air.local][99289][SQLite][debug][9][Cached JSON fetch complete: unbase/index/activity/date/word/h497000/data][]
[1789483240.53][2026-09-15 07:40:40][subbas-macbook-air.local][99289][SQLite][debug][9][Cached JSON fetch complete: unbase/index/activity/date/word/t497000/data][]
[1789483240.531][2026-09-15 07:40:40][subbas-macbook-air.local][99289][SQLite][debug][5][Beginning transaction commit: 81][{"path":"unbase/index/activity","actions":16}]
[1789483240.531][2026-09-15 07:40:40][subbas-macbook-air.local][99289][SQLite][debug][5][Transaction commit complete: 81][{"path":"unbase/index/activity"}]
[1789483240.532][2026-09-15 07:40:40][subbas-macbook-air.local][99289][SQLite][debug][9][Cached JSON fetch complete: global/api_keys][]
[1789483240.532][2026-09-15 07:40:40][subbas-macbook-air.local][99289][SQLite][debug][9][Cached JSON fetch complete: global/api_keys/0][]
[1789483240.532][2026-09-15 07:40:40][subbas-macbook-air.local][99289][SQLite][debug][9][Cached JSON fetch complete: global/groups][]
[1789483240.532][2026-09-15 07:40:40][subbas-macbook-air.local][99289][SQLite][debug][9][Cached JSON fetch complete: global/groups/0][]
[1789483240.532][2026-09-15 07:40:40][subbas-macbook-air.local][99289][SQLite][debug][9][Cached JSON fetch complete: global/plugins][]
[1789483240.532][2026-09-15 07:40:40][subbas-macbook-air.local][99289][SQLite][debug][9][Cached JSON fetch complete: global/plugins/0][]
[1789483240.533][2026-09-15 07:40:40][subbas-macbook-air.local][99289][SQLite][debug][9][Cached JSON fetch complete: global/categories][]
[1789483240.533][2026-09-15 07:40:40][subbas-macbook-air.local][99289][SQLite][debug][9][Cached JSON fetch complete: global/categories/0][]
[1789483240.533][2026-09-15 07:40:40][subbas-macbook-air.local][99289][SQLite][debug][9][Cached JSON fetch complete: global/events][]
[1789483240.533][2026-09-15 07:40:40][subbas-macbook-air.local][99289][SQLite][debug][9][Cached JSON fetch complete: global/events/0][]
[1789483240.533][2026-09-15 07:40:40][subbas-macbook-air.local][99289][SQLite][debug][9][Cached JSON fetch complete: global/channels][]
[1789483240.533][2026-09-15 07:40:40][subbas-macbook-air.local][99289][SQLite][debug][9][Cached JSON fetch complete: global/channels/0][]
[1789483240.533][2026-09-15 07:40:40][subbas-macbook-air.local][99289][SQLite][debug][9][Cached JSON fetch complete: global/web_hooks][]
[1789483240.533][2026-09-15 07:40:40][subbas-macbook-air.local][99289][SQLite][debug][9][Cached JSON fetch complete: global/web_hooks/0][]
[1789483240.534][2026-09-15 07:40:40][subbas-macbook-air.local][99289][SQLite][debug][9][Cached JSON fetch complete: global/buckets][]
[1789483240.534][2026-09-15 07:40:40][subbas-macbook-air.local][99289][SQLite][debug][9][Cached JSON fetch complete: global/buckets/0][]
[1789483240.534][2026-09-15 07:40:40][subbas-macbook-air.local][99289][SQLite][debug][9][Cached JSON fetch complete: global/secrets][]
[1789483240.534][2026-09-15 07:40:40][subbas-macbook-air.local][99289][SQLite][debug][9][Cached JSON fetch complete: global/secrets/0][]
[1789483240.534][2026-09-15 07:40:40][subbas-macbook-air.local][99289][SQLite][debug][9][Cached JSON fetch complete: global/monitors][]
[1789483240.534][2026-09-15 07:40:40][subbas-macbook-air.local][99289][SQLite][debug][9][Cached JSON fetch complete: global/monitors/0][]
[1789483240.534][2026-09-15 07:40:40][subbas-macbook-air.local][99289][SQLite][debug][9][Cached JSON fetch complete: global/alerts][]
[1789483240.535][2026-09-15 07:40:40][subbas-macbook-air.local][99289][SQLite][debug][9][Cached JSON fetch complete: global/alerts/0][]
[1789483240.535][2026-09-15 07:40:40][subbas-macbook-air.local][99289][SQLite][debug][9][Cached JSON fetch complete: global/tags][]
[1789483240.535][2026-09-15 07:40:40][subbas-macbook-air.local][99289][SQLite][debug][9][Cached JSON fetch complete: global/tags/0][]
[1789483240.535][2026-09-15 07:40:40][subbas-macbook-air.local][99289][SQLite][debug][9][Cached JSON fetch complete: global/roles][]
[1789483240.535][2026-09-15 07:40:40][subbas-macbook-air.local][99289][SQLite][debug][9][Cached JSON fetch complete: global/roles/0][]
[1789483240.535][2026-09-15 07:40:40][subbas-macbook-air.local][99289][SQLite][debug][9][Cached JSON fetch complete: global/state][]
[1789483240.54][2026-09-15 07:40:40][subbas-macbook-air.local][99289][SQLite][debug][9][Fetching SQLite Object: unbase/index/alerts/active/word/true][]
[1789483240.541][2026-09-15 07:40:40][subbas-macbook-air.local][99289][SQLite][debug][9][Fetching SQLite Object: unbase/index/alerts/active/word/true/data][]
[1789483241.857][2026-09-15 07:40:41][subbas-macbook-air.local][99289][SQLite][debug][9][Fetching SQLite Object: sessions/16aaf557ef0a8e9042276b9cdf664df98c9c454850c95cfe479b1e713af64e5b][]
[1789483285.748][2026-09-15 07:41:25][subbas-macbook-air.local][99289][SQLite][debug][9][Cached JSON fetch complete: users/admin][]
[1789483285.841][2026-09-15 07:41:25][subbas-macbook-air.local][99289][SQLite][debug][9][Cached JSON fetch complete: global/users][]
[1789483285.841][2026-09-15 07:41:25][subbas-macbook-air.local][99289][SQLite][debug][9][Cached JSON fetch complete: global/users/0][]
[1789483285.841][2026-09-15 07:41:25][subbas-macbook-air.local][99289][SQLite][debug][9][Cached JSON fetch complete: users/admin][]
[1789483285.841][2026-09-15 07:41:25][subbas-macbook-air.local][99289][SQLite][debug][9][Storing SQLite JSON Object: sessions/8397ca50eb4879dce3d919e8099169f80bc7650ee26249f4066858e5526e7d4a][]
[1789483285.841][2026-09-15 07:41:25][subbas-macbook-air.local][99289][SQLite][debug][9][Store complete: sessions/8397ca50eb4879dce3d919e8099169f80bc7650ee26249f4066858e5526e7d4a][]
[1789483285.842][2026-09-15 07:41:25][subbas-macbook-air.local][99289][SQLite][debug][9][Storing SQLite JSON Object: unbase/records/activity/amu2s58b6sq2bmlf][]
[1789483285.843][2026-09-15 07:41:25][subbas-macbook-air.local][99289][SQLite][debug][9][Store complete: unbase/records/activity/amu2s58b6sq2bmlf][]
[1789483285.843][2026-09-15 07:41:25][subbas-macbook-air.local][99289][SQLite][debug][9][Fetching SQLite Object: unbase/index/activity/_data/amu2s58b6sq2bmlf][]
[1789483285.844][2026-09-15 07:41:25][subbas-macbook-air.local][99289][SQLite][debug][9][Cached JSON fetch complete: unbase/index/activity/_id][]
[1789483285.844][2026-09-15 07:41:25][subbas-macbook-air.local][99289][SQLite][debug][9][Cached JSON fetch complete: unbase/index/activity/_id/data][]
[1789483285.845][2026-09-15 07:41:25][subbas-macbook-air.local][99289][SQLite][debug][9][Fetching SQLite Object: _cleanup/2027/09/15][]
[1789483285.845][2026-09-15 07:41:25][subbas-macbook-air.local][99289][SQLite][debug][9][Fetching SQLite Object: security/admin][]
[1789483285.845][2026-09-15 07:41:25][subbas-macbook-air.local][99289][SQLite][debug][9][Fetching SQLite Object: unbase/index/activity/action/word/user_login][]
[1789483285.845][2026-09-15 07:41:25][subbas-macbook-air.local][99289][SQLite][debug][9][Fetching SQLite Object: unbase/index/activity/keywords/word/1][]
[1789483285.846][2026-09-15 07:41:25][subbas-macbook-air.local][99289][SQLite][debug][9][Cached JSON fetch complete: unbase/index/activity/keywords/word/admin][]
[1789483285.846][2026-09-15 07:41:25][subbas-macbook-air.local][99289][SQLite][debug][9][Cached JSON fetch complete: unbase/index/activity/date/summary][]
[1789483285.846][2026-09-15 07:41:25][subbas-macbook-air.local][99289][SQLite][debug][9][Cached JSON fetch complete: unbase/index/activity/date/word/497078][]
[1789483285.846][2026-09-15 07:41:25][subbas-macbook-air.local][99289][SQLite][debug][9][Cached JSON fetch complete: unbase/index/activity/date/word/h497000][]
[1789483285.846][2026-09-15 07:41:25][subbas-macbook-air.local][99289][SQLite][debug][9][Cached JSON fetch complete: unbase/index/activity/date/word/t497000][]
[1789483285.846][2026-09-15 07:41:25][subbas-macbook-air.local][99289][SQLite][debug][9][Cached JSON fetch complete: unbase/index/activity/keywords/word/admin/data][]
[1789483285.847][2026-09-15 07:41:25][subbas-macbook-air.local][99289][SQLite][debug][9][Cached JSON fetch complete: unbase/index/activity/date/word/497078/data][]
[1789483285.847][2026-09-15 07:41:25][subbas-macbook-air.local][99289][SQLite][debug][9][Cached JSON fetch complete: unbase/index/activity/date/word/h497000/data][]
[1789483285.847][2026-09-15 07:41:25][subbas-macbook-air.local][99289][SQLite][debug][9][Cached JSON fetch complete: unbase/index/activity/date/word/t497000/data][]
[1789483285.853][2026-09-15 07:41:25][subbas-macbook-air.local][99289][SQLite][debug][5][Beginning transaction commit: 83][{"path":"_cleanup/2027/09/15","actions":2}]
[1789483285.853][2026-09-15 07:41:25][subbas-macbook-air.local][99289][SQLite][debug][5][Transaction commit complete: 83][{"path":"_cleanup/2027/09/15"}]
[1789483285.854][2026-09-15 07:41:25][subbas-macbook-air.local][99289][SQLite][debug][5][Beginning transaction commit: 84][{"path":"security/admin","actions":2}]
[1789483285.854][2026-09-15 07:41:25][subbas-macbook-air.local][99289][SQLite][debug][5][Transaction commit complete: 84][{"path":"security/admin"}]
[1789483285.855][2026-09-15 07:41:25][subbas-macbook-air.local][99289][SQLite][debug][5][Beginning transaction commit: 82][{"path":"unbase/index/activity","actions":16}]
[1789483285.856][2026-09-15 07:41:25][subbas-macbook-air.local][99289][SQLite][debug][5][Transaction commit complete: 82][{"path":"unbase/index/activity"}]
[1789483285.868][2026-09-15 07:41:25][subbas-macbook-air.local][99289][SQLite][debug][9][Cached JSON fetch complete: sessions/8397ca50eb4879dce3d919e8099169f80bc7650ee26249f4066858e5526e7d4a][]
[1789483285.868][2026-09-15 07:41:25][subbas-macbook-air.local][99289][SQLite][debug][9][Cached JSON fetch complete: users/admin][]
[1789483286.39][2026-09-15 07:41:26][subbas-macbook-air.local][99289][SQLite][debug][9][Cached JSON fetch complete: sessions/8397ca50eb4879dce3d919e8099169f80bc7650ee26249f4066858e5526e7d4a][]
[1789483286.391][2026-09-15 07:41:26][subbas-macbook-air.local][99289][SQLite][debug][9][Cached JSON fetch complete: users/admin][]
[1789483286.869][2026-09-15 07:41:26][subbas-macbook-air.local][99289][SQLite][debug][9][Cached JSON fetch complete: sessions/8397ca50eb4879dce3d919e8099169f80bc7650ee26249f4066858e5526e7d4a][]
[1789483286.869][2026-09-15 07:41:26][subbas-macbook-air.local][99289][SQLite][debug][9][Cached JSON fetch complete: users/admin][]
[1789483287.361][2026-09-15 07:41:27][subbas-macbook-air.local][99289][SQLite][debug][9][Cached JSON fetch complete: sessions/8397ca50eb4879dce3d919e8099169f80bc7650ee26249f4066858e5526e7d4a][]
[1789483287.362][2026-09-15 07:41:27][subbas-macbook-air.local][99289][SQLite][debug][9][Cached JSON fetch complete: users/admin][]
[1789483299.517][2026-09-15 07:41:39][subbas-macbook-air.local][99289][SQLite][debug][9][Cached JSON fetch complete: sessions/8397ca50eb4879dce3d919e8099169f80bc7650ee26249f4066858e5526e7d4a][]
[1789483299.517][2026-09-15 07:41:39][subbas-macbook-air.local][99289][SQLite][debug][9][Cached JSON fetch complete: users/admin][]
[1789483338.031][2026-09-15 07:42:18][subbas-macbook-air.local][99289][SQLite][debug][9][Cached JSON fetch complete: sessions/8397ca50eb4879dce3d919e8099169f80bc7650ee26249f4066858e5526e7d4a][]
[1789483338.032][2026-09-15 07:42:18][subbas-macbook-air.local][99289][SQLite][debug][9][Cached JSON fetch complete: users/admin][]
[1789483338.123][2026-09-15 07:42:18][subbas-macbook-air.local][99289][SQLite][debug][9][Cached JSON fetch complete: users/admin][]
[1789483338.178][2026-09-15 07:42:18][subbas-macbook-air.local][99289][SQLite][debug][9][Storing SQLite JSON Object: users/admin][]
[1789483338.178][2026-09-15 07:42:18][subbas-macbook-air.local][99289][SQLite][debug][9][Store complete: users/admin][]
[1789483338.179][2026-09-15 07:42:18][subbas-macbook-air.local][99289][SQLite][debug][9][Storing SQLite JSON Object: unbase/records/activity/amu2s6coztc7pcrn][]
[1789483338.18][2026-09-15 07:42:18][subbas-macbook-air.local][99289][SQLite][debug][9][Store complete: unbase/records/activity/amu2s6coztc7pcrn][]
[1789483338.18][2026-09-15 07:42:18][subbas-macbook-air.local][99289][SQLite][debug][9][Fetching SQLite Object: unbase/index/activity/_data/amu2s6coztc7pcrn][]
[1789483338.181][2026-09-15 07:42:18][subbas-macbook-air.local][99289][SQLite][debug][9][Cached JSON fetch complete: unbase/index/activity/_id][]
[1789483338.181][2026-09-15 07:42:18][subbas-macbook-air.local][99289][SQLite][debug][9][Cached JSON fetch complete: unbase/index/activity/_id/data][]
[1789483338.182][2026-09-15 07:42:18][subbas-macbook-air.local][99289][SQLite][debug][9][Fetching SQLite Object: unbase/index/activity/action/word/user_update][]
[1789483338.183][2026-09-15 07:42:18][subbas-macbook-air.local][99289][SQLite][debug][9][Cached JSON fetch complete: security/admin][]
[1789483338.183][2026-09-15 07:42:18][subbas-macbook-air.local][99289][SQLite][debug][9][Cached JSON fetch complete: unbase/index/activity/keywords/word/1][]
[1789483338.183][2026-09-15 07:42:18][subbas-macbook-air.local][99289][SQLite][debug][9][Cached JSON fetch complete: unbase/index/activity/keywords/word/admin][]
[1789483338.183][2026-09-15 07:42:18][subbas-macbook-air.local][99289][SQLite][debug][9][Cached JSON fetch complete: unbase/index/activity/date/summary][]
[1789483338.183][2026-09-15 07:42:18][subbas-macbook-air.local][99289][SQLite][debug][9][Cached JSON fetch complete: unbase/index/activity/date/word/497078][]
[1789483338.183][2026-09-15 07:42:18][subbas-macbook-air.local][99289][SQLite][debug][9][Cached JSON fetch complete: unbase/index/activity/date/word/h497000][]
[1789483338.183][2026-09-15 07:42:18][subbas-macbook-air.local][99289][SQLite][debug][9][Cached JSON fetch complete: unbase/index/activity/date/word/t497000][]
[1789483338.183][2026-09-15 07:42:18][subbas-macbook-air.local][99289][SQLite][debug][9][Cached JSON fetch complete: security/admin/0][]
[1789483338.183][2026-09-15 07:42:18][subbas-macbook-air.local][99289][SQLite][debug][9][Cached JSON fetch complete: unbase/index/activity/keywords/word/1/data][]
[1789483338.183][2026-09-15 07:42:18][subbas-macbook-air.local][99289][SQLite][debug][9][Cached JSON fetch complete: unbase/index/activity/keywords/word/admin/data][]
[1789483338.183][2026-09-15 07:42:18][subbas-macbook-air.local][99289][SQLite][debug][9][Cached JSON fetch complete: unbase/index/activity/date/word/497078/data][]
[1789483338.183][2026-09-15 07:42:18][subbas-macbook-air.local][99289][SQLite][debug][9][Cached JSON fetch complete: unbase/index/activity/date/word/h497000/data][]
[1789483338.183][2026-09-15 07:42:18][subbas-macbook-air.local][99289][SQLite][debug][9][Cached JSON fetch complete: unbase/index/activity/date/word/t497000/data][]
[1789483338.185][2026-09-15 07:42:18][subbas-macbook-air.local][99289][SQLite][debug][5][Beginning transaction commit: 86][{"path":"security/admin","actions":2}]
[1789483338.185][2026-09-15 07:42:18][subbas-macbook-air.local][99289][SQLite][debug][5][Transaction commit complete: 86][{"path":"security/admin"}]
[1789483338.186][2026-09-15 07:42:18][subbas-macbook-air.local][99289][SQLite][debug][9][Cached JSON fetch complete: security/admin][]
[1789483338.186][2026-09-15 07:42:18][subbas-macbook-air.local][99289][SQLite][debug][9][Cached JSON fetch complete: security/admin/0][]
[1789483338.226][2026-09-15 07:42:18][subbas-macbook-air.local][99289][SQLite][debug][5][Beginning transaction commit: 87][{"path":"security/admin","actions":2}]
[1789483338.227][2026-09-15 07:42:18][subbas-macbook-air.local][99289][SQLite][debug][5][Transaction commit complete: 87][{"path":"security/admin"}]
[1789483338.244][2026-09-15 07:42:18][subbas-macbook-air.local][99289][SQLite][debug][9][Cached JSON fetch complete: sessions/8397ca50eb4879dce3d919e8099169f80bc7650ee26249f4066858e5526e7d4a][]
[1789483338.244][2026-09-15 07:42:18][subbas-macbook-air.local][99289][SQLite][debug][9][Cached JSON fetch complete: users/admin][]
[1789483338.246][2026-09-15 07:42:18][subbas-macbook-air.local][99289][SQLite][debug][5][Beginning transaction commit: 85][{"path":"unbase/index/activity","actions":16}]
[1789483338.246][2026-09-15 07:42:18][subbas-macbook-air.local][99289][SQLite][debug][5][Transaction commit complete: 85][{"path":"unbase/index/activity"}]
[1789483338.254][2026-09-15 07:42:18][subbas-macbook-air.local][99289][SQLite][debug][9][Cached JSON fetch complete: sessions/8397ca50eb4879dce3d919e8099169f80bc7650ee26249f4066858e5526e7d4a][]
[1789483338.254][2026-09-15 07:42:18][subbas-macbook-air.local][99289][SQLite][debug][9][Cached JSON fetch complete: users/admin][]
[1789483338.255][2026-09-15 07:42:18][subbas-macbook-air.local][99289][SQLite][debug][9][Cached JSON fetch complete: global/stats][]
[1789483338.255][2026-09-15 07:42:18][subbas-macbook-air.local][99289][SQLite][debug][9][Cached JSON fetch complete: global/stats/0][]
[1789483338.264][2026-09-15 07:42:18][subbas-macbook-air.local][99289][SQLite][debug][9][Cached JSON fetch complete: sessions/8397ca50eb4879dce3d919e8099169f80bc7650ee26249f4066858e5526e7d4a][]
[1789483338.264][2026-09-15 07:42:18][subbas-macbook-air.local][99289][SQLite][debug][9][Cached JSON fetch complete: users/admin][]
[1789483338.265][2026-09-15 07:42:18][subbas-macbook-air.local][99289][SQLite][debug][9][Cached JSON fetch complete: global/stats][]
[1789483338.265][2026-09-15 07:42:18][subbas-macbook-air.local][99289][SQLite][debug][9][Cached JSON fetch complete: global/stats/0][]
[1789483628.83][2026-09-15 07:47:08][subbas-macbook-air.local][99289][SQLite][debug][9][Cached JSON fetch complete: sessions/8397ca50eb4879dce3d919e8099169f80bc7650ee26249f4066858e5526e7d4a][]
[1789483628.832][2026-09-15 07:47:08][subbas-macbook-air.local][99289][SQLite][debug][9][Cached JSON fetch complete: users/admin][]
[1789483628.836][2026-09-15 07:47:08][subbas-macbook-air.local][99289][SQLite][debug][9][Cached JSON fetch complete: global/events][]
[1789483628.836][2026-09-15 07:47:08][subbas-macbook-air.local][99289][SQLite][debug][9][Cached JSON fetch complete: global/events/0][]
[1789483628.839][2026-09-15 07:47:08][subbas-macbook-air.local][99289][SQLite][debug][5][Beginning transaction commit: 88][{"path":"global/events","actions":2}]
[1789483628.84][2026-09-15 07:47:08][subbas-macbook-air.local][99289][SQLite][debug][5][Transaction commit complete: 88][{"path":"global/events"}]
[1789483628.843][2026-09-15 07:47:08][subbas-macbook-air.local][99289][SQLite][debug][9][Storing SQLite JSON Object: unbase/records/activity/amu2sckyyv0g8f3x][]
[1789483628.845][2026-09-15 07:47:08][subbas-macbook-air.local][99289][SQLite][debug][9][Store complete: unbase/records/activity/amu2sckyyv0g8f3x][]
[1789483628.845][2026-09-15 07:47:08][subbas-macbook-air.local][99289][SQLite][debug][9][Fetching SQLite Object: unbase/index/activity/_data/amu2sckyyv0g8f3x][]
[1789483628.847][2026-09-15 07:47:08][subbas-macbook-air.local][99289][SQLite][debug][9][Cached JSON fetch complete: unbase/index/activity/_id][]
[1789483628.847][2026-09-15 07:47:08][subbas-macbook-air.local][99289][SQLite][debug][9][Cached JSON fetch complete: unbase/index/activity/_id/data][]
[1789483628.847][2026-09-15 07:47:08][subbas-macbook-air.local][99289][SQLite][debug][9][Fetching SQLite Object: unbase/index/activity/action/word/event_create][]
[1789483628.848][2026-09-15 07:47:08][subbas-macbook-air.local][99289][SQLite][debug][9][Fetching SQLite Object: unbase/index/activity/keywords/word/emu2sckyhuzou1hh][]
[1789483628.85][2026-09-15 07:47:08][subbas-macbook-air.local][99289][SQLite][debug][9][Cached JSON fetch complete: unbase/index/activity/keywords/word/1][]
[1789483628.85][2026-09-15 07:47:08][subbas-macbook-air.local][99289][SQLite][debug][9][Cached JSON fetch complete: unbase/index/activity/keywords/word/admin][]
[1789483628.85][2026-09-15 07:47:08][subbas-macbook-air.local][99289][SQLite][debug][9][Cached JSON fetch complete: unbase/index/activity/date/summary][]
[1789483628.85][2026-09-15 07:47:08][subbas-macbook-air.local][99289][SQLite][debug][9][Cached JSON fetch complete: unbase/index/activity/date/word/497078][]
[1789483628.85][2026-09-15 07:47:08][subbas-macbook-air.local][99289][SQLite][debug][9][Cached JSON fetch complete: unbase/index/activity/date/word/h497000][]
[1789483628.85][2026-09-15 07:47:08][subbas-macbook-air.local][99289][SQLite][debug][9][Cached JSON fetch complete: unbase/index/activity/date/word/t497000][]
[1789483628.85][2026-09-15 07:47:08][subbas-macbook-air.local][99289][SQLite][debug][9][Cached JSON fetch complete: unbase/index/activity/keywords/word/1/data][]
[1789483628.851][2026-09-15 07:47:08][subbas-macbook-air.local][99289][SQLite][debug][9][Cached JSON fetch complete: unbase/index/activity/keywords/word/admin/data][]
[1789483628.851][2026-09-15 07:47:08][subbas-macbook-air.local][99289][SQLite][debug][9][Cached JSON fetch complete: unbase/index/activity/date/word/497078/data][]
[1789483628.851][2026-09-15 07:47:08][subbas-macbook-air.local][99289][SQLite][debug][9][Cached JSON fetch complete: unbase/index/activity/date/word/h497000/data][]
[1789483628.851][2026-09-15 07:47:08][subbas-macbook-air.local][99289][SQLite][debug][9][Cached JSON fetch complete: unbase/index/activity/date/word/t497000/data][]
[1789483628.855][2026-09-15 07:47:08][subbas-macbook-air.local][99289][SQLite][debug][5][Beginning transaction commit: 89][{"path":"unbase/index/activity","actions":18}]
[1789483628.855][2026-09-15 07:47:08][subbas-macbook-air.local][99289][SQLite][debug][5][Transaction commit complete: 89][{"path":"unbase/index/activity"}]
[1789483628.87][2026-09-15 07:47:08][subbas-macbook-air.local][99289][SQLite][debug][9][Cached JSON fetch complete: sessions/8397ca50eb4879dce3d919e8099169f80bc7650ee26249f4066858e5526e7d4a][]
[1789483628.87][2026-09-15 07:47:08][subbas-macbook-air.local][99289][SQLite][debug][9][Cached JSON fetch complete: users/admin][]
[1789483628.872][2026-09-15 07:47:08][subbas-macbook-air.local][99289][SQLite][debug][9][Fetching SQLite Object: unbase/index/jobs/event/word/emu2sckyhuzou1hh][]
[1789483628.873][2026-09-15 07:47:08][subbas-macbook-air.local][99289][SQLite][debug][9][Fetching SQLite Object: unbase/index/jobs/event/word/emu2sckyhuzou1hh/data][]
[1789483628.926][2026-09-15 07:47:08][subbas-macbook-air.local][99289][SQLite][debug][9][Cached JSON fetch complete: sessions/8397ca50eb4879dce3d919e8099169f80bc7650ee26249f4066858e5526e7d4a][]
[1789483628.926][2026-09-15 07:47:08][subbas-macbook-air.local][99289][SQLite][debug][9][Cached JSON fetch complete: users/admin][]
[1789483628.968][2026-09-15 07:47:08][subbas-macbook-air.local][99289][SQLite][debug][9][Cached JSON fetch complete: sessions/8397ca50eb4879dce3d919e8099169f80bc7650ee26249f4066858e5526e7d4a][]
[1789483628.968][2026-09-15 07:47:08][subbas-macbook-air.local][99289][SQLite][debug][9][Cached JSON fetch complete: users/admin][]
[1789483628.97][2026-09-15 07:47:08][subbas-macbook-air.local][99289][SQLite][debug][9][Cached JSON fetch complete: unbase/index/activity/keywords/word/emu2sckyhuzou1hh][]
[1789483628.971][2026-09-15 07:47:08][subbas-macbook-air.local][99289][SQLite][debug][9][Cached JSON fetch complete: unbase/index/activity/action/word/event_create/data][]
[1789483628.971][2026-09-15 07:47:08][subbas-macbook-air.local][99289][SQLite][debug][9][Fetching SQLite Object: unbase/index/activity/action/word/event_update/data][]
[1789483628.972][2026-09-15 07:47:08][subbas-macbook-air.local][99289][SQLite][debug][9][Fetching SQLite Object: unbase/index/activity/action/word/event_delete/data][]
[1789483628.973][2026-09-15 07:47:08][subbas-macbook-air.local][99289][SQLite][debug][9][Cached JSON fetch complete: unbase/index/activity/keywords/word/emu2sckyhuzou1hh/data][]
[1789483628.973][2026-09-15 07:47:08][subbas-macbook-air.local][99289][SQLite][debug][9][Cached JSON fetch complete: unbase/records/activity/amu2sckyyv0g8f3x][]
[1789483628.978][2026-09-15 07:47:08][subbas-macbook-air.local][99289][SQLite][debug][9][Cached JSON fetch complete: sessions/8397ca50eb4879dce3d919e8099169f80bc7650ee26249f4066858e5526e7d4a][]
[1789483628.978][2026-09-15 07:47:08][subbas-macbook-air.local][99289][SQLite][debug][9][Cached JSON fetch complete: users/admin][]
[1789483628.979][2026-09-15 07:47:08][subbas-macbook-air.local][99289][SQLite][debug][9][Cached JSON fetch complete: global/stats][]
[1789483628.979][2026-09-15 07:47:08][subbas-macbook-air.local][99289][SQLite][debug][9][Cached JSON fetch complete: global/stats/0][]
[1789483629.026][2026-09-15 07:47:09][subbas-macbook-air.local][99289][SQLite][debug][9][Storing SQLite JSON Object: global/state][]
[1789483629.027][2026-09-15 07:47:09][subbas-macbook-air.local][99289][SQLite][debug][9][Store complete: global/state][]
[1789483650.134][2026-09-15 07:47:30][subbas-macbook-air.local][99289][SQLite][debug][9][Cached JSON fetch complete: sessions/8397ca50eb4879dce3d919e8099169f80bc7650ee26249f4066858e5526e7d4a][]
[1789483650.134][2026-09-15 07:47:30][subbas-macbook-air.local][99289][SQLite][debug][9][Cached JSON fetch complete: users/admin][]
[1789483650.174][2026-09-15 07:47:30][subbas-macbook-air.local][99289][SQLite][debug][9][Cached JSON fetch complete: sessions/8397ca50eb4879dce3d919e8099169f80bc7650ee26249f4066858e5526e7d4a][]
[1789483650.174][2026-09-15 07:47:30][subbas-macbook-air.local][99289][SQLite][debug][9][Cached JSON fetch complete: users/admin][]
[1789483650.175][2026-09-15 07:47:30][subbas-macbook-air.local][99289][SQLite][debug][9][Cached JSON fetch complete: global/stats][]
[1789483650.175][2026-09-15 07:47:30][subbas-macbook-air.local][99289][SQLite][debug][9][Cached JSON fetch complete: global/stats/0][]
[1789483800.047][2026-09-15 07:50:00][subbas-macbook-air.local][99289][SQLite][debug][9][Storing SQLite JSON Object: unbase/records/jobs/jmu2sg924w2n4thh][]
[1789483800.048][2026-09-15 07:50:00][subbas-macbook-air.local][99289][SQLite][debug][9][Store complete: unbase/records/jobs/jmu2sg924w2n4thh][]
[1789483800.049][2026-09-15 07:50:00][subbas-macbook-air.local][99289][SQLite][debug][9][Fetching SQLite Object: unbase/index/jobs/_data/jmu2sg924w2n4thh][]
[1789483800.052][2026-09-15 07:50:00][subbas-macbook-air.local][99289][SQLite][debug][9][Fetching SQLite Object: unbase/index/jobs/_id][]
[1789483800.053][2026-09-15 07:50:00][subbas-macbook-air.local][99289][SQLite][debug][9][Fetching SQLite Object: unbase/index/jobs/code/word/abort][]
[1789483800.054][2026-09-15 07:50:00][subbas-macbook-air.local][99289][SQLite][debug][9][Fetching SQLite Object: unbase/index/jobs/date/summary][]
[1789483800.054][2026-09-15 07:50:00][subbas-macbook-air.local][99289][SQLite][debug][9][Fetching SQLite Object: unbase/index/jobs/date/word/497078][]
[1789483800.054][2026-09-15 07:50:00][subbas-macbook-air.local][99289][SQLite][debug][9][Fetching SQLite Object: unbase/index/jobs/date/word/h497000][]
[1789483800.055][2026-09-15 07:50:00][subbas-macbook-air.local][99289][SQLite][debug][9][Fetching SQLite Object: unbase/index/jobs/date/word/t497000][]
[1789483800.055][2026-09-15 07:50:00][subbas-macbook-air.local][99289][SQLite][debug][9][Fetching SQLite Object: unbase/index/jobs/source/word/scheduler][]
[1789483800.055][2026-09-15 07:50:00][subbas-macbook-air.local][99289][SQLite][debug][9][Fetching SQLite Object: unbase/index/jobs/tags/word/_error][]
[1789483800.056][2026-09-15 07:50:00][subbas-macbook-air.local][99289][SQLite][debug][9][Fetching SQLite Object: unbase/index/jobs/tags/word/_last][]
[1789483800.056][2026-09-15 07:50:00][subbas-macbook-air.local][99289][SQLite][debug][9][Fetching SQLite Object: unbase/index/jobs/category/word/general][]
[1789483800.056][2026-09-15 07:50:00][subbas-macbook-air.local][99289][SQLite][debug][9][Fetching SQLite Object: unbase/index/jobs/plugin/word/shellplug][]
[1789483800.066][2026-09-15 07:50:00][subbas-macbook-air.local][99289][SQLite][debug][9][Fetching SQLite Object: unbase/index/jobs/completed/sort][]
[1789483800.066][2026-09-15 07:50:00][subbas-macbook-air.local][99289][SQLite][debug][9][Fetching SQLite Object: unbase/index/jobs/elapsed/sort][]
[1789483800.068][2026-09-15 07:50:00][subbas-macbook-air.local][99289][SQLite][debug][5][Beginning transaction commit: 90][{"path":"unbase/index/jobs","actions":28}]
[1789483800.068][2026-09-15 07:50:00][subbas-macbook-air.local][99289][SQLite][debug][5][Transaction commit complete: 90][{"path":"unbase/index/jobs"}]
[1789483801.032][2026-09-15 07:50:01][subbas-macbook-air.local][99289][SQLite][debug][9][Storing SQLite JSON Object: global/state][]
[1789483801.033][2026-09-15 07:50:01][subbas-macbook-air.local][99289][SQLite][debug][9][Store complete: global/state][]
[1789483810.914][2026-09-15 07:50:10][subbas-macbook-air.local][99289][SQLite][debug][9][Cached JSON fetch complete: sessions/8397ca50eb4879dce3d919e8099169f80bc7650ee26249f4066858e5526e7d4a][]
[1789483810.917][2026-09-15 07:50:10][subbas-macbook-air.local][99289][SQLite][debug][9][Cached JSON fetch complete: users/admin][]
[1789483810.928][2026-09-15 07:50:10][subbas-macbook-air.local][99289][SQLite][debug][9][Cached JSON fetch complete: sessions/8397ca50eb4879dce3d919e8099169f80bc7650ee26249f4066858e5526e7d4a][]
[1789483810.928][2026-09-15 07:50:10][subbas-macbook-air.local][99289][SQLite][debug][9][Cached JSON fetch complete: users/admin][]
[1789483810.929][2026-09-15 07:50:10][subbas-macbook-air.local][99289][SQLite][debug][9][Cached JSON fetch complete: unbase/index/jobs/event/word/emu2sckyhuzou1hh][]
[1789483810.93][2026-09-15 07:50:10][subbas-macbook-air.local][99289][SQLite][debug][9][Cached JSON fetch complete: unbase/index/jobs/event/word/emu2sckyhuzou1hh/data][]
[1789483810.931][2026-09-15 07:50:10][subbas-macbook-air.local][99289][SQLite][debug][9][Cached JSON fetch complete: unbase/records/jobs/jmu2sg924w2n4thh][]
[1789483889.416][2026-09-15 07:51:29][subbas-macbook-air.local][99289][SQLite][debug][9][Cached JSON fetch complete: sessions/8397ca50eb4879dce3d919e8099169f80bc7650ee26249f4066858e5526e7d4a][]
[1789483889.416][2026-09-15 07:51:29][subbas-macbook-air.local][99289][SQLite][debug][9][Cached JSON fetch complete: users/admin][]
[1789483889.418][2026-09-15 07:51:29][subbas-macbook-air.local][99289][SQLite][debug][9][Cached JSON fetch complete: unbase/index/jobs/event/word/emu2sckyhuzou1hh][]
[1789483889.419][2026-09-15 07:51:29][subbas-macbook-air.local][99289][SQLite][debug][9][Cached JSON fetch complete: unbase/index/jobs/date/summary][]
[1789483889.42][2026-09-15 07:51:29][subbas-macbook-air.local][99289][SQLite][debug][9][Fetching SQLite Object: unbase/index/jobs/date/word/497071/data][]
[1789483889.421][2026-09-15 07:51:29][subbas-macbook-air.local][99289][SQLite][debug][9][Cached JSON fetch complete: unbase/index/jobs/date/word/497078/data][]
[1789483889.422][2026-09-15 07:51:29][subbas-macbook-air.local][99289][SQLite][debug][9][Cached JSON fetch complete: unbase/index/jobs/date/summary][]
[1789483889.423][2026-09-15 07:51:29][subbas-macbook-air.local][99289][SQLite][debug][9][Fetching SQLite Object: unbase/index/jobs/date/word/497094/data][]
[1789483889.424][2026-09-15 07:51:29][subbas-macbook-air.local][99289][SQLite][debug][9][Cached JSON fetch complete: unbase/index/jobs/date/word/497078/data][]
[1789483889.424][2026-09-15 07:51:29][subbas-macbook-air.local][99289][SQLite][debug][9][Cached JSON fetch complete: unbase/index/jobs/event/word/emu2sckyhuzou1hh/data][]
[1789483889.425][2026-09-15 07:51:29][subbas-macbook-air.local][99289][SQLite][debug][9][Cached JSON fetch complete: unbase/records/jobs/jmu2sg924w2n4thh][]
[1789483916.305][2026-09-15 07:51:56][subbas-macbook-air.local][99289][SQLite][debug][9][Cached JSON fetch complete: sessions/8397ca50eb4879dce3d919e8099169f80bc7650ee26249f4066858e5526e7d4a][]
[1789483916.306][2026-09-15 07:51:56][subbas-macbook-air.local][99289][SQLite][debug][9][Cached JSON fetch complete: users/admin][]
[1789483916.309][2026-09-15 07:51:56][subbas-macbook-air.local][99289][SQLite][debug][9][Cached JSON fetch complete: unbase/index/activity/_id/data][]
[1789483916.311][2026-09-15 07:51:56][subbas-macbook-air.local][99289][SQLite][debug][9][Cached JSON fetch complete: unbase/records/activity/amu2sckyyv0g8f3x][]
[1789483916.312][2026-09-15 07:51:56][subbas-macbook-air.local][99289][SQLite][debug][9][Cached JSON fetch complete: unbase/records/activity/amu2s6coztc7pcrn][]
[1789483916.313][2026-09-15 07:51:56][subbas-macbook-air.local][99289][SQLite][debug][9][Cached JSON fetch complete: unbase/records/activity/amu2s58b6sq2bmlf][]
[1789483916.314][2026-09-15 07:51:56][subbas-macbook-air.local][99289][SQLite][debug][9][Cached JSON fetch complete: unbase/records/activity/amu2s497fmf8eild][]
[1789483916.314][2026-09-15 07:51:56][subbas-macbook-air.local][99289][SQLite][debug][9][Cached JSON fetch complete: unbase/records/activity/amu2s497fmeivniv][]
[1789483916.314][2026-09-15 07:51:56][subbas-macbook-air.local][99289][SQLite][debug][9][Cached JSON fetch complete: unbase/records/activity/amu2s497fmddtq57][]
[1789483916.315][2026-09-15 07:51:56][subbas-macbook-air.local][99289][SQLite][debug][9][Cached JSON fetch complete: unbase/records/activity/amu2s497fmcopdxo][]
[1789483916.315][2026-09-15 07:51:56][subbas-macbook-air.local][99289][SQLite][debug][9][Cached JSON fetch complete: unbase/records/activity/amu2s497fmbg8eld][]
[1789483916.315][2026-09-15 07:51:56][subbas-macbook-air.local][99289][SQLite][debug][9][Cached JSON fetch complete: unbase/records/activity/amu2s497fma2iov9][]
[1789483916.315][2026-09-15 07:51:56][subbas-macbook-air.local][99289][SQLite][debug][9][Cached JSON fetch complete: unbase/records/activity/amu2s497fm9c5edf][]
[1789483916.315][2026-09-15 07:51:56][subbas-macbook-air.local][99289][SQLite][debug][9][Cached JSON fetch complete: unbase/records/activity/amu2s497fm8d46zf][]
[1789483916.315][2026-09-15 07:51:56][subbas-macbook-air.local][99289][SQLite][debug][9][Cached JSON fetch complete: unbase/records/activity/amu2s497fm7kvww4][]
[1789483916.316][2026-09-15 07:51:56][subbas-macbook-air.local][99289][SQLite][debug][9][Cached JSON fetch complete: unbase/records/activity/amu2s497fm6jkwwd][]
[1789483916.316][2026-09-15 07:51:56][subbas-macbook-air.local][99289][SQLite][debug][9][Cached JSON fetch complete: unbase/records/activity/amu2s497fm51spkq][]
[1789483916.316][2026-09-15 07:51:56][subbas-macbook-air.local][99289][SQLite][debug][9][Cached JSON fetch complete: unbase/records/activity/amu2s497fm4c6eok][]
[1789483916.316][2026-09-15 07:51:56][subbas-macbook-air.local][99289][SQLite][debug][9][Cached JSON fetch complete: unbase/records/activity/amu2s497fm3esz0g][]
[1789483916.316][2026-09-15 07:51:56][subbas-macbook-air.local][99289][SQLite][debug][9][Cached JSON fetch complete: unbase/records/activity/amu2s497fm2ug4sf][]
[1789483916.316][2026-09-15 07:51:56][subbas-macbook-air.local][99289][SQLite][debug][9][Cached JSON fetch complete: unbase/records/activity/amu2s497fm1sneqy][]
[1789483916.317][2026-09-15 07:51:56][subbas-macbook-air.local][99289][SQLite][debug][9][Cached JSON fetch complete: unbase/records/activity/amu2s497fm02tu72][]
[1789483916.317][2026-09-15 07:51:56][subbas-macbook-air.local][99289][SQLite][debug][9][Cached JSON fetch complete: unbase/records/activity/amu2s497flzp3rmb][]
[1789483916.317][2026-09-15 07:51:56][subbas-macbook-air.local][99289][SQLite][debug][9][Cached JSON fetch complete: unbase/records/activity/amu2s497flywfju7][]
[1789483916.317][2026-09-15 07:51:56][subbas-macbook-air.local][99289][SQLite][debug][9][Cached JSON fetch complete: unbase/records/activity/amu2s497flxb29rc][]
[1789483916.317][2026-09-15 07:51:56][subbas-macbook-air.local][99289][SQLite][debug][9][Cached JSON fetch complete: unbase/records/activity/amu2s497flwmzv28][]
[1789483916.318][2026-09-15 07:51:56][subbas-macbook-air.local][99289][SQLite][debug][9][Cached JSON fetch complete: unbase/records/activity/amu2s497elvgcu0d][]
[1789483916.318][2026-09-15 07:51:56][subbas-macbook-air.local][99289][SQLite][debug][9][Cached JSON fetch complete: unbase/records/activity/amu2s497elu9vnfc][]
[1789483916.318][2026-09-15 07:51:56][subbas-macbook-air.local][99289][SQLite][debug][9][Cached JSON fetch complete: unbase/records/activity/amu2s497eltf38a7][]
[1789483916.318][2026-09-15 07:51:56][subbas-macbook-air.local][99289][SQLite][debug][9][Cached JSON fetch complete: unbase/records/activity/amu2s497elsb4fn3][]
[1789483916.318][2026-09-15 07:51:56][subbas-macbook-air.local][99289][SQLite][debug][9][Cached JSON fetch complete: unbase/records/activity/amu2s497elrhwjet][]
[1789483916.318][2026-09-15 07:51:56][subbas-macbook-air.local][99289][SQLite][debug][9][Cached JSON fetch complete: unbase/records/activity/amu2s497elqn38yh][]
[1789483916.318][2026-09-15 07:51:56][subbas-macbook-air.local][99289][SQLite][debug][9][Cached JSON fetch complete: unbase/records/activity/amu2s497elpgec33][]
[1789483916.318][2026-09-15 07:51:56][subbas-macbook-air.local][99289][SQLite][debug][9][Cached JSON fetch complete: unbase/records/activity/amu2s497elofrsly][]
[1789483916.319][2026-09-15 07:51:56][subbas-macbook-air.local][99289][SQLite][debug][9][Cached JSON fetch complete: unbase/records/activity/amu2s497elnffa41][]
[1789483916.319][2026-09-15 07:51:56][subbas-macbook-air.local][99289][SQLite][debug][9][Cached JSON fetch complete: unbase/records/activity/amu2s497elm1px8f][]
[1789483916.319][2026-09-15 07:51:56][subbas-macbook-air.local][99289][SQLite][debug][9][Cached JSON fetch complete: unbase/records/activity/amu2s497ell06e25][]
[1789483916.319][2026-09-15 07:51:56][subbas-macbook-air.local][99289][SQLite][debug][9][Cached JSON fetch complete: unbase/records/activity/amu2s497elk64n42][]
[1789483944.986][2026-09-15 07:52:24][subbas-macbook-air.local][99289][SQLite][debug][9][Cached JSON fetch complete: sessions/8397ca50eb4879dce3d919e8099169f80bc7650ee26249f4066858e5526e7d4a][]
[1789483944.987][2026-09-15 07:52:24][subbas-macbook-air.local][99289][SQLite][debug][9][Cached JSON fetch complete: users/admin][]
[1789484186.84][2026-09-15 07:56:26][subbas-macbook-air.local][99289][SQLite][debug][9][Cached JSON fetch complete: sessions/8397ca50eb4879dce3d919e8099169f80bc7650ee26249f4066858e5526e7d4a][]
[1789484186.841][2026-09-15 07:56:26][subbas-macbook-air.local][99289][SQLite][debug][9][Cached JSON fetch complete: users/admin][]
[1789484195.421][2026-09-15 07:56:35][subbas-macbook-air.local][99289][SQLite][debug][9][Cached JSON fetch complete: sessions/8397ca50eb4879dce3d919e8099169f80bc7650ee26249f4066858e5526e7d4a][]
[1789484195.422][2026-09-15 07:56:35][subbas-macbook-air.local][99289][SQLite][debug][9][Cached JSON fetch complete: users/admin][]
[1789484222.213][2026-09-15 07:57:02][subbas-macbook-air.local][99289][SQLite][debug][9][Cached JSON fetch complete: sessions/8397ca50eb4879dce3d919e8099169f80bc7650ee26249f4066858e5526e7d4a][]
[1789484222.213][2026-09-15 07:57:02][subbas-macbook-air.local][99289][SQLite][debug][9][Cached JSON fetch complete: users/admin][]
[1789484235.564][2026-09-15 07:57:15][subbas-macbook-air.local][99289][SQLite][debug][9][Cached JSON fetch complete: sessions/8397ca50eb4879dce3d919e8099169f80bc7650ee26249f4066858e5526e7d4a][]
[1789484235.565][2026-09-15 07:57:15][subbas-macbook-air.local][99289][SQLite][debug][9][Cached JSON fetch complete: users/admin][]
[1789484244.197][2026-09-15 07:57:24][subbas-macbook-air.local][99289][SQLite][debug][9][Cached JSON fetch complete: sessions/8397ca50eb4879dce3d919e8099169f80bc7650ee26249f4066858e5526e7d4a][]
[1789484244.198][2026-09-15 07:57:24][subbas-macbook-air.local][99289][SQLite][debug][9][Cached JSON fetch complete: users/admin][]
[1789484253.903][2026-09-15 07:57:33][subbas-macbook-air.local][99289][SQLite][debug][9][Cached JSON fetch complete: sessions/8397ca50eb4879dce3d919e8099169f80bc7650ee26249f4066858e5526e7d4a][]
[1789484253.903][2026-09-15 07:57:33][subbas-macbook-air.local][99289][SQLite][debug][9][Cached JSON fetch complete: users/admin][]
[1789484298.969][2026-09-15 07:58:18][subbas-macbook-air.local][99289][SQLite][debug][9][Cached JSON fetch complete: sessions/8397ca50eb4879dce3d919e8099169f80bc7650ee26249f4066858e5526e7d4a][]
[1789484298.97][2026-09-15 07:58:18][subbas-macbook-air.local][99289][SQLite][debug][9][Cached JSON fetch complete: users/admin][]
[1789484301.625][2026-09-15 07:58:21][subbas-macbook-air.local][99289][SQLite][debug][9][Cached JSON fetch complete: sessions/8397ca50eb4879dce3d919e8099169f80bc7650ee26249f4066858e5526e7d4a][]
[1789484301.626][2026-09-15 07:58:21][subbas-macbook-air.local][99289][SQLite][debug][9][Cached JSON fetch complete: users/admin][]
[1789484316.843][2026-09-15 07:58:36][subbas-macbook-air.local][99289][SQLite][debug][9][Cached JSON fetch complete: sessions/8397ca50eb4879dce3d919e8099169f80bc7650ee26249f4066858e5526e7d4a][]
[1789484316.843][2026-09-15 07:58:36][subbas-macbook-air.local][99289][SQLite][debug][9][Cached JSON fetch complete: users/admin][]
[1789484333.917][2026-09-15 07:58:53][subbas-macbook-air.local][99289][SQLite][debug][9][Cached JSON fetch complete: sessions/8397ca50eb4879dce3d919e8099169f80bc7650ee26249f4066858e5526e7d4a][]
[1789484333.917][2026-09-15 07:58:53][subbas-macbook-air.local][99289][SQLite][debug][9][Cached JSON fetch complete: users/admin][]
[1789484333.918][2026-09-15 07:58:53][subbas-macbook-air.local][99289][SQLite][debug][9][Fetching SQLite Object: unbase/index/servers/os_platform/summary][]
[1789484333.919][2026-09-15 07:58:53][subbas-macbook-air.local][99289][SQLite][debug][9][Fetching SQLite Object: unbase/index/servers/os_distro/summary][]
[1789484333.919][2026-09-15 07:58:53][subbas-macbook-air.local][99289][SQLite][debug][9][Fetching SQLite Object: unbase/index/servers/os_release/summary][]
[1789484333.919][2026-09-15 07:58:53][subbas-macbook-air.local][99289][SQLite][debug][9][Fetching SQLite Object: unbase/index/servers/os_arch/summary][]
[1789484333.919][2026-09-15 07:58:53][subbas-macbook-air.local][99289][SQLite][debug][9][Fetching SQLite Object: unbase/index/servers/cpu_virt/summary][]
[1789484333.919][2026-09-15 07:58:53][subbas-macbook-air.local][99289][SQLite][debug][9][Fetching SQLite Object: unbase/index/servers/cpu_brand/summary][]
[1789484333.92][2026-09-15 07:58:53][subbas-macbook-air.local][99289][SQLite][debug][9][Fetching SQLite Object: unbase/index/servers/cpu_cores/summary][]
[1789484333.934][2026-09-15 07:58:53][subbas-macbook-air.local][99289][SQLite][debug][9][Cached JSON fetch complete: sessions/8397ca50eb4879dce3d919e8099169f80bc7650ee26249f4066858e5526e7d4a][]
[1789484333.934][2026-09-15 07:58:53][subbas-macbook-air.local][99289][SQLite][debug][9][Cached JSON fetch complete: users/admin][]
[1789484333.937][2026-09-15 07:58:53][subbas-macbook-air.local][99289][SQLite][debug][9][Fetching SQLite Object: unbase/index/servers/_id/data][]
[1789484341.277][2026-09-15 07:59:01][subbas-macbook-air.local][99289][SQLite][debug][9][Cached JSON fetch complete: sessions/8397ca50eb4879dce3d919e8099169f80bc7650ee26249f4066858e5526e7d4a][]
[1789484341.277][2026-09-15 07:59:01][subbas-macbook-air.local][99289][SQLite][debug][9][Cached JSON fetch complete: users/admin][]
[1789484400.05][2026-09-15 08:00:00][subbas-macbook-air.local][99289][SQLite][debug][9][Storing SQLite JSON Object: unbase/records/jobs/jmu2st413zfcua55][]
[1789484400.051][2026-09-15 08:00:00][subbas-macbook-air.local][99289][SQLite][debug][9][Store complete: unbase/records/jobs/jmu2st413zfcua55][]
[1789484400.053][2026-09-15 08:00:00][subbas-macbook-air.local][99289][SQLite][debug][9][Fetching SQLite Object: unbase/index/jobs/_data/jmu2st413zfcua55][]
[1789484400.058][2026-09-15 08:00:00][subbas-macbook-air.local][99289][SQLite][debug][9][Cached JSON fetch complete: unbase/index/jobs/_id][]
[1789484400.058][2026-09-15 08:00:00][subbas-macbook-air.local][99289][SQLite][debug][9][Cached JSON fetch complete: unbase/index/jobs/_id/data][]
[1789484400.06][2026-09-15 08:00:00][subbas-macbook-air.local][99289][SQLite][debug][9][Fetching SQLite Object: unbase/index/jobs/date/word/497079][]
[1789484400.063][2026-09-15 08:00:00][subbas-macbook-air.local][99289][SQLite][debug][9][Cached JSON fetch complete: unbase/index/jobs/code/word/abort][]
[1789484400.063][2026-09-15 08:00:00][subbas-macbook-air.local][99289][SQLite][debug][9][Cached JSON fetch complete: unbase/index/jobs/date/summary][]
[1789484400.063][2026-09-15 08:00:00][subbas-macbook-air.local][99289][SQLite][debug][9][Cached JSON fetch complete: unbase/index/jobs/date/word/h497000][]
[1789484400.063][2026-09-15 08:00:00][subbas-macbook-air.local][99289][SQLite][debug][9][Cached JSON fetch complete: unbase/index/jobs/date/word/t497000][]
[1789484400.063][2026-09-15 08:00:00][subbas-macbook-air.local][99289][SQLite][debug][9][Cached JSON fetch complete: unbase/index/jobs/source/word/scheduler][]
[1789484400.064][2026-09-15 08:00:00][subbas-macbook-air.local][99289][SQLite][debug][9][Cached JSON fetch complete: unbase/index/jobs/tags/word/_error][]
[1789484400.064][2026-09-15 08:00:00][subbas-macbook-air.local][99289][SQLite][debug][9][Cached JSON fetch complete: unbase/index/jobs/tags/word/_last][]
[1789484400.064][2026-09-15 08:00:00][subbas-macbook-air.local][99289][SQLite][debug][9][Cached JSON fetch complete: unbase/index/jobs/event/word/emu2sckyhuzou1hh][]
[1789484400.064][2026-09-15 08:00:00][subbas-macbook-air.local][99289][SQLite][debug][9][Cached JSON fetch complete: unbase/index/jobs/category/word/general][]
[1789484400.064][2026-09-15 08:00:00][subbas-macbook-air.local][99289][SQLite][debug][9][Cached JSON fetch complete: unbase/index/jobs/plugin/word/shellplug][]
[1789484400.064][2026-09-15 08:00:00][subbas-macbook-air.local][99289][SQLite][debug][9][Cached JSON fetch complete: unbase/index/jobs/code/word/abort/data][]
[1789484400.065][2026-09-15 08:00:00][subbas-macbook-air.local][99289][SQLite][debug][9][Cached JSON fetch complete: unbase/index/jobs/date/word/h497000/data][]
[1789484400.065][2026-09-15 08:00:00][subbas-macbook-air.local][99289][SQLite][debug][9][Cached JSON fetch complete: unbase/index/jobs/date/word/t497000/data][]
[1789484400.065][2026-09-15 08:00:00][subbas-macbook-air.local][99289][SQLite][debug][9][Cached JSON fetch complete: unbase/index/jobs/source/word/scheduler/data][]
[1789484400.065][2026-09-15 08:00:00][subbas-macbook-air.local][99289][SQLite][debug][9][Cached JSON fetch complete: unbase/index/jobs/tags/word/_error/data][]
[1789484400.065][2026-09-15 08:00:00][subbas-macbook-air.local][99289][SQLite][debug][9][Cached JSON fetch complete: unbase/index/jobs/tags/word/_last/data][]
[1789484400.065][2026-09-15 08:00:00][subbas-macbook-air.local][99289][SQLite][debug][9][Cached JSON fetch complete: unbase/index/jobs/event/word/emu2sckyhuzou1hh/data][]
[1789484400.065][2026-09-15 08:00:00][subbas-macbook-air.local][99289][SQLite][debug][9][Cached JSON fetch complete: unbase/index/jobs/category/word/general/data][]
[1789484400.065][2026-09-15 08:00:00][subbas-macbook-air.local][99289][SQLite][debug][9][Cached JSON fetch complete: unbase/index/jobs/plugin/word/shellplug/data][]
[1789484400.074][2026-09-15 08:00:00][subbas-macbook-air.local][99289][SQLite][debug][9][Cached JSON fetch complete: unbase/index/jobs/completed/sort][]
[1789484400.074][2026-09-15 08:00:00][subbas-macbook-air.local][99289][SQLite][debug][9][Cached JSON fetch complete: unbase/index/jobs/elapsed/sort][]
[1789484400.075][2026-09-15 08:00:00][subbas-macbook-air.local][99289][SQLite][debug][9][Cached JSON fetch complete: unbase/index/jobs/completed/sort/data][]
[1789484400.075][2026-09-15 08:00:00][subbas-macbook-air.local][99289][SQLite][debug][9][Cached JSON fetch complete: unbase/index/jobs/elapsed/sort/data][]
[1789484400.076][2026-09-15 08:00:00][subbas-macbook-air.local][99289][SQLite][debug][5][Beginning transaction commit: 91][{"path":"unbase/index/jobs","actions":28}]
[1789484400.077][2026-09-15 08:00:00][subbas-macbook-air.local][99289][SQLite][debug][5][Transaction commit complete: 91][{"path":"unbase/index/jobs"}]
[1789484401.049][2026-09-15 08:00:01][subbas-macbook-air.local][99289][SQLite][debug][9][Storing SQLite JSON Object: global/state][]
[1789484401.05][2026-09-15 08:00:01][subbas-macbook-air.local][99289][SQLite][debug][9][Store complete: global/state][]
[1789484461.799][2026-09-15 08:01:01][subbas-macbook-air.local][99289][SQLite][debug][9][Cached JSON fetch complete: sessions/8397ca50eb4879dce3d919e8099169f80bc7650ee26249f4066858e5526e7d4a][]
[1789484461.8][2026-09-15 08:01:01][subbas-macbook-air.local][99289][SQLite][debug][9][Cached JSON fetch complete: users/admin][]
[1789484516.187][2026-09-15 08:01:56][subbas-macbook-air.local][99289][SQLite][debug][9][Fetching SQLite Object: unbase/records/servers/smu2svkrvihxgeos][]
[1789484516.189][2026-09-15 08:01:56][subbas-macbook-air.local][99289][SQLite][debug][9][Storing SQLite JSON Object: unbase/records/activity/amu2svlnglic5kdn][]
[1789484516.189][2026-09-15 08:01:56][subbas-macbook-air.local][99289][SQLite][debug][9][Storing SQLite JSON Object: unbase/records/servers/smu2svkrvihxgeos][]
[1789484516.189][2026-09-15 08:01:56][subbas-macbook-air.local][99289][SQLite][debug][9][Store complete: unbase/records/activity/amu2svlnglic5kdn][]
[1789484516.189][2026-09-15 08:01:56][subbas-macbook-air.local][99289][SQLite][debug][9][Fetching SQLite Object: unbase/index/activity/_data/amu2svlnglic5kdn][]
[1789484516.189][2026-09-15 08:01:56][subbas-macbook-air.local][99289][SQLite][debug][9][Store complete: unbase/records/servers/smu2svkrvihxgeos][]
[1789484516.194][2026-09-15 08:01:56][subbas-macbook-air.local][99289][SQLite][debug][9][Fetching SQLite Object: unbase/index/servers/_data/smu2svkrvihxgeos][]
[1789484516.198][2026-09-15 08:01:56][subbas-macbook-air.local][99289][SQLite][debug][9][Fetching SQLite Object: unbase/index/servers/_id][]
[1789484516.198][2026-09-15 08:01:56][subbas-macbook-air.local][99289][SQLite][debug][9][Cached JSON fetch complete: unbase/index/activity/_id][]
[1789484516.241][2026-09-15 08:01:56][subbas-macbook-air.local][99289][SQLite][debug][9][Cached JSON fetch complete: unbase/index/activity/_id/data][]
[1789484516.241][2026-09-15 08:01:56][subbas-macbook-air.local][99289][SQLite][debug][9][Fetching SQLite Object: unbase/index/activity/action/word/server_add][]
[1789484516.241][2026-09-15 08:01:56][subbas-macbook-air.local][99289][SQLite][debug][9][Fetching SQLite Object: unbase/index/activity/keywords/word/smu2svkrvihxgeos][]
[1789484516.242][2026-09-15 08:01:56][subbas-macbook-air.local][99289][SQLite][debug][9][Fetching SQLite Object: unbase/index/activity/date/word/497079][]
[1789484516.242][2026-09-15 08:01:56][subbas-macbook-air.local][99289][SQLite][debug][9][Fetching SQLite Object: unbase/index/servers/groups/summary][]
[1789484516.243][2026-09-15 08:01:56][subbas-macbook-air.local][99289][SQLite][debug][9][Fetching SQLite Object: unbase/index/servers/groups/word/main][]
[1789484516.243][2026-09-15 08:01:56][subbas-macbook-air.local][99289][SQLite][debug][9][Fetching SQLite Object: unbase/index/servers/autogroup/word/true][]
[1789484516.243][2026-09-15 08:01:56][subbas-macbook-air.local][99289][SQLite][debug][9][Fetching SQLite Object: unbase/index/servers/created/summary][]
[1789484516.243][2026-09-15 08:01:56][subbas-macbook-air.local][99289][SQLite][debug][9][Fetching SQLite Object: unbase/index/servers/created/word/497079][]
[1789484516.243][2026-09-15 08:01:56][subbas-macbook-air.local][99289][SQLite][debug][9][Fetching SQLite Object: unbase/index/servers/created/word/h497000][]
[1789484516.243][2026-09-15 08:01:56][subbas-macbook-air.local][99289][SQLite][debug][9][Fetching SQLite Object: unbase/index/servers/created/word/t497000][]
[1789484516.243][2026-09-15 08:01:56][subbas-macbook-air.local][99289][SQLite][debug][9][Fetching SQLite Object: unbase/index/servers/modified/summary][]
[1789484516.244][2026-09-15 08:01:56][subbas-macbook-air.local][99289][SQLite][debug][9][Fetching SQLite Object: unbase/index/servers/modified/word/497079][]
[1789484516.244][2026-09-15 08:01:56][subbas-macbook-air.local][99289][SQLite][debug][9][Fetching SQLite Object: unbase/index/servers/modified/word/h497000][]
[1789484516.244][2026-09-15 08:01:56][subbas-macbook-air.local][99289][SQLite][debug][9][Fetching SQLite Object: unbase/index/servers/modified/word/t497000][]
[1789484516.244][2026-09-15 08:01:56][subbas-macbook-air.local][99289][SQLite][debug][9][Fetching SQLite Object: unbase/index/servers/keywords/word/1][]
[1789484516.244][2026-09-15 08:01:56][subbas-macbook-air.local][99289][SQLite][debug][9][Fetching SQLite Object: unbase/index/servers/keywords/word/subbas][]
[1789484516.244][2026-09-15 08:01:56][subbas-macbook-air.local][99289][SQLite][debug][9][Fetching SQLite Object: unbase/index/servers/keywords/word/macbook][]
[1789484516.245][2026-09-15 08:01:56][subbas-macbook-air.local][99289][SQLite][debug][9][Fetching SQLite Object: unbase/index/servers/keywords/word/air][]
[1789484516.245][2026-09-15 08:01:56][subbas-macbook-air.local][99289][SQLite][debug][9][Fetching SQLite Object: unbase/index/servers/keywords/word/local][]
[1789484516.245][2026-09-15 08:01:56][subbas-macbook-air.local][99289][SQLite][debug][9][Fetching SQLite Object: unbase/index/servers/keywords/word/main][]
[1789484516.245][2026-09-15 08:01:56][subbas-macbook-air.local][99289][SQLite][debug][9][Fetching SQLite Object: unbase/index/servers/keywords/word/darwin][]
[1789484516.245][2026-09-15 08:01:56][subbas-macbook-air.local][99289][SQLite][debug][9][Fetching SQLite Object: unbase/index/servers/keywords/word/macos][]
[1789484516.245][2026-09-15 08:01:56][subbas-macbook-air.local][99289][SQLite][debug][9][Fetching SQLite Object: unbase/index/servers/keywords/word/15_6][]
[1789484516.245][2026-09-15 08:01:56][subbas-macbook-air.local][99289][SQLite][debug][9][Fetching SQLite Object: unbase/index/servers/keywords/word/arm64][]
[1789484516.246][2026-09-15 08:01:56][subbas-macbook-air.local][99289][SQLite][debug][9][Fetching SQLite Object: unbase/index/servers/keywords/word/apple][]
[1789484516.246][2026-09-15 08:01:56][subbas-macbook-air.local][99289][SQLite][debug][9][Fetching SQLite Object: unbase/index/servers/keywords/word/m4][]
[1789484516.246][2026-09-15 08:01:56][subbas-macbook-air.local][99289][SQLite][debug][9][Fetching SQLite Object: unbase/index/servers/keywords/word/unknown][]
[1789484516.246][2026-09-15 08:01:56][subbas-macbook-air.local][99289][SQLite][debug][9][Fetching SQLite Object: unbase/index/servers/os_platform/word/darwin][]
[1789484516.246][2026-09-15 08:01:56][subbas-macbook-air.local][99289][SQLite][debug][9][Cached JSON fetch complete: unbase/index/activity/date/summary][]
[1789484516.247][2026-09-15 08:01:56][subbas-macbook-air.local][99289][SQLite][debug][9][Cached JSON fetch complete: unbase/index/activity/date/word/h497000][]
[1789484516.247][2026-09-15 08:01:56][subbas-macbook-air.local][99289][SQLite][debug][9][Cached JSON fetch complete: unbase/index/activity/date/word/t497000][]
[1789484516.249][2026-09-15 08:01:56][subbas-macbook-air.local][99289][SQLite][debug][9][Cached JSON fetch complete: unbase/index/activity/date/word/h497000/data][]
[1789484516.249][2026-09-15 08:01:56][subbas-macbook-air.local][99289][SQLite][debug][9][Cached JSON fetch complete: unbase/index/activity/date/word/t497000/data][]
[1789484516.25][2026-09-15 08:01:56][subbas-macbook-air.local][99289][SQLite][debug][9][Fetching SQLite Object: unbase/index/servers/os_distro/word/macos][]
[1789484516.251][2026-09-15 08:01:56][subbas-macbook-air.local][99289][SQLite][debug][9][Fetching SQLite Object: unbase/index/servers/os_release/word/15_6][]
[1789484516.253][2026-09-15 08:01:56][subbas-macbook-air.local][99289][SQLite][debug][9][Fetching SQLite Object: unbase/index/servers/os_arch/word/arm64][]
[1789484516.253][2026-09-15 08:01:56][subbas-macbook-air.local][99289][SQLite][debug][9][Fetching SQLite Object: unbase/index/servers/cpu_brand/word/apple_m4][]
[1789484516.254][2026-09-15 08:01:56][subbas-macbook-air.local][99289][SQLite][debug][9][Fetching SQLite Object: unbase/index/servers/cpu_cores/word/10][]
[1789484516.261][2026-09-15 08:01:56][subbas-macbook-air.local][99289][SQLite][debug][5][Beginning transaction commit: 92][{"path":"unbase/index/activity","actions":14}]
[1789484516.261][2026-09-15 08:01:56][subbas-macbook-air.local][99289][SQLite][debug][5][Transaction commit complete: 92][{"path":"unbase/index/activity"}]
[1789484516.262][2026-09-15 08:01:56][subbas-macbook-air.local][99289][SQLite][debug][9][Fetching SQLite Object: unbase/index/servers/hostname/sort][]
[1789484516.262][2026-09-15 08:01:56][subbas-macbook-air.local][99289][SQLite][debug][9][Fetching SQLite Object: unbase/index/servers/ip/sort][]
[1789484516.262][2026-09-15 08:01:56][subbas-macbook-air.local][99289][SQLite][debug][9][Fetching SQLite Object: unbase/index/servers/date/sort][]
[1789484516.264][2026-09-15 08:01:56][subbas-macbook-air.local][99289][SQLite][debug][5][Beginning transaction commit: 93][{"path":"unbase/index/servers","actions":72}]
[1789484516.264][2026-09-15 08:01:56][subbas-macbook-air.local][99289][SQLite][debug][5][Transaction commit complete: 93][{"path":"unbase/index/servers"}]
[1789484520.868][2026-09-15 08:02:00][subbas-macbook-air.local][99289][SQLite][debug][9][Fetching SQLite Object: hosts/smu2svkrvihxgeos/data][]
[1789484520.87][2026-09-15 08:02:00][subbas-macbook-air.local][99289][SQLite][debug][9][Fetching SQLite Object: timeline/smu2svkrvihxgeos/hourly][]
[1789484520.872][2026-09-15 08:02:00][subbas-macbook-air.local][99289][SQLite][debug][5][Beginning transaction commit: 94][{"path":"timeline/smu2svkrvihxgeos/hourly","actions":2}]
[1789484520.873][2026-09-15 08:02:00][subbas-macbook-air.local][99289][SQLite][debug][5][Transaction commit complete: 94][{"path":"timeline/smu2svkrvihxgeos/hourly"}]
[1789484520.873][2026-09-15 08:02:00][subbas-macbook-air.local][99289][SQLite][debug][9][Fetching SQLite Object: timeline/smu2svkrvihxgeos/daily][]
[1789484520.876][2026-09-15 08:02:00][subbas-macbook-air.local][99289][SQLite][debug][5][Beginning transaction commit: 95][{"path":"timeline/smu2svkrvihxgeos/daily","actions":2}]
[1789484520.876][2026-09-15 08:02:00][subbas-macbook-air.local][99289][SQLite][debug][5][Transaction commit complete: 95][{"path":"timeline/smu2svkrvihxgeos/daily"}]
[1789484520.876][2026-09-15 08:02:00][subbas-macbook-air.local][99289][SQLite][debug][9][Fetching SQLite Object: timeline/smu2svkrvihxgeos/monthly][]
[1789484520.879][2026-09-15 08:02:00][subbas-macbook-air.local][99289][SQLite][debug][5][Beginning transaction commit: 96][{"path":"timeline/smu2svkrvihxgeos/monthly","actions":2}]
[1789484520.879][2026-09-15 08:02:00][subbas-macbook-air.local][99289][SQLite][debug][5][Transaction commit complete: 96][{"path":"timeline/smu2svkrvihxgeos/monthly"}]
[1789484520.879][2026-09-15 08:02:00][subbas-macbook-air.local][99289][SQLite][debug][9][Fetching SQLite Object: timeline/smu2svkrvihxgeos/yearly][]
[1789484520.88][2026-09-15 08:02:00][subbas-macbook-air.local][99289][SQLite][debug][5][Beginning transaction commit: 97][{"path":"timeline/smu2svkrvihxgeos/yearly","actions":2}]
[1789484520.881][2026-09-15 08:02:00][subbas-macbook-air.local][99289][SQLite][debug][5][Transaction commit complete: 97][{"path":"timeline/smu2svkrvihxgeos/yearly"}]
[1789484520.881][2026-09-15 08:02:00][subbas-macbook-air.local][99289][SQLite][debug][9][Storing SQLite JSON Object: hosts/smu2svkrvihxgeos/data][]
[1789484520.883][2026-09-15 08:02:00][subbas-macbook-air.local][99289][SQLite][debug][9][Store complete: hosts/smu2svkrvihxgeos/data][]
[1789484545.792][2026-09-15 08:02:25][subbas-macbook-air.local][99289][SQLite][debug][2][Shutting down SQLite][]
[1789484545.799][2026-09-15 08:02:25][subbas-macbook-air.local][99289][SQLite][debug][3][Shutdown complete][]
[1789484554.11][2026-09-15 08:02:34][subbas-macbook-air.local][4306][SQLite][debug][2][Setting up SQLite][{"base_dir":"data","filename":"sqlite.db","pragmas":{"auto_vacuum":0,"cache_size":-100000,"journal_mode":"WAL"},"cache":{"enabled":true,"maxItems":100000,"maxBytes":104857600},"backups":{"enabled":true,"dir":"data/backups","filename":"backup-[yyyy]-[mm]-[dd]-[hh]-[mi]-[ss].db","compress":true,"keep":7},"keyPrefix":"","keyTemplate":""}]
[1789484554.11][2026-09-15 08:02:34][subbas-macbook-air.local][4306][SQLite][debug][3][Setting up LRU cache][{"enabled":true,"maxItems":100000,"maxBytes":104857600}]
[1789484554.11][2026-09-15 08:02:34][subbas-macbook-air.local][4306][SQLite][debug][3][Opening database file: data/sqlite.db][{"auto_vacuum":0,"cache_size":-100000,"journal_mode":"WAL"}]
[1789484554.112][2026-09-15 08:02:34][subbas-macbook-air.local][4306][SQLite][debug][3][Setup complete][]
[1789484554.113][2026-09-15 08:02:34][subbas-macbook-air.local][4306][SQLite][debug][9][Fetching SQLite Object: unbase/indexes/data][]
[1789484554.125][2026-09-15 08:02:34][subbas-macbook-air.local][4306][SQLite][debug][9][Storing SQLite JSON Object: test/3e9eef131018b9f7a5a205682fa068a7][]
[1789484554.126][2026-09-15 08:02:34][subbas-macbook-air.local][4306][SQLite][debug][9][Store complete: test/3e9eef131018b9f7a5a205682fa068a7][]
[1789484554.126][2026-09-15 08:02:34][subbas-macbook-air.local][4306][SQLite][debug][9][Cached JSON fetch complete: test/3e9eef131018b9f7a5a205682fa068a7][]
[1789484554.126][2026-09-15 08:02:34][subbas-macbook-air.local][4306][SQLite][debug][9][Deleting SQLite Object: test/3e9eef131018b9f7a5a205682fa068a7][]
[1789484554.126][2026-09-15 08:02:34][subbas-macbook-air.local][4306][SQLite][debug][9][Delete complete: test/3e9eef131018b9f7a5a205682fa068a7][]
[1789484554.128][2026-09-15 08:02:34][subbas-macbook-air.local][4306][SQLite][debug][9][Fetching SQLite Object: global/users][]
[1789484554.152][2026-09-15 08:02:34][subbas-macbook-air.local][4306][SQLite][debug][9][JSON fetch complete: global/users][]
[1789484554.153][2026-09-15 08:02:34][subbas-macbook-air.local][4306][SQLite][debug][9][Fetching SQLite Object: global/api_keys][]
[1789484554.153][2026-09-15 08:02:34][subbas-macbook-air.local][4306][SQLite][debug][9][JSON fetch complete: global/api_keys][]
[1789484554.153][2026-09-15 08:02:34][subbas-macbook-air.local][4306][SQLite][debug][9][Fetching SQLite Object: global/api_keys/0][]
[1789484554.154][2026-09-15 08:02:34][subbas-macbook-air.local][4306][SQLite][debug][9][JSON fetch complete: global/api_keys/0][]
[1789484554.154][2026-09-15 08:02:34][subbas-macbook-air.local][4306][SQLite][debug][9][Fetching SQLite Object: global/groups][]
[1789484554.154][2026-09-15 08:02:34][subbas-macbook-air.local][4306][SQLite][debug][9][JSON fetch complete: global/groups][]
[1789484554.154][2026-09-15 08:02:34][subbas-macbook-air.local][4306][SQLite][debug][9][Fetching SQLite Object: global/groups/0][]
[1789484554.154][2026-09-15 08:02:34][subbas-macbook-air.local][4306][SQLite][debug][9][JSON fetch complete: global/groups/0][]
[1789484554.154][2026-09-15 08:02:34][subbas-macbook-air.local][4306][SQLite][debug][9][Fetching SQLite Object: global/plugins][]
[1789484554.154][2026-09-15 08:02:34][subbas-macbook-air.local][4306][SQLite][debug][9][JSON fetch complete: global/plugins][]
[1789484554.154][2026-09-15 08:02:34][subbas-macbook-air.local][4306][SQLite][debug][9][Fetching SQLite Object: global/plugins/0][]
[1789484554.155][2026-09-15 08:02:34][subbas-macbook-air.local][4306][SQLite][debug][9][JSON fetch complete: global/plugins/0][]
[1789484554.155][2026-09-15 08:02:34][subbas-macbook-air.local][4306][SQLite][debug][9][Fetching SQLite Object: global/categories][]
[1789484554.155][2026-09-15 08:02:34][subbas-macbook-air.local][4306][SQLite][debug][9][JSON fetch complete: global/categories][]
[1789484554.155][2026-09-15 08:02:34][subbas-macbook-air.local][4306][SQLite][debug][9][Fetching SQLite Object: global/categories/0][]
[1789484554.155][2026-09-15 08:02:34][subbas-macbook-air.local][4306][SQLite][debug][9][JSON fetch complete: global/categories/0][]
[1789484554.155][2026-09-15 08:02:34][subbas-macbook-air.local][4306][SQLite][debug][9][Fetching SQLite Object: global/events][]
[1789484554.155][2026-09-15 08:02:34][subbas-macbook-air.local][4306][SQLite][debug][9][JSON fetch complete: global/events][]
[1789484554.155][2026-09-15 08:02:34][subbas-macbook-air.local][4306][SQLite][debug][9][Fetching SQLite Object: global/events/0][]
[1789484554.156][2026-09-15 08:02:34][subbas-macbook-air.local][4306][SQLite][debug][9][JSON fetch complete: global/events/0][]
[1789484554.156][2026-09-15 08:02:34][subbas-macbook-air.local][4306][SQLite][debug][9][Fetching SQLite Object: global/channels][]
[1789484554.156][2026-09-15 08:02:34][subbas-macbook-air.local][4306][SQLite][debug][9][JSON fetch complete: global/channels][]
[1789484554.156][2026-09-15 08:02:34][subbas-macbook-air.local][4306][SQLite][debug][9][Fetching SQLite Object: global/channels/0][]
[1789484554.156][2026-09-15 08:02:34][subbas-macbook-air.local][4306][SQLite][debug][9][JSON fetch complete: global/channels/0][]
[1789484554.156][2026-09-15 08:02:34][subbas-macbook-air.local][4306][SQLite][debug][9][Fetching SQLite Object: global/web_hooks][]
[1789484554.156][2026-09-15 08:02:34][subbas-macbook-air.local][4306][SQLite][debug][9][JSON fetch complete: global/web_hooks][]
[1789484554.156][2026-09-15 08:02:34][subbas-macbook-air.local][4306][SQLite][debug][9][Fetching SQLite Object: global/web_hooks/0][]
[1789484554.156][2026-09-15 08:02:34][subbas-macbook-air.local][4306][SQLite][debug][9][JSON fetch complete: global/web_hooks/0][]
[1789484554.157][2026-09-15 08:02:34][subbas-macbook-air.local][4306][SQLite][debug][9][Fetching SQLite Object: global/buckets][]
[1789484554.157][2026-09-15 08:02:34][subbas-macbook-air.local][4306][SQLite][debug][9][JSON fetch complete: global/buckets][]
[1789484554.157][2026-09-15 08:02:34][subbas-macbook-air.local][4306][SQLite][debug][9][Fetching SQLite Object: global/buckets/0][]
[1789484554.157][2026-09-15 08:02:34][subbas-macbook-air.local][4306][SQLite][debug][9][JSON fetch complete: global/buckets/0][]
[1789484554.157][2026-09-15 08:02:34][subbas-macbook-air.local][4306][SQLite][debug][9][Fetching SQLite Object: global/secrets][]
[1789484554.157][2026-09-15 08:02:34][subbas-macbook-air.local][4306][SQLite][debug][9][JSON fetch complete: global/secrets][]
[1789484554.157][2026-09-15 08:02:34][subbas-macbook-air.local][4306][SQLite][debug][9][Fetching SQLite Object: global/secrets/0][]
[1789484554.157][2026-09-15 08:02:34][subbas-macbook-air.local][4306][SQLite][debug][9][JSON fetch complete: global/secrets/0][]
[1789484554.157][2026-09-15 08:02:34][subbas-macbook-air.local][4306][SQLite][debug][9][Fetching SQLite Object: global/monitors][]
[1789484554.157][2026-09-15 08:02:34][subbas-macbook-air.local][4306][SQLite][debug][9][JSON fetch complete: global/monitors][]
[1789484554.157][2026-09-15 08:02:34][subbas-macbook-air.local][4306][SQLite][debug][9][Fetching SQLite Object: global/monitors/0][]
[1789484554.157][2026-09-15 08:02:34][subbas-macbook-air.local][4306][SQLite][debug][9][JSON fetch complete: global/monitors/0][]
[1789484554.158][2026-09-15 08:02:34][subbas-macbook-air.local][4306][SQLite][debug][9][Fetching SQLite Object: global/alerts][]
[1789484554.158][2026-09-15 08:02:34][subbas-macbook-air.local][4306][SQLite][debug][9][JSON fetch complete: global/alerts][]
[1789484554.158][2026-09-15 08:02:34][subbas-macbook-air.local][4306][SQLite][debug][9][Fetching SQLite Object: global/alerts/0][]
[1789484554.158][2026-09-15 08:02:34][subbas-macbook-air.local][4306][SQLite][debug][9][JSON fetch complete: global/alerts/0][]
[1789484554.158][2026-09-15 08:02:34][subbas-macbook-air.local][4306][SQLite][debug][9][Fetching SQLite Object: global/tags][]
[1789484554.158][2026-09-15 08:02:34][subbas-macbook-air.local][4306][SQLite][debug][9][JSON fetch complete: global/tags][]
[1789484554.158][2026-09-15 08:02:34][subbas-macbook-air.local][4306][SQLite][debug][9][Fetching SQLite Object: global/tags/0][]
[1789484554.158][2026-09-15 08:02:34][subbas-macbook-air.local][4306][SQLite][debug][9][JSON fetch complete: global/tags/0][]
[1789484554.158][2026-09-15 08:02:34][subbas-macbook-air.local][4306][SQLite][debug][9][Fetching SQLite Object: global/roles][]
[1789484554.158][2026-09-15 08:02:34][subbas-macbook-air.local][4306][SQLite][debug][9][JSON fetch complete: global/roles][]
[1789484554.158][2026-09-15 08:02:34][subbas-macbook-air.local][4306][SQLite][debug][9][Fetching SQLite Object: global/roles/0][]
[1789484554.158][2026-09-15 08:02:34][subbas-macbook-air.local][4306][SQLite][debug][9][JSON fetch complete: global/roles/0][]
[1789484554.159][2026-09-15 08:02:34][subbas-macbook-air.local][4306][SQLite][debug][9][Fetching SQLite Object: global/state][]
[1789484554.159][2026-09-15 08:02:34][subbas-macbook-air.local][4306][SQLite][debug][9][JSON fetch complete: global/state][]
[1789484554.164][2026-09-15 08:02:34][subbas-macbook-air.local][4306][SQLite][debug][9][Fetching SQLite Object: unbase/index/alerts/active/word/true][]
[1789484554.165][2026-09-15 08:02:34][subbas-macbook-air.local][4306][SQLite][debug][9][Fetching SQLite Object: unbase/index/alerts/active/word/true/data][]
[1789484555.517][2026-09-15 08:02:35][subbas-macbook-air.local][4306][SQLite][debug][9][Fetching SQLite Object: sessions/8397ca50eb4879dce3d919e8099169f80bc7650ee26249f4066858e5526e7d4a][]
[1789484555.517][2026-09-15 08:02:35][subbas-macbook-air.local][4306][SQLite][debug][9][JSON fetch complete: sessions/8397ca50eb4879dce3d919e8099169f80bc7650ee26249f4066858e5526e7d4a][]
[1789484555.518][2026-09-15 08:02:35][subbas-macbook-air.local][4306][SQLite][debug][9][Fetching SQLite Object: users/admin][]
[1789484555.518][2026-09-15 08:02:35][subbas-macbook-air.local][4306][SQLite][debug][9][JSON fetch complete: users/admin][]
[1789484558.155][2026-09-15 08:02:38][subbas-macbook-air.local][4306][SQLite][debug][9][Fetching SQLite Object: unbase/records/servers/smu2svkrvihxgeos][]
[1789484558.155][2026-09-15 08:02:38][subbas-macbook-air.local][4306][SQLite][debug][9][JSON fetch complete: unbase/records/servers/smu2svkrvihxgeos][]
[1789484558.156][2026-09-15 08:02:38][subbas-macbook-air.local][4306][SQLite][debug][9][Storing SQLite JSON Object: unbase/records/activity/amu2swi18zgxrwmu][]
[1789484558.156][2026-09-15 08:02:38][subbas-macbook-air.local][4306][SQLite][debug][9][Storing SQLite JSON Object: unbase/records/servers/smu2svkrvihxgeos][]
[1789484558.157][2026-09-15 08:02:38][subbas-macbook-air.local][4306][SQLite][debug][9][Store complete: unbase/records/activity/amu2swi18zgxrwmu][]
[1789484558.157][2026-09-15 08:02:38][subbas-macbook-air.local][4306][SQLite][debug][9][Fetching SQLite Object: unbase/index/activity/_data/amu2swi18zgxrwmu][]
[1789484558.158][2026-09-15 08:02:38][subbas-macbook-air.local][4306][SQLite][debug][9][Store complete: unbase/records/servers/smu2svkrvihxgeos][]
[1789484558.159][2026-09-15 08:02:38][subbas-macbook-air.local][4306][SQLite][debug][9][Fetching SQLite Object: unbase/index/servers/_data/smu2svkrvihxgeos][]
[1789484558.166][2026-09-15 08:02:38][subbas-macbook-air.local][4306][SQLite][debug][9][Fetching SQLite Object: unbase/index/activity/_id][]
[1789484558.166][2026-09-15 08:02:38][subbas-macbook-air.local][4306][SQLite][debug][9][JSON fetch complete: unbase/index/servers/_data/smu2svkrvihxgeos][]
[1789484558.168][2026-09-15 08:02:38][subbas-macbook-air.local][4306][SQLite][debug][9][JSON fetch complete: unbase/index/activity/_id][]
[1789484558.168][2026-09-15 08:02:38][subbas-macbook-air.local][4306][SQLite][debug][9][Fetching SQLite Object: unbase/index/activity/_id/data][]
[1789484558.168][2026-09-15 08:02:38][subbas-macbook-air.local][4306][SQLite][debug][9][JSON fetch complete: unbase/index/activity/_id/data][]
[1789484558.168][2026-09-15 08:02:38][subbas-macbook-air.local][4306][SQLite][debug][9][Fetching SQLite Object: unbase/index/activity/action/word/server_add][]
[1789484558.169][2026-09-15 08:02:38][subbas-macbook-air.local][4306][SQLite][debug][9][Fetching SQLite Object: unbase/index/activity/keywords/word/smu2svkrvihxgeos][]
[1789484558.169][2026-09-15 08:02:38][subbas-macbook-air.local][4306][SQLite][debug][9][Fetching SQLite Object: unbase/index/activity/date/summary][]
[1789484558.169][2026-09-15 08:02:38][subbas-macbook-air.local][4306][SQLite][debug][9][Fetching SQLite Object: unbase/index/activity/date/word/497079][]
[1789484558.169][2026-09-15 08:02:38][subbas-macbook-air.local][4306][SQLite][debug][9][Fetching SQLite Object: unbase/index/activity/date/word/h497000][]
[1789484558.169][2026-09-15 08:02:38][subbas-macbook-air.local][4306][SQLite][debug][9][Fetching SQLite Object: unbase/index/activity/date/word/t497000][]
[1789484558.169][2026-09-15 08:02:38][subbas-macbook-air.local][4306][SQLite][debug][9][JSON fetch complete: unbase/index/activity/action/word/server_add][]
[1789484558.169][2026-09-15 08:02:38][subbas-macbook-air.local][4306][SQLite][debug][9][Fetching SQLite Object: unbase/index/activity/action/word/server_add/data][]
[1789484558.169][2026-09-15 08:02:38][subbas-macbook-air.local][4306][SQLite][debug][9][JSON fetch complete: unbase/index/activity/keywords/word/smu2svkrvihxgeos][]
[1789484558.169][2026-09-15 08:02:38][subbas-macbook-air.local][4306][SQLite][debug][9][Fetching SQLite Object: unbase/index/activity/keywords/word/smu2svkrvihxgeos/data][]
[1789484558.17][2026-09-15 08:02:38][subbas-macbook-air.local][4306][SQLite][debug][9][JSON fetch complete: unbase/index/activity/date/summary][]
[1789484558.17][2026-09-15 08:02:38][subbas-macbook-air.local][4306][SQLite][debug][9][JSON fetch complete: unbase/index/activity/date/word/497079][]
[1789484558.17][2026-09-15 08:02:38][subbas-macbook-air.local][4306][SQLite][debug][9][Fetching SQLite Object: unbase/index/activity/date/word/497079/data][]
[1789484558.17][2026-09-15 08:02:38][subbas-macbook-air.local][4306][SQLite][debug][9][JSON fetch complete: unbase/index/activity/date/word/h497000][]
[1789484558.17][2026-09-15 08:02:38][subbas-macbook-air.local][4306][SQLite][debug][9][Fetching SQLite Object: unbase/index/activity/date/word/h497000/data][]
[1789484558.17][2026-09-15 08:02:38][subbas-macbook-air.local][4306][SQLite][debug][9][JSON fetch complete: unbase/index/activity/date/word/t497000][]
[1789484558.17][2026-09-15 08:02:38][subbas-macbook-air.local][4306][SQLite][debug][9][Fetching SQLite Object: unbase/index/activity/date/word/t497000/data][]
[1789484558.17][2026-09-15 08:02:38][subbas-macbook-air.local][4306][SQLite][debug][9][JSON fetch complete: unbase/index/activity/action/word/server_add/data][]
[1789484558.17][2026-09-15 08:02:38][subbas-macbook-air.local][4306][SQLite][debug][9][JSON fetch complete: unbase/index/activity/keywords/word/smu2svkrvihxgeos/data][]
[1789484558.17][2026-09-15 08:02:38][subbas-macbook-air.local][4306][SQLite][debug][9][JSON fetch complete: unbase/index/activity/date/word/497079/data][]
[1789484558.17][2026-09-15 08:02:38][subbas-macbook-air.local][4306][SQLite][debug][9][JSON fetch complete: unbase/index/activity/date/word/h497000/data][]
[1789484558.17][2026-09-15 08:02:38][subbas-macbook-air.local][4306][SQLite][debug][9][JSON fetch complete: unbase/index/activity/date/word/t497000/data][]
[1789484558.171][2026-09-15 08:02:38][subbas-macbook-air.local][4306][SQLite][debug][5][Beginning transaction commit: 2][{"path":"unbase/index/servers","actions":1}]
[1789484558.171][2026-09-15 08:02:38][subbas-macbook-air.local][4306][SQLite][debug][5][Transaction commit complete: 2][{"path":"unbase/index/servers"}]
[1789484558.173][2026-09-15 08:02:38][subbas-macbook-air.local][4306][SQLite][debug][5][Beginning transaction commit: 1][{"path":"unbase/index/activity","actions":14}]
[1789484558.173][2026-09-15 08:02:38][subbas-macbook-air.local][4306][SQLite][debug][5][Transaction commit complete: 1][{"path":"unbase/index/activity"}]
[1789484561.659][2026-09-15 08:02:41][subbas-macbook-air.local][4306][SQLite][debug][9][Fetching SQLite Object: hosts/smu2svkrvihxgeos/data][]
[1789484561.661][2026-09-15 08:02:41][subbas-macbook-air.local][4306][SQLite][debug][9][JSON fetch complete: hosts/smu2svkrvihxgeos/data][]
[1789484561.663][2026-09-15 08:02:41][subbas-macbook-air.local][4306][SQLite][debug][9][Fetching SQLite Object: timeline/smu2svkrvihxgeos/hourly][]
[1789484561.663][2026-09-15 08:02:41][subbas-macbook-air.local][4306][SQLite][debug][9][JSON fetch complete: timeline/smu2svkrvihxgeos/hourly][]
[1789484561.664][2026-09-15 08:02:41][subbas-macbook-air.local][4306][SQLite][debug][9][Cached JSON fetch complete: timeline/smu2svkrvihxgeos/hourly][]
[1789484561.664][2026-09-15 08:02:41][subbas-macbook-air.local][4306][SQLite][debug][9][Fetching SQLite Object: timeline/smu2svkrvihxgeos/hourly/0][]
[1789484561.664][2026-09-15 08:02:41][subbas-macbook-air.local][4306][SQLite][debug][9][JSON fetch complete: timeline/smu2svkrvihxgeos/hourly/0][]
[1789484583.578][2026-09-15 08:03:03][subbas-macbook-air.local][4306][SQLite][debug][9][Cached JSON fetch complete: hosts/smu2svkrvihxgeos/data][]
[1789484583.584][2026-09-15 08:03:03][subbas-macbook-air.local][4306][SQLite][debug][9][Cached JSON fetch complete: timeline/smu2svkrvihxgeos/hourly][]
[1789484583.584][2026-09-15 08:03:03][subbas-macbook-air.local][4306][SQLite][debug][9][Cached JSON fetch complete: timeline/smu2svkrvihxgeos/hourly][]
[1789484583.584][2026-09-15 08:03:03][subbas-macbook-air.local][4306][SQLite][debug][9][Cached JSON fetch complete: timeline/smu2svkrvihxgeos/hourly/0][]
[1789484583.587][2026-09-15 08:03:03][subbas-macbook-air.local][4306][SQLite][debug][9][Cached JSON fetch complete: timeline/smu2svkrvihxgeos/hourly][]
[1789484583.588][2026-09-15 08:03:03][subbas-macbook-air.local][4306][SQLite][debug][9][Cached JSON fetch complete: timeline/smu2svkrvihxgeos/hourly/0][]
[1789484583.589][2026-09-15 08:03:03][subbas-macbook-air.local][4306][SQLite][debug][5][Beginning transaction commit: 4][{"path":"timeline/smu2svkrvihxgeos/hourly","actions":2}]
[1789484583.589][2026-09-15 08:03:03][subbas-macbook-air.local][4306][SQLite][debug][5][Transaction commit complete: 4][{"path":"timeline/smu2svkrvihxgeos/hourly"}]
[1789484583.59][2026-09-15 08:03:03][subbas-macbook-air.local][4306][SQLite][debug][9][Fetching SQLite Object: timeline/smu2svkrvihxgeos/daily][]
[1789484583.59][2026-09-15 08:03:03][subbas-macbook-air.local][4306][SQLite][debug][9][JSON fetch complete: timeline/smu2svkrvihxgeos/daily][]
[1789484583.59][2026-09-15 08:03:03][subbas-macbook-air.local][4306][SQLite][debug][9][Cached JSON fetch complete: timeline/smu2svkrvihxgeos/daily][]
[1789484583.59][2026-09-15 08:03:03][subbas-macbook-air.local][4306][SQLite][debug][9][Fetching SQLite Object: timeline/smu2svkrvihxgeos/daily/0][]
[1789484583.59][2026-09-15 08:03:03][subbas-macbook-air.local][4306][SQLite][debug][9][JSON fetch complete: timeline/smu2svkrvihxgeos/daily/0][]
[1789484583.591][2026-09-15 08:03:03][subbas-macbook-air.local][4306][SQLite][debug][9][Cached JSON fetch complete: timeline/smu2svkrvihxgeos/daily][]
[1789484583.591][2026-09-15 08:03:03][subbas-macbook-air.local][4306][SQLite][debug][9][Cached JSON fetch complete: timeline/smu2svkrvihxgeos/daily/0][]
[1789484583.591][2026-09-15 08:03:03][subbas-macbook-air.local][4306][SQLite][debug][5][Beginning transaction commit: 5][{"path":"timeline/smu2svkrvihxgeos/daily","actions":2}]
[1789484583.591][2026-09-15 08:03:03][subbas-macbook-air.local][4306][SQLite][debug][5][Transaction commit complete: 5][{"path":"timeline/smu2svkrvihxgeos/daily"}]
[1789484583.591][2026-09-15 08:03:03][subbas-macbook-air.local][4306][SQLite][debug][9][Fetching SQLite Object: timeline/smu2svkrvihxgeos/monthly][]
[1789484583.591][2026-09-15 08:03:03][subbas-macbook-air.local][4306][SQLite][debug][9][JSON fetch complete: timeline/smu2svkrvihxgeos/monthly][]
[1789484583.592][2026-09-15 08:03:03][subbas-macbook-air.local][4306][SQLite][debug][9][Cached JSON fetch complete: timeline/smu2svkrvihxgeos/monthly][]
[1789484583.592][2026-09-15 08:03:03][subbas-macbook-air.local][4306][SQLite][debug][9][Fetching SQLite Object: timeline/smu2svkrvihxgeos/monthly/0][]
[1789484583.592][2026-09-15 08:03:03][subbas-macbook-air.local][4306][SQLite][debug][9][JSON fetch complete: timeline/smu2svkrvihxgeos/monthly/0][]
[1789484583.592][2026-09-15 08:03:03][subbas-macbook-air.local][4306][SQLite][debug][9][Cached JSON fetch complete: timeline/smu2svkrvihxgeos/monthly][]
[1789484583.592][2026-09-15 08:03:03][subbas-macbook-air.local][4306][SQLite][debug][9][Cached JSON fetch complete: timeline/smu2svkrvihxgeos/monthly/0][]
[1789484583.593][2026-09-15 08:03:03][subbas-macbook-air.local][4306][SQLite][debug][5][Beginning transaction commit: 6][{"path":"timeline/smu2svkrvihxgeos/monthly","actions":2}]
[1789484583.593][2026-09-15 08:03:03][subbas-macbook-air.local][4306][SQLite][debug][5][Transaction commit complete: 6][{"path":"timeline/smu2svkrvihxgeos/monthly"}]
[1789484583.593][2026-09-15 08:03:03][subbas-macbook-air.local][4306][SQLite][debug][9][Fetching SQLite Object: timeline/smu2svkrvihxgeos/yearly][]
[1789484583.594][2026-09-15 08:03:03][subbas-macbook-air.local][4306][SQLite][debug][9][JSON fetch complete: timeline/smu2svkrvihxgeos/yearly][]
[1789484583.594][2026-09-15 08:03:03][subbas-macbook-air.local][4306][SQLite][debug][9][Cached JSON fetch complete: timeline/smu2svkrvihxgeos/yearly][]
[1789484583.594][2026-09-15 08:03:03][subbas-macbook-air.local][4306][SQLite][debug][9][Fetching SQLite Object: timeline/smu2svkrvihxgeos/yearly/0][]
[1789484583.594][2026-09-15 08:03:03][subbas-macbook-air.local][4306][SQLite][debug][9][JSON fetch complete: timeline/smu2svkrvihxgeos/yearly/0][]
[1789484583.594][2026-09-15 08:03:03][subbas-macbook-air.local][4306][SQLite][debug][9][Cached JSON fetch complete: timeline/smu2svkrvihxgeos/yearly][]
[1789484583.594][2026-09-15 08:03:03][subbas-macbook-air.local][4306][SQLite][debug][9][Cached JSON fetch complete: timeline/smu2svkrvihxgeos/yearly/0][]
[1789484583.595][2026-09-15 08:03:03][subbas-macbook-air.local][4306][SQLite][debug][5][Beginning transaction commit: 7][{"path":"timeline/smu2svkrvihxgeos/yearly","actions":2}]
[1789484583.595][2026-09-15 08:03:03][subbas-macbook-air.local][4306][SQLite][debug][5][Transaction commit complete: 7][{"path":"timeline/smu2svkrvihxgeos/yearly"}]
[1789484583.595][2026-09-15 08:03:03][subbas-macbook-air.local][4306][SQLite][debug][9][Storing SQLite JSON Object: hosts/smu2svkrvihxgeos/data][]
[1789484583.597][2026-09-15 08:03:03][subbas-macbook-air.local][4306][SQLite][debug][9][Store complete: hosts/smu2svkrvihxgeos/data][]
[1789484629.901][2026-09-15 08:03:49][subbas-macbook-air.local][4306][SQLite][debug][9][Cached JSON fetch complete: sessions/8397ca50eb4879dce3d919e8099169f80bc7650ee26249f4066858e5526e7d4a][]
[1789484629.902][2026-09-15 08:03:49][subbas-macbook-air.local][4306][SQLite][debug][9][Cached JSON fetch complete: users/admin][]
[1789484629.906][2026-09-15 08:03:49][subbas-macbook-air.local][4306][SQLite][debug][9][Fetching SQLite Object: unbase/index/activity/action/word/event_create/data][]
[1789484629.906][2026-09-15 08:03:49][subbas-macbook-air.local][4306][SQLite][debug][9][JSON fetch complete: unbase/index/activity/action/word/event_create/data][]
[1789484629.907][2026-09-15 08:03:49][subbas-macbook-air.local][4306][SQLite][debug][9][Fetching SQLite Object: unbase/index/activity/action/word/event_update/data][]
[1789484629.908][2026-09-15 08:03:49][subbas-macbook-air.local][4306][SQLite][debug][9][Fetching SQLite Object: unbase/index/activity/action/word/event_delete/data][]
[1789484629.91][2026-09-15 08:03:49][subbas-macbook-air.local][4306][SQLite][debug][9][Fetching SQLite Object: unbase/records/activity/amu2sckyyv0g8f3x][]
[1789484629.91][2026-09-15 08:03:49][subbas-macbook-air.local][4306][SQLite][debug][9][JSON fetch complete: unbase/records/activity/amu2sckyyv0g8f3x][]
[1789484643.536][2026-09-15 08:04:03][subbas-macbook-air.local][4306][SQLite][debug][9][Cached JSON fetch complete: hosts/smu2svkrvihxgeos/data][]
[1789484643.54][2026-09-15 08:04:03][subbas-macbook-air.local][4306][SQLite][debug][9][Cached JSON fetch complete: timeline/smu2svkrvihxgeos/hourly][]
[1789484643.54][2026-09-15 08:04:03][subbas-macbook-air.local][4306][SQLite][debug][9][Cached JSON fetch complete: timeline/smu2svkrvihxgeos/hourly][]
[1789484643.54][2026-09-15 08:04:03][subbas-macbook-air.local][4306][SQLite][debug][9][Cached JSON fetch complete: timeline/smu2svkrvihxgeos/hourly/0][]
[1789484643.542][2026-09-15 08:04:03][subbas-macbook-air.local][4306][SQLite][debug][9][Cached JSON fetch complete: timeline/smu2svkrvihxgeos/hourly][]
[1789484643.543][2026-09-15 08:04:03][subbas-macbook-air.local][4306][SQLite][debug][9][Cached JSON fetch complete: timeline/smu2svkrvihxgeos/hourly/0][]
[1789484643.544][2026-09-15 08:04:03][subbas-macbook-air.local][4306][SQLite][debug][5][Beginning transaction commit: 8][{"path":"timeline/smu2svkrvihxgeos/hourly","actions":2}]
[1789484643.545][2026-09-15 08:04:03][subbas-macbook-air.local][4306][SQLite][debug][5][Transaction commit complete: 8][{"path":"timeline/smu2svkrvihxgeos/hourly"}]
[1789484643.547][2026-09-15 08:04:03][subbas-macbook-air.local][4306][SQLite][debug][9][Cached JSON fetch complete: timeline/smu2svkrvihxgeos/daily][]
[1789484643.548][2026-09-15 08:04:03][subbas-macbook-air.local][4306][SQLite][debug][9][Cached JSON fetch complete: timeline/smu2svkrvihxgeos/daily][]
[1789484643.548][2026-09-15 08:04:03][subbas-macbook-air.local][4306][SQLite][debug][9][Cached JSON fetch complete: timeline/smu2svkrvihxgeos/daily/0][]
[1789484643.549][2026-09-15 08:04:03][subbas-macbook-air.local][4306][SQLite][debug][9][Cached JSON fetch complete: timeline/smu2svkrvihxgeos/daily][]
[1789484643.549][2026-09-15 08:04:03][subbas-macbook-air.local][4306][SQLite][debug][9][Cached JSON fetch complete: timeline/smu2svkrvihxgeos/daily/0][]
[1789484643.55][2026-09-15 08:04:03][subbas-macbook-air.local][4306][SQLite][debug][5][Beginning transaction commit: 9][{"path":"timeline/smu2svkrvihxgeos/daily","actions":2}]
[1789484643.55][2026-09-15 08:04:03][subbas-macbook-air.local][4306][SQLite][debug][5][Transaction commit complete: 9][{"path":"timeline/smu2svkrvihxgeos/daily"}]
[1789484643.551][2026-09-15 08:04:03][subbas-macbook-air.local][4306][SQLite][debug][9][Cached JSON fetch complete: timeline/smu2svkrvihxgeos/monthly][]
[1789484643.551][2026-09-15 08:04:03][subbas-macbook-air.local][4306][SQLite][debug][9][Cached JSON fetch complete: timeline/smu2svkrvihxgeos/monthly][]
[1789484643.551][2026-09-15 08:04:03][subbas-macbook-air.local][4306][SQLite][debug][9][Cached JSON fetch complete: timeline/smu2svkrvihxgeos/monthly/0][]
[1789484643.552][2026-09-15 08:04:03][subbas-macbook-air.local][4306][SQLite][debug][9][Cached JSON fetch complete: timeline/smu2svkrvihxgeos/monthly][]
[1789484643.552][2026-09-15 08:04:03][subbas-macbook-air.local][4306][SQLite][debug][9][Cached JSON fetch complete: timeline/smu2svkrvihxgeos/monthly/0][]
[1789484643.553][2026-09-15 08:04:03][subbas-macbook-air.local][4306][SQLite][debug][5][Beginning transaction commit: 10][{"path":"timeline/smu2svkrvihxgeos/monthly","actions":2}]
[1789484643.553][2026-09-15 08:04:03][subbas-macbook-air.local][4306][SQLite][debug][5][Transaction commit complete: 10][{"path":"timeline/smu2svkrvihxgeos/monthly"}]
[1789484643.553][2026-09-15 08:04:03][subbas-macbook-air.local][4306][SQLite][debug][9][Cached JSON fetch complete: timeline/smu2svkrvihxgeos/yearly][]
[1789484643.554][2026-09-15 08:04:03][subbas-macbook-air.local][4306][SQLite][debug][9][Cached JSON fetch complete: timeline/smu2svkrvihxgeos/yearly][]
[1789484643.554][2026-09-15 08:04:03][subbas-macbook-air.local][4306][SQLite][debug][9][Cached JSON fetch complete: timeline/smu2svkrvihxgeos/yearly/0][]
[1789484643.554][2026-09-15 08:04:03][subbas-macbook-air.local][4306][SQLite][debug][9][Cached JSON fetch complete: timeline/smu2svkrvihxgeos/yearly][]
[1789484643.554][2026-09-15 08:04:03][subbas-macbook-air.local][4306][SQLite][debug][9][Cached JSON fetch complete: timeline/smu2svkrvihxgeos/yearly/0][]
[1789484643.556][2026-09-15 08:04:03][subbas-macbook-air.local][4306][SQLite][debug][5][Beginning transaction commit: 11][{"path":"timeline/smu2svkrvihxgeos/yearly","actions":2}]
[1789484643.556][2026-09-15 08:04:03][subbas-macbook-air.local][4306][SQLite][debug][5][Transaction commit complete: 11][{"path":"timeline/smu2svkrvihxgeos/yearly"}]
[1789484643.557][2026-09-15 08:04:03][subbas-macbook-air.local][4306][SQLite][debug][9][Storing SQLite JSON Object: hosts/smu2svkrvihxgeos/data][]
[1789484643.559][2026-09-15 08:04:03][subbas-macbook-air.local][4306][SQLite][debug][9][Store complete: hosts/smu2svkrvihxgeos/data][]
[1789484655.135][2026-09-15 08:04:15][subbas-macbook-air.local][4306][SQLite][debug][9][Cached JSON fetch complete: sessions/8397ca50eb4879dce3d919e8099169f80bc7650ee26249f4066858e5526e7d4a][]
[1789484655.135][2026-09-15 08:04:15][subbas-macbook-air.local][4306][SQLite][debug][9][Cached JSON fetch complete: users/admin][]
[1789484655.137][2026-09-15 08:04:15][subbas-macbook-air.local][4306][SQLite][debug][9][Fetching SQLite Object: unbase/index/jobs/event/word/emu2sckyhuzou1hh][]
[1789484655.138][2026-09-15 08:04:15][subbas-macbook-air.local][4306][SQLite][debug][9][JSON fetch complete: unbase/index/jobs/event/word/emu2sckyhuzou1hh][]
[1789484655.138][2026-09-15 08:04:15][subbas-macbook-air.local][4306][SQLite][debug][9][Fetching SQLite Object: unbase/index/jobs/event/word/emu2sckyhuzou1hh/data][]
[1789484655.139][2026-09-15 08:04:15][subbas-macbook-air.local][4306][SQLite][debug][9][JSON fetch complete: unbase/index/jobs/event/word/emu2sckyhuzou1hh/data][]
[1789484655.142][2026-09-15 08:04:15][subbas-macbook-air.local][4306][SQLite][debug][9][Fetching SQLite Object: unbase/records/jobs/jmu2st413zfcua55][]
[1789484655.142][2026-09-15 08:04:15][subbas-macbook-air.local][4306][SQLite][debug][9][Fetching SQLite Object: unbase/records/jobs/jmu2sg924w2n4thh][]
[1789484655.142][2026-09-15 08:04:15][subbas-macbook-air.local][4306][SQLite][debug][9][JSON fetch complete: unbase/records/jobs/jmu2st413zfcua55][]
[1789484655.142][2026-09-15 08:04:15][subbas-macbook-air.local][4306][SQLite][debug][9][JSON fetch complete: unbase/records/jobs/jmu2sg924w2n4thh][]
[1789484703.531][2026-09-15 08:05:03][subbas-macbook-air.local][4306][SQLite][debug][9][Cached JSON fetch complete: hosts/smu2svkrvihxgeos/data][]
[1789484703.535][2026-09-15 08:05:03][subbas-macbook-air.local][4306][SQLite][debug][9][Cached JSON fetch complete: timeline/smu2svkrvihxgeos/hourly][]
[1789484703.537][2026-09-15 08:05:03][subbas-macbook-air.local][4306][SQLite][debug][9][Cached JSON fetch complete: timeline/smu2svkrvihxgeos/hourly][]
[1789484703.537][2026-09-15 08:05:03][subbas-macbook-air.local][4306][SQLite][debug][9][Cached JSON fetch complete: timeline/smu2svkrvihxgeos/hourly/0][]
[1789484703.538][2026-09-15 08:05:03][subbas-macbook-air.local][4306][SQLite][debug][9][Cached JSON fetch complete: timeline/smu2svkrvihxgeos/hourly][]
[1789484703.539][2026-09-15 08:05:03][subbas-macbook-air.local][4306][SQLite][debug][9][Cached JSON fetch complete: timeline/smu2svkrvihxgeos/hourly/0][]
[1789484703.539][2026-09-15 08:05:03][subbas-macbook-air.local][4306][SQLite][debug][5][Beginning transaction commit: 12][{"path":"timeline/smu2svkrvihxgeos/hourly","actions":2}]
[1789484703.54][2026-09-15 08:05:03][subbas-macbook-air.local][4306][SQLite][debug][5][Transaction commit complete: 12][{"path":"timeline/smu2svkrvihxgeos/hourly"}]
[1789484703.541][2026-09-15 08:05:03][subbas-macbook-air.local][4306][SQLite][debug][9][Cached JSON fetch complete: timeline/smu2svkrvihxgeos/daily][]
[1789484703.541][2026-09-15 08:05:03][subbas-macbook-air.local][4306][SQLite][debug][9][Cached JSON fetch complete: timeline/smu2svkrvihxgeos/daily][]
[1789484703.541][2026-09-15 08:05:03][subbas-macbook-air.local][4306][SQLite][debug][9][Cached JSON fetch complete: timeline/smu2svkrvihxgeos/daily/0][]
[1789484703.543][2026-09-15 08:05:03][subbas-macbook-air.local][4306][SQLite][debug][9][Cached JSON fetch complete: timeline/smu2svkrvihxgeos/daily][]
[1789484703.543][2026-09-15 08:05:03][subbas-macbook-air.local][4306][SQLite][debug][9][Cached JSON fetch complete: timeline/smu2svkrvihxgeos/daily/0][]
[1789484703.544][2026-09-15 08:05:03][subbas-macbook-air.local][4306][SQLite][debug][5][Beginning transaction commit: 13][{"path":"timeline/smu2svkrvihxgeos/daily","actions":2}]
[1789484703.544][2026-09-15 08:05:03][subbas-macbook-air.local][4306][SQLite][debug][5][Transaction commit complete: 13][{"path":"timeline/smu2svkrvihxgeos/daily"}]
[1789484703.544][2026-09-15 08:05:03][subbas-macbook-air.local][4306][SQLite][debug][9][Cached JSON fetch complete: timeline/smu2svkrvihxgeos/monthly][]
[1789484703.544][2026-09-15 08:05:03][subbas-macbook-air.local][4306][SQLite][debug][9][Cached JSON fetch complete: timeline/smu2svkrvihxgeos/monthly][]
[1789484703.544][2026-09-15 08:05:03][subbas-macbook-air.local][4306][SQLite][debug][9][Cached JSON fetch complete: timeline/smu2svkrvihxgeos/monthly/0][]
[1789484703.545][2026-09-15 08:05:03][subbas-macbook-air.local][4306][SQLite][debug][9][Cached JSON fetch complete: timeline/smu2svkrvihxgeos/monthly][]
[1789484703.545][2026-09-15 08:05:03][subbas-macbook-air.local][4306][SQLite][debug][9][Cached JSON fetch complete: timeline/smu2svkrvihxgeos/monthly/0][]
[1789484703.545][2026-09-15 08:05:03][subbas-macbook-air.local][4306][SQLite][debug][5][Beginning transaction commit: 14][{"path":"timeline/smu2svkrvihxgeos/monthly","actions":2}]
[1789484703.546][2026-09-15 08:05:03][subbas-macbook-air.local][4306][SQLite][debug][5][Transaction commit complete: 14][{"path":"timeline/smu2svkrvihxgeos/monthly"}]
[1789484703.546][2026-09-15 08:05:03][subbas-macbook-air.local][4306][SQLite][debug][9][Cached JSON fetch complete: timeline/smu2svkrvihxgeos/yearly][]
[1789484703.546][2026-09-15 08:05:03][subbas-macbook-air.local][4306][SQLite][debug][9][Cached JSON fetch complete: timeline/smu2svkrvihxgeos/yearly][]
[1789484703.546][2026-09-15 08:05:03][subbas-macbook-air.local][4306][SQLite][debug][9][Cached JSON fetch complete: timeline/smu2svkrvihxgeos/yearly/0][]
[1789484703.546][2026-09-15 08:05:03][subbas-macbook-air.local][4306][SQLite][debug][9][Cached JSON fetch complete: timeline/smu2svkrvihxgeos/yearly][]
[1789484703.546][2026-09-15 08:05:03][subbas-macbook-air.local][4306][SQLite][debug][9][Cached JSON fetch complete: timeline/smu2svkrvihxgeos/yearly/0][]
[1789484703.547][2026-09-15 08:05:03][subbas-macbook-air.local][4306][SQLite][debug][5][Beginning transaction commit: 15][{"path":"timeline/smu2svkrvihxgeos/yearly","actions":2}]
[1789484703.547][2026-09-15 08:05:03][subbas-macbook-air.local][4306][SQLite][debug][5][Transaction commit complete: 15][{"path":"timeline/smu2svkrvihxgeos/yearly"}]
[1789484703.547][2026-09-15 08:05:03][subbas-macbook-air.local][4306][SQLite][debug][9][Storing SQLite JSON Object: hosts/smu2svkrvihxgeos/data][]
[1789484703.548][2026-09-15 08:05:03][subbas-macbook-air.local][4306][SQLite][debug][9][Store complete: hosts/smu2svkrvihxgeos/data][]
[1789484763.552][2026-09-15 08:06:03][subbas-macbook-air.local][4306][SQLite][debug][9][Cached JSON fetch complete: hosts/smu2svkrvihxgeos/data][]
[1789484763.555][2026-09-15 08:06:03][subbas-macbook-air.local][4306][SQLite][debug][9][Cached JSON fetch complete: timeline/smu2svkrvihxgeos/hourly][]
[1789484763.557][2026-09-15 08:06:03][subbas-macbook-air.local][4306][SQLite][debug][9][Cached JSON fetch complete: timeline/smu2svkrvihxgeos/hourly][]
[1789484763.557][2026-09-15 08:06:03][subbas-macbook-air.local][4306][SQLite][debug][9][Cached JSON fetch complete: timeline/smu2svkrvihxgeos/hourly/0][]
[1789484763.558][2026-09-15 08:06:03][subbas-macbook-air.local][4306][SQLite][debug][9][Cached JSON fetch complete: timeline/smu2svkrvihxgeos/hourly][]
[1789484763.558][2026-09-15 08:06:03][subbas-macbook-air.local][4306][SQLite][debug][9][Cached JSON fetch complete: timeline/smu2svkrvihxgeos/hourly/0][]
[1789484763.559][2026-09-15 08:06:03][subbas-macbook-air.local][4306][SQLite][debug][5][Beginning transaction commit: 16][{"path":"timeline/smu2svkrvihxgeos/hourly","actions":2}]
[1789484763.56][2026-09-15 08:06:03][subbas-macbook-air.local][4306][SQLite][debug][5][Transaction commit complete: 16][{"path":"timeline/smu2svkrvihxgeos/hourly"}]
[1789484763.561][2026-09-15 08:06:03][subbas-macbook-air.local][4306][SQLite][debug][9][Cached JSON fetch complete: timeline/smu2svkrvihxgeos/daily][]
[1789484763.561][2026-09-15 08:06:03][subbas-macbook-air.local][4306][SQLite][debug][9][Cached JSON fetch complete: timeline/smu2svkrvihxgeos/daily][]
[1789484763.562][2026-09-15 08:06:03][subbas-macbook-air.local][4306][SQLite][debug][9][Cached JSON fetch complete: timeline/smu2svkrvihxgeos/daily/0][]
[1789484763.562][2026-09-15 08:06:03][subbas-macbook-air.local][4306][SQLite][debug][9][Cached JSON fetch complete: timeline/smu2svkrvihxgeos/daily][]
[1789484763.562][2026-09-15 08:06:03][subbas-macbook-air.local][4306][SQLite][debug][9][Cached JSON fetch complete: timeline/smu2svkrvihxgeos/daily/0][]
[1789484763.564][2026-09-15 08:06:03][subbas-macbook-air.local][4306][SQLite][debug][5][Beginning transaction commit: 17][{"path":"timeline/smu2svkrvihxgeos/daily","actions":2}]
[1789484763.564][2026-09-15 08:06:03][subbas-macbook-air.local][4306][SQLite][debug][5][Transaction commit complete: 17][{"path":"timeline/smu2svkrvihxgeos/daily"}]
[1789484763.565][2026-09-15 08:06:03][subbas-macbook-air.local][4306][SQLite][debug][9][Cached JSON fetch complete: timeline/smu2svkrvihxgeos/monthly][]
[1789484763.565][2026-09-15 08:06:03][subbas-macbook-air.local][4306][SQLite][debug][9][Cached JSON fetch complete: timeline/smu2svkrvihxgeos/monthly][]
[1789484763.565][2026-09-15 08:06:03][subbas-macbook-air.local][4306][SQLite][debug][9][Cached JSON fetch complete: timeline/smu2svkrvihxgeos/monthly/0][]
[1789484763.565][2026-09-15 08:06:03][subbas-macbook-air.local][4306][SQLite][debug][9][Cached JSON fetch complete: timeline/smu2svkrvihxgeos/monthly][]
[1789484763.565][2026-09-15 08:06:03][subbas-macbook-air.local][4306][SQLite][debug][9][Cached JSON fetch complete: timeline/smu2svkrvihxgeos/monthly/0][]
[1789484763.565][2026-09-15 08:06:03][subbas-macbook-air.local][4306][SQLite][debug][5][Beginning transaction commit: 18][{"path":"timeline/smu2svkrvihxgeos/monthly","actions":2}]
[1789484763.565][2026-09-15 08:06:03][subbas-macbook-air.local][4306][SQLite][debug][5][Transaction commit complete: 18][{"path":"timeline/smu2svkrvihxgeos/monthly"}]
[1789484763.566][2026-09-15 08:06:03][subbas-macbook-air.local][4306][SQLite][debug][9][Cached JSON fetch complete: timeline/smu2svkrvihxgeos/yearly][]
[1789484763.566][2026-09-15 08:06:03][subbas-macbook-air.local][4306][SQLite][debug][9][Cached JSON fetch complete: timeline/smu2svkrvihxgeos/yearly][]
[1789484763.566][2026-09-15 08:06:03][subbas-macbook-air.local][4306][SQLite][debug][9][Cached JSON fetch complete: timeline/smu2svkrvihxgeos/yearly/0][]
[1789484763.566][2026-09-15 08:06:03][subbas-macbook-air.local][4306][SQLite][debug][9][Cached JSON fetch complete: timeline/smu2svkrvihxgeos/yearly][]
[1789484763.566][2026-09-15 08:06:03][subbas-macbook-air.local][4306][SQLite][debug][9][Cached JSON fetch complete: timeline/smu2svkrvihxgeos/yearly/0][]
[1789484763.566][2026-09-15 08:06:03][subbas-macbook-air.local][4306][SQLite][debug][5][Beginning transaction commit: 19][{"path":"timeline/smu2svkrvihxgeos/yearly","actions":2}]
[1789484763.567][2026-09-15 08:06:03][subbas-macbook-air.local][4306][SQLite][debug][5][Transaction commit complete: 19][{"path":"timeline/smu2svkrvihxgeos/yearly"}]
[1789484763.567][2026-09-15 08:06:03][subbas-macbook-air.local][4306][SQLite][debug][9][Storing SQLite JSON Object: hosts/smu2svkrvihxgeos/data][]
[1789484763.569][2026-09-15 08:06:03][subbas-macbook-air.local][4306][SQLite][debug][9][Store complete: hosts/smu2svkrvihxgeos/data][]
[1789484823.518][2026-09-15 08:07:03][subbas-macbook-air.local][4306][SQLite][debug][9][Cached JSON fetch complete: hosts/smu2svkrvihxgeos/data][]
[1789484823.524][2026-09-15 08:07:03][subbas-macbook-air.local][4306][SQLite][debug][9][Cached JSON fetch complete: timeline/smu2svkrvihxgeos/hourly][]
[1789484823.525][2026-09-15 08:07:03][subbas-macbook-air.local][4306][SQLite][debug][9][Cached JSON fetch complete: timeline/smu2svkrvihxgeos/hourly][]
[1789484823.525][2026-09-15 08:07:03][subbas-macbook-air.local][4306][SQLite][debug][9][Cached JSON fetch complete: timeline/smu2svkrvihxgeos/hourly/0][]
[1789484823.526][2026-09-15 08:07:03][subbas-macbook-air.local][4306][SQLite][debug][9][Cached JSON fetch complete: timeline/smu2svkrvihxgeos/hourly][]
[1789484823.527][2026-09-15 08:07:03][subbas-macbook-air.local][4306][SQLite][debug][9][Cached JSON fetch complete: timeline/smu2svkrvihxgeos/hourly/0][]
[1789484823.533][2026-09-15 08:07:03][subbas-macbook-air.local][4306][SQLite][debug][5][Beginning transaction commit: 20][{"path":"timeline/smu2svkrvihxgeos/hourly","actions":2}]
[1789484823.534][2026-09-15 08:07:03][subbas-macbook-air.local][4306][SQLite][debug][5][Transaction commit complete: 20][{"path":"timeline/smu2svkrvihxgeos/hourly"}]
[1789484823.536][2026-09-15 08:07:03][subbas-macbook-air.local][4306][SQLite][debug][9][Cached JSON fetch complete: timeline/smu2svkrvihxgeos/daily][]
[1789484823.536][2026-09-15 08:07:03][subbas-macbook-air.local][4306][SQLite][debug][9][Cached JSON fetch complete: timeline/smu2svkrvihxgeos/daily][]
[1789484823.536][2026-09-15 08:07:03][subbas-macbook-air.local][4306][SQLite][debug][9][Cached JSON fetch complete: timeline/smu2svkrvihxgeos/daily/0][]
[1789484823.537][2026-09-15 08:07:03][subbas-macbook-air.local][4306][SQLite][debug][9][Cached JSON fetch complete: timeline/smu2svkrvihxgeos/daily][]
[1789484823.537][2026-09-15 08:07:03][subbas-macbook-air.local][4306][SQLite][debug][9][Cached JSON fetch complete: timeline/smu2svkrvihxgeos/daily/0][]
[1789484823.538][2026-09-15 08:07:03][subbas-macbook-air.local][4306][SQLite][debug][5][Beginning transaction commit: 21][{"path":"timeline/smu2svkrvihxgeos/daily","actions":2}]
[1789484823.539][2026-09-15 08:07:03][subbas-macbook-air.local][4306][SQLite][debug][5][Transaction commit complete: 21][{"path":"timeline/smu2svkrvihxgeos/daily"}]
[1789484823.539][2026-09-15 08:07:03][subbas-macbook-air.local][4306][SQLite][debug][9][Cached JSON fetch complete: timeline/smu2svkrvihxgeos/monthly][]
[1789484823.54][2026-09-15 08:07:03][subbas-macbook-air.local][4306][SQLite][debug][9][Cached JSON fetch complete: timeline/smu2svkrvihxgeos/monthly][]
[1789484823.54][2026-09-15 08:07:03][subbas-macbook-air.local][4306][SQLite][debug][9][Cached JSON fetch complete: timeline/smu2svkrvihxgeos/monthly/0][]
[1789484823.54][2026-09-15 08:07:03][subbas-macbook-air.local][4306][SQLite][debug][9][Cached JSON fetch complete: timeline/smu2svkrvihxgeos/monthly][]
[1789484823.54][2026-09-15 08:07:03][subbas-macbook-air.local][4306][SQLite][debug][9][Cached JSON fetch complete: timeline/smu2svkrvihxgeos/monthly/0][]
[1789484823.541][2026-09-15 08:07:03][subbas-macbook-air.local][4306][SQLite][debug][5][Beginning transaction commit: 22][{"path":"timeline/smu2svkrvihxgeos/monthly","actions":2}]
[1789484823.541][2026-09-15 08:07:03][subbas-macbook-air.local][4306][SQLite][debug][5][Transaction commit complete: 22][{"path":"timeline/smu2svkrvihxgeos/monthly"}]
[1789484823.542][2026-09-15 08:07:03][subbas-macbook-air.local][4306][SQLite][debug][9][Cached JSON fetch complete: timeline/smu2svkrvihxgeos/yearly][]
[1789484823.542][2026-09-15 08:07:03][subbas-macbook-air.local][4306][SQLite][debug][9][Cached JSON fetch complete: timeline/smu2svkrvihxgeos/yearly][]
[1789484823.542][2026-09-15 08:07:03][subbas-macbook-air.local][4306][SQLite][debug][9][Cached JSON fetch complete: timeline/smu2svkrvihxgeos/yearly/0][]
[1789484823.542][2026-09-15 08:07:03][subbas-macbook-air.local][4306][SQLite][debug][9][Cached JSON fetch complete: timeline/smu2svkrvihxgeos/yearly][]
[1789484823.543][2026-09-15 08:07:03][subbas-macbook-air.local][4306][SQLite][debug][9][Cached JSON fetch complete: timeline/smu2svkrvihxgeos/yearly/0][]
[1789484823.543][2026-09-15 08:07:03][subbas-macbook-air.local][4306][SQLite][debug][5][Beginning transaction commit: 23][{"path":"timeline/smu2svkrvihxgeos/yearly","actions":2}]
[1789484823.543][2026-09-15 08:07:03][subbas-macbook-air.local][4306][SQLite][debug][5][Transaction commit complete: 23][{"path":"timeline/smu2svkrvihxgeos/yearly"}]
[1789484823.544][2026-09-15 08:07:03][subbas-macbook-air.local][4306][SQLite][debug][9][Storing SQLite JSON Object: hosts/smu2svkrvihxgeos/data][]
[1789484823.546][2026-09-15 08:07:03][subbas-macbook-air.local][4306][SQLite][debug][9][Store complete: hosts/smu2svkrvihxgeos/data][]
[1789484883.522][2026-09-15 08:08:03][subbas-macbook-air.local][4306][SQLite][debug][9][Cached JSON fetch complete: hosts/smu2svkrvihxgeos/data][]
[1789484883.525][2026-09-15 08:08:03][subbas-macbook-air.local][4306][SQLite][debug][9][Cached JSON fetch complete: timeline/smu2svkrvihxgeos/hourly][]
[1789484883.526][2026-09-15 08:08:03][subbas-macbook-air.local][4306][SQLite][debug][9][Cached JSON fetch complete: timeline/smu2svkrvihxgeos/hourly][]
[1789484883.526][2026-09-15 08:08:03][subbas-macbook-air.local][4306][SQLite][debug][9][Cached JSON fetch complete: timeline/smu2svkrvihxgeos/hourly/0][]
[1789484883.527][2026-09-15 08:08:03][subbas-macbook-air.local][4306][SQLite][debug][9][Cached JSON fetch complete: timeline/smu2svkrvihxgeos/hourly][]
[1789484883.528][2026-09-15 08:08:03][subbas-macbook-air.local][4306][SQLite][debug][9][Cached JSON fetch complete: timeline/smu2svkrvihxgeos/hourly/0][]
[1789484883.529][2026-09-15 08:08:03][subbas-macbook-air.local][4306][SQLite][debug][5][Beginning transaction commit: 24][{"path":"timeline/smu2svkrvihxgeos/hourly","actions":2}]
[1789484883.531][2026-09-15 08:08:03][subbas-macbook-air.local][4306][SQLite][debug][5][Transaction commit complete: 24][{"path":"timeline/smu2svkrvihxgeos/hourly"}]
[1789484883.532][2026-09-15 08:08:03][subbas-macbook-air.local][4306][SQLite][debug][9][Cached JSON fetch complete: timeline/smu2svkrvihxgeos/daily][]
[1789484883.532][2026-09-15 08:08:03][subbas-macbook-air.local][4306][SQLite][debug][9][Cached JSON fetch complete: timeline/smu2svkrvihxgeos/daily][]
[1789484883.532][2026-09-15 08:08:03][subbas-macbook-air.local][4306][SQLite][debug][9][Cached JSON fetch complete: timeline/smu2svkrvihxgeos/daily/0][]
[1789484883.532][2026-09-15 08:08:03][subbas-macbook-air.local][4306][SQLite][debug][9][Cached JSON fetch complete: timeline/smu2svkrvihxgeos/daily][]
[1789484883.532][2026-09-15 08:08:03][subbas-macbook-air.local][4306][SQLite][debug][9][Cached JSON fetch complete: timeline/smu2svkrvihxgeos/daily/0][]
[1789484883.532][2026-09-15 08:08:03][subbas-macbook-air.local][4306][SQLite][debug][5][Beginning transaction commit: 25][{"path":"timeline/smu2svkrvihxgeos/daily","actions":2}]
[1789484883.532][2026-09-15 08:08:03][subbas-macbook-air.local][4306][SQLite][debug][5][Transaction commit complete: 25][{"path":"timeline/smu2svkrvihxgeos/daily"}]
[1789484883.533][2026-09-15 08:08:03][subbas-macbook-air.local][4306][SQLite][debug][9][Cached JSON fetch complete: timeline/smu2svkrvihxgeos/monthly][]
[1789484883.533][2026-09-15 08:08:03][subbas-macbook-air.local][4306][SQLite][debug][9][Cached JSON fetch complete: timeline/smu2svkrvihxgeos/monthly][]
[1789484883.533][2026-09-15 08:08:03][subbas-macbook-air.local][4306][SQLite][debug][9][Cached JSON fetch complete: timeline/smu2svkrvihxgeos/monthly/0][]
[1789484883.533][2026-09-15 08:08:03][subbas-macbook-air.local][4306][SQLite][debug][9][Cached JSON fetch complete: timeline/smu2svkrvihxgeos/monthly][]
[1789484883.533][2026-09-15 08:08:03][subbas-macbook-air.local][4306][SQLite][debug][9][Cached JSON fetch complete: timeline/smu2svkrvihxgeos/monthly/0][]
[1789484883.534][2026-09-15 08:08:03][subbas-macbook-air.local][4306][SQLite][debug][5][Beginning transaction commit: 26][{"path":"timeline/smu2svkrvihxgeos/monthly","actions":2}]
[1789484883.534][2026-09-15 08:08:03][subbas-macbook-air.local][4306][SQLite][debug][5][Transaction commit complete: 26][{"path":"timeline/smu2svkrvihxgeos/monthly"}]
[1789484883.534][2026-09-15 08:08:03][subbas-macbook-air.local][4306][SQLite][debug][9][Cached JSON fetch complete: timeline/smu2svkrvihxgeos/yearly][]
[1789484883.534][2026-09-15 08:08:03][subbas-macbook-air.local][4306][SQLite][debug][9][Cached JSON fetch complete: timeline/smu2svkrvihxgeos/yearly][]
[1789484883.534][2026-09-15 08:08:03][subbas-macbook-air.local][4306][SQLite][debug][9][Cached JSON fetch complete: timeline/smu2svkrvihxgeos/yearly/0][]
[1789484883.534][2026-09-15 08:08:03][subbas-macbook-air.local][4306][SQLite][debug][9][Cached JSON fetch complete: timeline/smu2svkrvihxgeos/yearly][]
[1789484883.534][2026-09-15 08:08:03][subbas-macbook-air.local][4306][SQLite][debug][9][Cached JSON fetch complete: timeline/smu2svkrvihxgeos/yearly/0][]
[1789484883.535][2026-09-15 08:08:03][subbas-macbook-air.local][4306][SQLite][debug][5][Beginning transaction commit: 27][{"path":"timeline/smu2svkrvihxgeos/yearly","actions":2}]
[1789484883.535][2026-09-15 08:08:03][subbas-macbook-air.local][4306][SQLite][debug][5][Transaction commit complete: 27][{"path":"timeline/smu2svkrvihxgeos/yearly"}]
[1789484883.535][2026-09-15 08:08:03][subbas-macbook-air.local][4306][SQLite][debug][9][Storing SQLite JSON Object: hosts/smu2svkrvihxgeos/data][]
[1789484883.536][2026-09-15 08:08:03][subbas-macbook-air.local][4306][SQLite][debug][9][Store complete: hosts/smu2svkrvihxgeos/data][]
[1789484902.533][2026-09-15 08:08:22][subbas-macbook-air.local][4306][SQLite][debug][9][Cached JSON fetch complete: sessions/8397ca50eb4879dce3d919e8099169f80bc7650ee26249f4066858e5526e7d4a][]
[1789484902.535][2026-09-15 08:08:22][subbas-macbook-air.local][4306][SQLite][debug][9][Cached JSON fetch complete: users/admin][]
[1789484902.539][2026-09-15 08:08:22][subbas-macbook-air.local][4306][SQLite][debug][9][Cached JSON fetch complete: global/events][]
[1789484902.539][2026-09-15 08:08:22][subbas-macbook-air.local][4306][SQLite][debug][9][Cached JSON fetch complete: global/events/0][]
[1789484902.542][2026-09-15 08:08:22][subbas-macbook-air.local][4306][SQLite][debug][5][Beginning transaction commit: 28][{"path":"global/events","actions":2}]
[1789484902.543][2026-09-15 08:08:22][subbas-macbook-air.local][4306][SQLite][debug][5][Transaction commit complete: 28][{"path":"global/events"}]
[1789484902.547][2026-09-15 08:08:22][subbas-macbook-air.local][4306][SQLite][debug][9][Storing SQLite JSON Object: unbase/records/activity/amu2t3vrm2x3zm90][]
[1789484902.548][2026-09-15 08:08:22][subbas-macbook-air.local][4306][SQLite][debug][9][Store complete: unbase/records/activity/amu2t3vrm2x3zm90][]
[1789484902.549][2026-09-15 08:08:22][subbas-macbook-air.local][4306][SQLite][debug][9][Fetching SQLite Object: unbase/index/activity/_data/amu2t3vrm2x3zm90][]
[1789484902.552][2026-09-15 08:08:22][subbas-macbook-air.local][4306][SQLite][debug][9][Cached JSON fetch complete: unbase/index/activity/_id][]
[1789484902.552][2026-09-15 08:08:22][subbas-macbook-air.local][4306][SQLite][debug][9][Cached JSON fetch complete: unbase/index/activity/_id/data][]
[1789484902.554][2026-09-15 08:08:22][subbas-macbook-air.local][4306][SQLite][debug][9][Fetching SQLite Object: unbase/index/activity/action/word/event_create][]
[1789484902.554][2026-09-15 08:08:22][subbas-macbook-air.local][4306][SQLite][debug][9][Fetching SQLite Object: unbase/index/activity/keywords/word/1][]
[1789484902.554][2026-09-15 08:08:22][subbas-macbook-air.local][4306][SQLite][debug][9][Fetching SQLite Object: unbase/index/activity/keywords/word/emu2t3vr62wcc00v][]
[1789484902.555][2026-09-15 08:08:22][subbas-macbook-air.local][4306][SQLite][debug][9][Fetching SQLite Object: unbase/index/activity/keywords/word/admin][]
[1789484902.556][2026-09-15 08:08:22][subbas-macbook-air.local][4306][SQLite][debug][9][JSON fetch complete: unbase/index/activity/action/word/event_create][]
[1789484902.556][2026-09-15 08:08:22][subbas-macbook-air.local][4306][SQLite][debug][9][JSON fetch complete: unbase/index/activity/keywords/word/1][]
[1789484902.556][2026-09-15 08:08:22][subbas-macbook-air.local][4306][SQLite][debug][9][Fetching SQLite Object: unbase/index/activity/keywords/word/1/data][]
[1789484902.557][2026-09-15 08:08:22][subbas-macbook-air.local][4306][SQLite][debug][9][JSON fetch complete: unbase/index/activity/keywords/word/admin][]
[1789484902.557][2026-09-15 08:08:22][subbas-macbook-air.local][4306][SQLite][debug][9][Fetching SQLite Object: unbase/index/activity/keywords/word/admin/data][]
[1789484902.557][2026-09-15 08:08:22][subbas-macbook-air.local][4306][SQLite][debug][9][Cached JSON fetch complete: unbase/index/activity/date/summary][]
[1789484902.557][2026-09-15 08:08:22][subbas-macbook-air.local][4306][SQLite][debug][9][Cached JSON fetch complete: unbase/index/activity/date/word/497079][]
[1789484902.557][2026-09-15 08:08:22][subbas-macbook-air.local][4306][SQLite][debug][9][Cached JSON fetch complete: unbase/index/activity/date/word/h497000][]
[1789484902.557][2026-09-15 08:08:22][subbas-macbook-air.local][4306][SQLite][debug][9][Cached JSON fetch complete: unbase/index/activity/date/word/t497000][]
[1789484902.557][2026-09-15 08:08:22][subbas-macbook-air.local][4306][SQLite][debug][9][Cached JSON fetch complete: unbase/index/activity/action/word/event_create/data][]
[1789484902.557][2026-09-15 08:08:22][subbas-macbook-air.local][4306][SQLite][debug][9][JSON fetch complete: unbase/index/activity/keywords/word/1/data][]
[1789484902.558][2026-09-15 08:08:22][subbas-macbook-air.local][4306][SQLite][debug][9][JSON fetch complete: unbase/index/activity/keywords/word/admin/data][]
[1789484902.558][2026-09-15 08:08:22][subbas-macbook-air.local][4306][SQLite][debug][9][Cached JSON fetch complete: unbase/index/activity/date/word/497079/data][]
[1789484902.558][2026-09-15 08:08:22][subbas-macbook-air.local][4306][SQLite][debug][9][Cached JSON fetch complete: unbase/index/activity/date/word/h497000/data][]
[1789484902.558][2026-09-15 08:08:22][subbas-macbook-air.local][4306][SQLite][debug][9][Cached JSON fetch complete: unbase/index/activity/date/word/t497000/data][]
[1789484902.563][2026-09-15 08:08:22][subbas-macbook-air.local][4306][SQLite][debug][5][Beginning transaction commit: 29][{"path":"unbase/index/activity","actions":18}]
[1789484902.563][2026-09-15 08:08:22][subbas-macbook-air.local][4306][SQLite][debug][5][Transaction commit complete: 29][{"path":"unbase/index/activity"}]
[1789484902.596][2026-09-15 08:08:22][subbas-macbook-air.local][4306][SQLite][debug][9][Cached JSON fetch complete: sessions/8397ca50eb4879dce3d919e8099169f80bc7650ee26249f4066858e5526e7d4a][]
[1789484902.596][2026-09-15 08:08:22][subbas-macbook-air.local][4306][SQLite][debug][9][Cached JSON fetch complete: users/admin][]
[1789484902.599][2026-09-15 08:08:22][subbas-macbook-air.local][4306][SQLite][debug][9][Fetching SQLite Object: unbase/index/jobs/event/word/emu2t3vr62wcc00v][]
[1789484902.6][2026-09-15 08:08:22][subbas-macbook-air.local][4306][SQLite][debug][9][Fetching SQLite Object: unbase/index/jobs/event/word/emu2t3vr62wcc00v/data][]
[1789484902.656][2026-09-15 08:08:22][subbas-macbook-air.local][4306][SQLite][debug][9][Cached JSON fetch complete: sessions/8397ca50eb4879dce3d919e8099169f80bc7650ee26249f4066858e5526e7d4a][]
[1789484902.656][2026-09-15 08:08:22][subbas-macbook-air.local][4306][SQLite][debug][9][Cached JSON fetch complete: users/admin][]
[1789484902.693][2026-09-15 08:08:22][subbas-macbook-air.local][4306][SQLite][debug][9][Cached JSON fetch complete: sessions/8397ca50eb4879dce3d919e8099169f80bc7650ee26249f4066858e5526e7d4a][]
[1789484902.694][2026-09-15 08:08:22][subbas-macbook-air.local][4306][SQLite][debug][9][Cached JSON fetch complete: users/admin][]
[1789484902.696][2026-09-15 08:08:22][subbas-macbook-air.local][4306][SQLite][debug][9][Cached JSON fetch complete: unbase/index/activity/keywords/word/emu2t3vr62wcc00v][]
[1789484902.697][2026-09-15 08:08:22][subbas-macbook-air.local][4306][SQLite][debug][9][Cached JSON fetch complete: unbase/index/activity/action/word/event_create/data][]
[1789484902.7][2026-09-15 08:08:22][subbas-macbook-air.local][4306][SQLite][debug][9][Cached JSON fetch complete: unbase/index/activity/keywords/word/emu2t3vr62wcc00v/data][]
[1789484902.701][2026-09-15 08:08:22][subbas-macbook-air.local][4306][SQLite][debug][9][Cached JSON fetch complete: unbase/records/activity/amu2t3vrm2x3zm90][]
[1789484902.718][2026-09-15 08:08:22][subbas-macbook-air.local][4306][SQLite][debug][9][Cached JSON fetch complete: sessions/8397ca50eb4879dce3d919e8099169f80bc7650ee26249f4066858e5526e7d4a][]
[1789484902.718][2026-09-15 08:08:22][subbas-macbook-air.local][4306][SQLite][debug][9][Cached JSON fetch complete: users/admin][]
[1789484902.719][2026-09-15 08:08:22][subbas-macbook-air.local][4306][SQLite][debug][9][Fetching SQLite Object: global/stats][]
[1789484902.719][2026-09-15 08:08:22][subbas-macbook-air.local][4306][SQLite][debug][9][JSON fetch complete: global/stats][]
[1789484902.719][2026-09-15 08:08:22][subbas-macbook-air.local][4306][SQLite][debug][9][Fetching SQLite Object: global/stats/0][]
[1789484902.719][2026-09-15 08:08:22][subbas-macbook-air.local][4306][SQLite][debug][9][JSON fetch complete: global/stats/0][]
[1789484903.008][2026-09-15 08:08:23][subbas-macbook-air.local][4306][SQLite][debug][9][Storing SQLite JSON Object: global/state][]
[1789484903.009][2026-09-15 08:08:23][subbas-macbook-air.local][4306][SQLite][debug][9][Store complete: global/state][]
[1789484943.567][2026-09-15 08:09:03][subbas-macbook-air.local][4306][SQLite][debug][9][Cached JSON fetch complete: hosts/smu2svkrvihxgeos/data][]
[1789484943.569][2026-09-15 08:09:03][subbas-macbook-air.local][4306][SQLite][debug][9][Cached JSON fetch complete: timeline/smu2svkrvihxgeos/hourly][]
[1789484943.569][2026-09-15 08:09:03][subbas-macbook-air.local][4306][SQLite][debug][9][Cached JSON fetch complete: timeline/smu2svkrvihxgeos/hourly][]
[1789484943.57][2026-09-15 08:09:03][subbas-macbook-air.local][4306][SQLite][debug][9][Cached JSON fetch complete: timeline/smu2svkrvihxgeos/hourly/0][]
[1789484943.571][2026-09-15 08:09:03][subbas-macbook-air.local][4306][SQLite][debug][9][Cached JSON fetch complete: timeline/smu2svkrvihxgeos/hourly][]
[1789484943.571][2026-09-15 08:09:03][subbas-macbook-air.local][4306][SQLite][debug][9][Cached JSON fetch complete: timeline/smu2svkrvihxgeos/hourly/0][]
[1789484943.572][2026-09-15 08:09:03][subbas-macbook-air.local][4306][SQLite][debug][5][Beginning transaction commit: 30][{"path":"timeline/smu2svkrvihxgeos/hourly","actions":2}]
[1789484943.572][2026-09-15 08:09:03][subbas-macbook-air.local][4306][SQLite][debug][5][Transaction commit complete: 30][{"path":"timeline/smu2svkrvihxgeos/hourly"}]
[1789484943.573][2026-09-15 08:09:03][subbas-macbook-air.local][4306][SQLite][debug][9][Cached JSON fetch complete: timeline/smu2svkrvihxgeos/daily][]
[1789484943.574][2026-09-15 08:09:03][subbas-macbook-air.local][4306][SQLite][debug][9][Cached JSON fetch complete: timeline/smu2svkrvihxgeos/daily][]
[1789484943.574][2026-09-15 08:09:03][subbas-macbook-air.local][4306][SQLite][debug][9][Cached JSON fetch complete: timeline/smu2svkrvihxgeos/daily/0][]
[1789484943.574][2026-09-15 08:09:03][subbas-macbook-air.local][4306][SQLite][debug][9][Cached JSON fetch complete: timeline/smu2svkrvihxgeos/daily][]
[1789484943.575][2026-09-15 08:09:03][subbas-macbook-air.local][4306][SQLite][debug][9][Cached JSON fetch complete: timeline/smu2svkrvihxgeos/daily/0][]
[1789484943.576][2026-09-15 08:09:03][subbas-macbook-air.local][4306][SQLite][debug][5][Beginning transaction commit: 31][{"path":"timeline/smu2svkrvihxgeos/daily","actions":2}]
[1789484943.576][2026-09-15 08:09:03][subbas-macbook-air.local][4306][SQLite][debug][5][Transaction commit complete: 31][{"path":"timeline/smu2svkrvihxgeos/daily"}]
[1789484943.577][2026-09-15 08:09:03][subbas-macbook-air.local][4306][SQLite][debug][9][Cached JSON fetch complete: timeline/smu2svkrvihxgeos/monthly][]
[1789484943.577][2026-09-15 08:09:03][subbas-macbook-air.local][4306][SQLite][debug][9][Cached JSON fetch complete: timeline/smu2svkrvihxgeos/monthly][]
[1789484943.577][2026-09-15 08:09:03][subbas-macbook-air.local][4306][SQLite][debug][9][Cached JSON fetch complete: timeline/smu2svkrvihxgeos/monthly/0][]
[1789484943.577][2026-09-15 08:09:03][subbas-macbook-air.local][4306][SQLite][debug][9][Cached JSON fetch complete: timeline/smu2svkrvihxgeos/monthly][]
[1789484943.578][2026-09-15 08:09:03][subbas-macbook-air.local][4306][SQLite][debug][9][Cached JSON fetch complete: timeline/smu2svkrvihxgeos/monthly/0][]
[1789484943.578][2026-09-15 08:09:03][subbas-macbook-air.local][4306][SQLite][debug][5][Beginning transaction commit: 32][{"path":"timeline/smu2svkrvihxgeos/monthly","actions":2}]
[1789484943.578][2026-09-15 08:09:03][subbas-macbook-air.local][4306][SQLite][debug][5][Transaction commit complete: 32][{"path":"timeline/smu2svkrvihxgeos/monthly"}]
[1789484943.579][2026-09-15 08:09:03][subbas-macbook-air.local][4306][SQLite][debug][9][Cached JSON fetch complete: timeline/smu2svkrvihxgeos/yearly][]
[1789484943.58][2026-09-15 08:09:03][subbas-macbook-air.local][4306][SQLite][debug][9][Cached JSON fetch complete: timeline/smu2svkrvihxgeos/yearly][]
[1789484943.58][2026-09-15 08:09:03][subbas-macbook-air.local][4306][SQLite][debug][9][Cached JSON fetch complete: timeline/smu2svkrvihxgeos/yearly/0][]
[1789484943.58][2026-09-15 08:09:03][subbas-macbook-air.local][4306][SQLite][debug][9][Cached JSON fetch complete: timeline/smu2svkrvihxgeos/yearly][]
[1789484943.581][2026-09-15 08:09:03][subbas-macbook-air.local][4306][SQLite][debug][9][Cached JSON fetch complete: timeline/smu2svkrvihxgeos/yearly/0][]
[1789484943.581][2026-09-15 08:09:03][subbas-macbook-air.local][4306][SQLite][debug][5][Beginning transaction commit: 33][{"path":"timeline/smu2svkrvihxgeos/yearly","actions":2}]
[1789484943.582][2026-09-15 08:09:03][subbas-macbook-air.local][4306][SQLite][debug][5][Transaction commit complete: 33][{"path":"timeline/smu2svkrvihxgeos/yearly"}]
[1789484943.582][2026-09-15 08:09:03][subbas-macbook-air.local][4306][SQLite][debug][9][Storing SQLite JSON Object: hosts/smu2svkrvihxgeos/data][]
[1789484943.584][2026-09-15 08:09:03][subbas-macbook-air.local][4306][SQLite][debug][9][Store complete: hosts/smu2svkrvihxgeos/data][]
[1789484950.662][2026-09-15 08:09:10][subbas-macbook-air.local][4306][SQLite][debug][9][Cached JSON fetch complete: sessions/8397ca50eb4879dce3d919e8099169f80bc7650ee26249f4066858e5526e7d4a][]
[1789484950.662][2026-09-15 08:09:10][subbas-macbook-air.local][4306][SQLite][debug][9][Cached JSON fetch complete: users/admin][]
[1789484950.664][2026-09-15 08:09:10][subbas-macbook-air.local][4306][SQLite][debug][9][Cached JSON fetch complete: unbase/index/activity/_id/data][]
[1789484950.665][2026-09-15 08:09:10][subbas-macbook-air.local][4306][SQLite][debug][9][Fetching SQLite Object: unbase/records/activity/amu2svlnglic5kdn][]
[1789484950.666][2026-09-15 08:09:10][subbas-macbook-air.local][4306][SQLite][debug][9][Fetching SQLite Object: unbase/records/activity/amu2s6coztc7pcrn][]
[1789484950.666][2026-09-15 08:09:10][subbas-macbook-air.local][4306][SQLite][debug][9][Fetching SQLite Object: unbase/records/activity/amu2s58b6sq2bmlf][]
[1789484950.666][2026-09-15 08:09:10][subbas-macbook-air.local][4306][SQLite][debug][9][Fetching SQLite Object: unbase/records/activity/amu2s497fmf8eild][]
[1789484950.666][2026-09-15 08:09:10][subbas-macbook-air.local][4306][SQLite][debug][9][Fetching SQLite Object: unbase/records/activity/amu2s497fmeivniv][]
[1789484950.666][2026-09-15 08:09:10][subbas-macbook-air.local][4306][SQLite][debug][9][Fetching SQLite Object: unbase/records/activity/amu2s497fmddtq57][]
[1789484950.666][2026-09-15 08:09:10][subbas-macbook-air.local][4306][SQLite][debug][9][Fetching SQLite Object: unbase/records/activity/amu2s497fmcopdxo][]
[1789484950.666][2026-09-15 08:09:10][subbas-macbook-air.local][4306][SQLite][debug][9][Fetching SQLite Object: unbase/records/activity/amu2s497fmbg8eld][]
[1789484950.666][2026-09-15 08:09:10][subbas-macbook-air.local][4306][SQLite][debug][9][Fetching SQLite Object: unbase/records/activity/amu2s497fma2iov9][]
[1789484950.666][2026-09-15 08:09:10][subbas-macbook-air.local][4306][SQLite][debug][9][Fetching SQLite Object: unbase/records/activity/amu2s497fm9c5edf][]
[1789484950.666][2026-09-15 08:09:10][subbas-macbook-air.local][4306][SQLite][debug][9][Fetching SQLite Object: unbase/records/activity/amu2s497fm8d46zf][]
[1789484950.666][2026-09-15 08:09:10][subbas-macbook-air.local][4306][SQLite][debug][9][Fetching SQLite Object: unbase/records/activity/amu2s497fm7kvww4][]
[1789484950.666][2026-09-15 08:09:10][subbas-macbook-air.local][4306][SQLite][debug][9][Fetching SQLite Object: unbase/records/activity/amu2s497fm6jkwwd][]
[1789484950.666][2026-09-15 08:09:10][subbas-macbook-air.local][4306][SQLite][debug][9][Fetching SQLite Object: unbase/records/activity/amu2s497fm51spkq][]
[1789484950.666][2026-09-15 08:09:10][subbas-macbook-air.local][4306][SQLite][debug][9][Fetching SQLite Object: unbase/records/activity/amu2s497fm4c6eok][]
[1789484950.667][2026-09-15 08:09:10][subbas-macbook-air.local][4306][SQLite][debug][9][Fetching SQLite Object: unbase/records/activity/amu2s497fm3esz0g][]
[1789484950.667][2026-09-15 08:09:10][subbas-macbook-air.local][4306][SQLite][debug][9][Fetching SQLite Object: unbase/records/activity/amu2s497fm2ug4sf][]
[1789484950.667][2026-09-15 08:09:10][subbas-macbook-air.local][4306][SQLite][debug][9][Fetching SQLite Object: unbase/records/activity/amu2s497fm1sneqy][]
[1789484950.667][2026-09-15 08:09:10][subbas-macbook-air.local][4306][SQLite][debug][9][Fetching SQLite Object: unbase/records/activity/amu2s497fm02tu72][]
[1789484950.667][2026-09-15 08:09:10][subbas-macbook-air.local][4306][SQLite][debug][9][Fetching SQLite Object: unbase/records/activity/amu2s497flzp3rmb][]
[1789484950.667][2026-09-15 08:09:10][subbas-macbook-air.local][4306][SQLite][debug][9][Fetching SQLite Object: unbase/records/activity/amu2s497flywfju7][]
[1789484950.667][2026-09-15 08:09:10][subbas-macbook-air.local][4306][SQLite][debug][9][Fetching SQLite Object: unbase/records/activity/amu2s497flxb29rc][]
[1789484950.667][2026-09-15 08:09:10][subbas-macbook-air.local][4306][SQLite][debug][9][Fetching SQLite Object: unbase/records/activity/amu2s497flwmzv28][]
[1789484950.667][2026-09-15 08:09:10][subbas-macbook-air.local][4306][SQLite][debug][9][Fetching SQLite Object: unbase/records/activity/amu2s497elvgcu0d][]
[1789484950.667][2026-09-15 08:09:10][subbas-macbook-air.local][4306][SQLite][debug][9][Fetching SQLite Object: unbase/records/activity/amu2s497elu9vnfc][]
[1789484950.667][2026-09-15 08:09:10][subbas-macbook-air.local][4306][SQLite][debug][9][Fetching SQLite Object: unbase/records/activity/amu2s497eltf38a7][]
[1789484950.667][2026-09-15 08:09:10][subbas-macbook-air.local][4306][SQLite][debug][9][Fetching SQLite Object: unbase/records/activity/amu2s497elsb4fn3][]
[1789484950.667][2026-09-15 08:09:10][subbas-macbook-air.local][4306][SQLite][debug][9][Fetching SQLite Object: unbase/records/activity/amu2s497elrhwjet][]
[1789484950.668][2026-09-15 08:09:10][subbas-macbook-air.local][4306][SQLite][debug][9][Fetching SQLite Object: unbase/records/activity/amu2s497elqn38yh][]
[1789484950.668][2026-09-15 08:09:10][subbas-macbook-air.local][4306][SQLite][debug][9][Cached JSON fetch complete: unbase/records/activity/amu2t3vrm2x3zm90][]
[1789484950.668][2026-09-15 08:09:10][subbas-macbook-air.local][4306][SQLite][debug][9][Fetching SQLite Object: unbase/records/activity/amu2s497elpgec33][]
[1789484950.668][2026-09-15 08:09:10][subbas-macbook-air.local][4306][SQLite][debug][9][Cached JSON fetch complete: unbase/records/activity/amu2swi18zgxrwmu][]
[1789484950.668][2026-09-15 08:09:10][subbas-macbook-air.local][4306][SQLite][debug][9][Fetching SQLite Object: unbase/records/activity/amu2s497elofrsly][]
[1789484950.668][2026-09-15 08:09:10][subbas-macbook-air.local][4306][SQLite][debug][9][JSON fetch complete: unbase/records/activity/amu2svlnglic5kdn][]
[1789484950.668][2026-09-15 08:09:10][subbas-macbook-air.local][4306][SQLite][debug][9][Fetching SQLite Object: unbase/records/activity/amu2s497elnffa41][]
[1789484950.668][2026-09-15 08:09:10][subbas-macbook-air.local][4306][SQLite][debug][9][Cached JSON fetch complete: unbase/records/activity/amu2sckyyv0g8f3x][]
[1789484950.668][2026-09-15 08:09:10][subbas-macbook-air.local][4306][SQLite][debug][9][Fetching SQLite Object: unbase/records/activity/amu2s497elm1px8f][]
[1789484950.669][2026-09-15 08:09:10][subbas-macbook-air.local][4306][SQLite][debug][9][JSON fetch complete: unbase/records/activity/amu2s6coztc7pcrn][]
[1789484950.669][2026-09-15 08:09:10][subbas-macbook-air.local][4306][SQLite][debug][9][Fetching SQLite Object: unbase/records/activity/amu2s497ell06e25][]
[1789484950.669][2026-09-15 08:09:10][subbas-macbook-air.local][4306][SQLite][debug][9][JSON fetch complete: unbase/records/activity/amu2s58b6sq2bmlf][]
[1789484950.67][2026-09-15 08:09:10][subbas-macbook-air.local][4306][SQLite][debug][9][Fetching SQLite Object: unbase/records/activity/amu2s497elk64n42][]
[1789484950.67][2026-09-15 08:09:10][subbas-macbook-air.local][4306][SQLite][debug][9][JSON fetch complete: unbase/records/activity/amu2s497fmf8eild][]
[1789484950.67][2026-09-15 08:09:10][subbas-macbook-air.local][4306][SQLite][debug][9][JSON fetch complete: unbase/records/activity/amu2s497fmeivniv][]
[1789484950.67][2026-09-15 08:09:10][subbas-macbook-air.local][4306][SQLite][debug][9][JSON fetch complete: unbase/records/activity/amu2s497fmddtq57][]
[1789484950.67][2026-09-15 08:09:10][subbas-macbook-air.local][4306][SQLite][debug][9][JSON fetch complete: unbase/records/activity/amu2s497fmcopdxo][]
[1789484950.67][2026-09-15 08:09:10][subbas-macbook-air.local][4306][SQLite][debug][9][JSON fetch complete: unbase/records/activity/amu2s497fmbg8eld][]
[1789484950.671][2026-09-15 08:09:10][subbas-macbook-air.local][4306][SQLite][debug][9][JSON fetch complete: unbase/records/activity/amu2s497fma2iov9][]
[1789484950.671][2026-09-15 08:09:10][subbas-macbook-air.local][4306][SQLite][debug][9][JSON fetch complete: unbase/records/activity/amu2s497fm9c5edf][]
[1789484950.671][2026-09-15 08:09:10][subbas-macbook-air.local][4306][SQLite][debug][9][JSON fetch complete: unbase/records/activity/amu2s497fm8d46zf][]
[1789484950.671][2026-09-15 08:09:10][subbas-macbook-air.local][4306][SQLite][debug][9][JSON fetch complete: unbase/records/activity/amu2s497fm7kvww4][]
[1789484950.671][2026-09-15 08:09:10][subbas-macbook-air.local][4306][SQLite][debug][9][JSON fetch complete: unbase/records/activity/amu2s497fm6jkwwd][]
[1789484950.672][2026-09-15 08:09:10][subbas-macbook-air.local][4306][SQLite][debug][9][JSON fetch complete: unbase/records/activity/amu2s497fm51spkq][]
[1789484950.672][2026-09-15 08:09:10][subbas-macbook-air.local][4306][SQLite][debug][9][JSON fetch complete: unbase/records/activity/amu2s497fm4c6eok][]
[1789484950.672][2026-09-15 08:09:10][subbas-macbook-air.local][4306][SQLite][debug][9][JSON fetch complete: unbase/records/activity/amu2s497fm3esz0g][]
[1789484950.672][2026-09-15 08:09:10][subbas-macbook-air.local][4306][SQLite][debug][9][JSON fetch complete: unbase/records/activity/amu2s497fm2ug4sf][]
[1789484950.672][2026-09-15 08:09:10][subbas-macbook-air.local][4306][SQLite][debug][9][JSON fetch complete: unbase/records/activity/amu2s497fm1sneqy][]
[1789484950.672][2026-09-15 08:09:10][subbas-macbook-air.local][4306][SQLite][debug][9][JSON fetch complete: unbase/records/activity/amu2s497fm02tu72][]
[1789484950.672][2026-09-15 08:09:10][subbas-macbook-air.local][4306][SQLite][debug][9][JSON fetch complete: unbase/records/activity/amu2s497flzp3rmb][]
[1789484950.673][2026-09-15 08:09:10][subbas-macbook-air.local][4306][SQLite][debug][9][JSON fetch complete: unbase/records/activity/amu2s497flywfju7][]
[1789484950.673][2026-09-15 08:09:10][subbas-macbook-air.local][4306][SQLite][debug][9][JSON fetch complete: unbase/records/activity/amu2s497flxb29rc][]
[1789484950.673][2026-09-15 08:09:10][subbas-macbook-air.local][4306][SQLite][debug][9][JSON fetch complete: unbase/records/activity/amu2s497flwmzv28][]
[1789484950.673][2026-09-15 08:09:10][subbas-macbook-air.local][4306][SQLite][debug][9][JSON fetch complete: unbase/records/activity/amu2s497elvgcu0d][]
[1789484950.673][2026-09-15 08:09:10][subbas-macbook-air.local][4306][SQLite][debug][9][JSON fetch complete: unbase/records/activity/amu2s497elu9vnfc][]
[1789484950.673][2026-09-15 08:09:10][subbas-macbook-air.local][4306][SQLite][debug][9][JSON fetch complete: unbase/records/activity/amu2s497eltf38a7][]
[1789484950.673][2026-09-15 08:09:10][subbas-macbook-air.local][4306][SQLite][debug][9][JSON fetch complete: unbase/records/activity/amu2s497elsb4fn3][]
[1789484950.673][2026-09-15 08:09:10][subbas-macbook-air.local][4306][SQLite][debug][9][JSON fetch complete: unbase/records/activity/amu2s497elrhwjet][]
[1789484950.673][2026-09-15 08:09:10][subbas-macbook-air.local][4306][SQLite][debug][9][JSON fetch complete: unbase/records/activity/amu2s497elqn38yh][]
[1789484950.673][2026-09-15 08:09:10][subbas-macbook-air.local][4306][SQLite][debug][9][JSON fetch complete: unbase/records/activity/amu2s497elpgec33][]
[1789484950.674][2026-09-15 08:09:10][subbas-macbook-air.local][4306][SQLite][debug][9][JSON fetch complete: unbase/records/activity/amu2s497elofrsly][]
[1789484950.674][2026-09-15 08:09:10][subbas-macbook-air.local][4306][SQLite][debug][9][JSON fetch complete: unbase/records/activity/amu2s497elnffa41][]
[1789484950.674][2026-09-15 08:09:10][subbas-macbook-air.local][4306][SQLite][debug][9][JSON fetch complete: unbase/records/activity/amu2s497elm1px8f][]
[1789484950.674][2026-09-15 08:09:10][subbas-macbook-air.local][4306][SQLite][debug][9][JSON fetch complete: unbase/records/activity/amu2s497ell06e25][]
[1789484950.674][2026-09-15 08:09:10][subbas-macbook-air.local][4306][SQLite][debug][9][JSON fetch complete: unbase/records/activity/amu2s497elk64n42][]
[1789485003.564][2026-09-15 08:10:03][subbas-macbook-air.local][4306][SQLite][debug][9][Cached JSON fetch complete: hosts/smu2svkrvihxgeos/data][]
[1789485003.566][2026-09-15 08:10:03][subbas-macbook-air.local][4306][SQLite][debug][9][Cached JSON fetch complete: timeline/smu2svkrvihxgeos/hourly][]
[1789485003.567][2026-09-15 08:10:03][subbas-macbook-air.local][4306][SQLite][debug][9][Cached JSON fetch complete: timeline/smu2svkrvihxgeos/hourly][]
[1789485003.567][2026-09-15 08:10:03][subbas-macbook-air.local][4306][SQLite][debug][9][Cached JSON fetch complete: timeline/smu2svkrvihxgeos/hourly/0][]
[1789485003.567][2026-09-15 08:10:03][subbas-macbook-air.local][4306][SQLite][debug][9][Cached JSON fetch complete: timeline/smu2svkrvihxgeos/hourly][]
[1789485003.567][2026-09-15 08:10:03][subbas-macbook-air.local][4306][SQLite][debug][9][Cached JSON fetch complete: timeline/smu2svkrvihxgeos/hourly/0][]
[1789485003.568][2026-09-15 08:10:03][subbas-macbook-air.local][4306][SQLite][debug][5][Beginning transaction commit: 34][{"path":"timeline/smu2svkrvihxgeos/hourly","actions":2}]
[1789485003.569][2026-09-15 08:10:03][subbas-macbook-air.local][4306][SQLite][debug][5][Transaction commit complete: 34][{"path":"timeline/smu2svkrvihxgeos/hourly"}]
[1789485003.57][2026-09-15 08:10:03][subbas-macbook-air.local][4306][SQLite][debug][9][Cached JSON fetch complete: timeline/smu2svkrvihxgeos/daily][]
[1789485003.57][2026-09-15 08:10:03][subbas-macbook-air.local][4306][SQLite][debug][9][Cached JSON fetch complete: timeline/smu2svkrvihxgeos/daily][]
[1789485003.57][2026-09-15 08:10:03][subbas-macbook-air.local][4306][SQLite][debug][9][Cached JSON fetch complete: timeline/smu2svkrvihxgeos/daily/0][]
[1789485003.57][2026-09-15 08:10:03][subbas-macbook-air.local][4306][SQLite][debug][9][Cached JSON fetch complete: timeline/smu2svkrvihxgeos/daily][]
[1789485003.571][2026-09-15 08:10:03][subbas-macbook-air.local][4306][SQLite][debug][9][Cached JSON fetch complete: timeline/smu2svkrvihxgeos/daily/0][]
[1789485003.571][2026-09-15 08:10:03][subbas-macbook-air.local][4306][SQLite][debug][5][Beginning transaction commit: 35][{"path":"timeline/smu2svkrvihxgeos/daily","actions":2}]
[1789485003.572][2026-09-15 08:10:03][subbas-macbook-air.local][4306][SQLite][debug][5][Transaction commit complete: 35][{"path":"timeline/smu2svkrvihxgeos/daily"}]
[1789485003.572][2026-09-15 08:10:03][subbas-macbook-air.local][4306][SQLite][debug][9][Cached JSON fetch complete: timeline/smu2svkrvihxgeos/monthly][]
[1789485003.572][2026-09-15 08:10:03][subbas-macbook-air.local][4306][SQLite][debug][9][Cached JSON fetch complete: timeline/smu2svkrvihxgeos/monthly][]
[1789485003.572][2026-09-15 08:10:03][subbas-macbook-air.local][4306][SQLite][debug][9][Cached JSON fetch complete: timeline/smu2svkrvihxgeos/monthly/0][]
[1789485003.573][2026-09-15 08:10:03][subbas-macbook-air.local][4306][SQLite][debug][9][Cached JSON fetch complete: timeline/smu2svkrvihxgeos/monthly][]
[1789485003.573][2026-09-15 08:10:03][subbas-macbook-air.local][4306][SQLite][debug][9][Cached JSON fetch complete: timeline/smu2svkrvihxgeos/monthly/0][]
[1789485003.573][2026-09-15 08:10:03][subbas-macbook-air.local][4306][SQLite][debug][5][Beginning transaction commit: 36][{"path":"timeline/smu2svkrvihxgeos/monthly","actions":2}]
[1789485003.573][2026-09-15 08:10:03][subbas-macbook-air.local][4306][SQLite][debug][5][Transaction commit complete: 36][{"path":"timeline/smu2svkrvihxgeos/monthly"}]
[1789485003.573][2026-09-15 08:10:03][subbas-macbook-air.local][4306][SQLite][debug][9][Cached JSON fetch complete: timeline/smu2svkrvihxgeos/yearly][]
[1789485003.574][2026-09-15 08:10:03][subbas-macbook-air.local][4306][SQLite][debug][9][Cached JSON fetch complete: timeline/smu2svkrvihxgeos/yearly][]
[1789485003.574][2026-09-15 08:10:03][subbas-macbook-air.local][4306][SQLite][debug][9][Cached JSON fetch complete: timeline/smu2svkrvihxgeos/yearly/0][]
[1789485003.574][2026-09-15 08:10:03][subbas-macbook-air.local][4306][SQLite][debug][9][Cached JSON fetch complete: timeline/smu2svkrvihxgeos/yearly][]
[1789485003.574][2026-09-15 08:10:03][subbas-macbook-air.local][4306][SQLite][debug][9][Cached JSON fetch complete: timeline/smu2svkrvihxgeos/yearly/0][]
[1789485003.574][2026-09-15 08:10:03][subbas-macbook-air.local][4306][SQLite][debug][5][Beginning transaction commit: 37][{"path":"timeline/smu2svkrvihxgeos/yearly","actions":2}]
[1789485003.574][2026-09-15 08:10:03][subbas-macbook-air.local][4306][SQLite][debug][5][Transaction commit complete: 37][{"path":"timeline/smu2svkrvihxgeos/yearly"}]
[1789485003.575][2026-09-15 08:10:03][subbas-macbook-air.local][4306][SQLite][debug][9][Storing SQLite JSON Object: hosts/smu2svkrvihxgeos/data][]
[1789485003.576][2026-09-15 08:10:03][subbas-macbook-air.local][4306][SQLite][debug][9][Store complete: hosts/smu2svkrvihxgeos/data][]
[1789485004.252][2026-09-15 08:10:04][subbas-macbook-air.local][4306][SQLite][debug][9][Cached JSON fetch complete: hosts/smu2svkrvihxgeos/data][]
[1789485004.253][2026-09-15 08:10:04][subbas-macbook-air.local][4306][SQLite][debug][9][Storing SQLite JSON Object: unbase/records/snapshots/snmu2t628s4oktn6][]
[1789485004.254][2026-09-15 08:10:04][subbas-macbook-air.local][4306][SQLite][debug][9][Store complete: unbase/records/snapshots/snmu2t628s4oktn6][]
[1789485004.254][2026-09-15 08:10:04][subbas-macbook-air.local][4306][SQLite][debug][9][Fetching SQLite Object: unbase/index/snapshots/_data/snmu2t628s4oktn6][]
[1789485004.255][2026-09-15 08:10:04][subbas-macbook-air.local][4306][SQLite][debug][9][Fetching SQLite Object: unbase/index/snapshots/_id][]
[1789485004.256][2026-09-15 08:10:04][subbas-macbook-air.local][4306][SQLite][debug][9][Fetching SQLite Object: unbase/index/snapshots/type/word/server][]
[1789485004.256][2026-09-15 08:10:04][subbas-macbook-air.local][4306][SQLite][debug][9][Fetching SQLite Object: unbase/index/snapshots/source/word/job][]
[1789485004.256][2026-09-15 08:10:04][subbas-macbook-air.local][4306][SQLite][debug][9][Fetching SQLite Object: unbase/index/snapshots/server/word/smu2svkrvihxgeos][]
[1789485004.256][2026-09-15 08:10:04][subbas-macbook-air.local][4306][SQLite][debug][9][Fetching SQLite Object: unbase/index/snapshots/groups/word/main][]
[1789485004.256][2026-09-15 08:10:04][subbas-macbook-air.local][4306][SQLite][debug][9][Fetching SQLite Object: unbase/index/snapshots/date/summary][]
[1789485004.257][2026-09-15 08:10:04][subbas-macbook-air.local][4306][SQLite][debug][9][Fetching SQLite Object: unbase/index/snapshots/date/word/497079][]
[1789485004.257][2026-09-15 08:10:04][subbas-macbook-air.local][4306][SQLite][debug][9][Fetching SQLite Object: unbase/index/snapshots/date/word/h497000][]
[1789485004.257][2026-09-15 08:10:04][subbas-macbook-air.local][4306][SQLite][debug][9][Fetching SQLite Object: unbase/index/snapshots/date/word/t497000][]
[1789485004.257][2026-09-15 08:10:04][subbas-macbook-air.local][4306][SQLite][debug][9][Fetching SQLite Object: unbase/index/snapshots/jobs/word/jmu2t5yzy444fgwx][]
[1789485004.257][2026-09-15 08:10:04][subbas-macbook-air.local][4306][SQLite][debug][9][Fetching SQLite Object: unbase/index/snapshots/jobs/word/jmu2t5z1j4clmucl][]
[1789485004.263][2026-09-15 08:10:04][subbas-macbook-air.local][4306][SQLite][debug][5][Beginning transaction commit: 38][{"path":"unbase/index/snapshots","actions":22}]
[1789485004.263][2026-09-15 08:10:04][subbas-macbook-air.local][4306][SQLite][debug][5][Transaction commit complete: 38][{"path":"unbase/index/snapshots"}]
[1789485004.264][2026-09-15 08:10:04][subbas-macbook-air.local][4306][SQLite][debug][9][Storing SQLite JSON Object: unbase/records/jobs/jmu2t5yzy444fgwx][]
[1789485004.264][2026-09-15 08:10:04][subbas-macbook-air.local][4306][SQLite][debug][9][Store complete: unbase/records/jobs/jmu2t5yzy444fgwx][]
[1789485004.264][2026-09-15 08:10:04][subbas-macbook-air.local][4306][SQLite][debug][9][Fetching SQLite Object: unbase/index/jobs/_data/jmu2t5yzy444fgwx][]
[1789485004.265][2026-09-15 08:10:04][subbas-macbook-air.local][4306][SQLite][debug][9][Fetching SQLite Object: unbase/index/jobs/_id][]
[1789485004.265][2026-09-15 08:10:04][subbas-macbook-air.local][4306][SQLite][debug][9][JSON fetch complete: unbase/index/jobs/_id][]
[1789485004.266][2026-09-15 08:10:04][subbas-macbook-air.local][4306][SQLite][debug][9][Fetching SQLite Object: unbase/index/jobs/_id/data][]
[1789485004.266][2026-09-15 08:10:04][subbas-macbook-air.local][4306][SQLite][debug][9][JSON fetch complete: unbase/index/jobs/_id/data][]
[1789485004.266][2026-09-15 08:10:04][subbas-macbook-air.local][4306][SQLite][debug][9][Fetching SQLite Object: unbase/index/jobs/code/word/1][]
[1789485004.266][2026-09-15 08:10:04][subbas-macbook-air.local][4306][SQLite][debug][9][Fetching SQLite Object: unbase/index/jobs/date/summary][]
[1789485004.266][2026-09-15 08:10:04][subbas-macbook-air.local][4306][SQLite][debug][9][Fetching SQLite Object: unbase/index/jobs/date/word/497079][]
[1789485004.266][2026-09-15 08:10:04][subbas-macbook-air.local][4306][SQLite][debug][9][Fetching SQLite Object: unbase/index/jobs/date/word/h497000][]
[1789485004.266][2026-09-15 08:10:04][subbas-macbook-air.local][4306][SQLite][debug][9][Fetching SQLite Object: unbase/index/jobs/date/word/t497000][]
[1789485004.266][2026-09-15 08:10:04][subbas-macbook-air.local][4306][SQLite][debug][9][Fetching SQLite Object: unbase/index/jobs/source/word/scheduler][]
[1789485004.267][2026-09-15 08:10:04][subbas-macbook-air.local][4306][SQLite][debug][9][Fetching SQLite Object: unbase/index/jobs/tags/word/_error][]
[1789485004.267][2026-09-15 08:10:04][subbas-macbook-air.local][4306][SQLite][debug][9][Fetching SQLite Object: unbase/index/jobs/tags/word/_last][]
[1789485004.267][2026-09-15 08:10:04][subbas-macbook-air.local][4306][SQLite][debug][9][Fetching SQLite Object: unbase/index/jobs/category/word/general][]
[1789485004.267][2026-09-15 08:10:04][subbas-macbook-air.local][4306][SQLite][debug][9][Fetching SQLite Object: unbase/index/jobs/plugin/word/shellplug][]
[1789485004.267][2026-09-15 08:10:04][subbas-macbook-air.local][4306][SQLite][debug][9][Fetching SQLite Object: unbase/index/jobs/server/word/smu2svkrvihxgeos][]
[1789485004.267][2026-09-15 08:10:04][subbas-macbook-air.local][4306][SQLite][debug][9][Fetching SQLite Object: unbase/index/jobs/groups/word/main][]
[1789485004.267][2026-09-15 08:10:04][subbas-macbook-air.local][4306][SQLite][debug][9][JSON fetch complete: unbase/index/jobs/date/summary][]
[1789485004.268][2026-09-15 08:10:04][subbas-macbook-air.local][4306][SQLite][debug][9][JSON fetch complete: unbase/index/jobs/date/word/497079][]
[1789485004.268][2026-09-15 08:10:04][subbas-macbook-air.local][4306][SQLite][debug][9][Fetching SQLite Object: unbase/index/jobs/date/word/497079/data][]
[1789485004.268][2026-09-15 08:10:04][subbas-macbook-air.local][4306][SQLite][debug][9][JSON fetch complete: unbase/index/jobs/date/word/h497000][]
[1789485004.268][2026-09-15 08:10:04][subbas-macbook-air.local][4306][SQLite][debug][9][Fetching SQLite Object: unbase/index/jobs/date/word/h497000/data][]
[1789485004.268][2026-09-15 08:10:04][subbas-macbook-air.local][4306][SQLite][debug][9][JSON fetch complete: unbase/index/jobs/date/word/t497000][]
[1789485004.268][2026-09-15 08:10:04][subbas-macbook-air.local][4306][SQLite][debug][9][Fetching SQLite Object: unbase/index/jobs/date/word/t497000/data][]
[1789485004.268][2026-09-15 08:10:04][subbas-macbook-air.local][4306][SQLite][debug][9][JSON fetch complete: unbase/index/jobs/source/word/scheduler][]
[1789485004.268][2026-09-15 08:10:04][subbas-macbook-air.local][4306][SQLite][debug][9][Fetching SQLite Object: unbase/index/jobs/source/word/scheduler/data][]
[1789485004.268][2026-09-15 08:10:04][subbas-macbook-air.local][4306][SQLite][debug][9][JSON fetch complete: unbase/index/jobs/tags/word/_error][]
[1789485004.268][2026-09-15 08:10:04][subbas-macbook-air.local][4306][SQLite][debug][9][Fetching SQLite Object: unbase/index/jobs/tags/word/_error/data][]
[1789485004.268][2026-09-15 08:10:04][subbas-macbook-air.local][4306][SQLite][debug][9][JSON fetch complete: unbase/index/jobs/tags/word/_last][]
[1789485004.268][2026-09-15 08:10:04][subbas-macbook-air.local][4306][SQLite][debug][9][Fetching SQLite Object: unbase/index/jobs/tags/word/_last/data][]
[1789485004.268][2026-09-15 08:10:04][subbas-macbook-air.local][4306][SQLite][debug][9][Cached JSON fetch complete: unbase/index/jobs/event/word/emu2sckyhuzou1hh][]
[1789485004.268][2026-09-15 08:10:04][subbas-macbook-air.local][4306][SQLite][debug][9][JSON fetch complete: unbase/index/jobs/category/word/general][]
[1789485004.268][2026-09-15 08:10:04][subbas-macbook-air.local][4306][SQLite][debug][9][Fetching SQLite Object: unbase/index/jobs/category/word/general/data][]
[1789485004.268][2026-09-15 08:10:04][subbas-macbook-air.local][4306][SQLite][debug][9][JSON fetch complete: unbase/index/jobs/plugin/word/shellplug][]
[1789485004.268][2026-09-15 08:10:04][subbas-macbook-air.local][4306][SQLite][debug][9][Fetching SQLite Object: unbase/index/jobs/plugin/word/shellplug/data][]
[1789485004.268][2026-09-15 08:10:04][subbas-macbook-air.local][4306][SQLite][debug][9][JSON fetch complete: unbase/index/jobs/date/word/497079/data][]
[1789485004.268][2026-09-15 08:10:04][subbas-macbook-air.local][4306][SQLite][debug][9][JSON fetch complete: unbase/index/jobs/date/word/h497000/data][]
[1789485004.268][2026-09-15 08:10:04][subbas-macbook-air.local][4306][SQLite][debug][9][JSON fetch complete: unbase/index/jobs/date/word/t497000/data][]
[1789485004.268][2026-09-15 08:10:04][subbas-macbook-air.local][4306][SQLite][debug][9][JSON fetch complete: unbase/index/jobs/source/word/scheduler/data][]
[1789485004.268][2026-09-15 08:10:04][subbas-macbook-air.local][4306][SQLite][debug][9][JSON fetch complete: unbase/index/jobs/tags/word/_error/data][]
[1789485004.268][2026-09-15 08:10:04][subbas-macbook-air.local][4306][SQLite][debug][9][JSON fetch complete: unbase/index/jobs/tags/word/_last/data][]
[1789485004.268][2026-09-15 08:10:04][subbas-macbook-air.local][4306][SQLite][debug][9][Cached JSON fetch complete: unbase/index/jobs/event/word/emu2sckyhuzou1hh/data][]
[1789485004.269][2026-09-15 08:10:04][subbas-macbook-air.local][4306][SQLite][debug][9][JSON fetch complete: unbase/index/jobs/category/word/general/data][]
[1789485004.269][2026-09-15 08:10:04][subbas-macbook-air.local][4306][SQLite][debug][9][JSON fetch complete: unbase/index/jobs/plugin/word/shellplug/data][]
[1789485004.271][2026-09-15 08:10:04][subbas-macbook-air.local][4306][SQLite][debug][9][Fetching SQLite Object: unbase/index/jobs/completed/sort][]
[1789485004.271][2026-09-15 08:10:04][subbas-macbook-air.local][4306][SQLite][debug][9][Fetching SQLite Object: unbase/index/jobs/elapsed/sort][]
[1789485004.271][2026-09-15 08:10:04][subbas-macbook-air.local][4306][SQLite][debug][9][JSON fetch complete: unbase/index/jobs/completed/sort][]
[1789485004.271][2026-09-15 08:10:04][subbas-macbook-air.local][4306][SQLite][debug][9][Fetching SQLite Object: unbase/index/jobs/completed/sort/data][]
[1789485004.271][2026-09-15 08:10:04][subbas-macbook-air.local][4306][SQLite][debug][9][JSON fetch complete: unbase/index/jobs/elapsed/sort][]
[1789485004.271][2026-09-15 08:10:04][subbas-macbook-air.local][4306][SQLite][debug][9][Fetching SQLite Object: unbase/index/jobs/elapsed/sort/data][]
[1789485004.271][2026-09-15 08:10:04][subbas-macbook-air.local][4306][SQLite][debug][9][JSON fetch complete: unbase/index/jobs/completed/sort/data][]
[1789485004.272][2026-09-15 08:10:04][subbas-macbook-air.local][4306][SQLite][debug][9][JSON fetch complete: unbase/index/jobs/elapsed/sort/data][]
[1789485004.272][2026-09-15 08:10:04][subbas-macbook-air.local][4306][SQLite][debug][5][Beginning transaction commit: 39][{"path":"unbase/index/jobs","actions":32}]
[1789485004.272][2026-09-15 08:10:04][subbas-macbook-air.local][4306][SQLite][debug][5][Transaction commit complete: 39][{"path":"unbase/index/jobs"}]
[1789485005.042][2026-09-15 08:10:05][subbas-macbook-air.local][4306][SQLite][debug][9][Storing SQLite JSON Object: global/state][]
[1789485005.042][2026-09-15 08:10:05][subbas-macbook-air.local][4306][SQLite][debug][9][Store complete: global/state][]
[1789485020.964][2026-09-15 08:10:20][subbas-macbook-air.local][4306][SQLite][debug][9][Storing SQLite JSON Object: unbase/records/jobs/jmu2t5z1j4clmucl][]
[1789485020.965][2026-09-15 08:10:20][subbas-macbook-air.local][4306][SQLite][debug][9][Store complete: unbase/records/jobs/jmu2t5z1j4clmucl][]
[1789485020.965][2026-09-15 08:10:20][subbas-macbook-air.local][4306][SQLite][debug][9][Fetching SQLite Object: unbase/index/jobs/_data/jmu2t5z1j4clmucl][]
[1789485020.966][2026-09-15 08:10:20][subbas-macbook-air.local][4306][SQLite][debug][9][Cached JSON fetch complete: unbase/index/jobs/_id][]
[1789485020.966][2026-09-15 08:10:20][subbas-macbook-air.local][4306][SQLite][debug][9][Cached JSON fetch complete: unbase/index/jobs/_id/data][]
[1789485020.966][2026-09-15 08:10:20][subbas-macbook-air.local][4306][SQLite][debug][9][Fetching SQLite Object: unbase/index/jobs/code/word/0][]
[1789485020.967][2026-09-15 08:10:20][subbas-macbook-air.local][4306][SQLite][debug][9][Fetching SQLite Object: unbase/index/jobs/tags/word/_success][]
[1789485020.968][2026-09-15 08:10:20][subbas-macbook-air.local][4306][SQLite][debug][9][Cached JSON fetch complete: unbase/index/jobs/date/summary][]
[1789485020.968][2026-09-15 08:10:20][subbas-macbook-air.local][4306][SQLite][debug][9][Cached JSON fetch complete: unbase/index/jobs/date/word/497079][]
[1789485020.968][2026-09-15 08:10:20][subbas-macbook-air.local][4306][SQLite][debug][9][Cached JSON fetch complete: unbase/index/jobs/date/word/h497000][]
[1789485020.968][2026-09-15 08:10:20][subbas-macbook-air.local][4306][SQLite][debug][9][Cached JSON fetch complete: unbase/index/jobs/date/word/t497000][]
[1789485020.968][2026-09-15 08:10:20][subbas-macbook-air.local][4306][SQLite][debug][9][Cached JSON fetch complete: unbase/index/jobs/source/word/scheduler][]
[1789485020.968][2026-09-15 08:10:20][subbas-macbook-air.local][4306][SQLite][debug][9][Cached JSON fetch complete: unbase/index/jobs/tags/word/_last][]
[1789485020.968][2026-09-15 08:10:20][subbas-macbook-air.local][4306][SQLite][debug][9][Cached JSON fetch complete: unbase/index/jobs/category/word/general][]
[1789485020.968][2026-09-15 08:10:20][subbas-macbook-air.local][4306][SQLite][debug][9][Cached JSON fetch complete: unbase/index/jobs/plugin/word/shellplug][]
[1789485020.968][2026-09-15 08:10:20][subbas-macbook-air.local][4306][SQLite][debug][9][Cached JSON fetch complete: unbase/index/jobs/server/word/smu2svkrvihxgeos][]
[1789485020.968][2026-09-15 08:10:20][subbas-macbook-air.local][4306][SQLite][debug][9][Cached JSON fetch complete: unbase/index/jobs/groups/word/main][]
[1789485020.968][2026-09-15 08:10:20][subbas-macbook-air.local][4306][SQLite][debug][9][Cached JSON fetch complete: unbase/index/jobs/date/word/497079/data][]
[1789485020.968][2026-09-15 08:10:20][subbas-macbook-air.local][4306][SQLite][debug][9][Cached JSON fetch complete: unbase/index/jobs/date/word/h497000/data][]
[1789485020.968][2026-09-15 08:10:20][subbas-macbook-air.local][4306][SQLite][debug][9][Cached JSON fetch complete: unbase/index/jobs/date/word/t497000/data][]
[1789485020.968][2026-09-15 08:10:20][subbas-macbook-air.local][4306][SQLite][debug][9][Cached JSON fetch complete: unbase/index/jobs/source/word/scheduler/data][]
[1789485020.968][2026-09-15 08:10:20][subbas-macbook-air.local][4306][SQLite][debug][9][Cached JSON fetch complete: unbase/index/jobs/tags/word/_last/data][]
[1789485020.969][2026-09-15 08:10:20][subbas-macbook-air.local][4306][SQLite][debug][9][Cached JSON fetch complete: unbase/index/jobs/category/word/general/data][]
[1789485020.969][2026-09-15 08:10:20][subbas-macbook-air.local][4306][SQLite][debug][9][Cached JSON fetch complete: unbase/index/jobs/plugin/word/shellplug/data][]
[1789485020.969][2026-09-15 08:10:20][subbas-macbook-air.local][4306][SQLite][debug][9][Cached JSON fetch complete: unbase/index/jobs/server/word/smu2svkrvihxgeos/data][]
[1789485020.969][2026-09-15 08:10:20][subbas-macbook-air.local][4306][SQLite][debug][9][Cached JSON fetch complete: unbase/index/jobs/groups/word/main/data][]
[1789485020.971][2026-09-15 08:10:20][subbas-macbook-air.local][4306][SQLite][debug][9][Cached JSON fetch complete: unbase/index/jobs/completed/sort][]
[1789485020.971][2026-09-15 08:10:20][subbas-macbook-air.local][4306][SQLite][debug][9][Cached JSON fetch complete: unbase/index/jobs/elapsed/sort][]
[1789485020.971][2026-09-15 08:10:20][subbas-macbook-air.local][4306][SQLite][debug][9][Cached JSON fetch complete: unbase/index/jobs/completed/sort/data][]
[1789485020.972][2026-09-15 08:10:20][subbas-macbook-air.local][4306][SQLite][debug][9][Cached JSON fetch complete: unbase/index/jobs/elapsed/sort/data][]
[1789485020.972][2026-09-15 08:10:20][subbas-macbook-air.local][4306][SQLite][debug][5][Beginning transaction commit: 40][{"path":"unbase/index/jobs","actions":32}]
[1789485020.972][2026-09-15 08:10:20][subbas-macbook-air.local][4306][SQLite][debug][5][Transaction commit complete: 40][{"path":"unbase/index/jobs"}]
[1789485021.025][2026-09-15 08:10:21][subbas-macbook-air.local][4306][SQLite][debug][9][Storing SQLite JSON Object: global/state][]
[1789485021.025][2026-09-15 08:10:21][subbas-macbook-air.local][4306][SQLite][debug][9][Store complete: global/state][]
[1789485063.566][2026-09-15 08:11:03][subbas-macbook-air.local][4306][SQLite][debug][9][Cached JSON fetch complete: hosts/smu2svkrvihxgeos/data][]
[1789485063.568][2026-09-15 08:11:03][subbas-macbook-air.local][4306][SQLite][debug][9][Cached JSON fetch complete: timeline/smu2svkrvihxgeos/hourly][]
[1789485063.569][2026-09-15 08:11:03][subbas-macbook-air.local][4306][SQLite][debug][9][Cached JSON fetch complete: timeline/smu2svkrvihxgeos/hourly][]
[1789485063.569][2026-09-15 08:11:03][subbas-macbook-air.local][4306][SQLite][debug][9][Cached JSON fetch complete: timeline/smu2svkrvihxgeos/hourly/0][]
[1789485063.571][2026-09-15 08:11:03][subbas-macbook-air.local][4306][SQLite][debug][9][Cached JSON fetch complete: timeline/smu2svkrvihxgeos/hourly][]
[1789485063.571][2026-09-15 08:11:03][subbas-macbook-air.local][4306][SQLite][debug][9][Cached JSON fetch complete: timeline/smu2svkrvihxgeos/hourly/0][]
[1789485063.572][2026-09-15 08:11:03][subbas-macbook-air.local][4306][SQLite][debug][5][Beginning transaction commit: 41][{"path":"timeline/smu2svkrvihxgeos/hourly","actions":2}]
[1789485063.573][2026-09-15 08:11:03][subbas-macbook-air.local][4306][SQLite][debug][5][Transaction commit complete: 41][{"path":"timeline/smu2svkrvihxgeos/hourly"}]
[1789485063.573][2026-09-15 08:11:03][subbas-macbook-air.local][4306][SQLite][debug][9][Cached JSON fetch complete: timeline/smu2svkrvihxgeos/daily][]
[1789485063.574][2026-09-15 08:11:03][subbas-macbook-air.local][4306][SQLite][debug][9][Cached JSON fetch complete: timeline/smu2svkrvihxgeos/daily][]
[1789485063.574][2026-09-15 08:11:03][subbas-macbook-air.local][4306][SQLite][debug][9][Cached JSON fetch complete: timeline/smu2svkrvihxgeos/daily/0][]
[1789485063.574][2026-09-15 08:11:03][subbas-macbook-air.local][4306][SQLite][debug][9][Cached JSON fetch complete: timeline/smu2svkrvihxgeos/daily][]
[1789485063.575][2026-09-15 08:11:03][subbas-macbook-air.local][4306][SQLite][debug][9][Cached JSON fetch complete: timeline/smu2svkrvihxgeos/daily/0][]
[1789485063.575][2026-09-15 08:11:03][subbas-macbook-air.local][4306][SQLite][debug][5][Beginning transaction commit: 42][{"path":"timeline/smu2svkrvihxgeos/daily","actions":2}]
[1789485063.576][2026-09-15 08:11:03][subbas-macbook-air.local][4306][SQLite][debug][5][Transaction commit complete: 42][{"path":"timeline/smu2svkrvihxgeos/daily"}]
[1789485063.576][2026-09-15 08:11:03][subbas-macbook-air.local][4306][SQLite][debug][9][Cached JSON fetch complete: timeline/smu2svkrvihxgeos/monthly][]
[1789485063.577][2026-09-15 08:11:03][subbas-macbook-air.local][4306][SQLite][debug][9][Cached JSON fetch complete: timeline/smu2svkrvihxgeos/monthly][]
[1789485063.577][2026-09-15 08:11:03][subbas-macbook-air.local][4306][SQLite][debug][9][Cached JSON fetch complete: timeline/smu2svkrvihxgeos/monthly/0][]
[1789485063.577][2026-09-15 08:11:03][subbas-macbook-air.local][4306][SQLite][debug][9][Cached JSON fetch complete: timeline/smu2svkrvihxgeos/monthly][]
[1789485063.578][2026-09-15 08:11:03][subbas-macbook-air.local][4306][SQLite][debug][9][Cached JSON fetch complete: timeline/smu2svkrvihxgeos/monthly/0][]
[1789485063.578][2026-09-15 08:11:03][subbas-macbook-air.local][4306][SQLite][debug][5][Beginning transaction commit: 43][{"path":"timeline/smu2svkrvihxgeos/monthly","actions":2}]
[1789485063.578][2026-09-15 08:11:03][subbas-macbook-air.local][4306][SQLite][debug][5][Transaction commit complete: 43][{"path":"timeline/smu2svkrvihxgeos/monthly"}]
[1789485063.579][2026-09-15 08:11:03][subbas-macbook-air.local][4306][SQLite][debug][9][Cached JSON fetch complete: timeline/smu2svkrvihxgeos/yearly][]
[1789485063.579][2026-09-15 08:11:03][subbas-macbook-air.local][4306][SQLite][debug][9][Cached JSON fetch complete: timeline/smu2svkrvihxgeos/yearly][]
[1789485063.579][2026-09-15 08:11:03][subbas-macbook-air.local][4306][SQLite][debug][9][Cached JSON fetch complete: timeline/smu2svkrvihxgeos/yearly/0][]
[1789485063.579][2026-09-15 08:11:03][subbas-macbook-air.local][4306][SQLite][debug][9][Cached JSON fetch complete: timeline/smu2svkrvihxgeos/yearly][]
[1789485063.579][2026-09-15 08:11:03][subbas-macbook-air.local][4306][SQLite][debug][9][Cached JSON fetch complete: timeline/smu2svkrvihxgeos/yearly/0][]
[1789485063.579][2026-09-15 08:11:03][subbas-macbook-air.local][4306][SQLite][debug][5][Beginning transaction commit: 44][{"path":"timeline/smu2svkrvihxgeos/yearly","actions":2}]
[1789485063.58][2026-09-15 08:11:03][subbas-macbook-air.local][4306][SQLite][debug][5][Transaction commit complete: 44][{"path":"timeline/smu2svkrvihxgeos/yearly"}]
[1789485063.58][2026-09-15 08:11:03][subbas-macbook-air.local][4306][SQLite][debug][9][Storing SQLite JSON Object: hosts/smu2svkrvihxgeos/data][]
[1789485063.585][2026-09-15 08:11:03][subbas-macbook-air.local][4306][SQLite][debug][9][Store complete: hosts/smu2svkrvihxgeos/data][]
[1789485123.558][2026-09-15 08:12:03][subbas-macbook-air.local][4306][SQLite][debug][9][Cached JSON fetch complete: hosts/smu2svkrvihxgeos/data][]
[1789485123.56][2026-09-15 08:12:03][subbas-macbook-air.local][4306][SQLite][debug][9][Cached JSON fetch complete: timeline/smu2svkrvihxgeos/hourly][]
[1789485123.561][2026-09-15 08:12:03][subbas-macbook-air.local][4306][SQLite][debug][9][Cached JSON fetch complete: timeline/smu2svkrvihxgeos/hourly][]
[1789485123.561][2026-09-15 08:12:03][subbas-macbook-air.local][4306][SQLite][debug][9][Cached JSON fetch complete: timeline/smu2svkrvihxgeos/hourly/0][]
[1789485123.562][2026-09-15 08:12:03][subbas-macbook-air.local][4306][SQLite][debug][9][Cached JSON fetch complete: timeline/smu2svkrvihxgeos/hourly][]
[1789485123.562][2026-09-15 08:12:03][subbas-macbook-air.local][4306][SQLite][debug][9][Cached JSON fetch complete: timeline/smu2svkrvihxgeos/hourly/0][]
[1789485123.563][2026-09-15 08:12:03][subbas-macbook-air.local][4306][SQLite][debug][5][Beginning transaction commit: 45][{"path":"timeline/smu2svkrvihxgeos/hourly","actions":2}]
[1789485123.564][2026-09-15 08:12:03][subbas-macbook-air.local][4306][SQLite][debug][5][Transaction commit complete: 45][{"path":"timeline/smu2svkrvihxgeos/hourly"}]
[1789485123.565][2026-09-15 08:12:03][subbas-macbook-air.local][4306][SQLite][debug][9][Cached JSON fetch complete: timeline/smu2svkrvihxgeos/daily][]
[1789485123.565][2026-09-15 08:12:03][subbas-macbook-air.local][4306][SQLite][debug][9][Cached JSON fetch complete: timeline/smu2svkrvihxgeos/daily][]
[1789485123.565][2026-09-15 08:12:03][subbas-macbook-air.local][4306][SQLite][debug][9][Cached JSON fetch complete: timeline/smu2svkrvihxgeos/daily/0][]
[1789485123.567][2026-09-15 08:12:03][subbas-macbook-air.local][4306][SQLite][debug][9][Cached JSON fetch complete: timeline/smu2svkrvihxgeos/daily][]
[1789485123.567][2026-09-15 08:12:03][subbas-macbook-air.local][4306][SQLite][debug][9][Cached JSON fetch complete: timeline/smu2svkrvihxgeos/daily/0][]
[1789485123.568][2026-09-15 08:12:03][subbas-macbook-air.local][4306][SQLite][debug][5][Beginning transaction commit: 46][{"path":"timeline/smu2svkrvihxgeos/daily","actions":2}]
[1789485123.568][2026-09-15 08:12:03][subbas-macbook-air.local][4306][SQLite][debug][5][Transaction commit complete: 46][{"path":"timeline/smu2svkrvihxgeos/daily"}]
[1789485123.569][2026-09-15 08:12:03][subbas-macbook-air.local][4306][SQLite][debug][9][Cached JSON fetch complete: timeline/smu2svkrvihxgeos/monthly][]
[1789485123.569][2026-09-15 08:12:03][subbas-macbook-air.local][4306][SQLite][debug][9][Cached JSON fetch complete: timeline/smu2svkrvihxgeos/monthly][]
[1789485123.569][2026-09-15 08:12:03][subbas-macbook-air.local][4306][SQLite][debug][9][Cached JSON fetch complete: timeline/smu2svkrvihxgeos/monthly/0][]
[1789485123.57][2026-09-15 08:12:03][subbas-macbook-air.local][4306][SQLite][debug][9][Cached JSON fetch complete: timeline/smu2svkrvihxgeos/monthly][]
[1789485123.57][2026-09-15 08:12:03][subbas-macbook-air.local][4306][SQLite][debug][9][Cached JSON fetch complete: timeline/smu2svkrvihxgeos/monthly/0][]
[1789485123.57][2026-09-15 08:12:03][subbas-macbook-air.local][4306][SQLite][debug][5][Beginning transaction commit: 47][{"path":"timeline/smu2svkrvihxgeos/monthly","actions":2}]
[1789485123.57][2026-09-15 08:12:03][subbas-macbook-air.local][4306][SQLite][debug][5][Transaction commit complete: 47][{"path":"timeline/smu2svkrvihxgeos/monthly"}]
[1789485123.57][2026-09-15 08:12:03][subbas-macbook-air.local][4306][SQLite][debug][9][Cached JSON fetch complete: timeline/smu2svkrvihxgeos/yearly][]
[1789485123.57][2026-09-15 08:12:03][subbas-macbook-air.local][4306][SQLite][debug][9][Cached JSON fetch complete: timeline/smu2svkrvihxgeos/yearly][]
[1789485123.571][2026-09-15 08:12:03][subbas-macbook-air.local][4306][SQLite][debug][9][Cached JSON fetch complete: timeline/smu2svkrvihxgeos/yearly/0][]
[1789485123.571][2026-09-15 08:12:03][subbas-macbook-air.local][4306][SQLite][debug][9][Cached JSON fetch complete: timeline/smu2svkrvihxgeos/yearly][]
[1789485123.571][2026-09-15 08:12:03][subbas-macbook-air.local][4306][SQLite][debug][9][Cached JSON fetch complete: timeline/smu2svkrvihxgeos/yearly/0][]
[1789485123.571][2026-09-15 08:12:03][subbas-macbook-air.local][4306][SQLite][debug][5][Beginning transaction commit: 48][{"path":"timeline/smu2svkrvihxgeos/yearly","actions":2}]
[1789485123.571][2026-09-15 08:12:03][subbas-macbook-air.local][4306][SQLite][debug][5][Transaction commit complete: 48][{"path":"timeline/smu2svkrvihxgeos/yearly"}]
[1789485123.572][2026-09-15 08:12:03][subbas-macbook-air.local][4306][SQLite][debug][9][Storing SQLite JSON Object: hosts/smu2svkrvihxgeos/data][]
[1789485123.574][2026-09-15 08:12:03][subbas-macbook-air.local][4306][SQLite][debug][9][Store complete: hosts/smu2svkrvihxgeos/data][]
[1789485183.578][2026-09-15 08:13:03][subbas-macbook-air.local][4306][SQLite][debug][9][Cached JSON fetch complete: hosts/smu2svkrvihxgeos/data][]
[1789485183.581][2026-09-15 08:13:03][subbas-macbook-air.local][4306][SQLite][debug][9][Cached JSON fetch complete: timeline/smu2svkrvihxgeos/hourly][]
[1789485183.581][2026-09-15 08:13:03][subbas-macbook-air.local][4306][SQLite][debug][9][Cached JSON fetch complete: timeline/smu2svkrvihxgeos/hourly][]
[1789485183.581][2026-09-15 08:13:03][subbas-macbook-air.local][4306][SQLite][debug][9][Cached JSON fetch complete: timeline/smu2svkrvihxgeos/hourly/0][]
[1789485183.583][2026-09-15 08:13:03][subbas-macbook-air.local][4306][SQLite][debug][9][Cached JSON fetch complete: timeline/smu2svkrvihxgeos/hourly][]
[1789485183.583][2026-09-15 08:13:03][subbas-macbook-air.local][4306][SQLite][debug][9][Cached JSON fetch complete: timeline/smu2svkrvihxgeos/hourly/0][]
[1789485183.584][2026-09-15 08:13:03][subbas-macbook-air.local][4306][SQLite][debug][5][Beginning transaction commit: 49][{"path":"timeline/smu2svkrvihxgeos/hourly","actions":2}]
[1789485183.585][2026-09-15 08:13:03][subbas-macbook-air.local][4306][SQLite][debug][5][Transaction commit complete: 49][{"path":"timeline/smu2svkrvihxgeos/hourly"}]
[1789485183.586][2026-09-15 08:13:03][subbas-macbook-air.local][4306][SQLite][debug][9][Cached JSON fetch complete: timeline/smu2svkrvihxgeos/daily][]
[1789485183.587][2026-09-15 08:13:03][subbas-macbook-air.local][4306][SQLite][debug][9][Cached JSON fetch complete: timeline/smu2svkrvihxgeos/daily][]
[1789485183.587][2026-09-15 08:13:03][subbas-macbook-air.local][4306][SQLite][debug][9][Cached JSON fetch complete: timeline/smu2svkrvihxgeos/daily/0][]
[1789485183.587][2026-09-15 08:13:03][subbas-macbook-air.local][4306][SQLite][debug][9][Cached JSON fetch complete: timeline/smu2svkrvihxgeos/daily][]
[1789485183.588][2026-09-15 08:13:03][subbas-macbook-air.local][4306][SQLite][debug][9][Cached JSON fetch complete: timeline/smu2svkrvihxgeos/daily/0][]
[1789485183.589][2026-09-15 08:13:03][subbas-macbook-air.local][4306][SQLite][debug][5][Beginning transaction commit: 50][{"path":"timeline/smu2svkrvihxgeos/daily","actions":2}]
[1789485183.589][2026-09-15 08:13:03][subbas-macbook-air.local][4306][SQLite][debug][5][Transaction commit complete: 50][{"path":"timeline/smu2svkrvihxgeos/daily"}]
[1789485183.59][2026-09-15 08:13:03][subbas-macbook-air.local][4306][SQLite][debug][9][Cached JSON fetch complete: timeline/smu2svkrvihxgeos/monthly][]
[1789485183.59][2026-09-15 08:13:03][subbas-macbook-air.local][4306][SQLite][debug][9][Cached JSON fetch complete: timeline/smu2svkrvihxgeos/monthly][]
[1789485183.59][2026-09-15 08:13:03][subbas-macbook-air.local][4306][SQLite][debug][9][Cached JSON fetch complete: timeline/smu2svkrvihxgeos/monthly/0][]
[1789485183.591][2026-09-15 08:13:03][subbas-macbook-air.local][4306][SQLite][debug][9][Cached JSON fetch complete: timeline/smu2svkrvihxgeos/monthly][]
[1789485183.591][2026-09-15 08:13:03][subbas-macbook-air.local][4306][SQLite][debug][9][Cached JSON fetch complete: timeline/smu2svkrvihxgeos/monthly/0][]
[1789485183.592][2026-09-15 08:13:03][subbas-macbook-air.local][4306][SQLite][debug][5][Beginning transaction commit: 51][{"path":"timeline/smu2svkrvihxgeos/monthly","actions":2}]
[1789485183.592][2026-09-15 08:13:03][subbas-macbook-air.local][4306][SQLite][debug][5][Transaction commit complete: 51][{"path":"timeline/smu2svkrvihxgeos/monthly"}]
[1789485183.593][2026-09-15 08:13:03][subbas-macbook-air.local][4306][SQLite][debug][9][Cached JSON fetch complete: timeline/smu2svkrvihxgeos/yearly][]
[1789485183.593][2026-09-15 08:13:03][subbas-macbook-air.local][4306][SQLite][debug][9][Cached JSON fetch complete: timeline/smu2svkrvihxgeos/yearly][]
[1789485183.593][2026-09-15 08:13:03][subbas-macbook-air.local][4306][SQLite][debug][9][Cached JSON fetch complete: timeline/smu2svkrvihxgeos/yearly/0][]
[1789485183.593][2026-09-15 08:13:03][subbas-macbook-air.local][4306][SQLite][debug][9][Cached JSON fetch complete: timeline/smu2svkrvihxgeos/yearly][]
[1789485183.593][2026-09-15 08:13:03][subbas-macbook-air.local][4306][SQLite][debug][9][Cached JSON fetch complete: timeline/smu2svkrvihxgeos/yearly/0][]
[1789485183.594][2026-09-15 08:13:03][subbas-macbook-air.local][4306][SQLite][debug][5][Beginning transaction commit: 52][{"path":"timeline/smu2svkrvihxgeos/yearly","actions":2}]
[1789485183.594][2026-09-15 08:13:03][subbas-macbook-air.local][4306][SQLite][debug][5][Transaction commit complete: 52][{"path":"timeline/smu2svkrvihxgeos/yearly"}]
[1789485183.594][2026-09-15 08:13:03][subbas-macbook-air.local][4306][SQLite][debug][9][Storing SQLite JSON Object: hosts/smu2svkrvihxgeos/data][]
[1789485183.598][2026-09-15 08:13:03][subbas-macbook-air.local][4306][SQLite][debug][9][Store complete: hosts/smu2svkrvihxgeos/data][]
[1789485200.688][2026-09-15 08:13:20][subbas-macbook-air.local][4306][SQLite][debug][9][Cached JSON fetch complete: sessions/8397ca50eb4879dce3d919e8099169f80bc7650ee26249f4066858e5526e7d4a][]
[1789485200.689][2026-09-15 08:13:20][subbas-macbook-air.local][4306][SQLite][debug][9][Cached JSON fetch complete: users/admin][]
[1789485200.692][2026-09-15 08:13:20][subbas-macbook-air.local][4306][SQLite][debug][9][Cached JSON fetch complete: unbase/index/activity/_id/data][]
[1789485200.693][2026-09-15 08:13:20][subbas-macbook-air.local][4306][SQLite][debug][9][Cached JSON fetch complete: unbase/records/activity/amu2t3vrm2x3zm90][]
[1789485200.693][2026-09-15 08:13:20][subbas-macbook-air.local][4306][SQLite][debug][9][Cached JSON fetch complete: unbase/records/activity/amu2swi18zgxrwmu][]
[1789485200.693][2026-09-15 08:13:20][subbas-macbook-air.local][4306][SQLite][debug][9][Cached JSON fetch complete: unbase/records/activity/amu2svlnglic5kdn][]
[1789485200.694][2026-09-15 08:13:20][subbas-macbook-air.local][4306][SQLite][debug][9][Cached JSON fetch complete: unbase/records/activity/amu2sckyyv0g8f3x][]
[1789485200.695][2026-09-15 08:13:20][subbas-macbook-air.local][4306][SQLite][debug][9][Cached JSON fetch complete: unbase/records/activity/amu2s6coztc7pcrn][]
[1789485200.695][2026-09-15 08:13:20][subbas-macbook-air.local][4306][SQLite][debug][9][Cached JSON fetch complete: unbase/records/activity/amu2s58b6sq2bmlf][]
[1789485200.695][2026-09-15 08:13:20][subbas-macbook-air.local][4306][SQLite][debug][9][Cached JSON fetch complete: unbase/records/activity/amu2s497fmf8eild][]
[1789485200.695][2026-09-15 08:13:20][subbas-macbook-air.local][4306][SQLite][debug][9][Cached JSON fetch complete: unbase/records/activity/amu2s497fmeivniv][]
[1789485200.695][2026-09-15 08:13:20][subbas-macbook-air.local][4306][SQLite][debug][9][Cached JSON fetch complete: unbase/records/activity/amu2s497fmddtq57][]
[1789485200.695][2026-09-15 08:13:20][subbas-macbook-air.local][4306][SQLite][debug][9][Cached JSON fetch complete: unbase/records/activity/amu2s497fmcopdxo][]
[1789485200.695][2026-09-15 08:13:20][subbas-macbook-air.local][4306][SQLite][debug][9][Cached JSON fetch complete: unbase/records/activity/amu2s497fmbg8eld][]
[1789485200.695][2026-09-15 08:13:20][subbas-macbook-air.local][4306][SQLite][debug][9][Cached JSON fetch complete: unbase/records/activity/amu2s497fma2iov9][]
[1789485200.695][2026-09-15 08:13:20][subbas-macbook-air.local][4306][SQLite][debug][9][Cached JSON fetch complete: unbase/records/activity/amu2s497fm9c5edf][]
[1789485200.695][2026-09-15 08:13:20][subbas-macbook-air.local][4306][SQLite][debug][9][Cached JSON fetch complete: unbase/records/activity/amu2s497fm8d46zf][]
[1789485200.695][2026-09-15 08:13:20][subbas-macbook-air.local][4306][SQLite][debug][9][Cached JSON fetch complete: unbase/records/activity/amu2s497fm7kvww4][]
[1789485200.695][2026-09-15 08:13:20][subbas-macbook-air.local][4306][SQLite][debug][9][Cached JSON fetch complete: unbase/records/activity/amu2s497fm6jkwwd][]
[1789485200.695][2026-09-15 08:13:20][subbas-macbook-air.local][4306][SQLite][debug][9][Cached JSON fetch complete: unbase/records/activity/amu2s497fm51spkq][]
[1789485200.695][2026-09-15 08:13:20][subbas-macbook-air.local][4306][SQLite][debug][9][Cached JSON fetch complete: unbase/records/activity/amu2s497fm4c6eok][]
[1789485200.696][2026-09-15 08:13:20][subbas-macbook-air.local][4306][SQLite][debug][9][Cached JSON fetch complete: unbase/records/activity/amu2s497fm3esz0g][]
[1789485200.696][2026-09-15 08:13:20][subbas-macbook-air.local][4306][SQLite][debug][9][Cached JSON fetch complete: unbase/records/activity/amu2s497fm2ug4sf][]
[1789485200.696][2026-09-15 08:13:20][subbas-macbook-air.local][4306][SQLite][debug][9][Cached JSON fetch complete: unbase/records/activity/amu2s497fm1sneqy][]
[1789485200.696][2026-09-15 08:13:20][subbas-macbook-air.local][4306][SQLite][debug][9][Cached JSON fetch complete: unbase/records/activity/amu2s497fm02tu72][]
[1789485200.696][2026-09-15 08:13:20][subbas-macbook-air.local][4306][SQLite][debug][9][Cached JSON fetch complete: unbase/records/activity/amu2s497flzp3rmb][]
[1789485200.696][2026-09-15 08:13:20][subbas-macbook-air.local][4306][SQLite][debug][9][Cached JSON fetch complete: unbase/records/activity/amu2s497flywfju7][]
[1789485200.696][2026-09-15 08:13:20][subbas-macbook-air.local][4306][SQLite][debug][9][Cached JSON fetch complete: unbase/records/activity/amu2s497flxb29rc][]
[1789485200.696][2026-09-15 08:13:20][subbas-macbook-air.local][4306][SQLite][debug][9][Cached JSON fetch complete: unbase/records/activity/amu2s497flwmzv28][]
[1789485200.696][2026-09-15 08:13:20][subbas-macbook-air.local][4306][SQLite][debug][9][Cached JSON fetch complete: unbase/records/activity/amu2s497elvgcu0d][]
[1789485200.696][2026-09-15 08:13:20][subbas-macbook-air.local][4306][SQLite][debug][9][Cached JSON fetch complete: unbase/records/activity/amu2s497elu9vnfc][]
[1789485200.696][2026-09-15 08:13:20][subbas-macbook-air.local][4306][SQLite][debug][9][Cached JSON fetch complete: unbase/records/activity/amu2s497eltf38a7][]
[1789485200.696][2026-09-15 08:13:20][subbas-macbook-air.local][4306][SQLite][debug][9][Cached JSON fetch complete: unbase/records/activity/amu2s497elsb4fn3][]
[1789485200.697][2026-09-15 08:13:20][subbas-macbook-air.local][4306][SQLite][debug][9][Cached JSON fetch complete: unbase/records/activity/amu2s497elrhwjet][]
[1789485200.697][2026-09-15 08:13:20][subbas-macbook-air.local][4306][SQLite][debug][9][Cached JSON fetch complete: unbase/records/activity/amu2s497elqn38yh][]
[1789485200.697][2026-09-15 08:13:20][subbas-macbook-air.local][4306][SQLite][debug][9][Cached JSON fetch complete: unbase/records/activity/amu2s497elpgec33][]
[1789485200.697][2026-09-15 08:13:20][subbas-macbook-air.local][4306][SQLite][debug][9][Cached JSON fetch complete: unbase/records/activity/amu2s497elofrsly][]
[1789485200.697][2026-09-15 08:13:20][subbas-macbook-air.local][4306][SQLite][debug][9][Cached JSON fetch complete: unbase/records/activity/amu2s497elnffa41][]
[1789485200.697][2026-09-15 08:13:20][subbas-macbook-air.local][4306][SQLite][debug][9][Cached JSON fetch complete: unbase/records/activity/amu2s497elm1px8f][]
[1789485200.698][2026-09-15 08:13:20][subbas-macbook-air.local][4306][SQLite][debug][9][Cached JSON fetch complete: unbase/records/activity/amu2s497ell06e25][]
[1789485200.698][2026-09-15 08:13:20][subbas-macbook-air.local][4306][SQLite][debug][9][Cached JSON fetch complete: unbase/records/activity/amu2s497elk64n42][]
[1789485243.551][2026-09-15 08:14:03][subbas-macbook-air.local][4306][SQLite][debug][9][Cached JSON fetch complete: hosts/smu2svkrvihxgeos/data][]
[1789485243.553][2026-09-15 08:14:03][subbas-macbook-air.local][4306][SQLite][debug][9][Cached JSON fetch complete: timeline/smu2svkrvihxgeos/hourly][]
[1789485243.554][2026-09-15 08:14:03][subbas-macbook-air.local][4306][SQLite][debug][9][Cached JSON fetch complete: timeline/smu2svkrvihxgeos/hourly][]
[1789485243.554][2026-09-15 08:14:03][subbas-macbook-air.local][4306][SQLite][debug][9][Cached JSON fetch complete: timeline/smu2svkrvihxgeos/hourly/0][]
[1789485243.554][2026-09-15 08:14:03][subbas-macbook-air.local][4306][SQLite][debug][9][Cached JSON fetch complete: timeline/smu2svkrvihxgeos/hourly][]
[1789485243.555][2026-09-15 08:14:03][subbas-macbook-air.local][4306][SQLite][debug][9][Cached JSON fetch complete: timeline/smu2svkrvihxgeos/hourly/0][]
[1789485243.557][2026-09-15 08:14:03][subbas-macbook-air.local][4306][SQLite][debug][5][Beginning transaction commit: 53][{"path":"timeline/smu2svkrvihxgeos/hourly","actions":2}]
[1789485243.558][2026-09-15 08:14:03][subbas-macbook-air.local][4306][SQLite][debug][5][Transaction commit complete: 53][{"path":"timeline/smu2svkrvihxgeos/hourly"}]
[1789485243.56][2026-09-15 08:14:03][subbas-macbook-air.local][4306][SQLite][debug][9][Cached JSON fetch complete: timeline/smu2svkrvihxgeos/daily][]
[1789485243.56][2026-09-15 08:14:03][subbas-macbook-air.local][4306][SQLite][debug][9][Cached JSON fetch complete: timeline/smu2svkrvihxgeos/daily][]
[1789485243.56][2026-09-15 08:14:03][subbas-macbook-air.local][4306][SQLite][debug][9][Cached JSON fetch complete: timeline/smu2svkrvihxgeos/daily/0][]
[1789485243.561][2026-09-15 08:14:03][subbas-macbook-air.local][4306][SQLite][debug][9][Cached JSON fetch complete: timeline/smu2svkrvihxgeos/daily][]
[1789485243.561][2026-09-15 08:14:03][subbas-macbook-air.local][4306][SQLite][debug][9][Cached JSON fetch complete: timeline/smu2svkrvihxgeos/daily/0][]
[1789485243.562][2026-09-15 08:14:03][subbas-macbook-air.local][4306][SQLite][debug][5][Beginning transaction commit: 54][{"path":"timeline/smu2svkrvihxgeos/daily","actions":2}]
[1789485243.562][2026-09-15 08:14:03][subbas-macbook-air.local][4306][SQLite][debug][5][Transaction commit complete: 54][{"path":"timeline/smu2svkrvihxgeos/daily"}]
[1789485243.563][2026-09-15 08:14:03][subbas-macbook-air.local][4306][SQLite][debug][9][Cached JSON fetch complete: timeline/smu2svkrvihxgeos/monthly][]
[1789485243.564][2026-09-15 08:14:03][subbas-macbook-air.local][4306][SQLite][debug][9][Cached JSON fetch complete: timeline/smu2svkrvihxgeos/monthly][]
[1789485243.564][2026-09-15 08:14:03][subbas-macbook-air.local][4306][SQLite][debug][9][Cached JSON fetch complete: timeline/smu2svkrvihxgeos/monthly/0][]
[1789485243.564][2026-09-15 08:14:03][subbas-macbook-air.local][4306][SQLite][debug][9][Cached JSON fetch complete: timeline/smu2svkrvihxgeos/monthly][]
[1789485243.565][2026-09-15 08:14:03][subbas-macbook-air.local][4306][SQLite][debug][9][Cached JSON fetch complete: timeline/smu2svkrvihxgeos/monthly/0][]
[1789485243.568][2026-09-15 08:14:03][subbas-macbook-air.local][4306][SQLite][debug][5][Beginning transaction commit: 55][{"path":"timeline/smu2svkrvihxgeos/monthly","actions":2}]
[1789485243.569][2026-09-15 08:14:03][subbas-macbook-air.local][4306][SQLite][debug][5][Transaction commit complete: 55][{"path":"timeline/smu2svkrvihxgeos/monthly"}]
[1789485243.569][2026-09-15 08:14:03][subbas-macbook-air.local][4306][SQLite][debug][9][Cached JSON fetch complete: timeline/smu2svkrvihxgeos/yearly][]
[1789485243.569][2026-09-15 08:14:03][subbas-macbook-air.local][4306][SQLite][debug][9][Cached JSON fetch complete: timeline/smu2svkrvihxgeos/yearly][]
[1789485243.569][2026-09-15 08:14:03][subbas-macbook-air.local][4306][SQLite][debug][9][Cached JSON fetch complete: timeline/smu2svkrvihxgeos/yearly/0][]
[1789485243.57][2026-09-15 08:14:03][subbas-macbook-air.local][4306][SQLite][debug][9][Cached JSON fetch complete: timeline/smu2svkrvihxgeos/yearly][]
[1789485243.57][2026-09-15 08:14:03][subbas-macbook-air.local][4306][SQLite][debug][9][Cached JSON fetch complete: timeline/smu2svkrvihxgeos/yearly/0][]
[1789485243.571][2026-09-15 08:14:03][subbas-macbook-air.local][4306][SQLite][debug][5][Beginning transaction commit: 56][{"path":"timeline/smu2svkrvihxgeos/yearly","actions":2}]
[1789485243.571][2026-09-15 08:14:03][subbas-macbook-air.local][4306][SQLite][debug][5][Transaction commit complete: 56][{"path":"timeline/smu2svkrvihxgeos/yearly"}]
[1789485243.571][2026-09-15 08:14:03][subbas-macbook-air.local][4306][SQLite][debug][9][Storing SQLite JSON Object: hosts/smu2svkrvihxgeos/data][]
[1789485243.574][2026-09-15 08:14:03][subbas-macbook-air.local][4306][SQLite][debug][9][Store complete: hosts/smu2svkrvihxgeos/data][]
[1789485283.011][2026-09-15 08:14:43][subbas-macbook-air.local][4306][SQLite][debug][9][Cached JSON fetch complete: sessions/8397ca50eb4879dce3d919e8099169f80bc7650ee26249f4066858e5526e7d4a][]
[1789485283.011][2026-09-15 08:14:43][subbas-macbook-air.local][4306][SQLite][debug][9][Cached JSON fetch complete: users/admin][]
[1789485283.012][2026-09-15 08:14:43][subbas-macbook-air.local][4306][SQLite][debug][9][Cached JSON fetch complete: unbase/records/jobs/jmu2t5z1j4clmucl][]
[1789485283.025][2026-09-15 08:14:43][subbas-macbook-air.local][4306][SQLite][debug][9][Cached JSON fetch complete: sessions/8397ca50eb4879dce3d919e8099169f80bc7650ee26249f4066858e5526e7d4a][]
[1789485283.026][2026-09-15 08:14:43][subbas-macbook-air.local][4306][SQLite][debug][9][Cached JSON fetch complete: users/admin][]
[1789485283.029][2026-09-15 08:14:43][subbas-macbook-air.local][4306][SQLite][debug][9][Cached JSON fetch complete: unbase/index/snapshots/jobs/word/jmu2t5z1j4clmucl][]
[1789485283.029][2026-09-15 08:14:43][subbas-macbook-air.local][4306][SQLite][debug][9][Cached JSON fetch complete: unbase/index/snapshots/jobs/word/jmu2t5z1j4clmucl/data][]
[1789485283.031][2026-09-15 08:14:43][subbas-macbook-air.local][4306][SQLite][debug][9][Cached JSON fetch complete: unbase/records/snapshots/snmu2t628s4oktn6][]
[1789485283.037][2026-09-15 08:14:43][subbas-macbook-air.local][4306][SQLite][debug][9][Cached JSON fetch complete: sessions/8397ca50eb4879dce3d919e8099169f80bc7650ee26249f4066858e5526e7d4a][]
[1789485283.037][2026-09-15 08:14:43][subbas-macbook-air.local][4306][SQLite][debug][9][Cached JSON fetch complete: users/admin][]
[1789485283.038][2026-09-15 08:14:43][subbas-macbook-air.local][4306][SQLite][debug][9][Fetching SQLite Object: unbase/index/alerts/jobs/word/jmu2t5z1j4clmucl][]
[1789485283.039][2026-09-15 08:14:43][subbas-macbook-air.local][4306][SQLite][debug][9][Fetching SQLite Object: unbase/index/alerts/jobs/word/jmu2t5z1j4clmucl/data][]
[1789485303.538][2026-09-15 08:15:03][subbas-macbook-air.local][4306][SQLite][debug][9][Cached JSON fetch complete: hosts/smu2svkrvihxgeos/data][]
[1789485303.539][2026-09-15 08:15:03][subbas-macbook-air.local][4306][SQLite][debug][9][Cached JSON fetch complete: timeline/smu2svkrvihxgeos/hourly][]
[1789485303.54][2026-09-15 08:15:03][subbas-macbook-air.local][4306][SQLite][debug][9][Cached JSON fetch complete: timeline/smu2svkrvihxgeos/hourly][]
[1789485303.54][2026-09-15 08:15:03][subbas-macbook-air.local][4306][SQLite][debug][9][Cached JSON fetch complete: timeline/smu2svkrvihxgeos/hourly/0][]
[1789485303.541][2026-09-15 08:15:03][subbas-macbook-air.local][4306][SQLite][debug][9][Cached JSON fetch complete: timeline/smu2svkrvihxgeos/hourly][]
[1789485303.541][2026-09-15 08:15:03][subbas-macbook-air.local][4306][SQLite][debug][9][Cached JSON fetch complete: timeline/smu2svkrvihxgeos/hourly/0][]
[1789485303.542][2026-09-15 08:15:03][subbas-macbook-air.local][4306][SQLite][debug][5][Beginning transaction commit: 57][{"path":"timeline/smu2svkrvihxgeos/hourly","actions":2}]
[1789485303.543][2026-09-15 08:15:03][subbas-macbook-air.local][4306][SQLite][debug][5][Transaction commit complete: 57][{"path":"timeline/smu2svkrvihxgeos/hourly"}]
[1789485303.544][2026-09-15 08:15:03][subbas-macbook-air.local][4306][SQLite][debug][9][Cached JSON fetch complete: timeline/smu2svkrvihxgeos/daily][]
[1789485303.544][2026-09-15 08:15:03][subbas-macbook-air.local][4306][SQLite][debug][9][Cached JSON fetch complete: timeline/smu2svkrvihxgeos/daily][]
[1789485303.544][2026-09-15 08:15:03][subbas-macbook-air.local][4306][SQLite][debug][9][Cached JSON fetch complete: timeline/smu2svkrvihxgeos/daily/0][]
[1789485303.545][2026-09-15 08:15:03][subbas-macbook-air.local][4306][SQLite][debug][9][Cached JSON fetch complete: timeline/smu2svkrvihxgeos/daily][]
[1789485303.546][2026-09-15 08:15:03][subbas-macbook-air.local][4306][SQLite][debug][9][Cached JSON fetch complete: timeline/smu2svkrvihxgeos/daily/0][]
[1789485303.546][2026-09-15 08:15:03][subbas-macbook-air.local][4306][SQLite][debug][5][Beginning transaction commit: 58][{"path":"timeline/smu2svkrvihxgeos/daily","actions":2}]
[1789485303.547][2026-09-15 08:15:03][subbas-macbook-air.local][4306][SQLite][debug][5][Transaction commit complete: 58][{"path":"timeline/smu2svkrvihxgeos/daily"}]
[1789485303.548][2026-09-15 08:15:03][subbas-macbook-air.local][4306][SQLite][debug][9][Cached JSON fetch complete: timeline/smu2svkrvihxgeos/monthly][]
[1789485303.548][2026-09-15 08:15:03][subbas-macbook-air.local][4306][SQLite][debug][9][Cached JSON fetch complete: timeline/smu2svkrvihxgeos/monthly][]
[1789485303.548][2026-09-15 08:15:03][subbas-macbook-air.local][4306][SQLite][debug][9][Cached JSON fetch complete: timeline/smu2svkrvihxgeos/monthly/0][]
[1789485303.548][2026-09-15 08:15:03][subbas-macbook-air.local][4306][SQLite][debug][9][Cached JSON fetch complete: timeline/smu2svkrvihxgeos/monthly][]
[1789485303.549][2026-09-15 08:15:03][subbas-macbook-air.local][4306][SQLite][debug][9][Cached JSON fetch complete: timeline/smu2svkrvihxgeos/monthly/0][]
[1789485303.549][2026-09-15 08:15:03][subbas-macbook-air.local][4306][SQLite][debug][5][Beginning transaction commit: 59][{"path":"timeline/smu2svkrvihxgeos/monthly","actions":2}]
[1789485303.549][2026-09-15 08:15:03][subbas-macbook-air.local][4306][SQLite][debug][5][Transaction commit complete: 59][{"path":"timeline/smu2svkrvihxgeos/monthly"}]
[1789485303.55][2026-09-15 08:15:03][subbas-macbook-air.local][4306][SQLite][debug][9][Cached JSON fetch complete: timeline/smu2svkrvihxgeos/yearly][]
[1789485303.55][2026-09-15 08:15:03][subbas-macbook-air.local][4306][SQLite][debug][9][Cached JSON fetch complete: timeline/smu2svkrvihxgeos/yearly][]
[1789485303.55][2026-09-15 08:15:03][subbas-macbook-air.local][4306][SQLite][debug][9][Cached JSON fetch complete: timeline/smu2svkrvihxgeos/yearly/0][]
[1789485303.551][2026-09-15 08:15:03][subbas-macbook-air.local][4306][SQLite][debug][9][Cached JSON fetch complete: timeline/smu2svkrvihxgeos/yearly][]
[1789485303.551][2026-09-15 08:15:03][subbas-macbook-air.local][4306][SQLite][debug][9][Cached JSON fetch complete: timeline/smu2svkrvihxgeos/yearly/0][]
[1789485303.551][2026-09-15 08:15:03][subbas-macbook-air.local][4306][SQLite][debug][5][Beginning transaction commit: 60][{"path":"timeline/smu2svkrvihxgeos/yearly","actions":2}]
[1789485303.552][2026-09-15 08:15:03][subbas-macbook-air.local][4306][SQLite][debug][5][Transaction commit complete: 60][{"path":"timeline/smu2svkrvihxgeos/yearly"}]
[1789485303.552][2026-09-15 08:15:03][subbas-macbook-air.local][4306][SQLite][debug][9][Storing SQLite JSON Object: hosts/smu2svkrvihxgeos/data][]
[1789485303.556][2026-09-15 08:15:03][subbas-macbook-air.local][4306][SQLite][debug][9][Store complete: hosts/smu2svkrvihxgeos/data][]
[1789485363.526][2026-09-15 08:16:03][subbas-macbook-air.local][4306][SQLite][debug][9][Cached JSON fetch complete: hosts/smu2svkrvihxgeos/data][]
[1789485363.529][2026-09-15 08:16:03][subbas-macbook-air.local][4306][SQLite][debug][9][Cached JSON fetch complete: timeline/smu2svkrvihxgeos/hourly][]
[1789485363.53][2026-09-15 08:16:03][subbas-macbook-air.local][4306][SQLite][debug][9][Cached JSON fetch complete: timeline/smu2svkrvihxgeos/hourly][]
[1789485363.53][2026-09-15 08:16:03][subbas-macbook-air.local][4306][SQLite][debug][9][Cached JSON fetch complete: timeline/smu2svkrvihxgeos/hourly/0][]
[1789485363.532][2026-09-15 08:16:03][subbas-macbook-air.local][4306][SQLite][debug][9][Cached JSON fetch complete: timeline/smu2svkrvihxgeos/hourly][]
[1789485363.532][2026-09-15 08:16:03][subbas-macbook-air.local][4306][SQLite][debug][9][Cached JSON fetch complete: timeline/smu2svkrvihxgeos/hourly/0][]
[1789485363.534][2026-09-15 08:16:03][subbas-macbook-air.local][4306][SQLite][debug][5][Beginning transaction commit: 61][{"path":"timeline/smu2svkrvihxgeos/hourly","actions":2}]
[1789485363.535][2026-09-15 08:16:03][subbas-macbook-air.local][4306][SQLite][debug][5][Transaction commit complete: 61][{"path":"timeline/smu2svkrvihxgeos/hourly"}]
[1789485363.536][2026-09-15 08:16:03][subbas-macbook-air.local][4306][SQLite][debug][9][Cached JSON fetch complete: timeline/smu2svkrvihxgeos/daily][]
[1789485363.537][2026-09-15 08:16:03][subbas-macbook-air.local][4306][SQLite][debug][9][Cached JSON fetch complete: timeline/smu2svkrvihxgeos/daily][]
[1789485363.537][2026-09-15 08:16:03][subbas-macbook-air.local][4306][SQLite][debug][9][Cached JSON fetch complete: timeline/smu2svkrvihxgeos/daily/0][]
[1789485363.538][2026-09-15 08:16:03][subbas-macbook-air.local][4306][SQLite][debug][9][Cached JSON fetch complete: timeline/smu2svkrvihxgeos/daily][]
[1789485363.538][2026-09-15 08:16:03][subbas-macbook-air.local][4306][SQLite][debug][9][Cached JSON fetch complete: timeline/smu2svkrvihxgeos/daily/0][]
[1789485363.54][2026-09-15 08:16:03][subbas-macbook-air.local][4306][SQLite][debug][5][Beginning transaction commit: 62][{"path":"timeline/smu2svkrvihxgeos/daily","actions":2}]
[1789485363.541][2026-09-15 08:16:03][subbas-macbook-air.local][4306][SQLite][debug][5][Transaction commit complete: 62][{"path":"timeline/smu2svkrvihxgeos/daily"}]
[1789485363.541][2026-09-15 08:16:03][subbas-macbook-air.local][4306][SQLite][debug][9][Cached JSON fetch complete: timeline/smu2svkrvihxgeos/monthly][]
[1789485363.542][2026-09-15 08:16:03][subbas-macbook-air.local][4306][SQLite][debug][9][Cached JSON fetch complete: timeline/smu2svkrvihxgeos/monthly][]
[1789485363.542][2026-09-15 08:16:03][subbas-macbook-air.local][4306][SQLite][debug][9][Cached JSON fetch complete: timeline/smu2svkrvihxgeos/monthly/0][]
[1789485363.542][2026-09-15 08:16:03][subbas-macbook-air.local][4306][SQLite][debug][9][Cached JSON fetch complete: timeline/smu2svkrvihxgeos/monthly][]
[1789485363.542][2026-09-15 08:16:03][subbas-macbook-air.local][4306][SQLite][debug][9][Cached JSON fetch complete: timeline/smu2svkrvihxgeos/monthly/0][]
[1789485363.542][2026-09-15 08:16:03][subbas-macbook-air.local][4306][SQLite][debug][5][Beginning transaction commit: 63][{"path":"timeline/smu2svkrvihxgeos/monthly","actions":2}]
[1789485363.543][2026-09-15 08:16:03][subbas-macbook-air.local][4306][SQLite][debug][5][Transaction commit complete: 63][{"path":"timeline/smu2svkrvihxgeos/monthly"}]
[1789485363.543][2026-09-15 08:16:03][subbas-macbook-air.local][4306][SQLite][debug][9][Cached JSON fetch complete: timeline/smu2svkrvihxgeos/yearly][]
[1789485363.543][2026-09-15 08:16:03][subbas-macbook-air.local][4306][SQLite][debug][9][Cached JSON fetch complete: timeline/smu2svkrvihxgeos/yearly][]
[1789485363.543][2026-09-15 08:16:03][subbas-macbook-air.local][4306][SQLite][debug][9][Cached JSON fetch complete: timeline/smu2svkrvihxgeos/yearly/0][]
[1789485363.543][2026-09-15 08:16:03][subbas-macbook-air.local][4306][SQLite][debug][9][Cached JSON fetch complete: timeline/smu2svkrvihxgeos/yearly][]
[1789485363.543][2026-09-15 08:16:03][subbas-macbook-air.local][4306][SQLite][debug][9][Cached JSON fetch complete: timeline/smu2svkrvihxgeos/yearly/0][]
[1789485363.544][2026-09-15 08:16:03][subbas-macbook-air.local][4306][SQLite][debug][5][Beginning transaction commit: 64][{"path":"timeline/smu2svkrvihxgeos/yearly","actions":2}]
[1789485363.544][2026-09-15 08:16:03][subbas-macbook-air.local][4306][SQLite][debug][5][Transaction commit complete: 64][{"path":"timeline/smu2svkrvihxgeos/yearly"}]
[1789485363.544][2026-09-15 08:16:03][subbas-macbook-air.local][4306][SQLite][debug][9][Storing SQLite JSON Object: hosts/smu2svkrvihxgeos/data][]
[1789485363.546][2026-09-15 08:16:03][subbas-macbook-air.local][4306][SQLite][debug][9][Store complete: hosts/smu2svkrvihxgeos/data][]
[1789485423.558][2026-09-15 08:17:03][subbas-macbook-air.local][4306][SQLite][debug][9][Cached JSON fetch complete: hosts/smu2svkrvihxgeos/data][]
[1789485423.561][2026-09-15 08:17:03][subbas-macbook-air.local][4306][SQLite][debug][9][Cached JSON fetch complete: timeline/smu2svkrvihxgeos/hourly][]
[1789485423.561][2026-09-15 08:17:03][subbas-macbook-air.local][4306][SQLite][debug][9][Cached JSON fetch complete: timeline/smu2svkrvihxgeos/hourly][]
[1789485423.562][2026-09-15 08:17:03][subbas-macbook-air.local][4306][SQLite][debug][9][Cached JSON fetch complete: timeline/smu2svkrvihxgeos/hourly/0][]
[1789485423.563][2026-09-15 08:17:03][subbas-macbook-air.local][4306][SQLite][debug][9][Cached JSON fetch complete: timeline/smu2svkrvihxgeos/hourly][]
[1789485423.563][2026-09-15 08:17:03][subbas-macbook-air.local][4306][SQLite][debug][9][Cached JSON fetch complete: timeline/smu2svkrvihxgeos/hourly/0][]
[1789485423.564][2026-09-15 08:17:03][subbas-macbook-air.local][4306][SQLite][debug][5][Beginning transaction commit: 65][{"path":"timeline/smu2svkrvihxgeos/hourly","actions":2}]
[1789485423.565][2026-09-15 08:17:03][subbas-macbook-air.local][4306][SQLite][debug][5][Transaction commit complete: 65][{"path":"timeline/smu2svkrvihxgeos/hourly"}]
[1789485423.566][2026-09-15 08:17:03][subbas-macbook-air.local][4306][SQLite][debug][9][Cached JSON fetch complete: timeline/smu2svkrvihxgeos/daily][]
[1789485423.567][2026-09-15 08:17:03][subbas-macbook-air.local][4306][SQLite][debug][9][Cached JSON fetch complete: timeline/smu2svkrvihxgeos/daily][]
[1789485423.567][2026-09-15 08:17:03][subbas-macbook-air.local][4306][SQLite][debug][9][Cached JSON fetch complete: timeline/smu2svkrvihxgeos/daily/0][]
[1789485423.567][2026-09-15 08:17:03][subbas-macbook-air.local][4306][SQLite][debug][9][Cached JSON fetch complete: timeline/smu2svkrvihxgeos/daily][]
[1789485423.567][2026-09-15 08:17:03][subbas-macbook-air.local][4306][SQLite][debug][9][Cached JSON fetch complete: timeline/smu2svkrvihxgeos/daily/0][]
[1789485423.568][2026-09-15 08:17:03][subbas-macbook-air.local][4306][SQLite][debug][5][Beginning transaction commit: 66][{"path":"timeline/smu2svkrvihxgeos/daily","actions":2}]
[1789485423.568][2026-09-15 08:17:03][subbas-macbook-air.local][4306][SQLite][debug][5][Transaction commit complete: 66][{"path":"timeline/smu2svkrvihxgeos/daily"}]
[1789485423.569][2026-09-15 08:17:03][subbas-macbook-air.local][4306][SQLite][debug][9][Cached JSON fetch complete: timeline/smu2svkrvihxgeos/monthly][]
[1789485423.569][2026-09-15 08:17:03][subbas-macbook-air.local][4306][SQLite][debug][9][Cached JSON fetch complete: timeline/smu2svkrvihxgeos/monthly][]
[1789485423.569][2026-09-15 08:17:03][subbas-macbook-air.local][4306][SQLite][debug][9][Cached JSON fetch complete: timeline/smu2svkrvihxgeos/monthly/0][]
[1789485423.57][2026-09-15 08:17:03][subbas-macbook-air.local][4306][SQLite][debug][9][Cached JSON fetch complete: timeline/smu2svkrvihxgeos/monthly][]
[1789485423.57][2026-09-15 08:17:03][subbas-macbook-air.local][4306][SQLite][debug][9][Cached JSON fetch complete: timeline/smu2svkrvihxgeos/monthly/0][]
[1789485423.572][2026-09-15 08:17:03][subbas-macbook-air.local][4306][SQLite][debug][5][Beginning transaction commit: 67][{"path":"timeline/smu2svkrvihxgeos/monthly","actions":2}]
[1789485423.572][2026-09-15 08:17:03][subbas-macbook-air.local][4306][SQLite][debug][5][Transaction commit complete: 67][{"path":"timeline/smu2svkrvihxgeos/monthly"}]
[1789485423.573][2026-09-15 08:17:03][subbas-macbook-air.local][4306][SQLite][debug][9][Cached JSON fetch complete: timeline/smu2svkrvihxgeos/yearly][]
[1789485423.573][2026-09-15 08:17:03][subbas-macbook-air.local][4306][SQLite][debug][9][Cached JSON fetch complete: timeline/smu2svkrvihxgeos/yearly][]
[1789485423.573][2026-09-15 08:17:03][subbas-macbook-air.local][4306][SQLite][debug][9][Cached JSON fetch complete: timeline/smu2svkrvihxgeos/yearly/0][]
[1789485423.573][2026-09-15 08:17:03][subbas-macbook-air.local][4306][SQLite][debug][9][Cached JSON fetch complete: timeline/smu2svkrvihxgeos/yearly][]
[1789485423.574][2026-09-15 08:17:03][subbas-macbook-air.local][4306][SQLite][debug][9][Cached JSON fetch complete: timeline/smu2svkrvihxgeos/yearly/0][]
[1789485423.574][2026-09-15 08:17:03][subbas-macbook-air.local][4306][SQLite][debug][5][Beginning transaction commit: 68][{"path":"timeline/smu2svkrvihxgeos/yearly","actions":2}]
[1789485423.574][2026-09-15 08:17:03][subbas-macbook-air.local][4306][SQLite][debug][5][Transaction commit complete: 68][{"path":"timeline/smu2svkrvihxgeos/yearly"}]
[1789485423.575][2026-09-15 08:17:03][subbas-macbook-air.local][4306][SQLite][debug][9][Storing SQLite JSON Object: hosts/smu2svkrvihxgeos/data][]
[1789485423.578][2026-09-15 08:17:03][subbas-macbook-air.local][4306][SQLite][debug][9][Store complete: hosts/smu2svkrvihxgeos/data][]
[1789485483.565][2026-09-15 08:18:03][subbas-macbook-air.local][4306][SQLite][debug][9][Cached JSON fetch complete: hosts/smu2svkrvihxgeos/data][]
[1789485483.567][2026-09-15 08:18:03][subbas-macbook-air.local][4306][SQLite][debug][9][Cached JSON fetch complete: timeline/smu2svkrvihxgeos/hourly][]
[1789485483.569][2026-09-15 08:18:03][subbas-macbook-air.local][4306][SQLite][debug][9][Cached JSON fetch complete: timeline/smu2svkrvihxgeos/hourly][]
[1789485483.569][2026-09-15 08:18:03][subbas-macbook-air.local][4306][SQLite][debug][9][Cached JSON fetch complete: timeline/smu2svkrvihxgeos/hourly/0][]
[1789485483.57][2026-09-15 08:18:03][subbas-macbook-air.local][4306][SQLite][debug][9][Cached JSON fetch complete: timeline/smu2svkrvihxgeos/hourly][]
[1789485483.57][2026-09-15 08:18:03][subbas-macbook-air.local][4306][SQLite][debug][9][Cached JSON fetch complete: timeline/smu2svkrvihxgeos/hourly/0][]
[1789485483.571][2026-09-15 08:18:03][subbas-macbook-air.local][4306][SQLite][debug][5][Beginning transaction commit: 69][{"path":"timeline/smu2svkrvihxgeos/hourly","actions":2}]
[1789485483.572][2026-09-15 08:18:03][subbas-macbook-air.local][4306][SQLite][debug][5][Transaction commit complete: 69][{"path":"timeline/smu2svkrvihxgeos/hourly"}]
[1789485483.573][2026-09-15 08:18:03][subbas-macbook-air.local][4306][SQLite][debug][9][Cached JSON fetch complete: timeline/smu2svkrvihxgeos/daily][]
[1789485483.573][2026-09-15 08:18:03][subbas-macbook-air.local][4306][SQLite][debug][9][Cached JSON fetch complete: timeline/smu2svkrvihxgeos/daily][]
[1789485483.573][2026-09-15 08:18:03][subbas-macbook-air.local][4306][SQLite][debug][9][Cached JSON fetch complete: timeline/smu2svkrvihxgeos/daily/0][]
[1789485483.574][2026-09-15 08:18:03][subbas-macbook-air.local][4306][SQLite][debug][9][Cached JSON fetch complete: timeline/smu2svkrvihxgeos/daily][]
[1789485483.574][2026-09-15 08:18:03][subbas-macbook-air.local][4306][SQLite][debug][9][Cached JSON fetch complete: timeline/smu2svkrvihxgeos/daily/0][]
[1789485483.575][2026-09-15 08:18:03][subbas-macbook-air.local][4306][SQLite][debug][5][Beginning transaction commit: 70][{"path":"timeline/smu2svkrvihxgeos/daily","actions":2}]
[1789485483.575][2026-09-15 08:18:03][subbas-macbook-air.local][4306][SQLite][debug][5][Transaction commit complete: 70][{"path":"timeline/smu2svkrvihxgeos/daily"}]
[1789485483.576][2026-09-15 08:18:03][subbas-macbook-air.local][4306][SQLite][debug][9][Cached JSON fetch complete: timeline/smu2svkrvihxgeos/monthly][]
[1789485483.576][2026-09-15 08:18:03][subbas-macbook-air.local][4306][SQLite][debug][9][Cached JSON fetch complete: timeline/smu2svkrvihxgeos/monthly][]
[1789485483.576][2026-09-15 08:18:03][subbas-macbook-air.local][4306][SQLite][debug][9][Cached JSON fetch complete: timeline/smu2svkrvihxgeos/monthly/0][]
[1789485483.577][2026-09-15 08:18:03][subbas-macbook-air.local][4306][SQLite][debug][9][Cached JSON fetch complete: timeline/smu2svkrvihxgeos/monthly][]
[1789485483.577][2026-09-15 08:18:03][subbas-macbook-air.local][4306][SQLite][debug][9][Cached JSON fetch complete: timeline/smu2svkrvihxgeos/monthly/0][]
[1789485483.578][2026-09-15 08:18:03][subbas-macbook-air.local][4306][SQLite][debug][5][Beginning transaction commit: 71][{"path":"timeline/smu2svkrvihxgeos/monthly","actions":2}]
[1789485483.578][2026-09-15 08:18:03][subbas-macbook-air.local][4306][SQLite][debug][5][Transaction commit complete: 71][{"path":"timeline/smu2svkrvihxgeos/monthly"}]
[1789485483.579][2026-09-15 08:18:03][subbas-macbook-air.local][4306][SQLite][debug][9][Cached JSON fetch complete: timeline/smu2svkrvihxgeos/yearly][]
[1789485483.579][2026-09-15 08:18:03][subbas-macbook-air.local][4306][SQLite][debug][9][Cached JSON fetch complete: timeline/smu2svkrvihxgeos/yearly][]
[1789485483.579][2026-09-15 08:18:03][subbas-macbook-air.local][4306][SQLite][debug][9][Cached JSON fetch complete: timeline/smu2svkrvihxgeos/yearly/0][]
[1789485483.58][2026-09-15 08:18:03][subbas-macbook-air.local][4306][SQLite][debug][9][Cached JSON fetch complete: timeline/smu2svkrvihxgeos/yearly][]
[1789485483.58][2026-09-15 08:18:03][subbas-macbook-air.local][4306][SQLite][debug][9][Cached JSON fetch complete: timeline/smu2svkrvihxgeos/yearly/0][]
[1789485483.581][2026-09-15 08:18:03][subbas-macbook-air.local][4306][SQLite][debug][5][Beginning transaction commit: 72][{"path":"timeline/smu2svkrvihxgeos/yearly","actions":2}]
[1789485483.581][2026-09-15 08:18:03][subbas-macbook-air.local][4306][SQLite][debug][5][Transaction commit complete: 72][{"path":"timeline/smu2svkrvihxgeos/yearly"}]
[1789485483.582][2026-09-15 08:18:03][subbas-macbook-air.local][4306][SQLite][debug][9][Storing SQLite JSON Object: hosts/smu2svkrvihxgeos/data][]
[1789485483.585][2026-09-15 08:18:03][subbas-macbook-air.local][4306][SQLite][debug][9][Store complete: hosts/smu2svkrvihxgeos/data][]
[1789485543.512][2026-09-15 08:19:03][subbas-macbook-air.local][4306][SQLite][debug][9][Cached JSON fetch complete: hosts/smu2svkrvihxgeos/data][]
[1789485543.513][2026-09-15 08:19:03][subbas-macbook-air.local][4306][SQLite][debug][9][Cached JSON fetch complete: timeline/smu2svkrvihxgeos/hourly][]
[1789485543.514][2026-09-15 08:19:03][subbas-macbook-air.local][4306][SQLite][debug][9][Cached JSON fetch complete: timeline/smu2svkrvihxgeos/hourly][]
[1789485543.514][2026-09-15 08:19:03][subbas-macbook-air.local][4306][SQLite][debug][9][Cached JSON fetch complete: timeline/smu2svkrvihxgeos/hourly/0][]
[1789485543.515][2026-09-15 08:19:03][subbas-macbook-air.local][4306][SQLite][debug][9][Cached JSON fetch complete: timeline/smu2svkrvihxgeos/hourly][]
[1789485543.515][2026-09-15 08:19:03][subbas-macbook-air.local][4306][SQLite][debug][9][Cached JSON fetch complete: timeline/smu2svkrvihxgeos/hourly/0][]
[1789485543.515][2026-09-15 08:19:03][subbas-macbook-air.local][4306][SQLite][debug][5][Beginning transaction commit: 73][{"path":"timeline/smu2svkrvihxgeos/hourly","actions":2}]
[1789485543.516][2026-09-15 08:19:03][subbas-macbook-air.local][4306][SQLite][debug][5][Transaction commit complete: 73][{"path":"timeline/smu2svkrvihxgeos/hourly"}]
[1789485543.517][2026-09-15 08:19:03][subbas-macbook-air.local][4306][SQLite][debug][9][Cached JSON fetch complete: timeline/smu2svkrvihxgeos/daily][]
[1789485543.517][2026-09-15 08:19:03][subbas-macbook-air.local][4306][SQLite][debug][9][Cached JSON fetch complete: timeline/smu2svkrvihxgeos/daily][]
[1789485543.517][2026-09-15 08:19:03][subbas-macbook-air.local][4306][SQLite][debug][9][Cached JSON fetch complete: timeline/smu2svkrvihxgeos/daily/0][]
[1789485543.517][2026-09-15 08:19:03][subbas-macbook-air.local][4306][SQLite][debug][9][Cached JSON fetch complete: timeline/smu2svkrvihxgeos/daily][]
[1789485543.517][2026-09-15 08:19:03][subbas-macbook-air.local][4306][SQLite][debug][9][Cached JSON fetch complete: timeline/smu2svkrvihxgeos/daily/0][]
[1789485543.517][2026-09-15 08:19:03][subbas-macbook-air.local][4306][SQLite][debug][5][Beginning transaction commit: 74][{"path":"timeline/smu2svkrvihxgeos/daily","actions":2}]
[1789485543.518][2026-09-15 08:19:03][subbas-macbook-air.local][4306][SQLite][debug][5][Transaction commit complete: 74][{"path":"timeline/smu2svkrvihxgeos/daily"}]
[1789485543.518][2026-09-15 08:19:03][subbas-macbook-air.local][4306][SQLite][debug][9][Cached JSON fetch complete: timeline/smu2svkrvihxgeos/monthly][]
[1789485543.518][2026-09-15 08:19:03][subbas-macbook-air.local][4306][SQLite][debug][9][Cached JSON fetch complete: timeline/smu2svkrvihxgeos/monthly][]
[1789485543.518][2026-09-15 08:19:03][subbas-macbook-air.local][4306][SQLite][debug][9][Cached JSON fetch complete: timeline/smu2svkrvihxgeos/monthly/0][]
[1789485543.518][2026-09-15 08:19:03][subbas-macbook-air.local][4306][SQLite][debug][9][Cached JSON fetch complete: timeline/smu2svkrvihxgeos/monthly][]
[1789485543.519][2026-09-15 08:19:03][subbas-macbook-air.local][4306][SQLite][debug][9][Cached JSON fetch complete: timeline/smu2svkrvihxgeos/monthly/0][]
[1789485543.519][2026-09-15 08:19:03][subbas-macbook-air.local][4306][SQLite][debug][5][Beginning transaction commit: 75][{"path":"timeline/smu2svkrvihxgeos/monthly","actions":2}]
[1789485543.519][2026-09-15 08:19:03][subbas-macbook-air.local][4306][SQLite][debug][5][Transaction commit complete: 75][{"path":"timeline/smu2svkrvihxgeos/monthly"}]
[1789485543.519][2026-09-15 08:19:03][subbas-macbook-air.local][4306][SQLite][debug][9][Cached JSON fetch complete: timeline/smu2svkrvihxgeos/yearly][]
[1789485543.519][2026-09-15 08:19:03][subbas-macbook-air.local][4306][SQLite][debug][9][Cached JSON fetch complete: timeline/smu2svkrvihxgeos/yearly][]
[1789485543.52][2026-09-15 08:19:03][subbas-macbook-air.local][4306][SQLite][debug][9][Cached JSON fetch complete: timeline/smu2svkrvihxgeos/yearly/0][]
[1789485543.52][2026-09-15 08:19:03][subbas-macbook-air.local][4306][SQLite][debug][9][Cached JSON fetch complete: timeline/smu2svkrvihxgeos/yearly][]
[1789485543.52][2026-09-15 08:19:03][subbas-macbook-air.local][4306][SQLite][debug][9][Cached JSON fetch complete: timeline/smu2svkrvihxgeos/yearly/0][]
[1789485543.52][2026-09-15 08:19:03][subbas-macbook-air.local][4306][SQLite][debug][5][Beginning transaction commit: 76][{"path":"timeline/smu2svkrvihxgeos/yearly","actions":2}]
[1789485543.52][2026-09-15 08:19:03][subbas-macbook-air.local][4306][SQLite][debug][5][Transaction commit complete: 76][{"path":"timeline/smu2svkrvihxgeos/yearly"}]
[1789485543.521][2026-09-15 08:19:03][subbas-macbook-air.local][4306][SQLite][debug][9][Storing SQLite JSON Object: hosts/smu2svkrvihxgeos/data][]
[1789485543.523][2026-09-15 08:19:03][subbas-macbook-air.local][4306][SQLite][debug][9][Store complete: hosts/smu2svkrvihxgeos/data][]
[1789485600.636][2026-09-15 08:20:00][subbas-macbook-air.local][4306][SQLite][debug][9][Cached JSON fetch complete: hosts/smu2svkrvihxgeos/data][]
[1789485600.637][2026-09-15 08:20:00][subbas-macbook-air.local][4306][SQLite][debug][9][Storing SQLite JSON Object: unbase/records/snapshots/snmu2tiuf0c55pp2][]
[1789485600.638][2026-09-15 08:20:00][subbas-macbook-air.local][4306][SQLite][debug][9][Store complete: unbase/records/snapshots/snmu2tiuf0c55pp2][]
[1789485600.638][2026-09-15 08:20:00][subbas-macbook-air.local][4306][SQLite][debug][9][Fetching SQLite Object: unbase/index/snapshots/_data/snmu2tiuf0c55pp2][]
[1789485600.64][2026-09-15 08:20:00][subbas-macbook-air.local][4306][SQLite][debug][9][Cached JSON fetch complete: unbase/index/snapshots/_id][]
[1789485600.64][2026-09-15 08:20:00][subbas-macbook-air.local][4306][SQLite][debug][9][Cached JSON fetch complete: unbase/index/snapshots/_id/data][]
[1789485600.641][2026-09-15 08:20:00][subbas-macbook-air.local][4306][SQLite][debug][9][Fetching SQLite Object: unbase/index/snapshots/jobs/word/jmu2tity2blzas2d][]
[1789485600.641][2026-09-15 08:20:00][subbas-macbook-air.local][4306][SQLite][debug][9][Fetching SQLite Object: unbase/index/snapshots/jobs/word/jmu2titzqbt2uuyt][]
[1789485600.641][2026-09-15 08:20:00][subbas-macbook-air.local][4306][SQLite][debug][9][Cached JSON fetch complete: unbase/index/snapshots/type/word/server][]
[1789485600.641][2026-09-15 08:20:00][subbas-macbook-air.local][4306][SQLite][debug][9][Cached JSON fetch complete: unbase/index/snapshots/source/word/job][]
[1789485600.641][2026-09-15 08:20:00][subbas-macbook-air.local][4306][SQLite][debug][9][Cached JSON fetch complete: unbase/index/snapshots/server/word/smu2svkrvihxgeos][]
[1789485600.641][2026-09-15 08:20:00][subbas-macbook-air.local][4306][SQLite][debug][9][Cached JSON fetch complete: unbase/index/snapshots/groups/word/main][]
[1789485600.641][2026-09-15 08:20:00][subbas-macbook-air.local][4306][SQLite][debug][9][Cached JSON fetch complete: unbase/index/snapshots/date/summary][]
[1789485600.641][2026-09-15 08:20:00][subbas-macbook-air.local][4306][SQLite][debug][9][Cached JSON fetch complete: unbase/index/snapshots/date/word/497079][]
[1789485600.641][2026-09-15 08:20:00][subbas-macbook-air.local][4306][SQLite][debug][9][Cached JSON fetch complete: unbase/index/snapshots/date/word/h497000][]
[1789485600.641][2026-09-15 08:20:00][subbas-macbook-air.local][4306][SQLite][debug][9][Cached JSON fetch complete: unbase/index/snapshots/date/word/t497000][]
[1789485600.641][2026-09-15 08:20:00][subbas-macbook-air.local][4306][SQLite][debug][9][Cached JSON fetch complete: unbase/index/snapshots/type/word/server/data][]
[1789485600.641][2026-09-15 08:20:00][subbas-macbook-air.local][4306][SQLite][debug][9][Cached JSON fetch complete: unbase/index/snapshots/source/word/job/data][]
[1789485600.642][2026-09-15 08:20:00][subbas-macbook-air.local][4306][SQLite][debug][9][Cached JSON fetch complete: unbase/index/snapshots/server/word/smu2svkrvihxgeos/data][]
[1789485600.642][2026-09-15 08:20:00][subbas-macbook-air.local][4306][SQLite][debug][9][Cached JSON fetch complete: unbase/index/snapshots/groups/word/main/data][]
[1789485600.642][2026-09-15 08:20:00][subbas-macbook-air.local][4306][SQLite][debug][9][Cached JSON fetch complete: unbase/index/snapshots/date/word/497079/data][]
[1789485600.642][2026-09-15 08:20:00][subbas-macbook-air.local][4306][SQLite][debug][9][Cached JSON fetch complete: unbase/index/snapshots/date/word/h497000/data][]
[1789485600.642][2026-09-15 08:20:00][subbas-macbook-air.local][4306][SQLite][debug][9][Cached JSON fetch complete: unbase/index/snapshots/date/word/t497000/data][]
[1789485600.644][2026-09-15 08:20:00][subbas-macbook-air.local][4306][SQLite][debug][5][Beginning transaction commit: 77][{"path":"unbase/index/snapshots","actions":22}]
[1789485600.644][2026-09-15 08:20:00][subbas-macbook-air.local][4306][SQLite][debug][5][Transaction commit complete: 77][{"path":"unbase/index/snapshots"}]
[1789485600.645][2026-09-15 08:20:00][subbas-macbook-air.local][4306][SQLite][debug][9][Storing SQLite JSON Object: unbase/records/jobs/jmu2tity2blzas2d][]
[1789485600.646][2026-09-15 08:20:00][subbas-macbook-air.local][4306][SQLite][debug][9][Store complete: unbase/records/jobs/jmu2tity2blzas2d][]
[1789485600.646][2026-09-15 08:20:00][subbas-macbook-air.local][4306][SQLite][debug][9][Fetching SQLite Object: unbase/index/jobs/_data/jmu2tity2blzas2d][]
[1789485600.647][2026-09-15 08:20:00][subbas-macbook-air.local][4306][SQLite][debug][9][Cached JSON fetch complete: unbase/index/jobs/_id][]
[1789485600.648][2026-09-15 08:20:00][subbas-macbook-air.local][4306][SQLite][debug][9][Cached JSON fetch complete: unbase/index/jobs/_id/data][]
[1789485600.649][2026-09-15 08:20:00][subbas-macbook-air.local][4306][SQLite][debug][9][Cached JSON fetch complete: unbase/index/jobs/code/word/1][]
[1789485600.649][2026-09-15 08:20:00][subbas-macbook-air.local][4306][SQLite][debug][9][Cached JSON fetch complete: unbase/index/jobs/date/summary][]
[1789485600.649][2026-09-15 08:20:00][subbas-macbook-air.local][4306][SQLite][debug][9][Cached JSON fetch complete: unbase/index/jobs/date/word/497079][]
[1789485600.649][2026-09-15 08:20:00][subbas-macbook-air.local][4306][SQLite][debug][9][Cached JSON fetch complete: unbase/index/jobs/date/word/h497000][]
[1789485600.649][2026-09-15 08:20:00][subbas-macbook-air.local][4306][SQLite][debug][9][Cached JSON fetch complete: unbase/index/jobs/date/word/t497000][]
[1789485600.649][2026-09-15 08:20:00][subbas-macbook-air.local][4306][SQLite][debug][9][Cached JSON fetch complete: unbase/index/jobs/source/word/scheduler][]
[1789485600.649][2026-09-15 08:20:00][subbas-macbook-air.local][4306][SQLite][debug][9][Cached JSON fetch complete: unbase/index/jobs/tags/word/_error][]
[1789485600.649][2026-09-15 08:20:00][subbas-macbook-air.local][4306][SQLite][debug][9][Cached JSON fetch complete: unbase/index/jobs/tags/word/_last][]
[1789485600.649][2026-09-15 08:20:00][subbas-macbook-air.local][4306][SQLite][debug][9][Cached JSON fetch complete: unbase/index/jobs/event/word/emu2sckyhuzou1hh][]
[1789485600.649][2026-09-15 08:20:00][subbas-macbook-air.local][4306][SQLite][debug][9][Cached JSON fetch complete: unbase/index/jobs/category/word/general][]
[1789485600.649][2026-09-15 08:20:00][subbas-macbook-air.local][4306][SQLite][debug][9][Cached JSON fetch complete: unbase/index/jobs/plugin/word/shellplug][]
[1789485600.649][2026-09-15 08:20:00][subbas-macbook-air.local][4306][SQLite][debug][9][Cached JSON fetch complete: unbase/index/jobs/server/word/smu2svkrvihxgeos][]
[1789485600.649][2026-09-15 08:20:00][subbas-macbook-air.local][4306][SQLite][debug][9][Cached JSON fetch complete: unbase/index/jobs/groups/word/main][]
[1789485600.649][2026-09-15 08:20:00][subbas-macbook-air.local][4306][SQLite][debug][9][Cached JSON fetch complete: unbase/index/jobs/code/word/1/data][]
[1789485600.649][2026-09-15 08:20:00][subbas-macbook-air.local][4306][SQLite][debug][9][Cached JSON fetch complete: unbase/index/jobs/date/word/497079/data][]
[1789485600.649][2026-09-15 08:20:00][subbas-macbook-air.local][4306][SQLite][debug][9][Cached JSON fetch complete: unbase/index/jobs/date/word/h497000/data][]
[1789485600.65][2026-09-15 08:20:00][subbas-macbook-air.local][4306][SQLite][debug][9][Cached JSON fetch complete: unbase/index/jobs/date/word/t497000/data][]
[1789485600.65][2026-09-15 08:20:00][subbas-macbook-air.local][4306][SQLite][debug][9][Cached JSON fetch complete: unbase/index/jobs/source/word/scheduler/data][]
[1789485600.65][2026-09-15 08:20:00][subbas-macbook-air.local][4306][SQLite][debug][9][Cached JSON fetch complete: unbase/index/jobs/tags/word/_error/data][]
[1789485600.65][2026-09-15 08:20:00][subbas-macbook-air.local][4306][SQLite][debug][9][Cached JSON fetch complete: unbase/index/jobs/tags/word/_last/data][]
[1789485600.65][2026-09-15 08:20:00][subbas-macbook-air.local][4306][SQLite][debug][9][Cached JSON fetch complete: unbase/index/jobs/event/word/emu2sckyhuzou1hh/data][]
[1789485600.65][2026-09-15 08:20:00][subbas-macbook-air.local][4306][SQLite][debug][9][Cached JSON fetch complete: unbase/index/jobs/category/word/general/data][]
[1789485600.65][2026-09-15 08:20:00][subbas-macbook-air.local][4306][SQLite][debug][9][Cached JSON fetch complete: unbase/index/jobs/plugin/word/shellplug/data][]
[1789485600.65][2026-09-15 08:20:00][subbas-macbook-air.local][4306][SQLite][debug][9][Cached JSON fetch complete: unbase/index/jobs/server/word/smu2svkrvihxgeos/data][]
[1789485600.65][2026-09-15 08:20:00][subbas-macbook-air.local][4306][SQLite][debug][9][Cached JSON fetch complete: unbase/index/jobs/groups/word/main/data][]
[1789485600.652][2026-09-15 08:20:00][subbas-macbook-air.local][4306][SQLite][debug][9][Cached JSON fetch complete: unbase/index/jobs/completed/sort][]
[1789485600.652][2026-09-15 08:20:00][subbas-macbook-air.local][4306][SQLite][debug][9][Cached JSON fetch complete: unbase/index/jobs/elapsed/sort][]
[1789485600.652][2026-09-15 08:20:00][subbas-macbook-air.local][4306][SQLite][debug][9][Cached JSON fetch complete: unbase/index/jobs/completed/sort/data][]
[1789485600.652][2026-09-15 08:20:00][subbas-macbook-air.local][4306][SQLite][debug][9][Cached JSON fetch complete: unbase/index/jobs/elapsed/sort/data][]
[1789485600.653][2026-09-15 08:20:00][subbas-macbook-air.local][4306][SQLite][debug][5][Beginning transaction commit: 78][{"path":"unbase/index/jobs","actions":32}]
[1789485600.653][2026-09-15 08:20:00][subbas-macbook-air.local][4306][SQLite][debug][5][Transaction commit complete: 78][{"path":"unbase/index/jobs"}]
[1789485601.032][2026-09-15 08:20:01][subbas-macbook-air.local][4306][SQLite][debug][9][Storing SQLite JSON Object: global/state][]
[1789485601.035][2026-09-15 08:20:01][subbas-macbook-air.local][4306][SQLite][debug][9][Store complete: global/state][]
[1789485601.643][2026-09-15 08:20:01][subbas-macbook-air.local][4306][SQLite][debug][9][Storing SQLite JSON Object: unbase/records/jobs/jmu2titzqbt2uuyt][]
[1789485601.644][2026-09-15 08:20:01][subbas-macbook-air.local][4306][SQLite][debug][9][Store complete: unbase/records/jobs/jmu2titzqbt2uuyt][]
[1789485601.645][2026-09-15 08:20:01][subbas-macbook-air.local][4306][SQLite][debug][9][Fetching SQLite Object: unbase/index/jobs/_data/jmu2titzqbt2uuyt][]
[1789485601.646][2026-09-15 08:20:01][subbas-macbook-air.local][4306][SQLite][debug][9][Cached JSON fetch complete: unbase/index/jobs/_id][]
[1789485601.646][2026-09-15 08:20:01][subbas-macbook-air.local][4306][SQLite][debug][9][Cached JSON fetch complete: unbase/index/jobs/_id/data][]
[1789485601.648][2026-09-15 08:20:01][subbas-macbook-air.local][4306][SQLite][debug][9][Cached JSON fetch complete: unbase/index/jobs/code/word/0][]
[1789485601.648][2026-09-15 08:20:01][subbas-macbook-air.local][4306][SQLite][debug][9][Cached JSON fetch complete: unbase/index/jobs/date/summary][]
[1789485601.648][2026-09-15 08:20:01][subbas-macbook-air.local][4306][SQLite][debug][9][Cached JSON fetch complete: unbase/index/jobs/date/word/497079][]
[1789485601.648][2026-09-15 08:20:01][subbas-macbook-air.local][4306][SQLite][debug][9][Cached JSON fetch complete: unbase/index/jobs/date/word/h497000][]
[1789485601.648][2026-09-15 08:20:01][subbas-macbook-air.local][4306][SQLite][debug][9][Cached JSON fetch complete: unbase/index/jobs/date/word/t497000][]
[1789485601.648][2026-09-15 08:20:01][subbas-macbook-air.local][4306][SQLite][debug][9][Cached JSON fetch complete: unbase/index/jobs/source/word/scheduler][]
[1789485601.648][2026-09-15 08:20:01][subbas-macbook-air.local][4306][SQLite][debug][9][Cached JSON fetch complete: unbase/index/jobs/tags/word/_success][]
[1789485601.648][2026-09-15 08:20:01][subbas-macbook-air.local][4306][SQLite][debug][9][Cached JSON fetch complete: unbase/index/jobs/tags/word/_last][]
[1789485601.648][2026-09-15 08:20:01][subbas-macbook-air.local][4306][SQLite][debug][9][Cached JSON fetch complete: unbase/index/jobs/event/word/emu2t3vr62wcc00v][]
[1789485601.648][2026-09-15 08:20:01][subbas-macbook-air.local][4306][SQLite][debug][9][Cached JSON fetch complete: unbase/index/jobs/category/word/general][]
[1789485601.648][2026-09-15 08:20:01][subbas-macbook-air.local][4306][SQLite][debug][9][Cached JSON fetch complete: unbase/index/jobs/plugin/word/shellplug][]
[1789485601.648][2026-09-15 08:20:01][subbas-macbook-air.local][4306][SQLite][debug][9][Cached JSON fetch complete: unbase/index/jobs/server/word/smu2svkrvihxgeos][]
[1789485601.648][2026-09-15 08:20:01][subbas-macbook-air.local][4306][SQLite][debug][9][Cached JSON fetch complete: unbase/index/jobs/groups/word/main][]
[1789485601.648][2026-09-15 08:20:01][subbas-macbook-air.local][4306][SQLite][debug][9][Cached JSON fetch complete: unbase/index/jobs/code/word/0/data][]
[1789485601.648][2026-09-15 08:20:01][subbas-macbook-air.local][4306][SQLite][debug][9][Cached JSON fetch complete: unbase/index/jobs/date/word/497079/data][]
[1789485601.648][2026-09-15 08:20:01][subbas-macbook-air.local][4306][SQLite][debug][9][Cached JSON fetch complete: unbase/index/jobs/date/word/h497000/data][]
[1789485601.649][2026-09-15 08:20:01][subbas-macbook-air.local][4306][SQLite][debug][9][Cached JSON fetch complete: unbase/index/jobs/date/word/t497000/data][]
[1789485601.649][2026-09-15 08:20:01][subbas-macbook-air.local][4306][SQLite][debug][9][Cached JSON fetch complete: unbase/index/jobs/source/word/scheduler/data][]
[1789485601.649][2026-09-15 08:20:01][subbas-macbook-air.local][4306][SQLite][debug][9][Cached JSON fetch complete: unbase/index/jobs/tags/word/_success/data][]
[1789485601.649][2026-09-15 08:20:01][subbas-macbook-air.local][4306][SQLite][debug][9][Cached JSON fetch complete: unbase/index/jobs/tags/word/_last/data][]
[1789485601.649][2026-09-15 08:20:01][subbas-macbook-air.local][4306][SQLite][debug][9][Cached JSON fetch complete: unbase/index/jobs/event/word/emu2t3vr62wcc00v/data][]
[1789485601.649][2026-09-15 08:20:01][subbas-macbook-air.local][4306][SQLite][debug][9][Cached JSON fetch complete: unbase/index/jobs/category/word/general/data][]
[1789485601.649][2026-09-15 08:20:01][subbas-macbook-air.local][4306][SQLite][debug][9][Cached JSON fetch complete: unbase/index/jobs/plugin/word/shellplug/data][]
[1789485601.649][2026-09-15 08:20:01][subbas-macbook-air.local][4306][SQLite][debug][9][Cached JSON fetch complete: unbase/index/jobs/server/word/smu2svkrvihxgeos/data][]
[1789485601.649][2026-09-15 08:20:01][subbas-macbook-air.local][4306][SQLite][debug][9][Cached JSON fetch complete: unbase/index/jobs/groups/word/main/data][]
[1789485601.651][2026-09-15 08:20:01][subbas-macbook-air.local][4306][SQLite][debug][9][Cached JSON fetch complete: unbase/index/jobs/completed/sort][]
[1789485601.651][2026-09-15 08:20:01][subbas-macbook-air.local][4306][SQLite][debug][9][Cached JSON fetch complete: unbase/index/jobs/elapsed/sort][]
[1789485601.651][2026-09-15 08:20:01][subbas-macbook-air.local][4306][SQLite][debug][9][Cached JSON fetch complete: unbase/index/jobs/completed/sort/data][]
[1789485601.651][2026-09-15 08:20:01][subbas-macbook-air.local][4306][SQLite][debug][9][Cached JSON fetch complete: unbase/index/jobs/elapsed/sort/data][]
[1789485601.651][2026-09-15 08:20:01][subbas-macbook-air.local][4306][SQLite][debug][5][Beginning transaction commit: 79][{"path":"unbase/index/jobs","actions":32}]
[1789485601.652][2026-09-15 08:20:01][subbas-macbook-air.local][4306][SQLite][debug][5][Transaction commit complete: 79][{"path":"unbase/index/jobs"}]
[1789485602.048][2026-09-15 08:20:02][subbas-macbook-air.local][4306][SQLite][debug][9][Storing SQLite JSON Object: global/state][]
[1789485602.049][2026-09-15 08:20:02][subbas-macbook-air.local][4306][SQLite][debug][9][Store complete: global/state][]
[1789485603.504][2026-09-15 08:20:03][subbas-macbook-air.local][4306][SQLite][debug][9][Cached JSON fetch complete: hosts/smu2svkrvihxgeos/data][]
[1789485603.506][2026-09-15 08:20:03][subbas-macbook-air.local][4306][SQLite][debug][9][Cached JSON fetch complete: timeline/smu2svkrvihxgeos/hourly][]
[1789485603.506][2026-09-15 08:20:03][subbas-macbook-air.local][4306][SQLite][debug][9][Cached JSON fetch complete: timeline/smu2svkrvihxgeos/hourly][]
[1789485603.507][2026-09-15 08:20:03][subbas-macbook-air.local][4306][SQLite][debug][9][Cached JSON fetch complete: timeline/smu2svkrvihxgeos/hourly/0][]
[1789485603.507][2026-09-15 08:20:03][subbas-macbook-air.local][4306][SQLite][debug][9][Cached JSON fetch complete: timeline/smu2svkrvihxgeos/hourly][]
[1789485603.507][2026-09-15 08:20:03][subbas-macbook-air.local][4306][SQLite][debug][9][Cached JSON fetch complete: timeline/smu2svkrvihxgeos/hourly/0][]
[1789485603.508][2026-09-15 08:20:03][subbas-macbook-air.local][4306][SQLite][debug][5][Beginning transaction commit: 80][{"path":"timeline/smu2svkrvihxgeos/hourly","actions":2}]
[1789485603.509][2026-09-15 08:20:03][subbas-macbook-air.local][4306][SQLite][debug][5][Transaction commit complete: 80][{"path":"timeline/smu2svkrvihxgeos/hourly"}]
[1789485603.51][2026-09-15 08:20:03][subbas-macbook-air.local][4306][SQLite][debug][9][Cached JSON fetch complete: timeline/smu2svkrvihxgeos/daily][]
[1789485603.51][2026-09-15 08:20:03][subbas-macbook-air.local][4306][SQLite][debug][9][Cached JSON fetch complete: timeline/smu2svkrvihxgeos/daily][]
[1789485603.511][2026-09-15 08:20:03][subbas-macbook-air.local][4306][SQLite][debug][9][Cached JSON fetch complete: timeline/smu2svkrvihxgeos/daily/0][]
[1789485603.512][2026-09-15 08:20:03][subbas-macbook-air.local][4306][SQLite][debug][9][Cached JSON fetch complete: timeline/smu2svkrvihxgeos/daily][]
[1789485603.512][2026-09-15 08:20:03][subbas-macbook-air.local][4306][SQLite][debug][9][Cached JSON fetch complete: timeline/smu2svkrvihxgeos/daily/0][]
[1789485603.512][2026-09-15 08:20:03][subbas-macbook-air.local][4306][SQLite][debug][5][Beginning transaction commit: 81][{"path":"timeline/smu2svkrvihxgeos/daily","actions":2}]
[1789485603.513][2026-09-15 08:20:03][subbas-macbook-air.local][4306][SQLite][debug][5][Transaction commit complete: 81][{"path":"timeline/smu2svkrvihxgeos/daily"}]
[1789485603.513][2026-09-15 08:20:03][subbas-macbook-air.local][4306][SQLite][debug][9][Cached JSON fetch complete: timeline/smu2svkrvihxgeos/monthly][]
[1789485603.514][2026-09-15 08:20:03][subbas-macbook-air.local][4306][SQLite][debug][9][Cached JSON fetch complete: timeline/smu2svkrvihxgeos/monthly][]
[1789485603.514][2026-09-15 08:20:03][subbas-macbook-air.local][4306][SQLite][debug][9][Cached JSON fetch complete: timeline/smu2svkrvihxgeos/monthly/0][]
[1789485603.514][2026-09-15 08:20:03][subbas-macbook-air.local][4306][SQLite][debug][9][Cached JSON fetch complete: timeline/smu2svkrvihxgeos/monthly][]
[1789485603.515][2026-09-15 08:20:03][subbas-macbook-air.local][4306][SQLite][debug][9][Cached JSON fetch complete: timeline/smu2svkrvihxgeos/monthly/0][]
[1789485603.515][2026-09-15 08:20:03][subbas-macbook-air.local][4306][SQLite][debug][5][Beginning transaction commit: 82][{"path":"timeline/smu2svkrvihxgeos/monthly","actions":2}]
[1789485603.515][2026-09-15 08:20:03][subbas-macbook-air.local][4306][SQLite][debug][5][Transaction commit complete: 82][{"path":"timeline/smu2svkrvihxgeos/monthly"}]
[1789485603.516][2026-09-15 08:20:03][subbas-macbook-air.local][4306][SQLite][debug][9][Cached JSON fetch complete: timeline/smu2svkrvihxgeos/yearly][]
[1789485603.516][2026-09-15 08:20:03][subbas-macbook-air.local][4306][SQLite][debug][9][Cached JSON fetch complete: timeline/smu2svkrvihxgeos/yearly][]
[1789485603.516][2026-09-15 08:20:03][subbas-macbook-air.local][4306][SQLite][debug][9][Cached JSON fetch complete: timeline/smu2svkrvihxgeos/yearly/0][]
[1789485603.517][2026-09-15 08:20:03][subbas-macbook-air.local][4306][SQLite][debug][9][Cached JSON fetch complete: timeline/smu2svkrvihxgeos/yearly][]
[1789485603.517][2026-09-15 08:20:03][subbas-macbook-air.local][4306][SQLite][debug][9][Cached JSON fetch complete: timeline/smu2svkrvihxgeos/yearly/0][]
[1789485603.518][2026-09-15 08:20:03][subbas-macbook-air.local][4306][SQLite][debug][5][Beginning transaction commit: 83][{"path":"timeline/smu2svkrvihxgeos/yearly","actions":2}]
[1789485603.518][2026-09-15 08:20:03][subbas-macbook-air.local][4306][SQLite][debug][5][Transaction commit complete: 83][{"path":"timeline/smu2svkrvihxgeos/yearly"}]
[1789485603.519][2026-09-15 08:20:03][subbas-macbook-air.local][4306][SQLite][debug][9][Storing SQLite JSON Object: hosts/smu2svkrvihxgeos/data][]
[1789485603.52][2026-09-15 08:20:03][subbas-macbook-air.local][4306][SQLite][debug][9][Store complete: hosts/smu2svkrvihxgeos/data][]
[1789485663.468][2026-09-15 08:21:03][subbas-macbook-air.local][4306][SQLite][debug][9][Cached JSON fetch complete: hosts/smu2svkrvihxgeos/data][]
[1789485663.471][2026-09-15 08:21:03][subbas-macbook-air.local][4306][SQLite][debug][9][Cached JSON fetch complete: timeline/smu2svkrvihxgeos/hourly][]
[1789485663.471][2026-09-15 08:21:03][subbas-macbook-air.local][4306][SQLite][debug][9][Cached JSON fetch complete: timeline/smu2svkrvihxgeos/hourly][]
[1789485663.472][2026-09-15 08:21:03][subbas-macbook-air.local][4306][SQLite][debug][9][Cached JSON fetch complete: timeline/smu2svkrvihxgeos/hourly/0][]
[1789485663.473][2026-09-15 08:21:03][subbas-macbook-air.local][4306][SQLite][debug][9][Cached JSON fetch complete: timeline/smu2svkrvihxgeos/hourly][]
[1789485663.474][2026-09-15 08:21:03][subbas-macbook-air.local][4306][SQLite][debug][9][Cached JSON fetch complete: timeline/smu2svkrvihxgeos/hourly/0][]
[1789485663.474][2026-09-15 08:21:03][subbas-macbook-air.local][4306][SQLite][debug][5][Beginning transaction commit: 84][{"path":"timeline/smu2svkrvihxgeos/hourly","actions":2}]
[1789485663.482][2026-09-15 08:21:03][subbas-macbook-air.local][4306][SQLite][debug][5][Transaction commit complete: 84][{"path":"timeline/smu2svkrvihxgeos/hourly"}]
[1789485663.483][2026-09-15 08:21:03][subbas-macbook-air.local][4306][SQLite][debug][9][Cached JSON fetch complete: timeline/smu2svkrvihxgeos/daily][]
[1789485663.484][2026-09-15 08:21:03][subbas-macbook-air.local][4306][SQLite][debug][9][Cached JSON fetch complete: timeline/smu2svkrvihxgeos/daily][]
[1789485663.484][2026-09-15 08:21:03][subbas-macbook-air.local][4306][SQLite][debug][9][Cached JSON fetch complete: timeline/smu2svkrvihxgeos/daily/0][]
[1789485663.484][2026-09-15 08:21:03][subbas-macbook-air.local][4306][SQLite][debug][9][Cached JSON fetch complete: timeline/smu2svkrvihxgeos/daily][]
[1789485663.484][2026-09-15 08:21:03][subbas-macbook-air.local][4306][SQLite][debug][9][Cached JSON fetch complete: timeline/smu2svkrvihxgeos/daily/0][]
[1789485663.485][2026-09-15 08:21:03][subbas-macbook-air.local][4306][SQLite][debug][5][Beginning transaction commit: 85][{"path":"timeline/smu2svkrvihxgeos/daily","actions":2}]
[1789485663.486][2026-09-15 08:21:03][subbas-macbook-air.local][4306][SQLite][debug][5][Transaction commit complete: 85][{"path":"timeline/smu2svkrvihxgeos/daily"}]
[1789485663.487][2026-09-15 08:21:03][subbas-macbook-air.local][4306][SQLite][debug][9][Cached JSON fetch complete: timeline/smu2svkrvihxgeos/monthly][]
[1789485663.487][2026-09-15 08:21:03][subbas-macbook-air.local][4306][SQLite][debug][9][Cached JSON fetch complete: timeline/smu2svkrvihxgeos/monthly][]
[1789485663.487][2026-09-15 08:21:03][subbas-macbook-air.local][4306][SQLite][debug][9][Cached JSON fetch complete: timeline/smu2svkrvihxgeos/monthly/0][]
[1789485663.488][2026-09-15 08:21:03][subbas-macbook-air.local][4306][SQLite][debug][9][Cached JSON fetch complete: timeline/smu2svkrvihxgeos/monthly][]
[1789485663.488][2026-09-15 08:21:03][subbas-macbook-air.local][4306][SQLite][debug][9][Cached JSON fetch complete: timeline/smu2svkrvihxgeos/monthly/0][]
[1789485663.489][2026-09-15 08:21:03][subbas-macbook-air.local][4306][SQLite][debug][5][Beginning transaction commit: 86][{"path":"timeline/smu2svkrvihxgeos/monthly","actions":2}]
[1789485663.489][2026-09-15 08:21:03][subbas-macbook-air.local][4306][SQLite][debug][5][Transaction commit complete: 86][{"path":"timeline/smu2svkrvihxgeos/monthly"}]
[1789485663.489][2026-09-15 08:21:03][subbas-macbook-air.local][4306][SQLite][debug][9][Cached JSON fetch complete: timeline/smu2svkrvihxgeos/yearly][]
[1789485663.489][2026-09-15 08:21:03][subbas-macbook-air.local][4306][SQLite][debug][9][Cached JSON fetch complete: timeline/smu2svkrvihxgeos/yearly][]
[1789485663.49][2026-09-15 08:21:03][subbas-macbook-air.local][4306][SQLite][debug][9][Cached JSON fetch complete: timeline/smu2svkrvihxgeos/yearly/0][]
[1789485663.49][2026-09-15 08:21:03][subbas-macbook-air.local][4306][SQLite][debug][9][Cached JSON fetch complete: timeline/smu2svkrvihxgeos/yearly][]
[1789485663.49][2026-09-15 08:21:03][subbas-macbook-air.local][4306][SQLite][debug][9][Cached JSON fetch complete: timeline/smu2svkrvihxgeos/yearly/0][]
[1789485663.491][2026-09-15 08:21:03][subbas-macbook-air.local][4306][SQLite][debug][5][Beginning transaction commit: 87][{"path":"timeline/smu2svkrvihxgeos/yearly","actions":2}]
[1789485663.491][2026-09-15 08:21:03][subbas-macbook-air.local][4306][SQLite][debug][5][Transaction commit complete: 87][{"path":"timeline/smu2svkrvihxgeos/yearly"}]
[1789485663.491][2026-09-15 08:21:03][subbas-macbook-air.local][4306][SQLite][debug][9][Storing SQLite JSON Object: hosts/smu2svkrvihxgeos/data][]
[1789485663.495][2026-09-15 08:21:03][subbas-macbook-air.local][4306][SQLite][debug][9][Store complete: hosts/smu2svkrvihxgeos/data][]
[1789485723.509][2026-09-15 08:22:03][subbas-macbook-air.local][4306][SQLite][debug][9][Cached JSON fetch complete: hosts/smu2svkrvihxgeos/data][]
[1789485723.512][2026-09-15 08:22:03][subbas-macbook-air.local][4306][SQLite][debug][9][Cached JSON fetch complete: timeline/smu2svkrvihxgeos/hourly][]
[1789485723.512][2026-09-15 08:22:03][subbas-macbook-air.local][4306][SQLite][debug][9][Cached JSON fetch complete: timeline/smu2svkrvihxgeos/hourly][]
[1789485723.513][2026-09-15 08:22:03][subbas-macbook-air.local][4306][SQLite][debug][9][Cached JSON fetch complete: timeline/smu2svkrvihxgeos/hourly/0][]
[1789485723.514][2026-09-15 08:22:03][subbas-macbook-air.local][4306][SQLite][debug][9][Cached JSON fetch complete: timeline/smu2svkrvihxgeos/hourly][]
[1789485723.514][2026-09-15 08:22:03][subbas-macbook-air.local][4306][SQLite][debug][9][Cached JSON fetch complete: timeline/smu2svkrvihxgeos/hourly/0][]
[1789485723.515][2026-09-15 08:22:03][subbas-macbook-air.local][4306][SQLite][debug][5][Beginning transaction commit: 88][{"path":"timeline/smu2svkrvihxgeos/hourly","actions":2}]
[1789485723.517][2026-09-15 08:22:03][subbas-macbook-air.local][4306][SQLite][debug][5][Transaction commit complete: 88][{"path":"timeline/smu2svkrvihxgeos/hourly"}]
[1789485723.518][2026-09-15 08:22:03][subbas-macbook-air.local][4306][SQLite][debug][9][Cached JSON fetch complete: timeline/smu2svkrvihxgeos/daily][]
[1789485723.518][2026-09-15 08:22:03][subbas-macbook-air.local][4306][SQLite][debug][9][Cached JSON fetch complete: timeline/smu2svkrvihxgeos/daily][]
[1789485723.519][2026-09-15 08:22:03][subbas-macbook-air.local][4306][SQLite][debug][9][Cached JSON fetch complete: timeline/smu2svkrvihxgeos/daily/0][]
[1789485723.519][2026-09-15 08:22:03][subbas-macbook-air.local][4306][SQLite][debug][9][Cached JSON fetch complete: timeline/smu2svkrvihxgeos/daily][]
[1789485723.519][2026-09-15 08:22:03][subbas-macbook-air.local][4306][SQLite][debug][9][Cached JSON fetch complete: timeline/smu2svkrvihxgeos/daily/0][]
[1789485723.52][2026-09-15 08:22:03][subbas-macbook-air.local][4306][SQLite][debug][5][Beginning transaction commit: 89][{"path":"timeline/smu2svkrvihxgeos/daily","actions":2}]
[1789485723.52][2026-09-15 08:22:03][subbas-macbook-air.local][4306][SQLite][debug][5][Transaction commit complete: 89][{"path":"timeline/smu2svkrvihxgeos/daily"}]
[1789485723.521][2026-09-15 08:22:03][subbas-macbook-air.local][4306][SQLite][debug][9][Cached JSON fetch complete: timeline/smu2svkrvihxgeos/monthly][]
[1789485723.521][2026-09-15 08:22:03][subbas-macbook-air.local][4306][SQLite][debug][9][Cached JSON fetch complete: timeline/smu2svkrvihxgeos/monthly][]
[1789485723.521][2026-09-15 08:22:03][subbas-macbook-air.local][4306][SQLite][debug][9][Cached JSON fetch complete: timeline/smu2svkrvihxgeos/monthly/0][]
[1789485723.521][2026-09-15 08:22:03][subbas-macbook-air.local][4306][SQLite][debug][9][Cached JSON fetch complete: timeline/smu2svkrvihxgeos/monthly][]
[1789485723.521][2026-09-15 08:22:03][subbas-macbook-air.local][4306][SQLite][debug][9][Cached JSON fetch complete: timeline/smu2svkrvihxgeos/monthly/0][]
[1789485723.521][2026-09-15 08:22:03][subbas-macbook-air.local][4306][SQLite][debug][5][Beginning transaction commit: 90][{"path":"timeline/smu2svkrvihxgeos/monthly","actions":2}]
[1789485723.522][2026-09-15 08:22:03][subbas-macbook-air.local][4306][SQLite][debug][5][Transaction commit complete: 90][{"path":"timeline/smu2svkrvihxgeos/monthly"}]
[1789485723.522][2026-09-15 08:22:03][subbas-macbook-air.local][4306][SQLite][debug][9][Cached JSON fetch complete: timeline/smu2svkrvihxgeos/yearly][]
[1789485723.522][2026-09-15 08:22:03][subbas-macbook-air.local][4306][SQLite][debug][9][Cached JSON fetch complete: timeline/smu2svkrvihxgeos/yearly][]
[1789485723.522][2026-09-15 08:22:03][subbas-macbook-air.local][4306][SQLite][debug][9][Cached JSON fetch complete: timeline/smu2svkrvihxgeos/yearly/0][]
[1789485723.522][2026-09-15 08:22:03][subbas-macbook-air.local][4306][SQLite][debug][9][Cached JSON fetch complete: timeline/smu2svkrvihxgeos/yearly][]
[1789485723.522][2026-09-15 08:22:03][subbas-macbook-air.local][4306][SQLite][debug][9][Cached JSON fetch complete: timeline/smu2svkrvihxgeos/yearly/0][]
[1789485723.523][2026-09-15 08:22:03][subbas-macbook-air.local][4306][SQLite][debug][5][Beginning transaction commit: 91][{"path":"timeline/smu2svkrvihxgeos/yearly","actions":2}]
[1789485723.523][2026-09-15 08:22:03][subbas-macbook-air.local][4306][SQLite][debug][5][Transaction commit complete: 91][{"path":"timeline/smu2svkrvihxgeos/yearly"}]
[1789485723.523][2026-09-15 08:22:03][subbas-macbook-air.local][4306][SQLite][debug][9][Storing SQLite JSON Object: hosts/smu2svkrvihxgeos/data][]
[1789485723.525][2026-09-15 08:22:03][subbas-macbook-air.local][4306][SQLite][debug][9][Store complete: hosts/smu2svkrvihxgeos/data][]
[1789485783.531][2026-09-15 08:23:03][subbas-macbook-air.local][4306][SQLite][debug][9][Cached JSON fetch complete: hosts/smu2svkrvihxgeos/data][]
[1789485783.537][2026-09-15 08:23:03][subbas-macbook-air.local][4306][SQLite][debug][9][Cached JSON fetch complete: timeline/smu2svkrvihxgeos/hourly][]
[1789485783.538][2026-09-15 08:23:03][subbas-macbook-air.local][4306][SQLite][debug][9][Cached JSON fetch complete: timeline/smu2svkrvihxgeos/hourly][]
[1789485783.538][2026-09-15 08:23:03][subbas-macbook-air.local][4306][SQLite][debug][9][Cached JSON fetch complete: timeline/smu2svkrvihxgeos/hourly/0][]
[1789485783.539][2026-09-15 08:23:03][subbas-macbook-air.local][4306][SQLite][debug][9][Cached JSON fetch complete: timeline/smu2svkrvihxgeos/hourly][]
[1789485783.54][2026-09-15 08:23:03][subbas-macbook-air.local][4306][SQLite][debug][9][Cached JSON fetch complete: timeline/smu2svkrvihxgeos/hourly/0][]
[1789485783.541][2026-09-15 08:23:03][subbas-macbook-air.local][4306][SQLite][debug][5][Beginning transaction commit: 92][{"path":"timeline/smu2svkrvihxgeos/hourly","actions":2}]
[1789485783.543][2026-09-15 08:23:03][subbas-macbook-air.local][4306][SQLite][debug][5][Transaction commit complete: 92][{"path":"timeline/smu2svkrvihxgeos/hourly"}]
[1789485783.543][2026-09-15 08:23:03][subbas-macbook-air.local][4306][SQLite][debug][9][Cached JSON fetch complete: timeline/smu2svkrvihxgeos/daily][]
[1789485783.544][2026-09-15 08:23:03][subbas-macbook-air.local][4306][SQLite][debug][9][Cached JSON fetch complete: timeline/smu2svkrvihxgeos/daily][]
[1789485783.544][2026-09-15 08:23:03][subbas-macbook-air.local][4306][SQLite][debug][9][Cached JSON fetch complete: timeline/smu2svkrvihxgeos/daily/0][]
[1789485783.545][2026-09-15 08:23:03][subbas-macbook-air.local][4306][SQLite][debug][9][Cached JSON fetch complete: timeline/smu2svkrvihxgeos/daily][]
[1789485783.545][2026-09-15 08:23:03][subbas-macbook-air.local][4306][SQLite][debug][9][Cached JSON fetch complete: timeline/smu2svkrvihxgeos/daily/0][]
[1789485783.545][2026-09-15 08:23:03][subbas-macbook-air.local][4306][SQLite][debug][5][Beginning transaction commit: 93][{"path":"timeline/smu2svkrvihxgeos/daily","actions":2}]
[1789485783.546][2026-09-15 08:23:03][subbas-macbook-air.local][4306][SQLite][debug][5][Transaction commit complete: 93][{"path":"timeline/smu2svkrvihxgeos/daily"}]
[1789485783.546][2026-09-15 08:23:03][subbas-macbook-air.local][4306][SQLite][debug][9][Cached JSON fetch complete: timeline/smu2svkrvihxgeos/monthly][]
[1789485783.546][2026-09-15 08:23:03][subbas-macbook-air.local][4306][SQLite][debug][9][Cached JSON fetch complete: timeline/smu2svkrvihxgeos/monthly][]
[1789485783.546][2026-09-15 08:23:03][subbas-macbook-air.local][4306][SQLite][debug][9][Cached JSON fetch complete: timeline/smu2svkrvihxgeos/monthly/0][]
[1789485783.547][2026-09-15 08:23:03][subbas-macbook-air.local][4306][SQLite][debug][9][Cached JSON fetch complete: timeline/smu2svkrvihxgeos/monthly][]
[1789485783.547][2026-09-15 08:23:03][subbas-macbook-air.local][4306][SQLite][debug][9][Cached JSON fetch complete: timeline/smu2svkrvihxgeos/monthly/0][]
[1789485783.548][2026-09-15 08:23:03][subbas-macbook-air.local][4306][SQLite][debug][5][Beginning transaction commit: 94][{"path":"timeline/smu2svkrvihxgeos/monthly","actions":2}]
[1789485783.549][2026-09-15 08:23:03][subbas-macbook-air.local][4306][SQLite][debug][5][Transaction commit complete: 94][{"path":"timeline/smu2svkrvihxgeos/monthly"}]
[1789485783.549][2026-09-15 08:23:03][subbas-macbook-air.local][4306][SQLite][debug][9][Cached JSON fetch complete: timeline/smu2svkrvihxgeos/yearly][]
[1789485783.549][2026-09-15 08:23:03][subbas-macbook-air.local][4306][SQLite][debug][9][Cached JSON fetch complete: timeline/smu2svkrvihxgeos/yearly][]
[1789485783.55][2026-09-15 08:23:03][subbas-macbook-air.local][4306][SQLite][debug][9][Cached JSON fetch complete: timeline/smu2svkrvihxgeos/yearly/0][]
[1789485783.55][2026-09-15 08:23:03][subbas-macbook-air.local][4306][SQLite][debug][9][Cached JSON fetch complete: timeline/smu2svkrvihxgeos/yearly][]
[1789485783.55][2026-09-15 08:23:03][subbas-macbook-air.local][4306][SQLite][debug][9][Cached JSON fetch complete: timeline/smu2svkrvihxgeos/yearly/0][]
[1789485783.551][2026-09-15 08:23:03][subbas-macbook-air.local][4306][SQLite][debug][5][Beginning transaction commit: 95][{"path":"timeline/smu2svkrvihxgeos/yearly","actions":2}]
[1789485783.551][2026-09-15 08:23:03][subbas-macbook-air.local][4306][SQLite][debug][5][Transaction commit complete: 95][{"path":"timeline/smu2svkrvihxgeos/yearly"}]
[1789485783.551][2026-09-15 08:23:03][subbas-macbook-air.local][4306][SQLite][debug][9][Storing SQLite JSON Object: hosts/smu2svkrvihxgeos/data][]
[1789485783.555][2026-09-15 08:23:03][subbas-macbook-air.local][4306][SQLite][debug][9][Store complete: hosts/smu2svkrvihxgeos/data][]
[1789485843.525][2026-09-15 08:24:03][subbas-macbook-air.local][4306][SQLite][debug][9][Cached JSON fetch complete: hosts/smu2svkrvihxgeos/data][]
[1789485843.53][2026-09-15 08:24:03][subbas-macbook-air.local][4306][SQLite][debug][9][Cached JSON fetch complete: timeline/smu2svkrvihxgeos/hourly][]
[1789485843.53][2026-09-15 08:24:03][subbas-macbook-air.local][4306][SQLite][debug][9][Cached JSON fetch complete: timeline/smu2svkrvihxgeos/hourly][]
[1789485843.533][2026-09-15 08:24:03][subbas-macbook-air.local][4306][SQLite][debug][9][Cached JSON fetch complete: timeline/smu2svkrvihxgeos/hourly/0][]
[1789485843.534][2026-09-15 08:24:03][subbas-macbook-air.local][4306][SQLite][debug][9][Cached JSON fetch complete: timeline/smu2svkrvihxgeos/hourly][]
[1789485843.534][2026-09-15 08:24:03][subbas-macbook-air.local][4306][SQLite][debug][9][Cached JSON fetch complete: timeline/smu2svkrvihxgeos/hourly/0][]
[1789485843.535][2026-09-15 08:24:03][subbas-macbook-air.local][4306][SQLite][debug][5][Beginning transaction commit: 96][{"path":"timeline/smu2svkrvihxgeos/hourly","actions":2}]
[1789485843.536][2026-09-15 08:24:03][subbas-macbook-air.local][4306][SQLite][debug][5][Transaction commit complete: 96][{"path":"timeline/smu2svkrvihxgeos/hourly"}]
[1789485843.537][2026-09-15 08:24:03][subbas-macbook-air.local][4306][SQLite][debug][9][Cached JSON fetch complete: timeline/smu2svkrvihxgeos/daily][]
[1789485843.537][2026-09-15 08:24:03][subbas-macbook-air.local][4306][SQLite][debug][9][Cached JSON fetch complete: timeline/smu2svkrvihxgeos/daily][]
[1789485843.537][2026-09-15 08:24:03][subbas-macbook-air.local][4306][SQLite][debug][9][Cached JSON fetch complete: timeline/smu2svkrvihxgeos/daily/0][]
[1789485843.537][2026-09-15 08:24:03][subbas-macbook-air.local][4306][SQLite][debug][9][Cached JSON fetch complete: timeline/smu2svkrvihxgeos/daily][]
[1789485843.538][2026-09-15 08:24:03][subbas-macbook-air.local][4306][SQLite][debug][9][Cached JSON fetch complete: timeline/smu2svkrvihxgeos/daily/0][]
[1789485843.538][2026-09-15 08:24:03][subbas-macbook-air.local][4306][SQLite][debug][5][Beginning transaction commit: 97][{"path":"timeline/smu2svkrvihxgeos/daily","actions":2}]
[1789485843.538][2026-09-15 08:24:03][subbas-macbook-air.local][4306][SQLite][debug][5][Transaction commit complete: 97][{"path":"timeline/smu2svkrvihxgeos/daily"}]
[1789485843.539][2026-09-15 08:24:03][subbas-macbook-air.local][4306][SQLite][debug][9][Cached JSON fetch complete: timeline/smu2svkrvihxgeos/monthly][]
[1789485843.539][2026-09-15 08:24:03][subbas-macbook-air.local][4306][SQLite][debug][9][Cached JSON fetch complete: timeline/smu2svkrvihxgeos/monthly][]
[1789485843.539][2026-09-15 08:24:03][subbas-macbook-air.local][4306][SQLite][debug][9][Cached JSON fetch complete: timeline/smu2svkrvihxgeos/monthly/0][]
[1789485843.54][2026-09-15 08:24:03][subbas-macbook-air.local][4306][SQLite][debug][9][Cached JSON fetch complete: timeline/smu2svkrvihxgeos/monthly][]
[1789485843.54][2026-09-15 08:24:03][subbas-macbook-air.local][4306][SQLite][debug][9][Cached JSON fetch complete: timeline/smu2svkrvihxgeos/monthly/0][]
[1789485843.541][2026-09-15 08:24:03][subbas-macbook-air.local][4306][SQLite][debug][5][Beginning transaction commit: 98][{"path":"timeline/smu2svkrvihxgeos/monthly","actions":2}]
[1789485843.541][2026-09-15 08:24:03][subbas-macbook-air.local][4306][SQLite][debug][5][Transaction commit complete: 98][{"path":"timeline/smu2svkrvihxgeos/monthly"}]
[1789485843.541][2026-09-15 08:24:03][subbas-macbook-air.local][4306][SQLite][debug][9][Cached JSON fetch complete: timeline/smu2svkrvihxgeos/yearly][]
[1789485843.542][2026-09-15 08:24:03][subbas-macbook-air.local][4306][SQLite][debug][9][Cached JSON fetch complete: timeline/smu2svkrvihxgeos/yearly][]
[1789485843.542][2026-09-15 08:24:03][subbas-macbook-air.local][4306][SQLite][debug][9][Cached JSON fetch complete: timeline/smu2svkrvihxgeos/yearly/0][]
[1789485843.542][2026-09-15 08:24:03][subbas-macbook-air.local][4306][SQLite][debug][9][Cached JSON fetch complete: timeline/smu2svkrvihxgeos/yearly][]
[1789485843.542][2026-09-15 08:24:03][subbas-macbook-air.local][4306][SQLite][debug][9][Cached JSON fetch complete: timeline/smu2svkrvihxgeos/yearly/0][]
[1789485843.544][2026-09-15 08:24:03][subbas-macbook-air.local][4306][SQLite][debug][5][Beginning transaction commit: 99][{"path":"timeline/smu2svkrvihxgeos/yearly","actions":2}]
[1789485843.544][2026-09-15 08:24:03][subbas-macbook-air.local][4306][SQLite][debug][5][Transaction commit complete: 99][{"path":"timeline/smu2svkrvihxgeos/yearly"}]
[1789485843.544][2026-09-15 08:24:03][subbas-macbook-air.local][4306][SQLite][debug][9][Storing SQLite JSON Object: hosts/smu2svkrvihxgeos/data][]
[1789485843.548][2026-09-15 08:24:03][subbas-macbook-air.local][4306][SQLite][debug][9][Store complete: hosts/smu2svkrvihxgeos/data][]
[1789485903.488][2026-09-15 08:25:03][subbas-macbook-air.local][4306][SQLite][debug][9][Cached JSON fetch complete: hosts/smu2svkrvihxgeos/data][]
[1789485903.492][2026-09-15 08:25:03][subbas-macbook-air.local][4306][SQLite][debug][9][Cached JSON fetch complete: timeline/smu2svkrvihxgeos/hourly][]
[1789485903.493][2026-09-15 08:25:03][subbas-macbook-air.local][4306][SQLite][debug][9][Cached JSON fetch complete: timeline/smu2svkrvihxgeos/hourly][]
[1789485903.494][2026-09-15 08:25:03][subbas-macbook-air.local][4306][SQLite][debug][9][Cached JSON fetch complete: timeline/smu2svkrvihxgeos/hourly/0][]
[1789485903.494][2026-09-15 08:25:03][subbas-macbook-air.local][4306][SQLite][debug][9][Cached JSON fetch complete: timeline/smu2svkrvihxgeos/hourly][]
[1789485903.497][2026-09-15 08:25:03][subbas-macbook-air.local][4306][SQLite][debug][9][Cached JSON fetch complete: timeline/smu2svkrvihxgeos/hourly/0][]
[1789485903.498][2026-09-15 08:25:03][subbas-macbook-air.local][4306][SQLite][debug][5][Beginning transaction commit: 100][{"path":"timeline/smu2svkrvihxgeos/hourly","actions":2}]
[1789485903.499][2026-09-15 08:25:03][subbas-macbook-air.local][4306][SQLite][debug][5][Transaction commit complete: 100][{"path":"timeline/smu2svkrvihxgeos/hourly"}]
[1789485903.5][2026-09-15 08:25:03][subbas-macbook-air.local][4306][SQLite][debug][9][Cached JSON fetch complete: timeline/smu2svkrvihxgeos/daily][]
[1789485903.5][2026-09-15 08:25:03][subbas-macbook-air.local][4306][SQLite][debug][9][Cached JSON fetch complete: timeline/smu2svkrvihxgeos/daily][]
[1789485903.5][2026-09-15 08:25:03][subbas-macbook-air.local][4306][SQLite][debug][9][Cached JSON fetch complete: timeline/smu2svkrvihxgeos/daily/0][]
[1789485903.5][2026-09-15 08:25:03][subbas-macbook-air.local][4306][SQLite][debug][9][Cached JSON fetch complete: timeline/smu2svkrvihxgeos/daily][]
[1789485903.5][2026-09-15 08:25:03][subbas-macbook-air.local][4306][SQLite][debug][9][Cached JSON fetch complete: timeline/smu2svkrvihxgeos/daily/0][]
[1789485903.5][2026-09-15 08:25:03][subbas-macbook-air.local][4306][SQLite][debug][5][Beginning transaction commit: 101][{"path":"timeline/smu2svkrvihxgeos/daily","actions":2}]
[1789485903.501][2026-09-15 08:25:03][subbas-macbook-air.local][4306][SQLite][debug][5][Transaction commit complete: 101][{"path":"timeline/smu2svkrvihxgeos/daily"}]
[1789485903.501][2026-09-15 08:25:03][subbas-macbook-air.local][4306][SQLite][debug][9][Cached JSON fetch complete: timeline/smu2svkrvihxgeos/monthly][]
[1789485903.501][2026-09-15 08:25:03][subbas-macbook-air.local][4306][SQLite][debug][9][Cached JSON fetch complete: timeline/smu2svkrvihxgeos/monthly][]
[1789485903.501][2026-09-15 08:25:03][subbas-macbook-air.local][4306][SQLite][debug][9][Cached JSON fetch complete: timeline/smu2svkrvihxgeos/monthly/0][]
[1789485903.501][2026-09-15 08:25:03][subbas-macbook-air.local][4306][SQLite][debug][9][Cached JSON fetch complete: timeline/smu2svkrvihxgeos/monthly][]
[1789485903.502][2026-09-15 08:25:03][subbas-macbook-air.local][4306][SQLite][debug][9][Cached JSON fetch complete: timeline/smu2svkrvihxgeos/monthly/0][]
[1789485903.502][2026-09-15 08:25:03][subbas-macbook-air.local][4306][SQLite][debug][5][Beginning transaction commit: 102][{"path":"timeline/smu2svkrvihxgeos/monthly","actions":2}]
[1789485903.502][2026-09-15 08:25:03][subbas-macbook-air.local][4306][SQLite][debug][5][Transaction commit complete: 102][{"path":"timeline/smu2svkrvihxgeos/monthly"}]
[1789485903.502][2026-09-15 08:25:03][subbas-macbook-air.local][4306][SQLite][debug][9][Cached JSON fetch complete: timeline/smu2svkrvihxgeos/yearly][]
[1789485903.502][2026-09-15 08:25:03][subbas-macbook-air.local][4306][SQLite][debug][9][Cached JSON fetch complete: timeline/smu2svkrvihxgeos/yearly][]
[1789485903.502][2026-09-15 08:25:03][subbas-macbook-air.local][4306][SQLite][debug][9][Cached JSON fetch complete: timeline/smu2svkrvihxgeos/yearly/0][]
[1789485903.503][2026-09-15 08:25:03][subbas-macbook-air.local][4306][SQLite][debug][9][Cached JSON fetch complete: timeline/smu2svkrvihxgeos/yearly][]
[1789485903.503][2026-09-15 08:25:03][subbas-macbook-air.local][4306][SQLite][debug][9][Cached JSON fetch complete: timeline/smu2svkrvihxgeos/yearly/0][]
[1789485903.503][2026-09-15 08:25:03][subbas-macbook-air.local][4306][SQLite][debug][5][Beginning transaction commit: 103][{"path":"timeline/smu2svkrvihxgeos/yearly","actions":2}]
[1789485903.503][2026-09-15 08:25:03][subbas-macbook-air.local][4306][SQLite][debug][5][Transaction commit complete: 103][{"path":"timeline/smu2svkrvihxgeos/yearly"}]
[1789485903.503][2026-09-15 08:25:03][subbas-macbook-air.local][4306][SQLite][debug][9][Storing SQLite JSON Object: hosts/smu2svkrvihxgeos/data][]
[1789485903.505][2026-09-15 08:25:03][subbas-macbook-air.local][4306][SQLite][debug][9][Store complete: hosts/smu2svkrvihxgeos/data][]
[1789485917.659][2026-09-15 08:25:17][subbas-macbook-air.local][4306][SQLite][debug][9][Cached JSON fetch complete: sessions/8397ca50eb4879dce3d919e8099169f80bc7650ee26249f4066858e5526e7d4a][]
[1789485917.66][2026-09-15 08:25:17][subbas-macbook-air.local][4306][SQLite][debug][9][Cached JSON fetch complete: users/admin][]
[1789485917.673][2026-09-15 08:25:17][subbas-macbook-air.local][4306][SQLite][debug][9][Cached JSON fetch complete: global/events][]
[1789485917.674][2026-09-15 08:25:17][subbas-macbook-air.local][4306][SQLite][debug][9][Cached JSON fetch complete: global/events/0][]
[1789485917.676][2026-09-15 08:25:17][subbas-macbook-air.local][4306][SQLite][debug][9][Cached JSON fetch complete: global/events][]
[1789485917.677][2026-09-15 08:25:17][subbas-macbook-air.local][4306][SQLite][debug][9][Cached JSON fetch complete: global/events/0][]
[1789485917.678][2026-09-15 08:25:17][subbas-macbook-air.local][4306][SQLite][debug][5][Beginning transaction commit: 104][{"path":"global/events","actions":2}]
[1789485917.679][2026-09-15 08:25:17][subbas-macbook-air.local][4306][SQLite][debug][5][Transaction commit complete: 104][{"path":"global/events"}]
[1789485917.683][2026-09-15 08:25:17][subbas-macbook-air.local][4306][SQLite][debug][9][Storing SQLite JSON Object: unbase/records/activity/amu2tpn1ugayxfy1][]
[1789485917.685][2026-09-15 08:25:17][subbas-macbook-air.local][4306][SQLite][debug][9][Store complete: unbase/records/activity/amu2tpn1ugayxfy1][]
[1789485917.686][2026-09-15 08:25:17][subbas-macbook-air.local][4306][SQLite][debug][9][Fetching SQLite Object: unbase/index/activity/_data/amu2tpn1ugayxfy1][]
[1789485917.688][2026-09-15 08:25:17][subbas-macbook-air.local][4306][SQLite][debug][9][Cached JSON fetch complete: unbase/index/activity/_id][]
[1789485917.688][2026-09-15 08:25:17][subbas-macbook-air.local][4306][SQLite][debug][9][Cached JSON fetch complete: unbase/index/activity/_id/data][]
[1789485917.69][2026-09-15 08:25:17][subbas-macbook-air.local][4306][SQLite][debug][9][Fetching SQLite Object: unbase/index/activity/action/word/event_update][]
[1789485917.693][2026-09-15 08:25:17][subbas-macbook-air.local][4306][SQLite][debug][9][Cached JSON fetch complete: unbase/index/activity/keywords/word/1][]
[1789485917.693][2026-09-15 08:25:17][subbas-macbook-air.local][4306][SQLite][debug][9][Cached JSON fetch complete: unbase/index/activity/keywords/word/emu2t3vr62wcc00v][]
[1789485917.693][2026-09-15 08:25:17][subbas-macbook-air.local][4306][SQLite][debug][9][Cached JSON fetch complete: unbase/index/activity/keywords/word/admin][]
[1789485917.693][2026-09-15 08:25:17][subbas-macbook-air.local][4306][SQLite][debug][9][Cached JSON fetch complete: unbase/index/activity/date/summary][]
[1789485917.694][2026-09-15 08:25:17][subbas-macbook-air.local][4306][SQLite][debug][9][Cached JSON fetch complete: unbase/index/activity/date/word/497079][]
[1789485917.694][2026-09-15 08:25:17][subbas-macbook-air.local][4306][SQLite][debug][9][Cached JSON fetch complete: unbase/index/activity/date/word/h497000][]
[1789485917.694][2026-09-15 08:25:17][subbas-macbook-air.local][4306][SQLite][debug][9][Cached JSON fetch complete: unbase/index/activity/date/word/t497000][]
[1789485917.694][2026-09-15 08:25:17][subbas-macbook-air.local][4306][SQLite][debug][9][Cached JSON fetch complete: unbase/index/activity/keywords/word/1/data][]
[1789485917.694][2026-09-15 08:25:17][subbas-macbook-air.local][4306][SQLite][debug][9][Cached JSON fetch complete: unbase/index/activity/keywords/word/emu2t3vr62wcc00v/data][]
[1789485917.694][2026-09-15 08:25:17][subbas-macbook-air.local][4306][SQLite][debug][9][Cached JSON fetch complete: unbase/index/activity/keywords/word/admin/data][]
[1789485917.694][2026-09-15 08:25:17][subbas-macbook-air.local][4306][SQLite][debug][9][Cached JSON fetch complete: unbase/index/activity/date/word/497079/data][]
[1789485917.694][2026-09-15 08:25:17][subbas-macbook-air.local][4306][SQLite][debug][9][Cached JSON fetch complete: unbase/index/activity/date/word/h497000/data][]
[1789485917.695][2026-09-15 08:25:17][subbas-macbook-air.local][4306][SQLite][debug][9][Cached JSON fetch complete: unbase/index/activity/date/word/t497000/data][]
[1789485917.699][2026-09-15 08:25:17][subbas-macbook-air.local][4306][SQLite][debug][5][Beginning transaction commit: 105][{"path":"unbase/index/activity","actions":18}]
[1789485917.7][2026-09-15 08:25:17][subbas-macbook-air.local][4306][SQLite][debug][5][Transaction commit complete: 105][{"path":"unbase/index/activity"}]
[1789485963.577][2026-09-15 08:26:03][subbas-macbook-air.local][4306][SQLite][debug][9][Cached JSON fetch complete: hosts/smu2svkrvihxgeos/data][]
[1789485963.579][2026-09-15 08:26:03][subbas-macbook-air.local][4306][SQLite][debug][9][Cached JSON fetch complete: timeline/smu2svkrvihxgeos/hourly][]
[1789485963.579][2026-09-15 08:26:03][subbas-macbook-air.local][4306][SQLite][debug][9][Cached JSON fetch complete: timeline/smu2svkrvihxgeos/hourly][]
[1789485963.579][2026-09-15 08:26:03][subbas-macbook-air.local][4306][SQLite][debug][9][Cached JSON fetch complete: timeline/smu2svkrvihxgeos/hourly/0][]
[1789485963.58][2026-09-15 08:26:03][subbas-macbook-air.local][4306][SQLite][debug][9][Cached JSON fetch complete: timeline/smu2svkrvihxgeos/hourly][]
[1789485963.58][2026-09-15 08:26:03][subbas-macbook-air.local][4306][SQLite][debug][9][Cached JSON fetch complete: timeline/smu2svkrvihxgeos/hourly/0][]
[1789485963.581][2026-09-15 08:26:03][subbas-macbook-air.local][4306][SQLite][debug][5][Beginning transaction commit: 106][{"path":"timeline/smu2svkrvihxgeos/hourly","actions":2}]
[1789485963.582][2026-09-15 08:26:03][subbas-macbook-air.local][4306][SQLite][debug][5][Transaction commit complete: 106][{"path":"timeline/smu2svkrvihxgeos/hourly"}]
[1789485963.583][2026-09-15 08:26:03][subbas-macbook-air.local][4306][SQLite][debug][9][Cached JSON fetch complete: timeline/smu2svkrvihxgeos/daily][]
[1789485963.583][2026-09-15 08:26:03][subbas-macbook-air.local][4306][SQLite][debug][9][Cached JSON fetch complete: timeline/smu2svkrvihxgeos/daily][]
[1789485963.583][2026-09-15 08:26:03][subbas-macbook-air.local][4306][SQLite][debug][9][Cached JSON fetch complete: timeline/smu2svkrvihxgeos/daily/0][]
[1789485963.583][2026-09-15 08:26:03][subbas-macbook-air.local][4306][SQLite][debug][9][Cached JSON fetch complete: timeline/smu2svkrvihxgeos/daily][]
[1789485963.584][2026-09-15 08:26:03][subbas-macbook-air.local][4306][SQLite][debug][9][Cached JSON fetch complete: timeline/smu2svkrvihxgeos/daily/0][]
[1789485963.584][2026-09-15 08:26:03][subbas-macbook-air.local][4306][SQLite][debug][5][Beginning transaction commit: 107][{"path":"timeline/smu2svkrvihxgeos/daily","actions":2}]
[1789485963.584][2026-09-15 08:26:03][subbas-macbook-air.local][4306][SQLite][debug][5][Transaction commit complete: 107][{"path":"timeline/smu2svkrvihxgeos/daily"}]
[1789485963.585][2026-09-15 08:26:03][subbas-macbook-air.local][4306][SQLite][debug][9][Cached JSON fetch complete: timeline/smu2svkrvihxgeos/monthly][]
[1789485963.585][2026-09-15 08:26:03][subbas-macbook-air.local][4306][SQLite][debug][9][Cached JSON fetch complete: timeline/smu2svkrvihxgeos/monthly][]
[1789485963.585][2026-09-15 08:26:03][subbas-macbook-air.local][4306][SQLite][debug][9][Cached JSON fetch complete: timeline/smu2svkrvihxgeos/monthly/0][]
[1789485963.585][2026-09-15 08:26:03][subbas-macbook-air.local][4306][SQLite][debug][9][Cached JSON fetch complete: timeline/smu2svkrvihxgeos/monthly][]
[1789485963.585][2026-09-15 08:26:03][subbas-macbook-air.local][4306][SQLite][debug][9][Cached JSON fetch complete: timeline/smu2svkrvihxgeos/monthly/0][]
[1789485963.586][2026-09-15 08:26:03][subbas-macbook-air.local][4306][SQLite][debug][5][Beginning transaction commit: 108][{"path":"timeline/smu2svkrvihxgeos/monthly","actions":2}]
[1789485963.586][2026-09-15 08:26:03][subbas-macbook-air.local][4306][SQLite][debug][5][Transaction commit complete: 108][{"path":"timeline/smu2svkrvihxgeos/monthly"}]
[1789485963.586][2026-09-15 08:26:03][subbas-macbook-air.local][4306][SQLite][debug][9][Cached JSON fetch complete: timeline/smu2svkrvihxgeos/yearly][]
[1789485963.586][2026-09-15 08:26:03][subbas-macbook-air.local][4306][SQLite][debug][9][Cached JSON fetch complete: timeline/smu2svkrvihxgeos/yearly][]
[1789485963.587][2026-09-15 08:26:03][subbas-macbook-air.local][4306][SQLite][debug][9][Cached JSON fetch complete: timeline/smu2svkrvihxgeos/yearly/0][]
[1789485963.587][2026-09-15 08:26:03][subbas-macbook-air.local][4306][SQLite][debug][9][Cached JSON fetch complete: timeline/smu2svkrvihxgeos/yearly][]
[1789485963.587][2026-09-15 08:26:03][subbas-macbook-air.local][4306][SQLite][debug][9][Cached JSON fetch complete: timeline/smu2svkrvihxgeos/yearly/0][]
[1789485963.587][2026-09-15 08:26:03][subbas-macbook-air.local][4306][SQLite][debug][5][Beginning transaction commit: 109][{"path":"timeline/smu2svkrvihxgeos/yearly","actions":2}]
[1789485963.587][2026-09-15 08:26:03][subbas-macbook-air.local][4306][SQLite][debug][5][Transaction commit complete: 109][{"path":"timeline/smu2svkrvihxgeos/yearly"}]
[1789485963.588][2026-09-15 08:26:03][subbas-macbook-air.local][4306][SQLite][debug][9][Storing SQLite JSON Object: hosts/smu2svkrvihxgeos/data][]
[1789485963.591][2026-09-15 08:26:03][subbas-macbook-air.local][4306][SQLite][debug][9][Store complete: hosts/smu2svkrvihxgeos/data][]
[1789486023.497][2026-09-15 08:27:03][subbas-macbook-air.local][4306][SQLite][debug][9][Cached JSON fetch complete: hosts/smu2svkrvihxgeos/data][]
[1789486023.499][2026-09-15 08:27:03][subbas-macbook-air.local][4306][SQLite][debug][9][Cached JSON fetch complete: timeline/smu2svkrvihxgeos/hourly][]
[1789486023.499][2026-09-15 08:27:03][subbas-macbook-air.local][4306][SQLite][debug][9][Cached JSON fetch complete: timeline/smu2svkrvihxgeos/hourly][]
[1789486023.5][2026-09-15 08:27:03][subbas-macbook-air.local][4306][SQLite][debug][9][Cached JSON fetch complete: timeline/smu2svkrvihxgeos/hourly/0][]
[1789486023.5][2026-09-15 08:27:03][subbas-macbook-air.local][4306][SQLite][debug][9][Cached JSON fetch complete: timeline/smu2svkrvihxgeos/hourly][]
[1789486023.5][2026-09-15 08:27:03][subbas-macbook-air.local][4306][SQLite][debug][9][Cached JSON fetch complete: timeline/smu2svkrvihxgeos/hourly/0][]
[1789486023.501][2026-09-15 08:27:03][subbas-macbook-air.local][4306][SQLite][debug][5][Beginning transaction commit: 110][{"path":"timeline/smu2svkrvihxgeos/hourly","actions":2}]
[1789486023.503][2026-09-15 08:27:03][subbas-macbook-air.local][4306][SQLite][debug][5][Transaction commit complete: 110][{"path":"timeline/smu2svkrvihxgeos/hourly"}]
[1789486023.503][2026-09-15 08:27:03][subbas-macbook-air.local][4306][SQLite][debug][9][Cached JSON fetch complete: timeline/smu2svkrvihxgeos/daily][]
[1789486023.504][2026-09-15 08:27:03][subbas-macbook-air.local][4306][SQLite][debug][9][Cached JSON fetch complete: timeline/smu2svkrvihxgeos/daily][]
[1789486023.504][2026-09-15 08:27:03][subbas-macbook-air.local][4306][SQLite][debug][9][Cached JSON fetch complete: timeline/smu2svkrvihxgeos/daily/0][]
[1789486023.504][2026-09-15 08:27:03][subbas-macbook-air.local][4306][SQLite][debug][9][Cached JSON fetch complete: timeline/smu2svkrvihxgeos/daily][]
[1789486023.504][2026-09-15 08:27:03][subbas-macbook-air.local][4306][SQLite][debug][9][Cached JSON fetch complete: timeline/smu2svkrvihxgeos/daily/0][]
[1789486023.506][2026-09-15 08:27:03][subbas-macbook-air.local][4306][SQLite][debug][5][Beginning transaction commit: 111][{"path":"timeline/smu2svkrvihxgeos/daily","actions":2}]
[1789486023.506][2026-09-15 08:27:03][subbas-macbook-air.local][4306][SQLite][debug][5][Transaction commit complete: 111][{"path":"timeline/smu2svkrvihxgeos/daily"}]
[1789486023.507][2026-09-15 08:27:03][subbas-macbook-air.local][4306][SQLite][debug][9][Cached JSON fetch complete: timeline/smu2svkrvihxgeos/monthly][]
[1789486023.508][2026-09-15 08:27:03][subbas-macbook-air.local][4306][SQLite][debug][9][Cached JSON fetch complete: timeline/smu2svkrvihxgeos/monthly][]
[1789486023.508][2026-09-15 08:27:03][subbas-macbook-air.local][4306][SQLite][debug][9][Cached JSON fetch complete: timeline/smu2svkrvihxgeos/monthly/0][]
[1789486023.51][2026-09-15 08:27:03][subbas-macbook-air.local][4306][SQLite][debug][9][Cached JSON fetch complete: timeline/smu2svkrvihxgeos/monthly][]
[1789486023.512][2026-09-15 08:27:03][subbas-macbook-air.local][4306][SQLite][debug][9][Cached JSON fetch complete: timeline/smu2svkrvihxgeos/monthly/0][]
[1789486023.515][2026-09-15 08:27:03][subbas-macbook-air.local][4306][SQLite][debug][5][Beginning transaction commit: 112][{"path":"timeline/smu2svkrvihxgeos/monthly","actions":2}]
[1789486023.515][2026-09-15 08:27:03][subbas-macbook-air.local][4306][SQLite][debug][5][Transaction commit complete: 112][{"path":"timeline/smu2svkrvihxgeos/monthly"}]
[1789486023.516][2026-09-15 08:27:03][subbas-macbook-air.local][4306][SQLite][debug][9][Cached JSON fetch complete: timeline/smu2svkrvihxgeos/yearly][]
[1789486023.516][2026-09-15 08:27:03][subbas-macbook-air.local][4306][SQLite][debug][9][Cached JSON fetch complete: timeline/smu2svkrvihxgeos/yearly][]
[1789486023.516][2026-09-15 08:27:03][subbas-macbook-air.local][4306][SQLite][debug][9][Cached JSON fetch complete: timeline/smu2svkrvihxgeos/yearly/0][]
[1789486023.517][2026-09-15 08:27:03][subbas-macbook-air.local][4306][SQLite][debug][9][Cached JSON fetch complete: timeline/smu2svkrvihxgeos/yearly][]
[1789486023.517][2026-09-15 08:27:03][subbas-macbook-air.local][4306][SQLite][debug][9][Cached JSON fetch complete: timeline/smu2svkrvihxgeos/yearly/0][]
[1789486023.522][2026-09-15 08:27:03][subbas-macbook-air.local][4306][SQLite][debug][5][Beginning transaction commit: 113][{"path":"timeline/smu2svkrvihxgeos/yearly","actions":2}]
[1789486023.522][2026-09-15 08:27:03][subbas-macbook-air.local][4306][SQLite][debug][5][Transaction commit complete: 113][{"path":"timeline/smu2svkrvihxgeos/yearly"}]
[1789486023.523][2026-09-15 08:27:03][subbas-macbook-air.local][4306][SQLite][debug][9][Storing SQLite JSON Object: hosts/smu2svkrvihxgeos/data][]
[1789486023.534][2026-09-15 08:27:03][subbas-macbook-air.local][4306][SQLite][debug][9][Store complete: hosts/smu2svkrvihxgeos/data][]
[1789486083.523][2026-09-15 08:28:03][subbas-macbook-air.local][4306][SQLite][debug][9][Cached JSON fetch complete: hosts/smu2svkrvihxgeos/data][]
[1789486083.525][2026-09-15 08:28:03][subbas-macbook-air.local][4306][SQLite][debug][9][Cached JSON fetch complete: timeline/smu2svkrvihxgeos/hourly][]
[1789486083.526][2026-09-15 08:28:03][subbas-macbook-air.local][4306][SQLite][debug][9][Cached JSON fetch complete: timeline/smu2svkrvihxgeos/hourly][]
[1789486083.529][2026-09-15 08:28:03][subbas-macbook-air.local][4306][SQLite][debug][9][Cached JSON fetch complete: timeline/smu2svkrvihxgeos/hourly/0][]
[1789486083.53][2026-09-15 08:28:03][subbas-macbook-air.local][4306][SQLite][debug][9][Cached JSON fetch complete: timeline/smu2svkrvihxgeos/hourly][]
[1789486083.53][2026-09-15 08:28:03][subbas-macbook-air.local][4306][SQLite][debug][9][Cached JSON fetch complete: timeline/smu2svkrvihxgeos/hourly/0][]
[1789486083.531][2026-09-15 08:28:03][subbas-macbook-air.local][4306][SQLite][debug][5][Beginning transaction commit: 114][{"path":"timeline/smu2svkrvihxgeos/hourly","actions":2}]
[1789486083.532][2026-09-15 08:28:03][subbas-macbook-air.local][4306][SQLite][debug][5][Transaction commit complete: 114][{"path":"timeline/smu2svkrvihxgeos/hourly"}]
[1789486083.534][2026-09-15 08:28:03][subbas-macbook-air.local][4306][SQLite][debug][9][Cached JSON fetch complete: timeline/smu2svkrvihxgeos/daily][]
[1789486083.534][2026-09-15 08:28:03][subbas-macbook-air.local][4306][SQLite][debug][9][Cached JSON fetch complete: timeline/smu2svkrvihxgeos/daily][]
[1789486083.535][2026-09-15 08:28:03][subbas-macbook-air.local][4306][SQLite][debug][9][Cached JSON fetch complete: timeline/smu2svkrvihxgeos/daily/0][]
[1789486083.536][2026-09-15 08:28:03][subbas-macbook-air.local][4306][SQLite][debug][9][Cached JSON fetch complete: timeline/smu2svkrvihxgeos/daily][]
[1789486083.537][2026-09-15 08:28:03][subbas-macbook-air.local][4306][SQLite][debug][9][Cached JSON fetch complete: timeline/smu2svkrvihxgeos/daily/0][]
[1789486083.538][2026-09-15 08:28:03][subbas-macbook-air.local][4306][SQLite][debug][5][Beginning transaction commit: 115][{"path":"timeline/smu2svkrvihxgeos/daily","actions":2}]
[1789486083.538][2026-09-15 08:28:03][subbas-macbook-air.local][4306][SQLite][debug][5][Transaction commit complete: 115][{"path":"timeline/smu2svkrvihxgeos/daily"}]
[1789486083.539][2026-09-15 08:28:03][subbas-macbook-air.local][4306][SQLite][debug][9][Cached JSON fetch complete: timeline/smu2svkrvihxgeos/monthly][]
[1789486083.539][2026-09-15 08:28:03][subbas-macbook-air.local][4306][SQLite][debug][9][Cached JSON fetch complete: timeline/smu2svkrvihxgeos/monthly][]
[1789486083.539][2026-09-15 08:28:03][subbas-macbook-air.local][4306][SQLite][debug][9][Cached JSON fetch complete: timeline/smu2svkrvihxgeos/monthly/0][]
[1789486083.54][2026-09-15 08:28:03][subbas-macbook-air.local][4306][SQLite][debug][9][Cached JSON fetch complete: timeline/smu2svkrvihxgeos/monthly][]
[1789486083.54][2026-09-15 08:28:03][subbas-macbook-air.local][4306][SQLite][debug][9][Cached JSON fetch complete: timeline/smu2svkrvihxgeos/monthly/0][]
[1789486083.54][2026-09-15 08:28:03][subbas-macbook-air.local][4306][SQLite][debug][5][Beginning transaction commit: 116][{"path":"timeline/smu2svkrvihxgeos/monthly","actions":2}]
[1789486083.541][2026-09-15 08:28:03][subbas-macbook-air.local][4306][SQLite][debug][5][Transaction commit complete: 116][{"path":"timeline/smu2svkrvihxgeos/monthly"}]
[1789486083.541][2026-09-15 08:28:03][subbas-macbook-air.local][4306][SQLite][debug][9][Cached JSON fetch complete: timeline/smu2svkrvihxgeos/yearly][]
[1789486083.541][2026-09-15 08:28:03][subbas-macbook-air.local][4306][SQLite][debug][9][Cached JSON fetch complete: timeline/smu2svkrvihxgeos/yearly][]
[1789486083.542][2026-09-15 08:28:03][subbas-macbook-air.local][4306][SQLite][debug][9][Cached JSON fetch complete: timeline/smu2svkrvihxgeos/yearly/0][]
[1789486083.542][2026-09-15 08:28:03][subbas-macbook-air.local][4306][SQLite][debug][9][Cached JSON fetch complete: timeline/smu2svkrvihxgeos/yearly][]
[1789486083.542][2026-09-15 08:28:03][subbas-macbook-air.local][4306][SQLite][debug][9][Cached JSON fetch complete: timeline/smu2svkrvihxgeos/yearly/0][]
[1789486083.543][2026-09-15 08:28:03][subbas-macbook-air.local][4306][SQLite][debug][5][Beginning transaction commit: 117][{"path":"timeline/smu2svkrvihxgeos/yearly","actions":2}]
[1789486083.543][2026-09-15 08:28:03][subbas-macbook-air.local][4306][SQLite][debug][5][Transaction commit complete: 117][{"path":"timeline/smu2svkrvihxgeos/yearly"}]
[1789486083.543][2026-09-15 08:28:03][subbas-macbook-air.local][4306][SQLite][debug][9][Storing SQLite JSON Object: hosts/smu2svkrvihxgeos/data][]
[1789486083.546][2026-09-15 08:28:03][subbas-macbook-air.local][4306][SQLite][debug][9][Store complete: hosts/smu2svkrvihxgeos/data][]
[1789486143.565][2026-09-15 08:29:03][subbas-macbook-air.local][4306][SQLite][debug][9][Cached JSON fetch complete: hosts/smu2svkrvihxgeos/data][]
[1789486143.568][2026-09-15 08:29:03][subbas-macbook-air.local][4306][SQLite][debug][9][Cached JSON fetch complete: timeline/smu2svkrvihxgeos/hourly][]
[1789486143.568][2026-09-15 08:29:03][subbas-macbook-air.local][4306][SQLite][debug][9][Cached JSON fetch complete: timeline/smu2svkrvihxgeos/hourly][]
[1789486143.568][2026-09-15 08:29:03][subbas-macbook-air.local][4306][SQLite][debug][9][Cached JSON fetch complete: timeline/smu2svkrvihxgeos/hourly/0][]
[1789486143.569][2026-09-15 08:29:03][subbas-macbook-air.local][4306][SQLite][debug][9][Cached JSON fetch complete: timeline/smu2svkrvihxgeos/hourly][]
[1789486143.57][2026-09-15 08:29:03][subbas-macbook-air.local][4306][SQLite][debug][9][Cached JSON fetch complete: timeline/smu2svkrvihxgeos/hourly/0][]
[1789486143.57][2026-09-15 08:29:03][subbas-macbook-air.local][4306][SQLite][debug][5][Beginning transaction commit: 118][{"path":"timeline/smu2svkrvihxgeos/hourly","actions":2}]
[1789486143.571][2026-09-15 08:29:03][subbas-macbook-air.local][4306][SQLite][debug][5][Transaction commit complete: 118][{"path":"timeline/smu2svkrvihxgeos/hourly"}]
[1789486143.571][2026-09-15 08:29:03][subbas-macbook-air.local][4306][SQLite][debug][9][Cached JSON fetch complete: timeline/smu2svkrvihxgeos/daily][]
[1789486143.572][2026-09-15 08:29:03][subbas-macbook-air.local][4306][SQLite][debug][9][Cached JSON fetch complete: timeline/smu2svkrvihxgeos/daily][]
[1789486143.572][2026-09-15 08:29:03][subbas-macbook-air.local][4306][SQLite][debug][9][Cached JSON fetch complete: timeline/smu2svkrvihxgeos/daily/0][]
[1789486143.572][2026-09-15 08:29:03][subbas-macbook-air.local][4306][SQLite][debug][9][Cached JSON fetch complete: timeline/smu2svkrvihxgeos/daily][]
[1789486143.572][2026-09-15 08:29:03][subbas-macbook-air.local][4306][SQLite][debug][9][Cached JSON fetch complete: timeline/smu2svkrvihxgeos/daily/0][]
[1789486143.573][2026-09-15 08:29:03][subbas-macbook-air.local][4306][SQLite][debug][5][Beginning transaction commit: 119][{"path":"timeline/smu2svkrvihxgeos/daily","actions":2}]
[1789486143.573][2026-09-15 08:29:03][subbas-macbook-air.local][4306][SQLite][debug][5][Transaction commit complete: 119][{"path":"timeline/smu2svkrvihxgeos/daily"}]
[1789486143.573][2026-09-15 08:29:03][subbas-macbook-air.local][4306][SQLite][debug][9][Cached JSON fetch complete: timeline/smu2svkrvihxgeos/monthly][]
[1789486143.573][2026-09-15 08:29:03][subbas-macbook-air.local][4306][SQLite][debug][9][Cached JSON fetch complete: timeline/smu2svkrvihxgeos/monthly][]
[1789486143.573][2026-09-15 08:29:03][subbas-macbook-air.local][4306][SQLite][debug][9][Cached JSON fetch complete: timeline/smu2svkrvihxgeos/monthly/0][]
[1789486143.574][2026-09-15 08:29:03][subbas-macbook-air.local][4306][SQLite][debug][9][Cached JSON fetch complete: timeline/smu2svkrvihxgeos/monthly][]
[1789486143.574][2026-09-15 08:29:03][subbas-macbook-air.local][4306][SQLite][debug][9][Cached JSON fetch complete: timeline/smu2svkrvihxgeos/monthly/0][]
[1789486143.575][2026-09-15 08:29:03][subbas-macbook-air.local][4306][SQLite][debug][5][Beginning transaction commit: 120][{"path":"timeline/smu2svkrvihxgeos/monthly","actions":2}]
[1789486143.575][2026-09-15 08:29:03][subbas-macbook-air.local][4306][SQLite][debug][5][Transaction commit complete: 120][{"path":"timeline/smu2svkrvihxgeos/monthly"}]
[1789486143.575][2026-09-15 08:29:03][subbas-macbook-air.local][4306][SQLite][debug][9][Cached JSON fetch complete: timeline/smu2svkrvihxgeos/yearly][]
[1789486143.575][2026-09-15 08:29:03][subbas-macbook-air.local][4306][SQLite][debug][9][Cached JSON fetch complete: timeline/smu2svkrvihxgeos/yearly][]
[1789486143.575][2026-09-15 08:29:03][subbas-macbook-air.local][4306][SQLite][debug][9][Cached JSON fetch complete: timeline/smu2svkrvihxgeos/yearly/0][]
[1789486143.576][2026-09-15 08:29:03][subbas-macbook-air.local][4306][SQLite][debug][9][Cached JSON fetch complete: timeline/smu2svkrvihxgeos/yearly][]
[1789486143.576][2026-09-15 08:29:03][subbas-macbook-air.local][4306][SQLite][debug][9][Cached JSON fetch complete: timeline/smu2svkrvihxgeos/yearly/0][]
[1789486143.576][2026-09-15 08:29:03][subbas-macbook-air.local][4306][SQLite][debug][5][Beginning transaction commit: 121][{"path":"timeline/smu2svkrvihxgeos/yearly","actions":2}]
[1789486143.576][2026-09-15 08:29:03][subbas-macbook-air.local][4306][SQLite][debug][5][Transaction commit complete: 121][{"path":"timeline/smu2svkrvihxgeos/yearly"}]
[1789486143.576][2026-09-15 08:29:03][subbas-macbook-air.local][4306][SQLite][debug][9][Storing SQLite JSON Object: hosts/smu2svkrvihxgeos/data][]
[1789486143.579][2026-09-15 08:29:03][subbas-macbook-air.local][4306][SQLite][debug][9][Store complete: hosts/smu2svkrvihxgeos/data][]
[1789486200.535][2026-09-15 08:30:00][subbas-macbook-air.local][4306][SQLite][debug][9][Cached JSON fetch complete: hosts/smu2svkrvihxgeos/data][]
[1789486200.535][2026-09-15 08:30:00][subbas-macbook-air.local][4306][SQLite][debug][9][Storing SQLite JSON Object: unbase/records/snapshots/snmu2tvpavjt9mha][]
[1789486200.537][2026-09-15 08:30:00][subbas-macbook-air.local][4306][SQLite][debug][9][Store complete: unbase/records/snapshots/snmu2tvpavjt9mha][]
[1789486200.538][2026-09-15 08:30:00][subbas-macbook-air.local][4306][SQLite][debug][9][Fetching SQLite Object: unbase/index/snapshots/_data/snmu2tvpavjt9mha][]
[1789486200.539][2026-09-15 08:30:00][subbas-macbook-air.local][4306][SQLite][debug][9][Cached JSON fetch complete: unbase/index/snapshots/_id][]
[1789486200.539][2026-09-15 08:30:00][subbas-macbook-air.local][4306][SQLite][debug][9][Cached JSON fetch complete: unbase/index/snapshots/_id/data][]
[1789486200.54][2026-09-15 08:30:00][subbas-macbook-air.local][4306][SQLite][debug][9][Fetching SQLite Object: unbase/index/snapshots/jobs/word/jmu2tvoxfj9ru706][]
[1789486200.54][2026-09-15 08:30:00][subbas-macbook-air.local][4306][SQLite][debug][9][Fetching SQLite Object: unbase/index/snapshots/jobs/word/jmu2tvoyyjh03zum][]
[1789486200.54][2026-09-15 08:30:00][subbas-macbook-air.local][4306][SQLite][debug][9][Cached JSON fetch complete: unbase/index/snapshots/type/word/server][]
[1789486200.54][2026-09-15 08:30:00][subbas-macbook-air.local][4306][SQLite][debug][9][Cached JSON fetch complete: unbase/index/snapshots/source/word/job][]
[1789486200.54][2026-09-15 08:30:00][subbas-macbook-air.local][4306][SQLite][debug][9][Cached JSON fetch complete: unbase/index/snapshots/server/word/smu2svkrvihxgeos][]
[1789486200.54][2026-09-15 08:30:00][subbas-macbook-air.local][4306][SQLite][debug][9][Cached JSON fetch complete: unbase/index/snapshots/groups/word/main][]
[1789486200.54][2026-09-15 08:30:00][subbas-macbook-air.local][4306][SQLite][debug][9][Cached JSON fetch complete: unbase/index/snapshots/date/summary][]
[1789486200.54][2026-09-15 08:30:00][subbas-macbook-air.local][4306][SQLite][debug][9][Cached JSON fetch complete: unbase/index/snapshots/date/word/497079][]
[1789486200.54][2026-09-15 08:30:00][subbas-macbook-air.local][4306][SQLite][debug][9][Cached JSON fetch complete: unbase/index/snapshots/date/word/h497000][]
[1789486200.54][2026-09-15 08:30:00][subbas-macbook-air.local][4306][SQLite][debug][9][Cached JSON fetch complete: unbase/index/snapshots/date/word/t497000][]
[1789486200.54][2026-09-15 08:30:00][subbas-macbook-air.local][4306][SQLite][debug][9][Cached JSON fetch complete: unbase/index/snapshots/type/word/server/data][]
[1789486200.54][2026-09-15 08:30:00][subbas-macbook-air.local][4306][SQLite][debug][9][Cached JSON fetch complete: unbase/index/snapshots/source/word/job/data][]
[1789486200.54][2026-09-15 08:30:00][subbas-macbook-air.local][4306][SQLite][debug][9][Cached JSON fetch complete: unbase/index/snapshots/server/word/smu2svkrvihxgeos/data][]
[1789486200.541][2026-09-15 08:30:00][subbas-macbook-air.local][4306][SQLite][debug][9][Cached JSON fetch complete: unbase/index/snapshots/groups/word/main/data][]
[1789486200.541][2026-09-15 08:30:00][subbas-macbook-air.local][4306][SQLite][debug][9][Cached JSON fetch complete: unbase/index/snapshots/date/word/497079/data][]
[1789486200.541][2026-09-15 08:30:00][subbas-macbook-air.local][4306][SQLite][debug][9][Cached JSON fetch complete: unbase/index/snapshots/date/word/h497000/data][]
[1789486200.541][2026-09-15 08:30:00][subbas-macbook-air.local][4306][SQLite][debug][9][Cached JSON fetch complete: unbase/index/snapshots/date/word/t497000/data][]
[1789486200.543][2026-09-15 08:30:00][subbas-macbook-air.local][4306][SQLite][debug][5][Beginning transaction commit: 122][{"path":"unbase/index/snapshots","actions":22}]
[1789486200.544][2026-09-15 08:30:00][subbas-macbook-air.local][4306][SQLite][debug][5][Transaction commit complete: 122][{"path":"unbase/index/snapshots"}]
[1789486200.544][2026-09-15 08:30:00][subbas-macbook-air.local][4306][SQLite][debug][9][Storing SQLite JSON Object: unbase/records/jobs/jmu2tvoyyjh03zum][]
[1789486200.544][2026-09-15 08:30:00][subbas-macbook-air.local][4306][SQLite][debug][9][Store complete: unbase/records/jobs/jmu2tvoyyjh03zum][]
[1789486200.545][2026-09-15 08:30:00][subbas-macbook-air.local][4306][SQLite][debug][9][Fetching SQLite Object: unbase/index/jobs/_data/jmu2tvoyyjh03zum][]
[1789486200.546][2026-09-15 08:30:00][subbas-macbook-air.local][4306][SQLite][debug][9][Cached JSON fetch complete: unbase/index/jobs/_id][]
[1789486200.546][2026-09-15 08:30:00][subbas-macbook-air.local][4306][SQLite][debug][9][Cached JSON fetch complete: unbase/index/jobs/_id/data][]
[1789486200.548][2026-09-15 08:30:00][subbas-macbook-air.local][4306][SQLite][debug][9][Cached JSON fetch complete: unbase/index/jobs/code/word/1][]
[1789486200.548][2026-09-15 08:30:00][subbas-macbook-air.local][4306][SQLite][debug][9][Cached JSON fetch complete: unbase/index/jobs/date/summary][]
[1789486200.548][2026-09-15 08:30:00][subbas-macbook-air.local][4306][SQLite][debug][9][Cached JSON fetch complete: unbase/index/jobs/date/word/497079][]
[1789486200.548][2026-09-15 08:30:00][subbas-macbook-air.local][4306][SQLite][debug][9][Cached JSON fetch complete: unbase/index/jobs/date/word/h497000][]
[1789486200.548][2026-09-15 08:30:00][subbas-macbook-air.local][4306][SQLite][debug][9][Cached JSON fetch complete: unbase/index/jobs/date/word/t497000][]
[1789486200.548][2026-09-15 08:30:00][subbas-macbook-air.local][4306][SQLite][debug][9][Cached JSON fetch complete: unbase/index/jobs/source/word/scheduler][]
[1789486200.548][2026-09-15 08:30:00][subbas-macbook-air.local][4306][SQLite][debug][9][Cached JSON fetch complete: unbase/index/jobs/tags/word/_error][]
[1789486200.548][2026-09-15 08:30:00][subbas-macbook-air.local][4306][SQLite][debug][9][Cached JSON fetch complete: unbase/index/jobs/tags/word/_last][]
[1789486200.548][2026-09-15 08:30:00][subbas-macbook-air.local][4306][SQLite][debug][9][Cached JSON fetch complete: unbase/index/jobs/event/word/emu2t3vr62wcc00v][]
[1789486200.548][2026-09-15 08:30:00][subbas-macbook-air.local][4306][SQLite][debug][9][Cached JSON fetch complete: unbase/index/jobs/category/word/general][]
[1789486200.548][2026-09-15 08:30:00][subbas-macbook-air.local][4306][SQLite][debug][9][Cached JSON fetch complete: unbase/index/jobs/plugin/word/shellplug][]
[1789486200.548][2026-09-15 08:30:00][subbas-macbook-air.local][4306][SQLite][debug][9][Cached JSON fetch complete: unbase/index/jobs/server/word/smu2svkrvihxgeos][]
[1789486200.548][2026-09-15 08:30:00][subbas-macbook-air.local][4306][SQLite][debug][9][Cached JSON fetch complete: unbase/index/jobs/groups/word/main][]
[1789486200.548][2026-09-15 08:30:00][subbas-macbook-air.local][4306][SQLite][debug][9][Cached JSON fetch complete: unbase/index/jobs/code/word/1/data][]
[1789486200.548][2026-09-15 08:30:00][subbas-macbook-air.local][4306][SQLite][debug][9][Cached JSON fetch complete: unbase/index/jobs/date/word/497079/data][]
[1789486200.548][2026-09-15 08:30:00][subbas-macbook-air.local][4306][SQLite][debug][9][Cached JSON fetch complete: unbase/index/jobs/date/word/h497000/data][]
[1789486200.548][2026-09-15 08:30:00][subbas-macbook-air.local][4306][SQLite][debug][9][Cached JSON fetch complete: unbase/index/jobs/date/word/t497000/data][]
[1789486200.548][2026-09-15 08:30:00][subbas-macbook-air.local][4306][SQLite][debug][9][Cached JSON fetch complete: unbase/index/jobs/source/word/scheduler/data][]
[1789486200.548][2026-09-15 08:30:00][subbas-macbook-air.local][4306][SQLite][debug][9][Cached JSON fetch complete: unbase/index/jobs/tags/word/_error/data][]
[1789486200.548][2026-09-15 08:30:00][subbas-macbook-air.local][4306][SQLite][debug][9][Cached JSON fetch complete: unbase/index/jobs/tags/word/_last/data][]
[1789486200.548][2026-09-15 08:30:00][subbas-macbook-air.local][4306][SQLite][debug][9][Cached JSON fetch complete: unbase/index/jobs/event/word/emu2t3vr62wcc00v/data][]
[1789486200.548][2026-09-15 08:30:00][subbas-macbook-air.local][4306][SQLite][debug][9][Cached JSON fetch complete: unbase/index/jobs/category/word/general/data][]
[1789486200.548][2026-09-15 08:30:00][subbas-macbook-air.local][4306][SQLite][debug][9][Cached JSON fetch complete: unbase/index/jobs/plugin/word/shellplug/data][]
[1789486200.548][2026-09-15 08:30:00][subbas-macbook-air.local][4306][SQLite][debug][9][Cached JSON fetch complete: unbase/index/jobs/server/word/smu2svkrvihxgeos/data][]
[1789486200.549][2026-09-15 08:30:00][subbas-macbook-air.local][4306][SQLite][debug][9][Cached JSON fetch complete: unbase/index/jobs/groups/word/main/data][]
[1789486200.55][2026-09-15 08:30:00][subbas-macbook-air.local][4306][SQLite][debug][9][Cached JSON fetch complete: unbase/index/jobs/completed/sort][]
[1789486200.55][2026-09-15 08:30:00][subbas-macbook-air.local][4306][SQLite][debug][9][Cached JSON fetch complete: unbase/index/jobs/elapsed/sort][]
[1789486200.55][2026-09-15 08:30:00][subbas-macbook-air.local][4306][SQLite][debug][9][Cached JSON fetch complete: unbase/index/jobs/completed/sort/data][]
[1789486200.551][2026-09-15 08:30:00][subbas-macbook-air.local][4306][SQLite][debug][9][Cached JSON fetch complete: unbase/index/jobs/elapsed/sort/data][]
[1789486200.551][2026-09-15 08:30:00][subbas-macbook-air.local][4306][SQLite][debug][5][Beginning transaction commit: 123][{"path":"unbase/index/jobs","actions":32}]
[1789486200.552][2026-09-15 08:30:00][subbas-macbook-air.local][4306][SQLite][debug][5][Transaction commit complete: 123][{"path":"unbase/index/jobs"}]
[1789486201.012][2026-09-15 08:30:01][subbas-macbook-air.local][4306][SQLite][debug][9][Storing SQLite JSON Object: global/state][]
[1789486201.013][2026-09-15 08:30:01][subbas-macbook-air.local][4306][SQLite][debug][9][Store complete: global/state][]
[1789486203.48][2026-09-15 08:30:03][subbas-macbook-air.local][4306][SQLite][debug][9][Cached JSON fetch complete: hosts/smu2svkrvihxgeos/data][]
[1789486203.48][2026-09-15 08:30:03][subbas-macbook-air.local][4306][SQLite][debug][9][Cached JSON fetch complete: timeline/smu2svkrvihxgeos/hourly][]
[1789486203.481][2026-09-15 08:30:03][subbas-macbook-air.local][4306][SQLite][debug][9][Cached JSON fetch complete: timeline/smu2svkrvihxgeos/hourly][]
[1789486203.481][2026-09-15 08:30:03][subbas-macbook-air.local][4306][SQLite][debug][9][Cached JSON fetch complete: timeline/smu2svkrvihxgeos/hourly/0][]
[1789486203.481][2026-09-15 08:30:03][subbas-macbook-air.local][4306][SQLite][debug][9][Cached JSON fetch complete: timeline/smu2svkrvihxgeos/hourly][]
[1789486203.481][2026-09-15 08:30:03][subbas-macbook-air.local][4306][SQLite][debug][9][Cached JSON fetch complete: timeline/smu2svkrvihxgeos/hourly/0][]
[1789486203.481][2026-09-15 08:30:03][subbas-macbook-air.local][4306][SQLite][debug][5][Beginning transaction commit: 124][{"path":"timeline/smu2svkrvihxgeos/hourly","actions":2}]
[1789486203.481][2026-09-15 08:30:03][subbas-macbook-air.local][4306][SQLite][debug][5][Transaction commit complete: 124][{"path":"timeline/smu2svkrvihxgeos/hourly"}]
[1789486203.482][2026-09-15 08:30:03][subbas-macbook-air.local][4306][SQLite][debug][9][Cached JSON fetch complete: timeline/smu2svkrvihxgeos/daily][]
[1789486203.482][2026-09-15 08:30:03][subbas-macbook-air.local][4306][SQLite][debug][9][Cached JSON fetch complete: timeline/smu2svkrvihxgeos/daily][]
[1789486203.482][2026-09-15 08:30:03][subbas-macbook-air.local][4306][SQLite][debug][9][Cached JSON fetch complete: timeline/smu2svkrvihxgeos/daily/0][]
[1789486203.482][2026-09-15 08:30:03][subbas-macbook-air.local][4306][SQLite][debug][9][Cached JSON fetch complete: timeline/smu2svkrvihxgeos/daily][]
[1789486203.482][2026-09-15 08:30:03][subbas-macbook-air.local][4306][SQLite][debug][9][Cached JSON fetch complete: timeline/smu2svkrvihxgeos/daily/0][]
[1789486203.482][2026-09-15 08:30:03][subbas-macbook-air.local][4306][SQLite][debug][5][Beginning transaction commit: 125][{"path":"timeline/smu2svkrvihxgeos/daily","actions":2}]
[1789486203.488][2026-09-15 08:30:03][subbas-macbook-air.local][4306][SQLite][debug][5][Transaction commit complete: 125][{"path":"timeline/smu2svkrvihxgeos/daily"}]
[1789486203.488][2026-09-15 08:30:03][subbas-macbook-air.local][4306][SQLite][debug][9][Cached JSON fetch complete: timeline/smu2svkrvihxgeos/monthly][]
[1789486203.488][2026-09-15 08:30:03][subbas-macbook-air.local][4306][SQLite][debug][9][Cached JSON fetch complete: timeline/smu2svkrvihxgeos/monthly][]
[1789486203.488][2026-09-15 08:30:03][subbas-macbook-air.local][4306][SQLite][debug][9][Cached JSON fetch complete: timeline/smu2svkrvihxgeos/monthly/0][]
[1789486203.489][2026-09-15 08:30:03][subbas-macbook-air.local][4306][SQLite][debug][9][Cached JSON fetch complete: timeline/smu2svkrvihxgeos/monthly][]
[1789486203.489][2026-09-15 08:30:03][subbas-macbook-air.local][4306][SQLite][debug][9][Cached JSON fetch complete: timeline/smu2svkrvihxgeos/monthly/0][]
[1789486203.489][2026-09-15 08:30:03][subbas-macbook-air.local][4306][SQLite][debug][5][Beginning transaction commit: 126][{"path":"timeline/smu2svkrvihxgeos/monthly","actions":2}]
[1789486203.489][2026-09-15 08:30:03][subbas-macbook-air.local][4306][SQLite][debug][5][Transaction commit complete: 126][{"path":"timeline/smu2svkrvihxgeos/monthly"}]
[1789486203.489][2026-09-15 08:30:03][subbas-macbook-air.local][4306][SQLite][debug][9][Cached JSON fetch complete: timeline/smu2svkrvihxgeos/yearly][]
[1789486203.49][2026-09-15 08:30:03][subbas-macbook-air.local][4306][SQLite][debug][9][Cached JSON fetch complete: timeline/smu2svkrvihxgeos/yearly][]
[1789486203.49][2026-09-15 08:30:03][subbas-macbook-air.local][4306][SQLite][debug][9][Cached JSON fetch complete: timeline/smu2svkrvihxgeos/yearly/0][]
[1789486203.49][2026-09-15 08:30:03][subbas-macbook-air.local][4306][SQLite][debug][9][Cached JSON fetch complete: timeline/smu2svkrvihxgeos/yearly][]
[1789486203.49][2026-09-15 08:30:03][subbas-macbook-air.local][4306][SQLite][debug][9][Cached JSON fetch complete: timeline/smu2svkrvihxgeos/yearly/0][]
[1789486203.49][2026-09-15 08:30:03][subbas-macbook-air.local][4306][SQLite][debug][5][Beginning transaction commit: 127][{"path":"timeline/smu2svkrvihxgeos/yearly","actions":2}]
[1789486203.49][2026-09-15 08:30:03][subbas-macbook-air.local][4306][SQLite][debug][5][Transaction commit complete: 127][{"path":"timeline/smu2svkrvihxgeos/yearly"}]
[1789486203.49][2026-09-15 08:30:03][subbas-macbook-air.local][4306][SQLite][debug][9][Storing SQLite JSON Object: hosts/smu2svkrvihxgeos/data][]
[1789486203.493][2026-09-15 08:30:03][subbas-macbook-air.local][4306][SQLite][debug][9][Store complete: hosts/smu2svkrvihxgeos/data][]
[1789486204.9][2026-09-15 08:30:04][subbas-macbook-air.local][4306][SQLite][debug][9][Storing SQLite JSON Object: unbase/records/jobs/jmu2tvoxfj9ru706][]
[1789486204.9][2026-09-15 08:30:04][subbas-macbook-air.local][4306][SQLite][debug][9][Store complete: unbase/records/jobs/jmu2tvoxfj9ru706][]
[1789486204.901][2026-09-15 08:30:04][subbas-macbook-air.local][4306][SQLite][debug][9][Fetching SQLite Object: unbase/index/jobs/_data/jmu2tvoxfj9ru706][]
[1789486204.902][2026-09-15 08:30:04][subbas-macbook-air.local][4306][SQLite][debug][9][Cached JSON fetch complete: unbase/index/jobs/_id][]
[1789486204.902][2026-09-15 08:30:04][subbas-macbook-air.local][4306][SQLite][debug][9][Cached JSON fetch complete: unbase/index/jobs/_id/data][]
[1789486204.904][2026-09-15 08:30:04][subbas-macbook-air.local][4306][SQLite][debug][9][Cached JSON fetch complete: unbase/index/jobs/code/word/0][]
[1789486204.904][2026-09-15 08:30:04][subbas-macbook-air.local][4306][SQLite][debug][9][Cached JSON fetch complete: unbase/index/jobs/date/summary][]
[1789486204.904][2026-09-15 08:30:04][subbas-macbook-air.local][4306][SQLite][debug][9][Cached JSON fetch complete: unbase/index/jobs/date/word/497079][]
[1789486204.904][2026-09-15 08:30:04][subbas-macbook-air.local][4306][SQLite][debug][9][Cached JSON fetch complete: unbase/index/jobs/date/word/h497000][]
[1789486204.904][2026-09-15 08:30:04][subbas-macbook-air.local][4306][SQLite][debug][9][Cached JSON fetch complete: unbase/index/jobs/date/word/t497000][]
[1789486204.904][2026-09-15 08:30:04][subbas-macbook-air.local][4306][SQLite][debug][9][Cached JSON fetch complete: unbase/index/jobs/source/word/scheduler][]
[1789486204.904][2026-09-15 08:30:04][subbas-macbook-air.local][4306][SQLite][debug][9][Cached JSON fetch complete: unbase/index/jobs/tags/word/_success][]
[1789486204.904][2026-09-15 08:30:04][subbas-macbook-air.local][4306][SQLite][debug][9][Cached JSON fetch complete: unbase/index/jobs/tags/word/_last][]
[1789486204.904][2026-09-15 08:30:04][subbas-macbook-air.local][4306][SQLite][debug][9][Cached JSON fetch complete: unbase/index/jobs/event/word/emu2sckyhuzou1hh][]
[1789486204.904][2026-09-15 08:30:04][subbas-macbook-air.local][4306][SQLite][debug][9][Cached JSON fetch complete: unbase/index/jobs/category/word/general][]
[1789486204.904][2026-09-15 08:30:04][subbas-macbook-air.local][4306][SQLite][debug][9][Cached JSON fetch complete: unbase/index/jobs/plugin/word/shellplug][]
[1789486204.904][2026-09-15 08:30:04][subbas-macbook-air.local][4306][SQLite][debug][9][Cached JSON fetch complete: unbase/index/jobs/server/word/smu2svkrvihxgeos][]
[1789486204.904][2026-09-15 08:30:04][subbas-macbook-air.local][4306][SQLite][debug][9][Cached JSON fetch complete: unbase/index/jobs/groups/word/main][]
[1789486204.904][2026-09-15 08:30:04][subbas-macbook-air.local][4306][SQLite][debug][9][Cached JSON fetch complete: unbase/index/jobs/code/word/0/data][]
[1789486204.904][2026-09-15 08:30:04][subbas-macbook-air.local][4306][SQLite][debug][9][Cached JSON fetch complete: unbase/index/jobs/date/word/497079/data][]
[1789486204.904][2026-09-15 08:30:04][subbas-macbook-air.local][4306][SQLite][debug][9][Cached JSON fetch complete: unbase/index/jobs/date/word/h497000/data][]
[1789486204.904][2026-09-15 08:30:04][subbas-macbook-air.local][4306][SQLite][debug][9][Cached JSON fetch complete: unbase/index/jobs/date/word/t497000/data][]
[1789486204.904][2026-09-15 08:30:04][subbas-macbook-air.local][4306][SQLite][debug][9][Cached JSON fetch complete: unbase/index/jobs/source/word/scheduler/data][]
[1789486204.905][2026-09-15 08:30:04][subbas-macbook-air.local][4306][SQLite][debug][9][Cached JSON fetch complete: unbase/index/jobs/tags/word/_success/data][]
[1789486204.905][2026-09-15 08:30:04][subbas-macbook-air.local][4306][SQLite][debug][9][Cached JSON fetch complete: unbase/index/jobs/tags/word/_last/data][]
[1789486204.905][2026-09-15 08:30:04][subbas-macbook-air.local][4306][SQLite][debug][9][Cached JSON fetch complete: unbase/index/jobs/event/word/emu2sckyhuzou1hh/data][]
[1789486204.905][2026-09-15 08:30:04][subbas-macbook-air.local][4306][SQLite][debug][9][Cached JSON fetch complete: unbase/index/jobs/category/word/general/data][]
[1789486204.905][2026-09-15 08:30:04][subbas-macbook-air.local][4306][SQLite][debug][9][Cached JSON fetch complete: unbase/index/jobs/plugin/word/shellplug/data][]
[1789486204.905][2026-09-15 08:30:04][subbas-macbook-air.local][4306][SQLite][debug][9][Cached JSON fetch complete: unbase/index/jobs/server/word/smu2svkrvihxgeos/data][]
[1789486204.905][2026-09-15 08:30:04][subbas-macbook-air.local][4306][SQLite][debug][9][Cached JSON fetch complete: unbase/index/jobs/groups/word/main/data][]
[1789486204.906][2026-09-15 08:30:04][subbas-macbook-air.local][4306][SQLite][debug][9][Cached JSON fetch complete: unbase/index/jobs/completed/sort][]
[1789486204.906][2026-09-15 08:30:04][subbas-macbook-air.local][4306][SQLite][debug][9][Cached JSON fetch complete: unbase/index/jobs/elapsed/sort][]
[1789486204.907][2026-09-15 08:30:04][subbas-macbook-air.local][4306][SQLite][debug][9][Cached JSON fetch complete: unbase/index/jobs/completed/sort/data][]
[1789486204.907][2026-09-15 08:30:04][subbas-macbook-air.local][4306][SQLite][debug][9][Cached JSON fetch complete: unbase/index/jobs/elapsed/sort/data][]
[1789486204.907][2026-09-15 08:30:04][subbas-macbook-air.local][4306][SQLite][debug][5][Beginning transaction commit: 128][{"path":"unbase/index/jobs","actions":32}]
[1789486204.91][2026-09-15 08:30:04][subbas-macbook-air.local][4306][SQLite][debug][5][Transaction commit complete: 128][{"path":"unbase/index/jobs"}]
[1789486205.03][2026-09-15 08:30:05][subbas-macbook-air.local][4306][SQLite][debug][9][Storing SQLite JSON Object: global/state][]
[1789486205.031][2026-09-15 08:30:05][subbas-macbook-air.local][4306][SQLite][debug][9][Store complete: global/state][]
[1789486263.464][2026-09-15 08:31:03][subbas-macbook-air.local][4306][SQLite][debug][9][Cached JSON fetch complete: hosts/smu2svkrvihxgeos/data][]
[1789486263.467][2026-09-15 08:31:03][subbas-macbook-air.local][4306][SQLite][debug][9][Cached JSON fetch complete: timeline/smu2svkrvihxgeos/hourly][]
[1789486263.467][2026-09-15 08:31:03][subbas-macbook-air.local][4306][SQLite][debug][9][Cached JSON fetch complete: timeline/smu2svkrvihxgeos/hourly][]
[1789486263.467][2026-09-15 08:31:03][subbas-macbook-air.local][4306][SQLite][debug][9][Cached JSON fetch complete: timeline/smu2svkrvihxgeos/hourly/0][]
[1789486263.468][2026-09-15 08:31:03][subbas-macbook-air.local][4306][SQLite][debug][9][Cached JSON fetch complete: timeline/smu2svkrvihxgeos/hourly][]
[1789486263.468][2026-09-15 08:31:03][subbas-macbook-air.local][4306][SQLite][debug][9][Cached JSON fetch complete: timeline/smu2svkrvihxgeos/hourly/0][]
[1789486263.471][2026-09-15 08:31:03][subbas-macbook-air.local][4306][SQLite][debug][5][Beginning transaction commit: 129][{"path":"timeline/smu2svkrvihxgeos/hourly","actions":2}]
[1789486263.472][2026-09-15 08:31:03][subbas-macbook-air.local][4306][SQLite][debug][5][Transaction commit complete: 129][{"path":"timeline/smu2svkrvihxgeos/hourly"}]
[1789486263.473][2026-09-15 08:31:03][subbas-macbook-air.local][4306][SQLite][debug][9][Cached JSON fetch complete: timeline/smu2svkrvihxgeos/daily][]
[1789486263.474][2026-09-15 08:31:03][subbas-macbook-air.local][4306][SQLite][debug][9][Cached JSON fetch complete: timeline/smu2svkrvihxgeos/daily][]
[1789486263.474][2026-09-15 08:31:03][subbas-macbook-air.local][4306][SQLite][debug][9][Cached JSON fetch complete: timeline/smu2svkrvihxgeos/daily/0][]
[1789486263.474][2026-09-15 08:31:03][subbas-macbook-air.local][4306][SQLite][debug][9][Cached JSON fetch complete: timeline/smu2svkrvihxgeos/daily][]
[1789486263.474][2026-09-15 08:31:03][subbas-macbook-air.local][4306][SQLite][debug][9][Cached JSON fetch complete: timeline/smu2svkrvihxgeos/daily/0][]
[1789486263.475][2026-09-15 08:31:03][subbas-macbook-air.local][4306][SQLite][debug][5][Beginning transaction commit: 130][{"path":"timeline/smu2svkrvihxgeos/daily","actions":2}]
[1789486263.475][2026-09-15 08:31:03][subbas-macbook-air.local][4306][SQLite][debug][5][Transaction commit complete: 130][{"path":"timeline/smu2svkrvihxgeos/daily"}]
[1789486263.476][2026-09-15 08:31:03][subbas-macbook-air.local][4306][SQLite][debug][9][Cached JSON fetch complete: timeline/smu2svkrvihxgeos/monthly][]
[1789486263.476][2026-09-15 08:31:03][subbas-macbook-air.local][4306][SQLite][debug][9][Cached JSON fetch complete: timeline/smu2svkrvihxgeos/monthly][]
[1789486263.476][2026-09-15 08:31:03][subbas-macbook-air.local][4306][SQLite][debug][9][Cached JSON fetch complete: timeline/smu2svkrvihxgeos/monthly/0][]
[1789486263.476][2026-09-15 08:31:03][subbas-macbook-air.local][4306][SQLite][debug][9][Cached JSON fetch complete: timeline/smu2svkrvihxgeos/monthly][]
[1789486263.476][2026-09-15 08:31:03][subbas-macbook-air.local][4306][SQLite][debug][9][Cached JSON fetch complete: timeline/smu2svkrvihxgeos/monthly/0][]
[1789486263.477][2026-09-15 08:31:03][subbas-macbook-air.local][4306][SQLite][debug][5][Beginning transaction commit: 131][{"path":"timeline/smu2svkrvihxgeos/monthly","actions":2}]
[1789486263.477][2026-09-15 08:31:03][subbas-macbook-air.local][4306][SQLite][debug][5][Transaction commit complete: 131][{"path":"timeline/smu2svkrvihxgeos/monthly"}]
[1789486263.477][2026-09-15 08:31:03][subbas-macbook-air.local][4306][SQLite][debug][9][Cached JSON fetch complete: timeline/smu2svkrvihxgeos/yearly][]
[1789486263.478][2026-09-15 08:31:03][subbas-macbook-air.local][4306][SQLite][debug][9][Cached JSON fetch complete: timeline/smu2svkrvihxgeos/yearly][]
[1789486263.478][2026-09-15 08:31:03][subbas-macbook-air.local][4306][SQLite][debug][9][Cached JSON fetch complete: timeline/smu2svkrvihxgeos/yearly/0][]
[1789486263.478][2026-09-15 08:31:03][subbas-macbook-air.local][4306][SQLite][debug][9][Cached JSON fetch complete: timeline/smu2svkrvihxgeos/yearly][]
[1789486263.478][2026-09-15 08:31:03][subbas-macbook-air.local][4306][SQLite][debug][9][Cached JSON fetch complete: timeline/smu2svkrvihxgeos/yearly/0][]
[1789486263.478][2026-09-15 08:31:03][subbas-macbook-air.local][4306][SQLite][debug][5][Beginning transaction commit: 132][{"path":"timeline/smu2svkrvihxgeos/yearly","actions":2}]
[1789486263.478][2026-09-15 08:31:03][subbas-macbook-air.local][4306][SQLite][debug][5][Transaction commit complete: 132][{"path":"timeline/smu2svkrvihxgeos/yearly"}]
[1789486263.478][2026-09-15 08:31:03][subbas-macbook-air.local][4306][SQLite][debug][9][Storing SQLite JSON Object: hosts/smu2svkrvihxgeos/data][]
[1789486263.481][2026-09-15 08:31:03][subbas-macbook-air.local][4306][SQLite][debug][9][Store complete: hosts/smu2svkrvihxgeos/data][]
[1789486323.476][2026-09-15 08:32:03][subbas-macbook-air.local][4306][SQLite][debug][9][Cached JSON fetch complete: hosts/smu2svkrvihxgeos/data][]
[1789486323.478][2026-09-15 08:32:03][subbas-macbook-air.local][4306][SQLite][debug][9][Cached JSON fetch complete: timeline/smu2svkrvihxgeos/hourly][]
[1789486323.478][2026-09-15 08:32:03][subbas-macbook-air.local][4306][SQLite][debug][9][Cached JSON fetch complete: timeline/smu2svkrvihxgeos/hourly][]
[1789486323.479][2026-09-15 08:32:03][subbas-macbook-air.local][4306][SQLite][debug][9][Cached JSON fetch complete: timeline/smu2svkrvihxgeos/hourly/0][]
[1789486323.479][2026-09-15 08:32:03][subbas-macbook-air.local][4306][SQLite][debug][9][Cached JSON fetch complete: timeline/smu2svkrvihxgeos/hourly][]
[1789486323.479][2026-09-15 08:32:03][subbas-macbook-air.local][4306][SQLite][debug][9][Cached JSON fetch complete: timeline/smu2svkrvihxgeos/hourly/0][]
[1789486323.482][2026-09-15 08:32:03][subbas-macbook-air.local][4306][SQLite][debug][5][Beginning transaction commit: 133][{"path":"timeline/smu2svkrvihxgeos/hourly","actions":2}]
[1789486323.484][2026-09-15 08:32:03][subbas-macbook-air.local][4306][SQLite][debug][5][Transaction commit complete: 133][{"path":"timeline/smu2svkrvihxgeos/hourly"}]
[1789486323.485][2026-09-15 08:32:03][subbas-macbook-air.local][4306][SQLite][debug][9][Cached JSON fetch complete: timeline/smu2svkrvihxgeos/daily][]
[1789486323.485][2026-09-15 08:32:03][subbas-macbook-air.local][4306][SQLite][debug][9][Cached JSON fetch complete: timeline/smu2svkrvihxgeos/daily][]
[1789486323.485][2026-09-15 08:32:03][subbas-macbook-air.local][4306][SQLite][debug][9][Cached JSON fetch complete: timeline/smu2svkrvihxgeos/daily/0][]
[1789486323.486][2026-09-15 08:32:03][subbas-macbook-air.local][4306][SQLite][debug][9][Cached JSON fetch complete: timeline/smu2svkrvihxgeos/daily][]
[1789486323.486][2026-09-15 08:32:03][subbas-macbook-air.local][4306][SQLite][debug][9][Cached JSON fetch complete: timeline/smu2svkrvihxgeos/daily/0][]
[1789486323.487][2026-09-15 08:32:03][subbas-macbook-air.local][4306][SQLite][debug][5][Beginning transaction commit: 134][{"path":"timeline/smu2svkrvihxgeos/daily","actions":2}]
[1789486323.487][2026-09-15 08:32:03][subbas-macbook-air.local][4306][SQLite][debug][5][Transaction commit complete: 134][{"path":"timeline/smu2svkrvihxgeos/daily"}]
[1789486323.487][2026-09-15 08:32:03][subbas-macbook-air.local][4306][SQLite][debug][9][Cached JSON fetch complete: timeline/smu2svkrvihxgeos/monthly][]
[1789486323.488][2026-09-15 08:32:03][subbas-macbook-air.local][4306][SQLite][debug][9][Cached JSON fetch complete: timeline/smu2svkrvihxgeos/monthly][]
[1789486323.488][2026-09-15 08:32:03][subbas-macbook-air.local][4306][SQLite][debug][9][Cached JSON fetch complete: timeline/smu2svkrvihxgeos/monthly/0][]
[1789486323.488][2026-09-15 08:32:03][subbas-macbook-air.local][4306][SQLite][debug][9][Cached JSON fetch complete: timeline/smu2svkrvihxgeos/monthly][]
[1789486323.488][2026-09-15 08:32:03][subbas-macbook-air.local][4306][SQLite][debug][9][Cached JSON fetch complete: timeline/smu2svkrvihxgeos/monthly/0][]
[1789486323.489][2026-09-15 08:32:03][subbas-macbook-air.local][4306][SQLite][debug][5][Beginning transaction commit: 135][{"path":"timeline/smu2svkrvihxgeos/monthly","actions":2}]
[1789486323.489][2026-09-15 08:32:03][subbas-macbook-air.local][4306][SQLite][debug][5][Transaction commit complete: 135][{"path":"timeline/smu2svkrvihxgeos/monthly"}]
[1789486323.49][2026-09-15 08:32:03][subbas-macbook-air.local][4306][SQLite][debug][9][Cached JSON fetch complete: timeline/smu2svkrvihxgeos/yearly][]
[1789486323.49][2026-09-15 08:32:03][subbas-macbook-air.local][4306][SQLite][debug][9][Cached JSON fetch complete: timeline/smu2svkrvihxgeos/yearly][]
[1789486323.49][2026-09-15 08:32:03][subbas-macbook-air.local][4306][SQLite][debug][9][Cached JSON fetch complete: timeline/smu2svkrvihxgeos/yearly/0][]
[1789486323.49][2026-09-15 08:32:03][subbas-macbook-air.local][4306][SQLite][debug][9][Cached JSON fetch complete: timeline/smu2svkrvihxgeos/yearly][]
[1789486323.491][2026-09-15 08:32:03][subbas-macbook-air.local][4306][SQLite][debug][9][Cached JSON fetch complete: timeline/smu2svkrvihxgeos/yearly/0][]
[1789486323.492][2026-09-15 08:32:03][subbas-macbook-air.local][4306][SQLite][debug][5][Beginning transaction commit: 136][{"path":"timeline/smu2svkrvihxgeos/yearly","actions":2}]
[1789486323.492][2026-09-15 08:32:03][subbas-macbook-air.local][4306][SQLite][debug][5][Transaction commit complete: 136][{"path":"timeline/smu2svkrvihxgeos/yearly"}]
[1789486323.492][2026-09-15 08:32:03][subbas-macbook-air.local][4306][SQLite][debug][9][Storing SQLite JSON Object: hosts/smu2svkrvihxgeos/data][]
[1789486323.496][2026-09-15 08:32:03][subbas-macbook-air.local][4306][SQLite][debug][9][Store complete: hosts/smu2svkrvihxgeos/data][]
[1789486383.51][2026-09-15 08:33:03][subbas-macbook-air.local][4306][SQLite][debug][9][Cached JSON fetch complete: hosts/smu2svkrvihxgeos/data][]
[1789486383.512][2026-09-15 08:33:03][subbas-macbook-air.local][4306][SQLite][debug][9][Cached JSON fetch complete: timeline/smu2svkrvihxgeos/hourly][]
[1789486383.513][2026-09-15 08:33:03][subbas-macbook-air.local][4306][SQLite][debug][9][Cached JSON fetch complete: timeline/smu2svkrvihxgeos/hourly][]
[1789486383.514][2026-09-15 08:33:03][subbas-macbook-air.local][4306][SQLite][debug][9][Cached JSON fetch complete: timeline/smu2svkrvihxgeos/hourly/0][]
[1789486383.517][2026-09-15 08:33:03][subbas-macbook-air.local][4306][SQLite][debug][9][Cached JSON fetch complete: timeline/smu2svkrvihxgeos/hourly][]
[1789486383.517][2026-09-15 08:33:03][subbas-macbook-air.local][4306][SQLite][debug][9][Cached JSON fetch complete: timeline/smu2svkrvihxgeos/hourly/0][]
[1789486383.518][2026-09-15 08:33:03][subbas-macbook-air.local][4306][SQLite][debug][5][Beginning transaction commit: 137][{"path":"timeline/smu2svkrvihxgeos/hourly","actions":2}]
[1789486383.519][2026-09-15 08:33:03][subbas-macbook-air.local][4306][SQLite][debug][5][Transaction commit complete: 137][{"path":"timeline/smu2svkrvihxgeos/hourly"}]
[1789486383.519][2026-09-15 08:33:03][subbas-macbook-air.local][4306][SQLite][debug][9][Cached JSON fetch complete: timeline/smu2svkrvihxgeos/daily][]
[1789486383.519][2026-09-15 08:33:03][subbas-macbook-air.local][4306][SQLite][debug][9][Cached JSON fetch complete: timeline/smu2svkrvihxgeos/daily][]
[1789486383.519][2026-09-15 08:33:03][subbas-macbook-air.local][4306][SQLite][debug][9][Cached JSON fetch complete: timeline/smu2svkrvihxgeos/daily/0][]
[1789486383.52][2026-09-15 08:33:03][subbas-macbook-air.local][4306][SQLite][debug][9][Cached JSON fetch complete: timeline/smu2svkrvihxgeos/daily][]
[1789486383.52][2026-09-15 08:33:03][subbas-macbook-air.local][4306][SQLite][debug][9][Cached JSON fetch complete: timeline/smu2svkrvihxgeos/daily/0][]
[1789486383.52][2026-09-15 08:33:03][subbas-macbook-air.local][4306][SQLite][debug][5][Beginning transaction commit: 138][{"path":"timeline/smu2svkrvihxgeos/daily","actions":2}]
[1789486383.52][2026-09-15 08:33:03][subbas-macbook-air.local][4306][SQLite][debug][5][Transaction commit complete: 138][{"path":"timeline/smu2svkrvihxgeos/daily"}]
[1789486383.521][2026-09-15 08:33:03][subbas-macbook-air.local][4306][SQLite][debug][9][Cached JSON fetch complete: timeline/smu2svkrvihxgeos/monthly][]
[1789486383.521][2026-09-15 08:33:03][subbas-macbook-air.local][4306][SQLite][debug][9][Cached JSON fetch complete: timeline/smu2svkrvihxgeos/monthly][]
[1789486383.521][2026-09-15 08:33:03][subbas-macbook-air.local][4306][SQLite][debug][9][Cached JSON fetch complete: timeline/smu2svkrvihxgeos/monthly/0][]
[1789486383.521][2026-09-15 08:33:03][subbas-macbook-air.local][4306][SQLite][debug][9][Cached JSON fetch complete: timeline/smu2svkrvihxgeos/monthly][]
[1789486383.521][2026-09-15 08:33:03][subbas-macbook-air.local][4306][SQLite][debug][9][Cached JSON fetch complete: timeline/smu2svkrvihxgeos/monthly/0][]
[1789486383.522][2026-09-15 08:33:03][subbas-macbook-air.local][4306][SQLite][debug][5][Beginning transaction commit: 139][{"path":"timeline/smu2svkrvihxgeos/monthly","actions":2}]
[1789486383.522][2026-09-15 08:33:03][subbas-macbook-air.local][4306][SQLite][debug][5][Transaction commit complete: 139][{"path":"timeline/smu2svkrvihxgeos/monthly"}]
[1789486383.522][2026-09-15 08:33:03][subbas-macbook-air.local][4306][SQLite][debug][9][Cached JSON fetch complete: timeline/smu2svkrvihxgeos/yearly][]
[1789486383.522][2026-09-15 08:33:03][subbas-macbook-air.local][4306][SQLite][debug][9][Cached JSON fetch complete: timeline/smu2svkrvihxgeos/yearly][]
[1789486383.522][2026-09-15 08:33:03][subbas-macbook-air.local][4306][SQLite][debug][9][Cached JSON fetch complete: timeline/smu2svkrvihxgeos/yearly/0][]
[1789486383.523][2026-09-15 08:33:03][subbas-macbook-air.local][4306][SQLite][debug][9][Cached JSON fetch complete: timeline/smu2svkrvihxgeos/yearly][]
[1789486383.523][2026-09-15 08:33:03][subbas-macbook-air.local][4306][SQLite][debug][9][Cached JSON fetch complete: timeline/smu2svkrvihxgeos/yearly/0][]
[1789486383.523][2026-09-15 08:33:03][subbas-macbook-air.local][4306][SQLite][debug][5][Beginning transaction commit: 140][{"path":"timeline/smu2svkrvihxgeos/yearly","actions":2}]
[1789486383.523][2026-09-15 08:33:03][subbas-macbook-air.local][4306][SQLite][debug][5][Transaction commit complete: 140][{"path":"timeline/smu2svkrvihxgeos/yearly"}]
[1789486383.523][2026-09-15 08:33:03][subbas-macbook-air.local][4306][SQLite][debug][9][Storing SQLite JSON Object: hosts/smu2svkrvihxgeos/data][]
[1789486383.526][2026-09-15 08:33:03][subbas-macbook-air.local][4306][SQLite][debug][9][Store complete: hosts/smu2svkrvihxgeos/data][]
[1789486443.559][2026-09-15 08:34:03][subbas-macbook-air.local][4306][SQLite][debug][9][Cached JSON fetch complete: hosts/smu2svkrvihxgeos/data][]
[1789486443.56][2026-09-15 08:34:03][subbas-macbook-air.local][4306][SQLite][debug][9][Cached JSON fetch complete: timeline/smu2svkrvihxgeos/hourly][]
[1789486443.561][2026-09-15 08:34:03][subbas-macbook-air.local][4306][SQLite][debug][9][Cached JSON fetch complete: timeline/smu2svkrvihxgeos/hourly][]
[1789486443.561][2026-09-15 08:34:03][subbas-macbook-air.local][4306][SQLite][debug][9][Cached JSON fetch complete: timeline/smu2svkrvihxgeos/hourly/0][]
[1789486443.561][2026-09-15 08:34:03][subbas-macbook-air.local][4306][SQLite][debug][9][Cached JSON fetch complete: timeline/smu2svkrvihxgeos/hourly][]
[1789486443.562][2026-09-15 08:34:03][subbas-macbook-air.local][4306][SQLite][debug][9][Cached JSON fetch complete: timeline/smu2svkrvihxgeos/hourly/0][]
[1789486443.563][2026-09-15 08:34:03][subbas-macbook-air.local][4306][SQLite][debug][5][Beginning transaction commit: 141][{"path":"timeline/smu2svkrvihxgeos/hourly","actions":2}]
[1789486443.564][2026-09-15 08:34:03][subbas-macbook-air.local][4306][SQLite][debug][5][Transaction commit complete: 141][{"path":"timeline/smu2svkrvihxgeos/hourly"}]
[1789486443.565][2026-09-15 08:34:03][subbas-macbook-air.local][4306][SQLite][debug][9][Cached JSON fetch complete: timeline/smu2svkrvihxgeos/daily][]
[1789486443.565][2026-09-15 08:34:03][subbas-macbook-air.local][4306][SQLite][debug][9][Cached JSON fetch complete: timeline/smu2svkrvihxgeos/daily][]
[1789486443.565][2026-09-15 08:34:03][subbas-macbook-air.local][4306][SQLite][debug][9][Cached JSON fetch complete: timeline/smu2svkrvihxgeos/daily/0][]
[1789486443.565][2026-09-15 08:34:03][subbas-macbook-air.local][4306][SQLite][debug][9][Cached JSON fetch complete: timeline/smu2svkrvihxgeos/daily][]
[1789486443.565][2026-09-15 08:34:03][subbas-macbook-air.local][4306][SQLite][debug][9][Cached JSON fetch complete: timeline/smu2svkrvihxgeos/daily/0][]
[1789486443.566][2026-09-15 08:34:03][subbas-macbook-air.local][4306][SQLite][debug][5][Beginning transaction commit: 142][{"path":"timeline/smu2svkrvihxgeos/daily","actions":2}]
[1789486443.566][2026-09-15 08:34:03][subbas-macbook-air.local][4306][SQLite][debug][5][Transaction commit complete: 142][{"path":"timeline/smu2svkrvihxgeos/daily"}]
[1789486443.566][2026-09-15 08:34:03][subbas-macbook-air.local][4306][SQLite][debug][9][Cached JSON fetch complete: timeline/smu2svkrvihxgeos/monthly][]
[1789486443.567][2026-09-15 08:34:03][subbas-macbook-air.local][4306][SQLite][debug][9][Cached JSON fetch complete: timeline/smu2svkrvihxgeos/monthly][]
[1789486443.567][2026-09-15 08:34:03][subbas-macbook-air.local][4306][SQLite][debug][9][Cached JSON fetch complete: timeline/smu2svkrvihxgeos/monthly/0][]
[1789486443.567][2026-09-15 08:34:03][subbas-macbook-air.local][4306][SQLite][debug][9][Cached JSON fetch complete: timeline/smu2svkrvihxgeos/monthly][]
[1789486443.567][2026-09-15 08:34:03][subbas-macbook-air.local][4306][SQLite][debug][9][Cached JSON fetch complete: timeline/smu2svkrvihxgeos/monthly/0][]
[1789486443.568][2026-09-15 08:34:03][subbas-macbook-air.local][4306][SQLite][debug][5][Beginning transaction commit: 143][{"path":"timeline/smu2svkrvihxgeos/monthly","actions":2}]
[1789486443.568][2026-09-15 08:34:03][subbas-macbook-air.local][4306][SQLite][debug][5][Transaction commit complete: 143][{"path":"timeline/smu2svkrvihxgeos/monthly"}]
[1789486443.568][2026-09-15 08:34:03][subbas-macbook-air.local][4306][SQLite][debug][9][Cached JSON fetch complete: timeline/smu2svkrvihxgeos/yearly][]
[1789486443.569][2026-09-15 08:34:03][subbas-macbook-air.local][4306][SQLite][debug][9][Cached JSON fetch complete: timeline/smu2svkrvihxgeos/yearly][]
[1789486443.569][2026-09-15 08:34:03][subbas-macbook-air.local][4306][SQLite][debug][9][Cached JSON fetch complete: timeline/smu2svkrvihxgeos/yearly/0][]
[1789486443.569][2026-09-15 08:34:03][subbas-macbook-air.local][4306][SQLite][debug][9][Cached JSON fetch complete: timeline/smu2svkrvihxgeos/yearly][]
[1789486443.569][2026-09-15 08:34:03][subbas-macbook-air.local][4306][SQLite][debug][9][Cached JSON fetch complete: timeline/smu2svkrvihxgeos/yearly/0][]
[1789486443.569][2026-09-15 08:34:03][subbas-macbook-air.local][4306][SQLite][debug][5][Beginning transaction commit: 144][{"path":"timeline/smu2svkrvihxgeos/yearly","actions":2}]
[1789486443.569][2026-09-15 08:34:03][subbas-macbook-air.local][4306][SQLite][debug][5][Transaction commit complete: 144][{"path":"timeline/smu2svkrvihxgeos/yearly"}]
[1789486443.57][2026-09-15 08:34:03][subbas-macbook-air.local][4306][SQLite][debug][9][Storing SQLite JSON Object: hosts/smu2svkrvihxgeos/data][]
[1789486443.572][2026-09-15 08:34:03][subbas-macbook-air.local][4306][SQLite][debug][9][Store complete: hosts/smu2svkrvihxgeos/data][]
[1789486498.197][2026-09-15 08:34:58][subbas-macbook-air.local][4306][SQLite][debug][9][Cached JSON fetch complete: sessions/8397ca50eb4879dce3d919e8099169f80bc7650ee26249f4066858e5526e7d4a][]
[1789486498.198][2026-09-15 08:34:58][subbas-macbook-air.local][4306][SQLite][debug][9][Cached JSON fetch complete: users/admin][]
[1789486498.199][2026-09-15 08:34:58][subbas-macbook-air.local][4306][SQLite][debug][9][Cached JSON fetch complete: unbase/records/jobs/jmu2tvoyyjh03zum][]
[1789486498.21][2026-09-15 08:34:58][subbas-macbook-air.local][4306][SQLite][debug][9][Cached JSON fetch complete: sessions/8397ca50eb4879dce3d919e8099169f80bc7650ee26249f4066858e5526e7d4a][]
[1789486498.21][2026-09-15 08:34:58][subbas-macbook-air.local][4306][SQLite][debug][9][Cached JSON fetch complete: users/admin][]
[1789486498.213][2026-09-15 08:34:58][subbas-macbook-air.local][4306][SQLite][debug][9][Cached JSON fetch complete: unbase/index/snapshots/jobs/word/jmu2tvoyyjh03zum][]
[1789486498.214][2026-09-15 08:34:58][subbas-macbook-air.local][4306][SQLite][debug][9][Cached JSON fetch complete: unbase/index/snapshots/jobs/word/jmu2tvoyyjh03zum/data][]
[1789486498.217][2026-09-15 08:34:58][subbas-macbook-air.local][4306][SQLite][debug][9][Cached JSON fetch complete: unbase/records/snapshots/snmu2tvpavjt9mha][]
[1789486498.224][2026-09-15 08:34:58][subbas-macbook-air.local][4306][SQLite][debug][9][Cached JSON fetch complete: sessions/8397ca50eb4879dce3d919e8099169f80bc7650ee26249f4066858e5526e7d4a][]
[1789486498.225][2026-09-15 08:34:58][subbas-macbook-air.local][4306][SQLite][debug][9][Cached JSON fetch complete: users/admin][]
[1789486498.226][2026-09-15 08:34:58][subbas-macbook-air.local][4306][SQLite][debug][9][Fetching SQLite Object: unbase/index/alerts/jobs/word/jmu2tvoyyjh03zum][]
[1789486498.227][2026-09-15 08:34:58][subbas-macbook-air.local][4306][SQLite][debug][9][Fetching SQLite Object: unbase/index/alerts/jobs/word/jmu2tvoyyjh03zum/data][]
[1789486503.535][2026-09-15 08:35:03][subbas-macbook-air.local][4306][SQLite][debug][9][Cached JSON fetch complete: hosts/smu2svkrvihxgeos/data][]
[1789486503.537][2026-09-15 08:35:03][subbas-macbook-air.local][4306][SQLite][debug][9][Cached JSON fetch complete: timeline/smu2svkrvihxgeos/hourly][]
[1789486503.537][2026-09-15 08:35:03][subbas-macbook-air.local][4306][SQLite][debug][9][Cached JSON fetch complete: timeline/smu2svkrvihxgeos/hourly][]
[1789486503.539][2026-09-15 08:35:03][subbas-macbook-air.local][4306][SQLite][debug][9][Cached JSON fetch complete: timeline/smu2svkrvihxgeos/hourly/0][]
[1789486503.539][2026-09-15 08:35:03][subbas-macbook-air.local][4306][SQLite][debug][9][Cached JSON fetch complete: timeline/smu2svkrvihxgeos/hourly][]
[1789486503.54][2026-09-15 08:35:03][subbas-macbook-air.local][4306][SQLite][debug][9][Cached JSON fetch complete: timeline/smu2svkrvihxgeos/hourly/0][]
[1789486503.541][2026-09-15 08:35:03][subbas-macbook-air.local][4306][SQLite][debug][5][Beginning transaction commit: 145][{"path":"timeline/smu2svkrvihxgeos/hourly","actions":2}]
[1789486503.543][2026-09-15 08:35:03][subbas-macbook-air.local][4306][SQLite][debug][5][Transaction commit complete: 145][{"path":"timeline/smu2svkrvihxgeos/hourly"}]
[1789486503.544][2026-09-15 08:35:03][subbas-macbook-air.local][4306][SQLite][debug][9][Cached JSON fetch complete: timeline/smu2svkrvihxgeos/daily][]
[1789486503.544][2026-09-15 08:35:03][subbas-macbook-air.local][4306][SQLite][debug][9][Cached JSON fetch complete: timeline/smu2svkrvihxgeos/daily][]
[1789486503.544][2026-09-15 08:35:03][subbas-macbook-air.local][4306][SQLite][debug][9][Cached JSON fetch complete: timeline/smu2svkrvihxgeos/daily/0][]
[1789486503.544][2026-09-15 08:35:03][subbas-macbook-air.local][4306][SQLite][debug][9][Cached JSON fetch complete: timeline/smu2svkrvihxgeos/daily][]
[1789486503.545][2026-09-15 08:35:03][subbas-macbook-air.local][4306][SQLite][debug][9][Cached JSON fetch complete: timeline/smu2svkrvihxgeos/daily/0][]
[1789486503.546][2026-09-15 08:35:03][subbas-macbook-air.local][4306][SQLite][debug][5][Beginning transaction commit: 146][{"path":"timeline/smu2svkrvihxgeos/daily","actions":2}]
[1789486503.546][2026-09-15 08:35:03][subbas-macbook-air.local][4306][SQLite][debug][5][Transaction commit complete: 146][{"path":"timeline/smu2svkrvihxgeos/daily"}]
[1789486503.546][2026-09-15 08:35:03][subbas-macbook-air.local][4306][SQLite][debug][9][Cached JSON fetch complete: timeline/smu2svkrvihxgeos/monthly][]
[1789486503.547][2026-09-15 08:35:03][subbas-macbook-air.local][4306][SQLite][debug][9][Cached JSON fetch complete: timeline/smu2svkrvihxgeos/monthly][]
[1789486503.547][2026-09-15 08:35:03][subbas-macbook-air.local][4306][SQLite][debug][9][Cached JSON fetch complete: timeline/smu2svkrvihxgeos/monthly/0][]
[1789486503.547][2026-09-15 08:35:03][subbas-macbook-air.local][4306][SQLite][debug][9][Cached JSON fetch complete: timeline/smu2svkrvihxgeos/monthly][]
[1789486503.548][2026-09-15 08:35:03][subbas-macbook-air.local][4306][SQLite][debug][9][Cached JSON fetch complete: timeline/smu2svkrvihxgeos/monthly/0][]
[1789486503.548][2026-09-15 08:35:03][subbas-macbook-air.local][4306][SQLite][debug][5][Beginning transaction commit: 147][{"path":"timeline/smu2svkrvihxgeos/monthly","actions":2}]
[1789486503.548][2026-09-15 08:35:03][subbas-macbook-air.local][4306][SQLite][debug][5][Transaction commit complete: 147][{"path":"timeline/smu2svkrvihxgeos/monthly"}]
[1789486503.549][2026-09-15 08:35:03][subbas-macbook-air.local][4306][SQLite][debug][9][Cached JSON fetch complete: timeline/smu2svkrvihxgeos/yearly][]
[1789486503.549][2026-09-15 08:35:03][subbas-macbook-air.local][4306][SQLite][debug][9][Cached JSON fetch complete: timeline/smu2svkrvihxgeos/yearly][]
[1789486503.549][2026-09-15 08:35:03][subbas-macbook-air.local][4306][SQLite][debug][9][Cached JSON fetch complete: timeline/smu2svkrvihxgeos/yearly/0][]
[1789486503.549][2026-09-15 08:35:03][subbas-macbook-air.local][4306][SQLite][debug][9][Cached JSON fetch complete: timeline/smu2svkrvihxgeos/yearly][]
[1789486503.549][2026-09-15 08:35:03][subbas-macbook-air.local][4306][SQLite][debug][9][Cached JSON fetch complete: timeline/smu2svkrvihxgeos/yearly/0][]
[1789486503.55][2026-09-15 08:35:03][subbas-macbook-air.local][4306][SQLite][debug][5][Beginning transaction commit: 148][{"path":"timeline/smu2svkrvihxgeos/yearly","actions":2}]
[1789486503.55][2026-09-15 08:35:03][subbas-macbook-air.local][4306][SQLite][debug][5][Transaction commit complete: 148][{"path":"timeline/smu2svkrvihxgeos/yearly"}]
[1789486503.55][2026-09-15 08:35:03][subbas-macbook-air.local][4306][SQLite][debug][9][Storing SQLite JSON Object: hosts/smu2svkrvihxgeos/data][]
[1789486503.554][2026-09-15 08:35:03][subbas-macbook-air.local][4306][SQLite][debug][9][Store complete: hosts/smu2svkrvihxgeos/data][]
[1789486563.527][2026-09-15 08:36:03][subbas-macbook-air.local][4306][SQLite][debug][9][Cached JSON fetch complete: hosts/smu2svkrvihxgeos/data][]
[1789486563.531][2026-09-15 08:36:03][subbas-macbook-air.local][4306][SQLite][debug][9][Cached JSON fetch complete: timeline/smu2svkrvihxgeos/hourly][]
[1789486563.531][2026-09-15 08:36:03][subbas-macbook-air.local][4306][SQLite][debug][9][Cached JSON fetch complete: timeline/smu2svkrvihxgeos/hourly][]
[1789486563.531][2026-09-15 08:36:03][subbas-macbook-air.local][4306][SQLite][debug][9][Cached JSON fetch complete: timeline/smu2svkrvihxgeos/hourly/0][]
[1789486563.532][2026-09-15 08:36:03][subbas-macbook-air.local][4306][SQLite][debug][9][Cached JSON fetch complete: timeline/smu2svkrvihxgeos/hourly][]
[1789486563.532][2026-09-15 08:36:03][subbas-macbook-air.local][4306][SQLite][debug][9][Cached JSON fetch complete: timeline/smu2svkrvihxgeos/hourly/0][]
[1789486563.535][2026-09-15 08:36:03][subbas-macbook-air.local][4306][SQLite][debug][5][Beginning transaction commit: 149][{"path":"timeline/smu2svkrvihxgeos/hourly","actions":2}]
[1789486563.536][2026-09-15 08:36:03][subbas-macbook-air.local][4306][SQLite][debug][5][Transaction commit complete: 149][{"path":"timeline/smu2svkrvihxgeos/hourly"}]
[1789486563.537][2026-09-15 08:36:03][subbas-macbook-air.local][4306][SQLite][debug][9][Cached JSON fetch complete: timeline/smu2svkrvihxgeos/daily][]
[1789486563.537][2026-09-15 08:36:03][subbas-macbook-air.local][4306][SQLite][debug][9][Cached JSON fetch complete: timeline/smu2svkrvihxgeos/daily][]
[1789486563.538][2026-09-15 08:36:03][subbas-macbook-air.local][4306][SQLite][debug][9][Cached JSON fetch complete: timeline/smu2svkrvihxgeos/daily/0][]
[1789486563.538][2026-09-15 08:36:03][subbas-macbook-air.local][4306][SQLite][debug][9][Cached JSON fetch complete: timeline/smu2svkrvihxgeos/daily][]
[1789486563.538][2026-09-15 08:36:03][subbas-macbook-air.local][4306][SQLite][debug][9][Cached JSON fetch complete: timeline/smu2svkrvihxgeos/daily/0][]
[1789486563.539][2026-09-15 08:36:03][subbas-macbook-air.local][4306][SQLite][debug][5][Beginning transaction commit: 150][{"path":"timeline/smu2svkrvihxgeos/daily","actions":2}]
[1789486563.539][2026-09-15 08:36:03][subbas-macbook-air.local][4306][SQLite][debug][5][Transaction commit complete: 150][{"path":"timeline/smu2svkrvihxgeos/daily"}]
[1789486563.54][2026-09-15 08:36:03][subbas-macbook-air.local][4306][SQLite][debug][9][Cached JSON fetch complete: timeline/smu2svkrvihxgeos/monthly][]
[1789486563.54][2026-09-15 08:36:03][subbas-macbook-air.local][4306][SQLite][debug][9][Cached JSON fetch complete: timeline/smu2svkrvihxgeos/monthly][]
[1789486563.54][2026-09-15 08:36:03][subbas-macbook-air.local][4306][SQLite][debug][9][Cached JSON fetch complete: timeline/smu2svkrvihxgeos/monthly/0][]
[1789486563.54][2026-09-15 08:36:03][subbas-macbook-air.local][4306][SQLite][debug][9][Cached JSON fetch complete: timeline/smu2svkrvihxgeos/monthly][]
[1789486563.541][2026-09-15 08:36:03][subbas-macbook-air.local][4306][SQLite][debug][9][Cached JSON fetch complete: timeline/smu2svkrvihxgeos/monthly/0][]
[1789486563.542][2026-09-15 08:36:03][subbas-macbook-air.local][4306][SQLite][debug][5][Beginning transaction commit: 151][{"path":"timeline/smu2svkrvihxgeos/monthly","actions":2}]
[1789486563.543][2026-09-15 08:36:03][subbas-macbook-air.local][4306][SQLite][debug][5][Transaction commit complete: 151][{"path":"timeline/smu2svkrvihxgeos/monthly"}]
[1789486563.544][2026-09-15 08:36:03][subbas-macbook-air.local][4306][SQLite][debug][9][Cached JSON fetch complete: timeline/smu2svkrvihxgeos/yearly][]
[1789486563.544][2026-09-15 08:36:03][subbas-macbook-air.local][4306][SQLite][debug][9][Cached JSON fetch complete: timeline/smu2svkrvihxgeos/yearly][]
[1789486563.544][2026-09-15 08:36:03][subbas-macbook-air.local][4306][SQLite][debug][9][Cached JSON fetch complete: timeline/smu2svkrvihxgeos/yearly/0][]
[1789486563.545][2026-09-15 08:36:03][subbas-macbook-air.local][4306][SQLite][debug][9][Cached JSON fetch complete: timeline/smu2svkrvihxgeos/yearly][]
[1789486563.545][2026-09-15 08:36:03][subbas-macbook-air.local][4306][SQLite][debug][9][Cached JSON fetch complete: timeline/smu2svkrvihxgeos/yearly/0][]
[1789486563.546][2026-09-15 08:36:03][subbas-macbook-air.local][4306][SQLite][debug][5][Beginning transaction commit: 152][{"path":"timeline/smu2svkrvihxgeos/yearly","actions":2}]
[1789486563.546][2026-09-15 08:36:03][subbas-macbook-air.local][4306][SQLite][debug][5][Transaction commit complete: 152][{"path":"timeline/smu2svkrvihxgeos/yearly"}]
[1789486563.546][2026-09-15 08:36:03][subbas-macbook-air.local][4306][SQLite][debug][9][Storing SQLite JSON Object: hosts/smu2svkrvihxgeos/data][]
[1789486563.549][2026-09-15 08:36:03][subbas-macbook-air.local][4306][SQLite][debug][9][Store complete: hosts/smu2svkrvihxgeos/data][]
[1789486623.508][2026-09-15 08:37:03][subbas-macbook-air.local][4306][SQLite][debug][9][Cached JSON fetch complete: hosts/smu2svkrvihxgeos/data][]
[1789486623.51][2026-09-15 08:37:03][subbas-macbook-air.local][4306][SQLite][debug][9][Cached JSON fetch complete: timeline/smu2svkrvihxgeos/hourly][]
[1789486623.51][2026-09-15 08:37:03][subbas-macbook-air.local][4306][SQLite][debug][9][Cached JSON fetch complete: timeline/smu2svkrvihxgeos/hourly][]
[1789486623.51][2026-09-15 08:37:03][subbas-macbook-air.local][4306][SQLite][debug][9][Cached JSON fetch complete: timeline/smu2svkrvihxgeos/hourly/0][]
[1789486623.512][2026-09-15 08:37:03][subbas-macbook-air.local][4306][SQLite][debug][9][Cached JSON fetch complete: timeline/smu2svkrvihxgeos/hourly][]
[1789486623.513][2026-09-15 08:37:03][subbas-macbook-air.local][4306][SQLite][debug][9][Cached JSON fetch complete: timeline/smu2svkrvihxgeos/hourly/0][]
[1789486623.514][2026-09-15 08:37:03][subbas-macbook-air.local][4306][SQLite][debug][5][Beginning transaction commit: 153][{"path":"timeline/smu2svkrvihxgeos/hourly","actions":2}]
[1789486623.515][2026-09-15 08:37:03][subbas-macbook-air.local][4306][SQLite][debug][5][Transaction commit complete: 153][{"path":"timeline/smu2svkrvihxgeos/hourly"}]
[1789486623.516][2026-09-15 08:37:03][subbas-macbook-air.local][4306][SQLite][debug][9][Cached JSON fetch complete: timeline/smu2svkrvihxgeos/daily][]
[1789486623.516][2026-09-15 08:37:03][subbas-macbook-air.local][4306][SQLite][debug][9][Cached JSON fetch complete: timeline/smu2svkrvihxgeos/daily][]
[1789486623.516][2026-09-15 08:37:03][subbas-macbook-air.local][4306][SQLite][debug][9][Cached JSON fetch complete: timeline/smu2svkrvihxgeos/daily/0][]
[1789486623.517][2026-09-15 08:37:03][subbas-macbook-air.local][4306][SQLite][debug][9][Cached JSON fetch complete: timeline/smu2svkrvihxgeos/daily][]
[1789486623.517][2026-09-15 08:37:03][subbas-macbook-air.local][4306][SQLite][debug][9][Cached JSON fetch complete: timeline/smu2svkrvihxgeos/daily/0][]
[1789486623.518][2026-09-15 08:37:03][subbas-macbook-air.local][4306][SQLite][debug][5][Beginning transaction commit: 154][{"path":"timeline/smu2svkrvihxgeos/daily","actions":2}]
[1789486623.519][2026-09-15 08:37:03][subbas-macbook-air.local][4306][SQLite][debug][5][Transaction commit complete: 154][{"path":"timeline/smu2svkrvihxgeos/daily"}]
[1789486623.519][2026-09-15 08:37:03][subbas-macbook-air.local][4306][SQLite][debug][9][Cached JSON fetch complete: timeline/smu2svkrvihxgeos/monthly][]
[1789486623.519][2026-09-15 08:37:03][subbas-macbook-air.local][4306][SQLite][debug][9][Cached JSON fetch complete: timeline/smu2svkrvihxgeos/monthly][]
[1789486623.519][2026-09-15 08:37:03][subbas-macbook-air.local][4306][SQLite][debug][9][Cached JSON fetch complete: timeline/smu2svkrvihxgeos/monthly/0][]
[1789486623.52][2026-09-15 08:37:03][subbas-macbook-air.local][4306][SQLite][debug][9][Cached JSON fetch complete: timeline/smu2svkrvihxgeos/monthly][]
[1789486623.52][2026-09-15 08:37:03][subbas-macbook-air.local][4306][SQLite][debug][9][Cached JSON fetch complete: timeline/smu2svkrvihxgeos/monthly/0][]
[1789486623.52][2026-09-15 08:37:03][subbas-macbook-air.local][4306][SQLite][debug][5][Beginning transaction commit: 155][{"path":"timeline/smu2svkrvihxgeos/monthly","actions":2}]
[1789486623.521][2026-09-15 08:37:03][subbas-macbook-air.local][4306][SQLite][debug][5][Transaction commit complete: 155][{"path":"timeline/smu2svkrvihxgeos/monthly"}]
[1789486623.521][2026-09-15 08:37:03][subbas-macbook-air.local][4306][SQLite][debug][9][Cached JSON fetch complete: timeline/smu2svkrvihxgeos/yearly][]
[1789486623.521][2026-09-15 08:37:03][subbas-macbook-air.local][4306][SQLite][debug][9][Cached JSON fetch complete: timeline/smu2svkrvihxgeos/yearly][]
[1789486623.521][2026-09-15 08:37:03][subbas-macbook-air.local][4306][SQLite][debug][9][Cached JSON fetch complete: timeline/smu2svkrvihxgeos/yearly/0][]
[1789486623.522][2026-09-15 08:37:03][subbas-macbook-air.local][4306][SQLite][debug][9][Cached JSON fetch complete: timeline/smu2svkrvihxgeos/yearly][]
[1789486623.522][2026-09-15 08:37:03][subbas-macbook-air.local][4306][SQLite][debug][9][Cached JSON fetch complete: timeline/smu2svkrvihxgeos/yearly/0][]
[1789486623.522][2026-09-15 08:37:03][subbas-macbook-air.local][4306][SQLite][debug][5][Beginning transaction commit: 156][{"path":"timeline/smu2svkrvihxgeos/yearly","actions":2}]
[1789486623.523][2026-09-15 08:37:03][subbas-macbook-air.local][4306][SQLite][debug][5][Transaction commit complete: 156][{"path":"timeline/smu2svkrvihxgeos/yearly"}]
[1789486623.523][2026-09-15 08:37:03][subbas-macbook-air.local][4306][SQLite][debug][9][Storing SQLite JSON Object: hosts/smu2svkrvihxgeos/data][]
[1789486623.527][2026-09-15 08:37:03][subbas-macbook-air.local][4306][SQLite][debug][9][Store complete: hosts/smu2svkrvihxgeos/data][]
[1789486683.482][2026-09-15 08:38:03][subbas-macbook-air.local][4306][SQLite][debug][9][Cached JSON fetch complete: hosts/smu2svkrvihxgeos/data][]
[1789486683.485][2026-09-15 08:38:03][subbas-macbook-air.local][4306][SQLite][debug][9][Cached JSON fetch complete: timeline/smu2svkrvihxgeos/hourly][]
[1789486683.486][2026-09-15 08:38:03][subbas-macbook-air.local][4306][SQLite][debug][9][Cached JSON fetch complete: timeline/smu2svkrvihxgeos/hourly][]
[1789486683.486][2026-09-15 08:38:03][subbas-macbook-air.local][4306][SQLite][debug][9][Cached JSON fetch complete: timeline/smu2svkrvihxgeos/hourly/0][]
[1789486683.487][2026-09-15 08:38:03][subbas-macbook-air.local][4306][SQLite][debug][9][Cached JSON fetch complete: timeline/smu2svkrvihxgeos/hourly][]
[1789486683.487][2026-09-15 08:38:03][subbas-macbook-air.local][4306][SQLite][debug][9][Cached JSON fetch complete: timeline/smu2svkrvihxgeos/hourly/0][]
[1789486683.489][2026-09-15 08:38:03][subbas-macbook-air.local][4306][SQLite][debug][5][Beginning transaction commit: 157][{"path":"timeline/smu2svkrvihxgeos/hourly","actions":2}]
[1789486683.49][2026-09-15 08:38:03][subbas-macbook-air.local][4306][SQLite][debug][5][Transaction commit complete: 157][{"path":"timeline/smu2svkrvihxgeos/hourly"}]
[1789486683.491][2026-09-15 08:38:03][subbas-macbook-air.local][4306][SQLite][debug][9][Cached JSON fetch complete: timeline/smu2svkrvihxgeos/daily][]
[1789486683.491][2026-09-15 08:38:03][subbas-macbook-air.local][4306][SQLite][debug][9][Cached JSON fetch complete: timeline/smu2svkrvihxgeos/daily][]
[1789486683.492][2026-09-15 08:38:03][subbas-macbook-air.local][4306][SQLite][debug][9][Cached JSON fetch complete: timeline/smu2svkrvihxgeos/daily/0][]
[1789486683.492][2026-09-15 08:38:03][subbas-macbook-air.local][4306][SQLite][debug][9][Cached JSON fetch complete: timeline/smu2svkrvihxgeos/daily][]
[1789486683.492][2026-09-15 08:38:03][subbas-macbook-air.local][4306][SQLite][debug][9][Cached JSON fetch complete: timeline/smu2svkrvihxgeos/daily/0][]
[1789486683.493][2026-09-15 08:38:03][subbas-macbook-air.local][4306][SQLite][debug][5][Beginning transaction commit: 158][{"path":"timeline/smu2svkrvihxgeos/daily","actions":2}]
[1789486683.494][2026-09-15 08:38:03][subbas-macbook-air.local][4306][SQLite][debug][5][Transaction commit complete: 158][{"path":"timeline/smu2svkrvihxgeos/daily"}]
[1789486683.494][2026-09-15 08:38:03][subbas-macbook-air.local][4306][SQLite][debug][9][Cached JSON fetch complete: timeline/smu2svkrvihxgeos/monthly][]
[1789486683.495][2026-09-15 08:38:03][subbas-macbook-air.local][4306][SQLite][debug][9][Cached JSON fetch complete: timeline/smu2svkrvihxgeos/monthly][]
[1789486683.495][2026-09-15 08:38:03][subbas-macbook-air.local][4306][SQLite][debug][9][Cached JSON fetch complete: timeline/smu2svkrvihxgeos/monthly/0][]
[1789486683.495][2026-09-15 08:38:03][subbas-macbook-air.local][4306][SQLite][debug][9][Cached JSON fetch complete: timeline/smu2svkrvihxgeos/monthly][]
[1789486683.495][2026-09-15 08:38:03][subbas-macbook-air.local][4306][SQLite][debug][9][Cached JSON fetch complete: timeline/smu2svkrvihxgeos/monthly/0][]
[1789486683.496][2026-09-15 08:38:03][subbas-macbook-air.local][4306][SQLite][debug][5][Beginning transaction commit: 159][{"path":"timeline/smu2svkrvihxgeos/monthly","actions":2}]
[1789486683.496][2026-09-15 08:38:03][subbas-macbook-air.local][4306][SQLite][debug][5][Transaction commit complete: 159][{"path":"timeline/smu2svkrvihxgeos/monthly"}]
[1789486683.497][2026-09-15 08:38:03][subbas-macbook-air.local][4306][SQLite][debug][9][Cached JSON fetch complete: timeline/smu2svkrvihxgeos/yearly][]
[1789486683.497][2026-09-15 08:38:03][subbas-macbook-air.local][4306][SQLite][debug][9][Cached JSON fetch complete: timeline/smu2svkrvihxgeos/yearly][]
[1789486683.497][2026-09-15 08:38:03][subbas-macbook-air.local][4306][SQLite][debug][9][Cached JSON fetch complete: timeline/smu2svkrvihxgeos/yearly/0][]
[1789486683.497][2026-09-15 08:38:03][subbas-macbook-air.local][4306][SQLite][debug][9][Cached JSON fetch complete: timeline/smu2svkrvihxgeos/yearly][]
[1789486683.498][2026-09-15 08:38:03][subbas-macbook-air.local][4306][SQLite][debug][9][Cached JSON fetch complete: timeline/smu2svkrvihxgeos/yearly/0][]
[1789486683.498][2026-09-15 08:38:03][subbas-macbook-air.local][4306][SQLite][debug][5][Beginning transaction commit: 160][{"path":"timeline/smu2svkrvihxgeos/yearly","actions":2}]
[1789486683.498][2026-09-15 08:38:03][subbas-macbook-air.local][4306][SQLite][debug][5][Transaction commit complete: 160][{"path":"timeline/smu2svkrvihxgeos/yearly"}]
[1789486683.499][2026-09-15 08:38:03][subbas-macbook-air.local][4306][SQLite][debug][9][Storing SQLite JSON Object: hosts/smu2svkrvihxgeos/data][]
[1789486683.501][2026-09-15 08:38:03][subbas-macbook-air.local][4306][SQLite][debug][9][Store complete: hosts/smu2svkrvihxgeos/data][]
[1789486706.562][2026-09-15 08:38:26][subbas-macbook-air.local][4306][SQLite][debug][9][Cached JSON fetch complete: sessions/8397ca50eb4879dce3d919e8099169f80bc7650ee26249f4066858e5526e7d4a][]
[1789486706.563][2026-09-15 08:38:26][subbas-macbook-air.local][4306][SQLite][debug][9][Cached JSON fetch complete: users/admin][]
[1789486706.569][2026-09-15 08:38:26][subbas-macbook-air.local][4306][SQLite][debug][9][Cached JSON fetch complete: sessions/8397ca50eb4879dce3d919e8099169f80bc7650ee26249f4066858e5526e7d4a][]
[1789486706.57][2026-09-15 08:38:26][subbas-macbook-air.local][4306][SQLite][debug][9][Cached JSON fetch complete: users/admin][]
[1789486930.098][2026-09-15 08:42:10][subbas-macbook-air.local][4306][SQLite][debug][9][Storing SQLite JSON Object: unbase/records/activity/amu2ubc85pt6v747][]
[1789486930.118][2026-09-15 08:42:10][subbas-macbook-air.local][4306][SQLite][debug][9][Store complete: unbase/records/activity/amu2ubc85pt6v747][]
[1789486930.121][2026-09-15 08:42:10][subbas-macbook-air.local][4306][SQLite][debug][9][Fetching SQLite Object: unbase/index/activity/_data/amu2ubc85pt6v747][]
[1789486930.121][2026-09-15 08:42:10][subbas-macbook-air.local][4306][SQLite][debug][9][Cached JSON fetch complete: unbase/records/servers/smu2svkrvihxgeos][]
[1789486930.123][2026-09-15 08:42:10][subbas-macbook-air.local][4306][SQLite][debug][9][Storing SQLite JSON Object: unbase/records/servers/smu2svkrvihxgeos][]
[1789486930.139][2026-09-15 08:42:10][subbas-macbook-air.local][4306][SQLite][debug][9][Store complete: unbase/records/servers/smu2svkrvihxgeos][]
[1789486930.142][2026-09-15 08:42:10][subbas-macbook-air.local][4306][SQLite][debug][9][Cached JSON fetch complete: unbase/index/activity/_id][]
[1789486930.144][2026-09-15 08:42:10][subbas-macbook-air.local][4306][SQLite][debug][9][Cached JSON fetch complete: unbase/index/servers/_data/smu2svkrvihxgeos][]
[1789486930.15][2026-09-15 08:42:10][subbas-macbook-air.local][4306][SQLite][debug][9][Cached JSON fetch complete: unbase/index/activity/_id/data][]
[1789486930.151][2026-09-15 08:42:10][subbas-macbook-air.local][4306][SQLite][debug][9][Fetching SQLite Object: unbase/index/activity/action/word/server_remove][]
[1789486930.154][2026-09-15 08:42:10][subbas-macbook-air.local][4306][SQLite][debug][9][Cached JSON fetch complete: unbase/index/activity/keywords/word/smu2svkrvihxgeos][]
[1789486930.154][2026-09-15 08:42:10][subbas-macbook-air.local][4306][SQLite][debug][9][Cached JSON fetch complete: unbase/index/activity/date/summary][]
[1789486930.154][2026-09-15 08:42:10][subbas-macbook-air.local][4306][SQLite][debug][9][Cached JSON fetch complete: unbase/index/activity/date/word/497079][]
[1789486930.154][2026-09-15 08:42:10][subbas-macbook-air.local][4306][SQLite][debug][9][Cached JSON fetch complete: unbase/index/activity/date/word/h497000][]
[1789486930.154][2026-09-15 08:42:10][subbas-macbook-air.local][4306][SQLite][debug][9][Cached JSON fetch complete: unbase/index/activity/date/word/t497000][]
[1789486930.154][2026-09-15 08:42:10][subbas-macbook-air.local][4306][SQLite][debug][9][Cached JSON fetch complete: unbase/index/activity/keywords/word/smu2svkrvihxgeos/data][]
[1789486930.155][2026-09-15 08:42:10][subbas-macbook-air.local][4306][SQLite][debug][9][Cached JSON fetch complete: unbase/index/activity/date/word/497079/data][]
[1789486930.155][2026-09-15 08:42:10][subbas-macbook-air.local][4306][SQLite][debug][9][Cached JSON fetch complete: unbase/index/activity/date/word/h497000/data][]
[1789486930.155][2026-09-15 08:42:10][subbas-macbook-air.local][4306][SQLite][debug][9][Cached JSON fetch complete: unbase/index/activity/date/word/t497000/data][]
[1789486930.156][2026-09-15 08:42:10][subbas-macbook-air.local][4306][SQLite][debug][5][Beginning transaction commit: 162][{"path":"unbase/index/servers","actions":1}]
[1789486930.157][2026-09-15 08:42:10][subbas-macbook-air.local][4306][SQLite][debug][5][Transaction commit complete: 162][{"path":"unbase/index/servers"}]
[1789486930.162][2026-09-15 08:42:10][subbas-macbook-air.local][4306][SQLite][debug][5][Beginning transaction commit: 161][{"path":"unbase/index/activity","actions":14}]
[1789486930.163][2026-09-15 08:42:10][subbas-macbook-air.local][4306][SQLite][debug][5][Transaction commit complete: 161][{"path":"unbase/index/activity"}]
[1789486931.745][2026-09-15 08:42:11][subbas-macbook-air.local][4306][SQLite][debug][9][Cached JSON fetch complete: unbase/records/servers/smu2svkrvihxgeos][]
[1789486931.745][2026-09-15 08:42:11][subbas-macbook-air.local][4306][SQLite][debug][9][Storing SQLite JSON Object: unbase/records/activity/amu2ubdi9q1m3uut][]
[1789486931.745][2026-09-15 08:42:11][subbas-macbook-air.local][4306][SQLite][debug][9][Storing SQLite JSON Object: unbase/records/servers/smu2svkrvihxgeos][]
[1789486931.746][2026-09-15 08:42:11][subbas-macbook-air.local][4306][SQLite][debug][9][Store complete: unbase/records/activity/amu2ubdi9q1m3uut][]
[1789486931.746][2026-09-15 08:42:11][subbas-macbook-air.local][4306][SQLite][debug][9][Fetching SQLite Object: unbase/index/activity/_data/amu2ubdi9q1m3uut][]
[1789486931.746][2026-09-15 08:42:11][subbas-macbook-air.local][4306][SQLite][debug][9][Store complete: unbase/records/servers/smu2svkrvihxgeos][]
[1789486931.747][2026-09-15 08:42:11][subbas-macbook-air.local][4306][SQLite][debug][9][Cached JSON fetch complete: unbase/index/servers/_data/smu2svkrvihxgeos][]
[1789486931.75][2026-09-15 08:42:11][subbas-macbook-air.local][4306][SQLite][debug][9][Cached JSON fetch complete: unbase/index/activity/_id][]
[1789486931.75][2026-09-15 08:42:11][subbas-macbook-air.local][4306][SQLite][debug][9][Cached JSON fetch complete: unbase/index/activity/_id/data][]
[1789486931.751][2026-09-15 08:42:11][subbas-macbook-air.local][4306][SQLite][debug][9][Cached JSON fetch complete: unbase/index/activity/action/word/server_add][]
[1789486931.751][2026-09-15 08:42:11][subbas-macbook-air.local][4306][SQLite][debug][9][Cached JSON fetch complete: unbase/index/activity/keywords/word/smu2svkrvihxgeos][]
[1789486931.751][2026-09-15 08:42:11][subbas-macbook-air.local][4306][SQLite][debug][9][Cached JSON fetch complete: unbase/index/activity/date/summary][]
[1789486931.751][2026-09-15 08:42:11][subbas-macbook-air.local][4306][SQLite][debug][9][Cached JSON fetch complete: unbase/index/activity/date/word/497079][]
[1789486931.751][2026-09-15 08:42:11][subbas-macbook-air.local][4306][SQLite][debug][9][Cached JSON fetch complete: unbase/index/activity/date/word/h497000][]
[1789486931.751][2026-09-15 08:42:11][subbas-macbook-air.local][4306][SQLite][debug][9][Cached JSON fetch complete: unbase/index/activity/date/word/t497000][]
[1789486931.751][2026-09-15 08:42:11][subbas-macbook-air.local][4306][SQLite][debug][9][Cached JSON fetch complete: unbase/index/activity/action/word/server_add/data][]
[1789486931.751][2026-09-15 08:42:11][subbas-macbook-air.local][4306][SQLite][debug][9][Cached JSON fetch complete: unbase/index/activity/keywords/word/smu2svkrvihxgeos/data][]
[1789486931.752][2026-09-15 08:42:11][subbas-macbook-air.local][4306][SQLite][debug][9][Cached JSON fetch complete: unbase/index/activity/date/word/497079/data][]
[1789486931.752][2026-09-15 08:42:11][subbas-macbook-air.local][4306][SQLite][debug][9][Cached JSON fetch complete: unbase/index/activity/date/word/h497000/data][]
[1789486931.752][2026-09-15 08:42:11][subbas-macbook-air.local][4306][SQLite][debug][9][Cached JSON fetch complete: unbase/index/activity/date/word/t497000/data][]
[1789486931.752][2026-09-15 08:42:11][subbas-macbook-air.local][4306][SQLite][debug][5][Beginning transaction commit: 164][{"path":"unbase/index/servers","actions":1}]
[1789486931.752][2026-09-15 08:42:11][subbas-macbook-air.local][4306][SQLite][debug][5][Transaction commit complete: 164][{"path":"unbase/index/servers"}]
[1789486931.837][2026-09-15 08:42:11][subbas-macbook-air.local][4306][SQLite][debug][5][Beginning transaction commit: 163][{"path":"unbase/index/activity","actions":14}]
[1789486931.837][2026-09-15 08:42:11][subbas-macbook-air.local][4306][SQLite][debug][5][Transaction commit complete: 163][{"path":"unbase/index/activity"}]
[1789486933.579][2026-09-15 08:42:13][subbas-macbook-air.local][4306][SQLite][debug][9][Cached JSON fetch complete: hosts/smu2svkrvihxgeos/data][]
[1789486933.581][2026-09-15 08:42:13][subbas-macbook-air.local][4306][SQLite][debug][9][Cached JSON fetch complete: timeline/smu2svkrvihxgeos/hourly][]
[1789486933.581][2026-09-15 08:42:13][subbas-macbook-air.local][4306][SQLite][debug][9][Cached JSON fetch complete: timeline/smu2svkrvihxgeos/hourly][]
[1789486933.582][2026-09-15 08:42:13][subbas-macbook-air.local][4306][SQLite][debug][9][Cached JSON fetch complete: timeline/smu2svkrvihxgeos/hourly/0][]
[1789486933.582][2026-09-15 08:42:13][subbas-macbook-air.local][4306][SQLite][debug][9][Cached JSON fetch complete: timeline/smu2svkrvihxgeos/hourly][]
[1789486933.582][2026-09-15 08:42:13][subbas-macbook-air.local][4306][SQLite][debug][9][Cached JSON fetch complete: timeline/smu2svkrvihxgeos/hourly/0][]
[1789486933.586][2026-09-15 08:42:13][subbas-macbook-air.local][4306][SQLite][debug][5][Beginning transaction commit: 165][{"path":"timeline/smu2svkrvihxgeos/hourly","actions":2}]
[1789486933.587][2026-09-15 08:42:13][subbas-macbook-air.local][4306][SQLite][debug][5][Transaction commit complete: 165][{"path":"timeline/smu2svkrvihxgeos/hourly"}]
[1789486933.588][2026-09-15 08:42:13][subbas-macbook-air.local][4306][SQLite][debug][9][Cached JSON fetch complete: timeline/smu2svkrvihxgeos/daily][]
[1789486933.589][2026-09-15 08:42:13][subbas-macbook-air.local][4306][SQLite][debug][9][Cached JSON fetch complete: timeline/smu2svkrvihxgeos/daily][]
[1789486933.589][2026-09-15 08:42:13][subbas-macbook-air.local][4306][SQLite][debug][9][Cached JSON fetch complete: timeline/smu2svkrvihxgeos/daily/0][]
[1789486933.59][2026-09-15 08:42:13][subbas-macbook-air.local][4306][SQLite][debug][9][Cached JSON fetch complete: timeline/smu2svkrvihxgeos/daily][]
[1789486933.59][2026-09-15 08:42:13][subbas-macbook-air.local][4306][SQLite][debug][9][Cached JSON fetch complete: timeline/smu2svkrvihxgeos/daily/0][]
[1789486933.592][2026-09-15 08:42:13][subbas-macbook-air.local][4306][SQLite][debug][5][Beginning transaction commit: 166][{"path":"timeline/smu2svkrvihxgeos/daily","actions":2}]
[1789486933.593][2026-09-15 08:42:13][subbas-macbook-air.local][4306][SQLite][debug][5][Transaction commit complete: 166][{"path":"timeline/smu2svkrvihxgeos/daily"}]
[1789486933.594][2026-09-15 08:42:13][subbas-macbook-air.local][4306][SQLite][debug][9][Cached JSON fetch complete: timeline/smu2svkrvihxgeos/monthly][]
[1789486933.594][2026-09-15 08:42:13][subbas-macbook-air.local][4306][SQLite][debug][9][Cached JSON fetch complete: timeline/smu2svkrvihxgeos/monthly][]
[1789486933.595][2026-09-15 08:42:13][subbas-macbook-air.local][4306][SQLite][debug][9][Cached JSON fetch complete: timeline/smu2svkrvihxgeos/monthly/0][]
[1789486933.595][2026-09-15 08:42:13][subbas-macbook-air.local][4306][SQLite][debug][9][Cached JSON fetch complete: timeline/smu2svkrvihxgeos/monthly][]
[1789486933.595][2026-09-15 08:42:13][subbas-macbook-air.local][4306][SQLite][debug][9][Cached JSON fetch complete: timeline/smu2svkrvihxgeos/monthly/0][]
[1789486933.596][2026-09-15 08:42:13][subbas-macbook-air.local][4306][SQLite][debug][5][Beginning transaction commit: 167][{"path":"timeline/smu2svkrvihxgeos/monthly","actions":2}]
[1789486933.596][2026-09-15 08:42:13][subbas-macbook-air.local][4306][SQLite][debug][5][Transaction commit complete: 167][{"path":"timeline/smu2svkrvihxgeos/monthly"}]
[1789486933.597][2026-09-15 08:42:13][subbas-macbook-air.local][4306][SQLite][debug][9][Cached JSON fetch complete: timeline/smu2svkrvihxgeos/yearly][]
[1789486933.597][2026-09-15 08:42:13][subbas-macbook-air.local][4306][SQLite][debug][9][Cached JSON fetch complete: timeline/smu2svkrvihxgeos/yearly][]
[1789486933.597][2026-09-15 08:42:13][subbas-macbook-air.local][4306][SQLite][debug][9][Cached JSON fetch complete: timeline/smu2svkrvihxgeos/yearly/0][]
[1789486933.598][2026-09-15 08:42:13][subbas-macbook-air.local][4306][SQLite][debug][9][Cached JSON fetch complete: timeline/smu2svkrvihxgeos/yearly][]
[1789486933.598][2026-09-15 08:42:13][subbas-macbook-air.local][4306][SQLite][debug][9][Cached JSON fetch complete: timeline/smu2svkrvihxgeos/yearly/0][]
[1789486933.599][2026-09-15 08:42:13][subbas-macbook-air.local][4306][SQLite][debug][5][Beginning transaction commit: 168][{"path":"timeline/smu2svkrvihxgeos/yearly","actions":2}]
[1789486933.599][2026-09-15 08:42:13][subbas-macbook-air.local][4306][SQLite][debug][5][Transaction commit complete: 168][{"path":"timeline/smu2svkrvihxgeos/yearly"}]
[1789486933.599][2026-09-15 08:42:13][subbas-macbook-air.local][4306][SQLite][debug][9][Storing SQLite JSON Object: hosts/smu2svkrvihxgeos/data][]
[1789486933.606][2026-09-15 08:42:13][subbas-macbook-air.local][4306][SQLite][debug][9][Store complete: hosts/smu2svkrvihxgeos/data][]
[1789486983.462][2026-09-15 08:43:03][subbas-macbook-air.local][4306][SQLite][debug][9][Cached JSON fetch complete: hosts/smu2svkrvihxgeos/data][]
[1789486983.464][2026-09-15 08:43:03][subbas-macbook-air.local][4306][SQLite][debug][9][Cached JSON fetch complete: timeline/smu2svkrvihxgeos/hourly][]
[1789486983.464][2026-09-15 08:43:03][subbas-macbook-air.local][4306][SQLite][debug][9][Cached JSON fetch complete: timeline/smu2svkrvihxgeos/hourly][]
[1789486983.465][2026-09-15 08:43:03][subbas-macbook-air.local][4306][SQLite][debug][9][Cached JSON fetch complete: timeline/smu2svkrvihxgeos/hourly/0][]
[1789486983.465][2026-09-15 08:43:03][subbas-macbook-air.local][4306][SQLite][debug][9][Cached JSON fetch complete: timeline/smu2svkrvihxgeos/hourly][]
[1789486983.465][2026-09-15 08:43:03][subbas-macbook-air.local][4306][SQLite][debug][9][Cached JSON fetch complete: timeline/smu2svkrvihxgeos/hourly/0][]
[1789486983.467][2026-09-15 08:43:03][subbas-macbook-air.local][4306][SQLite][debug][5][Beginning transaction commit: 169][{"path":"timeline/smu2svkrvihxgeos/hourly","actions":2}]
[1789486983.468][2026-09-15 08:43:03][subbas-macbook-air.local][4306][SQLite][debug][5][Transaction commit complete: 169][{"path":"timeline/smu2svkrvihxgeos/hourly"}]
[1789486983.469][2026-09-15 08:43:03][subbas-macbook-air.local][4306][SQLite][debug][9][Cached JSON fetch complete: timeline/smu2svkrvihxgeos/daily][]
[1789486983.469][2026-09-15 08:43:03][subbas-macbook-air.local][4306][SQLite][debug][9][Cached JSON fetch complete: timeline/smu2svkrvihxgeos/daily][]
[1789486983.47][2026-09-15 08:43:03][subbas-macbook-air.local][4306][SQLite][debug][9][Cached JSON fetch complete: timeline/smu2svkrvihxgeos/daily/0][]
[1789486983.47][2026-09-15 08:43:03][subbas-macbook-air.local][4306][SQLite][debug][9][Cached JSON fetch complete: timeline/smu2svkrvihxgeos/daily][]
[1789486983.47][2026-09-15 08:43:03][subbas-macbook-air.local][4306][SQLite][debug][9][Cached JSON fetch complete: timeline/smu2svkrvihxgeos/daily/0][]
[1789486983.473][2026-09-15 08:43:03][subbas-macbook-air.local][4306][SQLite][debug][5][Beginning transaction commit: 170][{"path":"timeline/smu2svkrvihxgeos/daily","actions":2}]
[1789486983.473][2026-09-15 08:43:03][subbas-macbook-air.local][4306][SQLite][debug][5][Transaction commit complete: 170][{"path":"timeline/smu2svkrvihxgeos/daily"}]
[1789486983.474][2026-09-15 08:43:03][subbas-macbook-air.local][4306][SQLite][debug][9][Cached JSON fetch complete: timeline/smu2svkrvihxgeos/monthly][]
[1789486983.474][2026-09-15 08:43:03][subbas-macbook-air.local][4306][SQLite][debug][9][Cached JSON fetch complete: timeline/smu2svkrvihxgeos/monthly][]
[1789486983.474][2026-09-15 08:43:03][subbas-macbook-air.local][4306][SQLite][debug][9][Cached JSON fetch complete: timeline/smu2svkrvihxgeos/monthly/0][]
[1789486983.475][2026-09-15 08:43:03][subbas-macbook-air.local][4306][SQLite][debug][9][Cached JSON fetch complete: timeline/smu2svkrvihxgeos/monthly][]
[1789486983.475][2026-09-15 08:43:03][subbas-macbook-air.local][4306][SQLite][debug][9][Cached JSON fetch complete: timeline/smu2svkrvihxgeos/monthly/0][]
[1789486983.475][2026-09-15 08:43:03][subbas-macbook-air.local][4306][SQLite][debug][5][Beginning transaction commit: 171][{"path":"timeline/smu2svkrvihxgeos/monthly","actions":2}]
[1789486983.476][2026-09-15 08:43:03][subbas-macbook-air.local][4306][SQLite][debug][5][Transaction commit complete: 171][{"path":"timeline/smu2svkrvihxgeos/monthly"}]
[1789486983.476][2026-09-15 08:43:03][subbas-macbook-air.local][4306][SQLite][debug][9][Cached JSON fetch complete: timeline/smu2svkrvihxgeos/yearly][]
[1789486983.477][2026-09-15 08:43:03][subbas-macbook-air.local][4306][SQLite][debug][9][Cached JSON fetch complete: timeline/smu2svkrvihxgeos/yearly][]
[1789486983.477][2026-09-15 08:43:03][subbas-macbook-air.local][4306][SQLite][debug][9][Cached JSON fetch complete: timeline/smu2svkrvihxgeos/yearly/0][]
[1789486983.477][2026-09-15 08:43:03][subbas-macbook-air.local][4306][SQLite][debug][9][Cached JSON fetch complete: timeline/smu2svkrvihxgeos/yearly][]
[1789486983.477][2026-09-15 08:43:03][subbas-macbook-air.local][4306][SQLite][debug][9][Cached JSON fetch complete: timeline/smu2svkrvihxgeos/yearly/0][]
[1789486983.479][2026-09-15 08:43:03][subbas-macbook-air.local][4306][SQLite][debug][5][Beginning transaction commit: 172][{"path":"timeline/smu2svkrvihxgeos/yearly","actions":2}]
[1789486983.479][2026-09-15 08:43:03][subbas-macbook-air.local][4306][SQLite][debug][5][Transaction commit complete: 172][{"path":"timeline/smu2svkrvihxgeos/yearly"}]
[1789486983.48][2026-09-15 08:43:03][subbas-macbook-air.local][4306][SQLite][debug][9][Storing SQLite JSON Object: hosts/smu2svkrvihxgeos/data][]
[1789486983.483][2026-09-15 08:43:03][subbas-macbook-air.local][4306][SQLite][debug][9][Store complete: hosts/smu2svkrvihxgeos/data][]
[1789487043.538][2026-09-15 08:44:03][subbas-macbook-air.local][4306][SQLite][debug][9][Cached JSON fetch complete: hosts/smu2svkrvihxgeos/data][]
[1789487043.54][2026-09-15 08:44:03][subbas-macbook-air.local][4306][SQLite][debug][9][Cached JSON fetch complete: timeline/smu2svkrvihxgeos/hourly][]
[1789487043.54][2026-09-15 08:44:03][subbas-macbook-air.local][4306][SQLite][debug][9][Cached JSON fetch complete: timeline/smu2svkrvihxgeos/hourly][]
[1789487043.541][2026-09-15 08:44:03][subbas-macbook-air.local][4306][SQLite][debug][9][Cached JSON fetch complete: timeline/smu2svkrvihxgeos/hourly/0][]
[1789487043.541][2026-09-15 08:44:03][subbas-macbook-air.local][4306][SQLite][debug][9][Cached JSON fetch complete: timeline/smu2svkrvihxgeos/hourly][]
[1789487043.542][2026-09-15 08:44:03][subbas-macbook-air.local][4306][SQLite][debug][9][Cached JSON fetch complete: timeline/smu2svkrvihxgeos/hourly/0][]
[1789487043.545][2026-09-15 08:44:03][subbas-macbook-air.local][4306][SQLite][debug][5][Beginning transaction commit: 173][{"path":"timeline/smu2svkrvihxgeos/hourly","actions":2}]
[1789487043.547][2026-09-15 08:44:03][subbas-macbook-air.local][4306][SQLite][debug][5][Transaction commit complete: 173][{"path":"timeline/smu2svkrvihxgeos/hourly"}]
[1789487043.548][2026-09-15 08:44:03][subbas-macbook-air.local][4306][SQLite][debug][9][Cached JSON fetch complete: timeline/smu2svkrvihxgeos/daily][]
[1789487043.548][2026-09-15 08:44:03][subbas-macbook-air.local][4306][SQLite][debug][9][Cached JSON fetch complete: timeline/smu2svkrvihxgeos/daily][]
[1789487043.548][2026-09-15 08:44:03][subbas-macbook-air.local][4306][SQLite][debug][9][Cached JSON fetch complete: timeline/smu2svkrvihxgeos/daily/0][]
[1789487043.549][2026-09-15 08:44:03][subbas-macbook-air.local][4306][SQLite][debug][9][Cached JSON fetch complete: timeline/smu2svkrvihxgeos/daily][]
[1789487043.549][2026-09-15 08:44:03][subbas-macbook-air.local][4306][SQLite][debug][9][Cached JSON fetch complete: timeline/smu2svkrvihxgeos/daily/0][]
[1789487043.55][2026-09-15 08:44:03][subbas-macbook-air.local][4306][SQLite][debug][5][Beginning transaction commit: 174][{"path":"timeline/smu2svkrvihxgeos/daily","actions":2}]
[1789487043.55][2026-09-15 08:44:03][subbas-macbook-air.local][4306][SQLite][debug][5][Transaction commit complete: 174][{"path":"timeline/smu2svkrvihxgeos/daily"}]
[1789487043.551][2026-09-15 08:44:03][subbas-macbook-air.local][4306][SQLite][debug][9][Cached JSON fetch complete: timeline/smu2svkrvihxgeos/monthly][]
[1789487043.551][2026-09-15 08:44:03][subbas-macbook-air.local][4306][SQLite][debug][9][Cached JSON fetch complete: timeline/smu2svkrvihxgeos/monthly][]
[1789487043.551][2026-09-15 08:44:03][subbas-macbook-air.local][4306][SQLite][debug][9][Cached JSON fetch complete: timeline/smu2svkrvihxgeos/monthly/0][]
[1789487043.551][2026-09-15 08:44:03][subbas-macbook-air.local][4306][SQLite][debug][9][Cached JSON fetch complete: timeline/smu2svkrvihxgeos/monthly][]
[1789487043.552][2026-09-15 08:44:03][subbas-macbook-air.local][4306][SQLite][debug][9][Cached JSON fetch complete: timeline/smu2svkrvihxgeos/monthly/0][]
[1789487043.553][2026-09-15 08:44:03][subbas-macbook-air.local][4306][SQLite][debug][5][Beginning transaction commit: 175][{"path":"timeline/smu2svkrvihxgeos/monthly","actions":2}]
[1789487043.554][2026-09-15 08:44:03][subbas-macbook-air.local][4306][SQLite][debug][5][Transaction commit complete: 175][{"path":"timeline/smu2svkrvihxgeos/monthly"}]
[1789487043.554][2026-09-15 08:44:03][subbas-macbook-air.local][4306][SQLite][debug][9][Cached JSON fetch complete: timeline/smu2svkrvihxgeos/yearly][]
[1789487043.554][2026-09-15 08:44:03][subbas-macbook-air.local][4306][SQLite][debug][9][Cached JSON fetch complete: timeline/smu2svkrvihxgeos/yearly][]
[1789487043.554][2026-09-15 08:44:03][subbas-macbook-air.local][4306][SQLite][debug][9][Cached JSON fetch complete: timeline/smu2svkrvihxgeos/yearly/0][]
[1789487043.555][2026-09-15 08:44:03][subbas-macbook-air.local][4306][SQLite][debug][9][Cached JSON fetch complete: timeline/smu2svkrvihxgeos/yearly][]
[1789487043.555][2026-09-15 08:44:03][subbas-macbook-air.local][4306][SQLite][debug][9][Cached JSON fetch complete: timeline/smu2svkrvihxgeos/yearly/0][]
[1789487043.556][2026-09-15 08:44:03][subbas-macbook-air.local][4306][SQLite][debug][5][Beginning transaction commit: 176][{"path":"timeline/smu2svkrvihxgeos/yearly","actions":2}]
[1789487043.556][2026-09-15 08:44:03][subbas-macbook-air.local][4306][SQLite][debug][5][Transaction commit complete: 176][{"path":"timeline/smu2svkrvihxgeos/yearly"}]
[1789487043.556][2026-09-15 08:44:03][subbas-macbook-air.local][4306][SQLite][debug][9][Storing SQLite JSON Object: hosts/smu2svkrvihxgeos/data][]
[1789487043.56][2026-09-15 08:44:03][subbas-macbook-air.local][4306][SQLite][debug][9][Store complete: hosts/smu2svkrvihxgeos/data][]
[1789487103.523][2026-09-15 08:45:03][subbas-macbook-air.local][4306][SQLite][debug][9][Cached JSON fetch complete: hosts/smu2svkrvihxgeos/data][]
[1789487103.526][2026-09-15 08:45:03][subbas-macbook-air.local][4306][SQLite][debug][9][Cached JSON fetch complete: timeline/smu2svkrvihxgeos/hourly][]
[1789487103.526][2026-09-15 08:45:03][subbas-macbook-air.local][4306][SQLite][debug][9][Cached JSON fetch complete: timeline/smu2svkrvihxgeos/hourly][]
[1789487103.527][2026-09-15 08:45:03][subbas-macbook-air.local][4306][SQLite][debug][9][Cached JSON fetch complete: timeline/smu2svkrvihxgeos/hourly/0][]
[1789487103.527][2026-09-15 08:45:03][subbas-macbook-air.local][4306][SQLite][debug][9][Cached JSON fetch complete: timeline/smu2svkrvihxgeos/hourly][]
[1789487103.527][2026-09-15 08:45:03][subbas-macbook-air.local][4306][SQLite][debug][9][Cached JSON fetch complete: timeline/smu2svkrvihxgeos/hourly/0][]
[1789487103.531][2026-09-15 08:45:03][subbas-macbook-air.local][4306][SQLite][debug][5][Beginning transaction commit: 177][{"path":"timeline/smu2svkrvihxgeos/hourly","actions":2}]
[1789487103.532][2026-09-15 08:45:03][subbas-macbook-air.local][4306][SQLite][debug][5][Transaction commit complete: 177][{"path":"timeline/smu2svkrvihxgeos/hourly"}]
[1789487103.533][2026-09-15 08:45:03][subbas-macbook-air.local][4306][SQLite][debug][9][Cached JSON fetch complete: timeline/smu2svkrvihxgeos/daily][]
[1789487103.534][2026-09-15 08:45:03][subbas-macbook-air.local][4306][SQLite][debug][9][Cached JSON fetch complete: timeline/smu2svkrvihxgeos/daily][]
[1789487103.534][2026-09-15 08:45:03][subbas-macbook-air.local][4306][SQLite][debug][9][Cached JSON fetch complete: timeline/smu2svkrvihxgeos/daily/0][]
[1789487103.535][2026-09-15 08:45:03][subbas-macbook-air.local][4306][SQLite][debug][9][Cached JSON fetch complete: timeline/smu2svkrvihxgeos/daily][]
[1789487103.535][2026-09-15 08:45:03][subbas-macbook-air.local][4306][SQLite][debug][9][Cached JSON fetch complete: timeline/smu2svkrvihxgeos/daily/0][]
[1789487103.536][2026-09-15 08:45:03][subbas-macbook-air.local][4306][SQLite][debug][5][Beginning transaction commit: 178][{"path":"timeline/smu2svkrvihxgeos/daily","actions":2}]
[1789487103.536][2026-09-15 08:45:03][subbas-macbook-air.local][4306][SQLite][debug][5][Transaction commit complete: 178][{"path":"timeline/smu2svkrvihxgeos/daily"}]
[1789487103.537][2026-09-15 08:45:03][subbas-macbook-air.local][4306][SQLite][debug][9][Cached JSON fetch complete: timeline/smu2svkrvihxgeos/monthly][]
[1789487103.537][2026-09-15 08:45:03][subbas-macbook-air.local][4306][SQLite][debug][9][Cached JSON fetch complete: timeline/smu2svkrvihxgeos/monthly][]
[1789487103.537][2026-09-15 08:45:03][subbas-macbook-air.local][4306][SQLite][debug][9][Cached JSON fetch complete: timeline/smu2svkrvihxgeos/monthly/0][]
[1789487103.538][2026-09-15 08:45:03][subbas-macbook-air.local][4306][SQLite][debug][9][Cached JSON fetch complete: timeline/smu2svkrvihxgeos/monthly][]
[1789487103.538][2026-09-15 08:45:03][subbas-macbook-air.local][4306][SQLite][debug][9][Cached JSON fetch complete: timeline/smu2svkrvihxgeos/monthly/0][]
[1789487103.539][2026-09-15 08:45:03][subbas-macbook-air.local][4306][SQLite][debug][5][Beginning transaction commit: 179][{"path":"timeline/smu2svkrvihxgeos/monthly","actions":2}]
[1789487103.54][2026-09-15 08:45:03][subbas-macbook-air.local][4306][SQLite][debug][5][Transaction commit complete: 179][{"path":"timeline/smu2svkrvihxgeos/monthly"}]
[1789487103.54][2026-09-15 08:45:03][subbas-macbook-air.local][4306][SQLite][debug][9][Cached JSON fetch complete: timeline/smu2svkrvihxgeos/yearly][]
[1789487103.54][2026-09-15 08:45:03][subbas-macbook-air.local][4306][SQLite][debug][9][Cached JSON fetch complete: timeline/smu2svkrvihxgeos/yearly][]
[1789487103.54][2026-09-15 08:45:03][subbas-macbook-air.local][4306][SQLite][debug][9][Cached JSON fetch complete: timeline/smu2svkrvihxgeos/yearly/0][]
[1789487103.541][2026-09-15 08:45:03][subbas-macbook-air.local][4306][SQLite][debug][9][Cached JSON fetch complete: timeline/smu2svkrvihxgeos/yearly][]
[1789487103.541][2026-09-15 08:45:03][subbas-macbook-air.local][4306][SQLite][debug][9][Cached JSON fetch complete: timeline/smu2svkrvihxgeos/yearly/0][]
[1789487103.541][2026-09-15 08:45:03][subbas-macbook-air.local][4306][SQLite][debug][5][Beginning transaction commit: 180][{"path":"timeline/smu2svkrvihxgeos/yearly","actions":2}]
[1789487103.541][2026-09-15 08:45:03][subbas-macbook-air.local][4306][SQLite][debug][5][Transaction commit complete: 180][{"path":"timeline/smu2svkrvihxgeos/yearly"}]
[1789487103.542][2026-09-15 08:45:03][subbas-macbook-air.local][4306][SQLite][debug][9][Storing SQLite JSON Object: hosts/smu2svkrvihxgeos/data][]
[1789487103.544][2026-09-15 08:45:03][subbas-macbook-air.local][4306][SQLite][debug][9][Store complete: hosts/smu2svkrvihxgeos/data][]
[1789487163.51][2026-09-15 08:46:03][subbas-macbook-air.local][4306][SQLite][debug][9][Cached JSON fetch complete: hosts/smu2svkrvihxgeos/data][]
[1789487163.512][2026-09-15 08:46:03][subbas-macbook-air.local][4306][SQLite][debug][9][Cached JSON fetch complete: timeline/smu2svkrvihxgeos/hourly][]
[1789487163.513][2026-09-15 08:46:03][subbas-macbook-air.local][4306][SQLite][debug][9][Cached JSON fetch complete: timeline/smu2svkrvihxgeos/hourly][]
[1789487163.513][2026-09-15 08:46:03][subbas-macbook-air.local][4306][SQLite][debug][9][Cached JSON fetch complete: timeline/smu2svkrvihxgeos/hourly/0][]
[1789487163.514][2026-09-15 08:46:03][subbas-macbook-air.local][4306][SQLite][debug][9][Cached JSON fetch complete: timeline/smu2svkrvihxgeos/hourly][]
[1789487163.514][2026-09-15 08:46:03][subbas-macbook-air.local][4306][SQLite][debug][9][Cached JSON fetch complete: timeline/smu2svkrvihxgeos/hourly/0][]
[1789487163.518][2026-09-15 08:46:03][subbas-macbook-air.local][4306][SQLite][debug][5][Beginning transaction commit: 181][{"path":"timeline/smu2svkrvihxgeos/hourly","actions":2}]
[1789487163.519][2026-09-15 08:46:03][subbas-macbook-air.local][4306][SQLite][debug][5][Transaction commit complete: 181][{"path":"timeline/smu2svkrvihxgeos/hourly"}]
[1789487163.52][2026-09-15 08:46:03][subbas-macbook-air.local][4306][SQLite][debug][9][Cached JSON fetch complete: timeline/smu2svkrvihxgeos/daily][]
[1789487163.52][2026-09-15 08:46:03][subbas-macbook-air.local][4306][SQLite][debug][9][Cached JSON fetch complete: timeline/smu2svkrvihxgeos/daily][]
[1789487163.521][2026-09-15 08:46:03][subbas-macbook-air.local][4306][SQLite][debug][9][Cached JSON fetch complete: timeline/smu2svkrvihxgeos/daily/0][]
[1789487163.521][2026-09-15 08:46:03][subbas-macbook-air.local][4306][SQLite][debug][9][Cached JSON fetch complete: timeline/smu2svkrvihxgeos/daily][]
[1789487163.521][2026-09-15 08:46:03][subbas-macbook-air.local][4306][SQLite][debug][9][Cached JSON fetch complete: timeline/smu2svkrvihxgeos/daily/0][]
[1789487163.522][2026-09-15 08:46:03][subbas-macbook-air.local][4306][SQLite][debug][5][Beginning transaction commit: 182][{"path":"timeline/smu2svkrvihxgeos/daily","actions":2}]
[1789487163.522][2026-09-15 08:46:03][subbas-macbook-air.local][4306][SQLite][debug][5][Transaction commit complete: 182][{"path":"timeline/smu2svkrvihxgeos/daily"}]
[1789487163.523][2026-09-15 08:46:03][subbas-macbook-air.local][4306][SQLite][debug][9][Cached JSON fetch complete: timeline/smu2svkrvihxgeos/monthly][]
[1789487163.523][2026-09-15 08:46:03][subbas-macbook-air.local][4306][SQLite][debug][9][Cached JSON fetch complete: timeline/smu2svkrvihxgeos/monthly][]
[1789487163.523][2026-09-15 08:46:03][subbas-macbook-air.local][4306][SQLite][debug][9][Cached JSON fetch complete: timeline/smu2svkrvihxgeos/monthly/0][]
[1789487163.524][2026-09-15 08:46:03][subbas-macbook-air.local][4306][SQLite][debug][9][Cached JSON fetch complete: timeline/smu2svkrvihxgeos/monthly][]
[1789487163.524][2026-09-15 08:46:03][subbas-macbook-air.local][4306][SQLite][debug][9][Cached JSON fetch complete: timeline/smu2svkrvihxgeos/monthly/0][]
[1789487163.526][2026-09-15 08:46:03][subbas-macbook-air.local][4306][SQLite][debug][5][Beginning transaction commit: 183][{"path":"timeline/smu2svkrvihxgeos/monthly","actions":2}]
[1789487163.526][2026-09-15 08:46:03][subbas-macbook-air.local][4306][SQLite][debug][5][Transaction commit complete: 183][{"path":"timeline/smu2svkrvihxgeos/monthly"}]
[1789487163.527][2026-09-15 08:46:03][subbas-macbook-air.local][4306][SQLite][debug][9][Cached JSON fetch complete: timeline/smu2svkrvihxgeos/yearly][]
[1789487163.527][2026-09-15 08:46:03][subbas-macbook-air.local][4306][SQLite][debug][9][Cached JSON fetch complete: timeline/smu2svkrvihxgeos/yearly][]
[1789487163.527][2026-09-15 08:46:03][subbas-macbook-air.local][4306][SQLite][debug][9][Cached JSON fetch complete: timeline/smu2svkrvihxgeos/yearly/0][]
[1789487163.528][2026-09-15 08:46:03][subbas-macbook-air.local][4306][SQLite][debug][9][Cached JSON fetch complete: timeline/smu2svkrvihxgeos/yearly][]
[1789487163.528][2026-09-15 08:46:03][subbas-macbook-air.local][4306][SQLite][debug][9][Cached JSON fetch complete: timeline/smu2svkrvihxgeos/yearly/0][]
[1789487163.528][2026-09-15 08:46:03][subbas-macbook-air.local][4306][SQLite][debug][5][Beginning transaction commit: 184][{"path":"timeline/smu2svkrvihxgeos/yearly","actions":2}]
[1789487163.528][2026-09-15 08:46:03][subbas-macbook-air.local][4306][SQLite][debug][5][Transaction commit complete: 184][{"path":"timeline/smu2svkrvihxgeos/yearly"}]
[1789487163.529][2026-09-15 08:46:03][subbas-macbook-air.local][4306][SQLite][debug][9][Storing SQLite JSON Object: hosts/smu2svkrvihxgeos/data][]
[1789487163.533][2026-09-15 08:46:03][subbas-macbook-air.local][4306][SQLite][debug][9][Store complete: hosts/smu2svkrvihxgeos/data][]
[1789487223.522][2026-09-15 08:47:03][subbas-macbook-air.local][4306][SQLite][debug][9][Cached JSON fetch complete: hosts/smu2svkrvihxgeos/data][]
[1789487223.524][2026-09-15 08:47:03][subbas-macbook-air.local][4306][SQLite][debug][9][Cached JSON fetch complete: timeline/smu2svkrvihxgeos/hourly][]
[1789487223.525][2026-09-15 08:47:03][subbas-macbook-air.local][4306][SQLite][debug][9][Cached JSON fetch complete: timeline/smu2svkrvihxgeos/hourly][]
[1789487223.525][2026-09-15 08:47:03][subbas-macbook-air.local][4306][SQLite][debug][9][Cached JSON fetch complete: timeline/smu2svkrvihxgeos/hourly/0][]
[1789487223.526][2026-09-15 08:47:03][subbas-macbook-air.local][4306][SQLite][debug][9][Cached JSON fetch complete: timeline/smu2svkrvihxgeos/hourly][]
[1789487223.526][2026-09-15 08:47:03][subbas-macbook-air.local][4306][SQLite][debug][9][Cached JSON fetch complete: timeline/smu2svkrvihxgeos/hourly/0][]
[1789487223.527][2026-09-15 08:47:03][subbas-macbook-air.local][4306][SQLite][debug][5][Beginning transaction commit: 185][{"path":"timeline/smu2svkrvihxgeos/hourly","actions":2}]
[1789487223.528][2026-09-15 08:47:03][subbas-macbook-air.local][4306][SQLite][debug][5][Transaction commit complete: 185][{"path":"timeline/smu2svkrvihxgeos/hourly"}]
[1789487223.53][2026-09-15 08:47:03][subbas-macbook-air.local][4306][SQLite][debug][9][Cached JSON fetch complete: timeline/smu2svkrvihxgeos/daily][]
[1789487223.53][2026-09-15 08:47:03][subbas-macbook-air.local][4306][SQLite][debug][9][Cached JSON fetch complete: timeline/smu2svkrvihxgeos/daily][]
[1789487223.53][2026-09-15 08:47:03][subbas-macbook-air.local][4306][SQLite][debug][9][Cached JSON fetch complete: timeline/smu2svkrvihxgeos/daily/0][]
[1789487223.531][2026-09-15 08:47:03][subbas-macbook-air.local][4306][SQLite][debug][9][Cached JSON fetch complete: timeline/smu2svkrvihxgeos/daily][]
[1789487223.531][2026-09-15 08:47:03][subbas-macbook-air.local][4306][SQLite][debug][9][Cached JSON fetch complete: timeline/smu2svkrvihxgeos/daily/0][]
[1789487223.533][2026-09-15 08:47:03][subbas-macbook-air.local][4306][SQLite][debug][5][Beginning transaction commit: 186][{"path":"timeline/smu2svkrvihxgeos/daily","actions":2}]
[1789487223.534][2026-09-15 08:47:03][subbas-macbook-air.local][4306][SQLite][debug][5][Transaction commit complete: 186][{"path":"timeline/smu2svkrvihxgeos/daily"}]
[1789487223.534][2026-09-15 08:47:03][subbas-macbook-air.local][4306][SQLite][debug][9][Cached JSON fetch complete: timeline/smu2svkrvihxgeos/monthly][]
[1789487223.534][2026-09-15 08:47:03][subbas-macbook-air.local][4306][SQLite][debug][9][Cached JSON fetch complete: timeline/smu2svkrvihxgeos/monthly][]
[1789487223.535][2026-09-15 08:47:03][subbas-macbook-air.local][4306][SQLite][debug][9][Cached JSON fetch complete: timeline/smu2svkrvihxgeos/monthly/0][]
[1789487223.535][2026-09-15 08:47:03][subbas-macbook-air.local][4306][SQLite][debug][9][Cached JSON fetch complete: timeline/smu2svkrvihxgeos/monthly][]
[1789487223.535][2026-09-15 08:47:03][subbas-macbook-air.local][4306][SQLite][debug][9][Cached JSON fetch complete: timeline/smu2svkrvihxgeos/monthly/0][]
[1789487223.536][2026-09-15 08:47:03][subbas-macbook-air.local][4306][SQLite][debug][5][Beginning transaction commit: 187][{"path":"timeline/smu2svkrvihxgeos/monthly","actions":2}]
[1789487223.536][2026-09-15 08:47:03][subbas-macbook-air.local][4306][SQLite][debug][5][Transaction commit complete: 187][{"path":"timeline/smu2svkrvihxgeos/monthly"}]
[1789487223.536][2026-09-15 08:47:03][subbas-macbook-air.local][4306][SQLite][debug][9][Cached JSON fetch complete: timeline/smu2svkrvihxgeos/yearly][]
[1789487223.537][2026-09-15 08:47:03][subbas-macbook-air.local][4306][SQLite][debug][9][Cached JSON fetch complete: timeline/smu2svkrvihxgeos/yearly][]
[1789487223.537][2026-09-15 08:47:03][subbas-macbook-air.local][4306][SQLite][debug][9][Cached JSON fetch complete: timeline/smu2svkrvihxgeos/yearly/0][]
[1789487223.537][2026-09-15 08:47:03][subbas-macbook-air.local][4306][SQLite][debug][9][Cached JSON fetch complete: timeline/smu2svkrvihxgeos/yearly][]
[1789487223.537][2026-09-15 08:47:03][subbas-macbook-air.local][4306][SQLite][debug][9][Cached JSON fetch complete: timeline/smu2svkrvihxgeos/yearly/0][]
[1789487223.538][2026-09-15 08:47:03][subbas-macbook-air.local][4306][SQLite][debug][5][Beginning transaction commit: 188][{"path":"timeline/smu2svkrvihxgeos/yearly","actions":2}]
[1789487223.538][2026-09-15 08:47:03][subbas-macbook-air.local][4306][SQLite][debug][5][Transaction commit complete: 188][{"path":"timeline/smu2svkrvihxgeos/yearly"}]
[1789487223.539][2026-09-15 08:47:03][subbas-macbook-air.local][4306][SQLite][debug][9][Storing SQLite JSON Object: hosts/smu2svkrvihxgeos/data][]
[1789487223.542][2026-09-15 08:47:03][subbas-macbook-air.local][4306][SQLite][debug][9][Store complete: hosts/smu2svkrvihxgeos/data][]
[1789487283.526][2026-09-15 08:48:03][subbas-macbook-air.local][4306][SQLite][debug][9][Cached JSON fetch complete: hosts/smu2svkrvihxgeos/data][]
[1789487283.53][2026-09-15 08:48:03][subbas-macbook-air.local][4306][SQLite][debug][9][Cached JSON fetch complete: timeline/smu2svkrvihxgeos/hourly][]
[1789487283.531][2026-09-15 08:48:03][subbas-macbook-air.local][4306][SQLite][debug][9][Cached JSON fetch complete: timeline/smu2svkrvihxgeos/hourly][]
[1789487283.531][2026-09-15 08:48:03][subbas-macbook-air.local][4306][SQLite][debug][9][Cached JSON fetch complete: timeline/smu2svkrvihxgeos/hourly/0][]
[1789487283.535][2026-09-15 08:48:03][subbas-macbook-air.local][4306][SQLite][debug][9][Cached JSON fetch complete: timeline/smu2svkrvihxgeos/hourly][]
[1789487283.535][2026-09-15 08:48:03][subbas-macbook-air.local][4306][SQLite][debug][9][Cached JSON fetch complete: timeline/smu2svkrvihxgeos/hourly/0][]
[1789487283.537][2026-09-15 08:48:03][subbas-macbook-air.local][4306][SQLite][debug][5][Beginning transaction commit: 189][{"path":"timeline/smu2svkrvihxgeos/hourly","actions":2}]
[1789487283.539][2026-09-15 08:48:03][subbas-macbook-air.local][4306][SQLite][debug][5][Transaction commit complete: 189][{"path":"timeline/smu2svkrvihxgeos/hourly"}]
[1789487283.54][2026-09-15 08:48:03][subbas-macbook-air.local][4306][SQLite][debug][9][Cached JSON fetch complete: timeline/smu2svkrvihxgeos/daily][]
[1789487283.54][2026-09-15 08:48:03][subbas-macbook-air.local][4306][SQLite][debug][9][Cached JSON fetch complete: timeline/smu2svkrvihxgeos/daily][]
[1789487283.54][2026-09-15 08:48:03][subbas-macbook-air.local][4306][SQLite][debug][9][Cached JSON fetch complete: timeline/smu2svkrvihxgeos/daily/0][]
[1789487283.541][2026-09-15 08:48:03][subbas-macbook-air.local][4306][SQLite][debug][9][Cached JSON fetch complete: timeline/smu2svkrvihxgeos/daily][]
[1789487283.541][2026-09-15 08:48:03][subbas-macbook-air.local][4306][SQLite][debug][9][Cached JSON fetch complete: timeline/smu2svkrvihxgeos/daily/0][]
[1789487283.542][2026-09-15 08:48:03][subbas-macbook-air.local][4306][SQLite][debug][5][Beginning transaction commit: 190][{"path":"timeline/smu2svkrvihxgeos/daily","actions":2}]
[1789487283.543][2026-09-15 08:48:03][subbas-macbook-air.local][4306][SQLite][debug][5][Transaction commit complete: 190][{"path":"timeline/smu2svkrvihxgeos/daily"}]
[1789487283.543][2026-09-15 08:48:03][subbas-macbook-air.local][4306][SQLite][debug][9][Cached JSON fetch complete: timeline/smu2svkrvihxgeos/monthly][]
[1789487283.544][2026-09-15 08:48:03][subbas-macbook-air.local][4306][SQLite][debug][9][Cached JSON fetch complete: timeline/smu2svkrvihxgeos/monthly][]
[1789487283.544][2026-09-15 08:48:03][subbas-macbook-air.local][4306][SQLite][debug][9][Cached JSON fetch complete: timeline/smu2svkrvihxgeos/monthly/0][]
[1789487283.544][2026-09-15 08:48:03][subbas-macbook-air.local][4306][SQLite][debug][9][Cached JSON fetch complete: timeline/smu2svkrvihxgeos/monthly][]
[1789487283.544][2026-09-15 08:48:03][subbas-macbook-air.local][4306][SQLite][debug][9][Cached JSON fetch complete: timeline/smu2svkrvihxgeos/monthly/0][]
[1789487283.545][2026-09-15 08:48:03][subbas-macbook-air.local][4306][SQLite][debug][5][Beginning transaction commit: 191][{"path":"timeline/smu2svkrvihxgeos/monthly","actions":2}]
[1789487283.545][2026-09-15 08:48:03][subbas-macbook-air.local][4306][SQLite][debug][5][Transaction commit complete: 191][{"path":"timeline/smu2svkrvihxgeos/monthly"}]
[1789487283.545][2026-09-15 08:48:03][subbas-macbook-air.local][4306][SQLite][debug][9][Cached JSON fetch complete: timeline/smu2svkrvihxgeos/yearly][]
[1789487283.546][2026-09-15 08:48:03][subbas-macbook-air.local][4306][SQLite][debug][9][Cached JSON fetch complete: timeline/smu2svkrvihxgeos/yearly][]
[1789487283.546][2026-09-15 08:48:03][subbas-macbook-air.local][4306][SQLite][debug][9][Cached JSON fetch complete: timeline/smu2svkrvihxgeos/yearly/0][]
[1789487283.546][2026-09-15 08:48:03][subbas-macbook-air.local][4306][SQLite][debug][9][Cached JSON fetch complete: timeline/smu2svkrvihxgeos/yearly][]
[1789487283.546][2026-09-15 08:48:03][subbas-macbook-air.local][4306][SQLite][debug][9][Cached JSON fetch complete: timeline/smu2svkrvihxgeos/yearly/0][]
[1789487283.547][2026-09-15 08:48:03][subbas-macbook-air.local][4306][SQLite][debug][5][Beginning transaction commit: 192][{"path":"timeline/smu2svkrvihxgeos/yearly","actions":2}]
[1789487283.547][2026-09-15 08:48:03][subbas-macbook-air.local][4306][SQLite][debug][5][Transaction commit complete: 192][{"path":"timeline/smu2svkrvihxgeos/yearly"}]
[1789487283.547][2026-09-15 08:48:03][subbas-macbook-air.local][4306][SQLite][debug][9][Storing SQLite JSON Object: hosts/smu2svkrvihxgeos/data][]
[1789487283.552][2026-09-15 08:48:03][subbas-macbook-air.local][4306][SQLite][debug][9][Store complete: hosts/smu2svkrvihxgeos/data][]
[1789487343.498][2026-09-15 08:49:03][subbas-macbook-air.local][4306][SQLite][debug][9][Cached JSON fetch complete: hosts/smu2svkrvihxgeos/data][]
[1789487343.501][2026-09-15 08:49:03][subbas-macbook-air.local][4306][SQLite][debug][9][Cached JSON fetch complete: timeline/smu2svkrvihxgeos/hourly][]
[1789487343.501][2026-09-15 08:49:03][subbas-macbook-air.local][4306][SQLite][debug][9][Cached JSON fetch complete: timeline/smu2svkrvihxgeos/hourly][]
[1789487343.503][2026-09-15 08:49:03][subbas-macbook-air.local][4306][SQLite][debug][9][Cached JSON fetch complete: timeline/smu2svkrvihxgeos/hourly/0][]
[1789487343.504][2026-09-15 08:49:03][subbas-macbook-air.local][4306][SQLite][debug][9][Cached JSON fetch complete: timeline/smu2svkrvihxgeos/hourly][]
[1789487343.504][2026-09-15 08:49:03][subbas-macbook-air.local][4306][SQLite][debug][9][Cached JSON fetch complete: timeline/smu2svkrvihxgeos/hourly/0][]
[1789487343.505][2026-09-15 08:49:03][subbas-macbook-air.local][4306][SQLite][debug][5][Beginning transaction commit: 193][{"path":"timeline/smu2svkrvihxgeos/hourly","actions":2}]
[1789487343.507][2026-09-15 08:49:03][subbas-macbook-air.local][4306][SQLite][debug][5][Transaction commit complete: 193][{"path":"timeline/smu2svkrvihxgeos/hourly"}]
[1789487343.508][2026-09-15 08:49:03][subbas-macbook-air.local][4306][SQLite][debug][9][Cached JSON fetch complete: timeline/smu2svkrvihxgeos/daily][]
[1789487343.508][2026-09-15 08:49:03][subbas-macbook-air.local][4306][SQLite][debug][9][Cached JSON fetch complete: timeline/smu2svkrvihxgeos/daily][]
[1789487343.508][2026-09-15 08:49:03][subbas-macbook-air.local][4306][SQLite][debug][9][Cached JSON fetch complete: timeline/smu2svkrvihxgeos/daily/0][]
[1789487343.508][2026-09-15 08:49:03][subbas-macbook-air.local][4306][SQLite][debug][9][Cached JSON fetch complete: timeline/smu2svkrvihxgeos/daily][]
[1789487343.509][2026-09-15 08:49:03][subbas-macbook-air.local][4306][SQLite][debug][9][Cached JSON fetch complete: timeline/smu2svkrvihxgeos/daily/0][]
[1789487343.509][2026-09-15 08:49:03][subbas-macbook-air.local][4306][SQLite][debug][5][Beginning transaction commit: 194][{"path":"timeline/smu2svkrvihxgeos/daily","actions":2}]
[1789487343.51][2026-09-15 08:49:03][subbas-macbook-air.local][4306][SQLite][debug][5][Transaction commit complete: 194][{"path":"timeline/smu2svkrvihxgeos/daily"}]
[1789487343.51][2026-09-15 08:49:03][subbas-macbook-air.local][4306][SQLite][debug][9][Cached JSON fetch complete: timeline/smu2svkrvihxgeos/monthly][]
[1789487343.511][2026-09-15 08:49:03][subbas-macbook-air.local][4306][SQLite][debug][9][Cached JSON fetch complete: timeline/smu2svkrvihxgeos/monthly][]
[1789487343.511][2026-09-15 08:49:03][subbas-macbook-air.local][4306][SQLite][debug][9][Cached JSON fetch complete: timeline/smu2svkrvihxgeos/monthly/0][]
[1789487343.512][2026-09-15 08:49:03][subbas-macbook-air.local][4306][SQLite][debug][9][Cached JSON fetch complete: timeline/smu2svkrvihxgeos/monthly][]
[1789487343.512][2026-09-15 08:49:03][subbas-macbook-air.local][4306][SQLite][debug][9][Cached JSON fetch complete: timeline/smu2svkrvihxgeos/monthly/0][]
[1789487343.513][2026-09-15 08:49:03][subbas-macbook-air.local][4306][SQLite][debug][5][Beginning transaction commit: 195][{"path":"timeline/smu2svkrvihxgeos/monthly","actions":2}]
[1789487343.513][2026-09-15 08:49:03][subbas-macbook-air.local][4306][SQLite][debug][5][Transaction commit complete: 195][{"path":"timeline/smu2svkrvihxgeos/monthly"}]
[1789487343.513][2026-09-15 08:49:03][subbas-macbook-air.local][4306][SQLite][debug][9][Cached JSON fetch complete: timeline/smu2svkrvihxgeos/yearly][]
[1789487343.514][2026-09-15 08:49:03][subbas-macbook-air.local][4306][SQLite][debug][9][Cached JSON fetch complete: timeline/smu2svkrvihxgeos/yearly][]
[1789487343.514][2026-09-15 08:49:03][subbas-macbook-air.local][4306][SQLite][debug][9][Cached JSON fetch complete: timeline/smu2svkrvihxgeos/yearly/0][]
[1789487343.514][2026-09-15 08:49:03][subbas-macbook-air.local][4306][SQLite][debug][9][Cached JSON fetch complete: timeline/smu2svkrvihxgeos/yearly][]
[1789487343.514][2026-09-15 08:49:03][subbas-macbook-air.local][4306][SQLite][debug][9][Cached JSON fetch complete: timeline/smu2svkrvihxgeos/yearly/0][]
[1789487343.515][2026-09-15 08:49:03][subbas-macbook-air.local][4306][SQLite][debug][5][Beginning transaction commit: 196][{"path":"timeline/smu2svkrvihxgeos/yearly","actions":2}]
[1789487343.515][2026-09-15 08:49:03][subbas-macbook-air.local][4306][SQLite][debug][5][Transaction commit complete: 196][{"path":"timeline/smu2svkrvihxgeos/yearly"}]
[1789487343.515][2026-09-15 08:49:03][subbas-macbook-air.local][4306][SQLite][debug][9][Storing SQLite JSON Object: hosts/smu2svkrvihxgeos/data][]
[1789487343.519][2026-09-15 08:49:03][subbas-macbook-air.local][4306][SQLite][debug][9][Store complete: hosts/smu2svkrvihxgeos/data][]
[1789487400.593][2026-09-15 08:50:00][subbas-macbook-air.local][4306][SQLite][debug][9][Cached JSON fetch complete: hosts/smu2svkrvihxgeos/data][]
[1789487400.594][2026-09-15 08:50:00][subbas-macbook-air.local][4306][SQLite][debug][9][Storing SQLite JSON Object: unbase/records/snapshots/snmu2ulf9tv85son][]
[1789487400.596][2026-09-15 08:50:00][subbas-macbook-air.local][4306][SQLite][debug][9][Store complete: unbase/records/snapshots/snmu2ulf9tv85son][]
[1789487400.597][2026-09-15 08:50:00][subbas-macbook-air.local][4306][SQLite][debug][9][Fetching SQLite Object: unbase/index/snapshots/_data/snmu2ulf9tv85son][]
[1789487400.598][2026-09-15 08:50:00][subbas-macbook-air.local][4306][SQLite][debug][9][Cached JSON fetch complete: unbase/index/snapshots/_id][]
[1789487400.598][2026-09-15 08:50:00][subbas-macbook-air.local][4306][SQLite][debug][9][Cached JSON fetch complete: unbase/index/snapshots/_id/data][]
[1789487400.599][2026-09-15 08:50:00][subbas-macbook-air.local][4306][SQLite][debug][9][Fetching SQLite Object: unbase/index/snapshots/jobs/word/jmu2ulev0uo65fam][]
[1789487400.599][2026-09-15 08:50:00][subbas-macbook-air.local][4306][SQLite][debug][9][Fetching SQLite Object: unbase/index/snapshots/jobs/word/jmu2ulewtuw8xmrj][]
[1789487400.599][2026-09-15 08:50:00][subbas-macbook-air.local][4306][SQLite][debug][9][Cached JSON fetch complete: unbase/index/snapshots/type/word/server][]
[1789487400.599][2026-09-15 08:50:00][subbas-macbook-air.local][4306][SQLite][debug][9][Cached JSON fetch complete: unbase/index/snapshots/source/word/job][]
[1789487400.599][2026-09-15 08:50:00][subbas-macbook-air.local][4306][SQLite][debug][9][Cached JSON fetch complete: unbase/index/snapshots/server/word/smu2svkrvihxgeos][]
[1789487400.599][2026-09-15 08:50:00][subbas-macbook-air.local][4306][SQLite][debug][9][Cached JSON fetch complete: unbase/index/snapshots/groups/word/main][]
[1789487400.599][2026-09-15 08:50:00][subbas-macbook-air.local][4306][SQLite][debug][9][Cached JSON fetch complete: unbase/index/snapshots/date/summary][]
[1789487400.6][2026-09-15 08:50:00][subbas-macbook-air.local][4306][SQLite][debug][9][Cached JSON fetch complete: unbase/index/snapshots/date/word/497079][]
[1789487400.6][2026-09-15 08:50:00][subbas-macbook-air.local][4306][SQLite][debug][9][Cached JSON fetch complete: unbase/index/snapshots/date/word/h497000][]
[1789487400.6][2026-09-15 08:50:00][subbas-macbook-air.local][4306][SQLite][debug][9][Cached JSON fetch complete: unbase/index/snapshots/date/word/t497000][]
[1789487400.6][2026-09-15 08:50:00][subbas-macbook-air.local][4306][SQLite][debug][9][Cached JSON fetch complete: unbase/index/snapshots/type/word/server/data][]
[1789487400.6][2026-09-15 08:50:00][subbas-macbook-air.local][4306][SQLite][debug][9][Cached JSON fetch complete: unbase/index/snapshots/source/word/job/data][]
[1789487400.6][2026-09-15 08:50:00][subbas-macbook-air.local][4306][SQLite][debug][9][Cached JSON fetch complete: unbase/index/snapshots/server/word/smu2svkrvihxgeos/data][]
[1789487400.6][2026-09-15 08:50:00][subbas-macbook-air.local][4306][SQLite][debug][9][Cached JSON fetch complete: unbase/index/snapshots/groups/word/main/data][]
[1789487400.6][2026-09-15 08:50:00][subbas-macbook-air.local][4306][SQLite][debug][9][Cached JSON fetch complete: unbase/index/snapshots/date/word/497079/data][]
[1789487400.6][2026-09-15 08:50:00][subbas-macbook-air.local][4306][SQLite][debug][9][Cached JSON fetch complete: unbase/index/snapshots/date/word/h497000/data][]
[1789487400.6][2026-09-15 08:50:00][subbas-macbook-air.local][4306][SQLite][debug][9][Cached JSON fetch complete: unbase/index/snapshots/date/word/t497000/data][]
[1789487400.602][2026-09-15 08:50:00][subbas-macbook-air.local][4306][SQLite][debug][5][Beginning transaction commit: 197][{"path":"unbase/index/snapshots","actions":22}]
[1789487400.602][2026-09-15 08:50:00][subbas-macbook-air.local][4306][SQLite][debug][5][Transaction commit complete: 197][{"path":"unbase/index/snapshots"}]
[1789487400.603][2026-09-15 08:50:00][subbas-macbook-air.local][4306][SQLite][debug][9][Storing SQLite JSON Object: unbase/records/jobs/jmu2ulewtuw8xmrj][]
[1789487400.603][2026-09-15 08:50:00][subbas-macbook-air.local][4306][SQLite][debug][9][Store complete: unbase/records/jobs/jmu2ulewtuw8xmrj][]
[1789487400.603][2026-09-15 08:50:00][subbas-macbook-air.local][4306][SQLite][debug][9][Fetching SQLite Object: unbase/index/jobs/_data/jmu2ulewtuw8xmrj][]
[1789487400.605][2026-09-15 08:50:00][subbas-macbook-air.local][4306][SQLite][debug][9][Cached JSON fetch complete: unbase/index/jobs/_id][]
[1789487400.605][2026-09-15 08:50:00][subbas-macbook-air.local][4306][SQLite][debug][9][Cached JSON fetch complete: unbase/index/jobs/_id/data][]
[1789487400.606][2026-09-15 08:50:00][subbas-macbook-air.local][4306][SQLite][debug][9][Cached JSON fetch complete: unbase/index/jobs/code/word/1][]
[1789487400.606][2026-09-15 08:50:00][subbas-macbook-air.local][4306][SQLite][debug][9][Cached JSON fetch complete: unbase/index/jobs/date/summary][]
[1789487400.606][2026-09-15 08:50:00][subbas-macbook-air.local][4306][SQLite][debug][9][Cached JSON fetch complete: unbase/index/jobs/date/word/497079][]
[1789487400.606][2026-09-15 08:50:00][subbas-macbook-air.local][4306][SQLite][debug][9][Cached JSON fetch complete: unbase/index/jobs/date/word/h497000][]
[1789487400.606][2026-09-15 08:50:00][subbas-macbook-air.local][4306][SQLite][debug][9][Cached JSON fetch complete: unbase/index/jobs/date/word/t497000][]
[1789487400.606][2026-09-15 08:50:00][subbas-macbook-air.local][4306][SQLite][debug][9][Cached JSON fetch complete: unbase/index/jobs/source/word/scheduler][]
[1789487400.606][2026-09-15 08:50:00][subbas-macbook-air.local][4306][SQLite][debug][9][Cached JSON fetch complete: unbase/index/jobs/tags/word/_error][]
[1789487400.607][2026-09-15 08:50:00][subbas-macbook-air.local][4306][SQLite][debug][9][Cached JSON fetch complete: unbase/index/jobs/tags/word/_last][]
[1789487400.607][2026-09-15 08:50:00][subbas-macbook-air.local][4306][SQLite][debug][9][Cached JSON fetch complete: unbase/index/jobs/event/word/emu2t3vr62wcc00v][]
[1789487400.607][2026-09-15 08:50:00][subbas-macbook-air.local][4306][SQLite][debug][9][Cached JSON fetch complete: unbase/index/jobs/category/word/general][]
[1789487400.607][2026-09-15 08:50:00][subbas-macbook-air.local][4306][SQLite][debug][9][Cached JSON fetch complete: unbase/index/jobs/plugin/word/shellplug][]
[1789487400.607][2026-09-15 08:50:00][subbas-macbook-air.local][4306][SQLite][debug][9][Cached JSON fetch complete: unbase/index/jobs/server/word/smu2svkrvihxgeos][]
[1789487400.607][2026-09-15 08:50:00][subbas-macbook-air.local][4306][SQLite][debug][9][Cached JSON fetch complete: unbase/index/jobs/groups/word/main][]
[1789487400.607][2026-09-15 08:50:00][subbas-macbook-air.local][4306][SQLite][debug][9][Cached JSON fetch complete: unbase/index/jobs/code/word/1/data][]
[1789487400.607][2026-09-15 08:50:00][subbas-macbook-air.local][4306][SQLite][debug][9][Cached JSON fetch complete: unbase/index/jobs/date/word/497079/data][]
[1789487400.607][2026-09-15 08:50:00][subbas-macbook-air.local][4306][SQLite][debug][9][Cached JSON fetch complete: unbase/index/jobs/date/word/h497000/data][]
[1789487400.607][2026-09-15 08:50:00][subbas-macbook-air.local][4306][SQLite][debug][9][Cached JSON fetch complete: unbase/index/jobs/date/word/t497000/data][]
[1789487400.607][2026-09-15 08:50:00][subbas-macbook-air.local][4306][SQLite][debug][9][Cached JSON fetch complete: unbase/index/jobs/source/word/scheduler/data][]
[1789487400.607][2026-09-15 08:50:00][subbas-macbook-air.local][4306][SQLite][debug][9][Cached JSON fetch complete: unbase/index/jobs/tags/word/_error/data][]
[1789487400.607][2026-09-15 08:50:00][subbas-macbook-air.local][4306][SQLite][debug][9][Cached JSON fetch complete: unbase/index/jobs/tags/word/_last/data][]
[1789487400.607][2026-09-15 08:50:00][subbas-macbook-air.local][4306][SQLite][debug][9][Cached JSON fetch complete: unbase/index/jobs/event/word/emu2t3vr62wcc00v/data][]
[1789487400.607][2026-09-15 08:50:00][subbas-macbook-air.local][4306][SQLite][debug][9][Cached JSON fetch complete: unbase/index/jobs/category/word/general/data][]
[1789487400.607][2026-09-15 08:50:00][subbas-macbook-air.local][4306][SQLite][debug][9][Cached JSON fetch complete: unbase/index/jobs/plugin/word/shellplug/data][]
[1789487400.607][2026-09-15 08:50:00][subbas-macbook-air.local][4306][SQLite][debug][9][Cached JSON fetch complete: unbase/index/jobs/server/word/smu2svkrvihxgeos/data][]
[1789487400.607][2026-09-15 08:50:00][subbas-macbook-air.local][4306][SQLite][debug][9][Cached JSON fetch complete: unbase/index/jobs/groups/word/main/data][]
[1789487400.61][2026-09-15 08:50:00][subbas-macbook-air.local][4306][SQLite][debug][9][Cached JSON fetch complete: unbase/index/jobs/completed/sort][]
[1789487400.61][2026-09-15 08:50:00][subbas-macbook-air.local][4306][SQLite][debug][9][Cached JSON fetch complete: unbase/index/jobs/elapsed/sort][]
[1789487400.61][2026-09-15 08:50:00][subbas-macbook-air.local][4306][SQLite][debug][9][Cached JSON fetch complete: unbase/index/jobs/completed/sort/data][]
[1789487400.61][2026-09-15 08:50:00][subbas-macbook-air.local][4306][SQLite][debug][9][Cached JSON fetch complete: unbase/index/jobs/elapsed/sort/data][]
[1789487400.612][2026-09-15 08:50:00][subbas-macbook-air.local][4306][SQLite][debug][5][Beginning transaction commit: 198][{"path":"unbase/index/jobs","actions":32}]
[1789487400.612][2026-09-15 08:50:00][subbas-macbook-air.local][4306][SQLite][debug][5][Transaction commit complete: 198][{"path":"unbase/index/jobs"}]
[1789487401.013][2026-09-15 08:50:01][subbas-macbook-air.local][4306][SQLite][debug][9][Storing SQLite JSON Object: global/state][]
[1789487401.015][2026-09-15 08:50:01][subbas-macbook-air.local][4306][SQLite][debug][9][Store complete: global/state][]
[1789487401.71][2026-09-15 08:50:01][subbas-macbook-air.local][4306][SQLite][debug][9][Storing SQLite JSON Object: unbase/records/jobs/jmu2ulev0uo65fam][]
[1789487401.71][2026-09-15 08:50:01][subbas-macbook-air.local][4306][SQLite][debug][9][Store complete: unbase/records/jobs/jmu2ulev0uo65fam][]
[1789487401.71][2026-09-15 08:50:01][subbas-macbook-air.local][4306][SQLite][debug][9][Fetching SQLite Object: unbase/index/jobs/_data/jmu2ulev0uo65fam][]
[1789487401.711][2026-09-15 08:50:01][subbas-macbook-air.local][4306][SQLite][debug][9][Cached JSON fetch complete: unbase/index/jobs/_id][]
[1789487401.711][2026-09-15 08:50:01][subbas-macbook-air.local][4306][SQLite][debug][9][Cached JSON fetch complete: unbase/index/jobs/_id/data][]
[1789487401.713][2026-09-15 08:50:01][subbas-macbook-air.local][4306][SQLite][debug][9][Cached JSON fetch complete: unbase/index/jobs/code/word/0][]
[1789487401.713][2026-09-15 08:50:01][subbas-macbook-air.local][4306][SQLite][debug][9][Cached JSON fetch complete: unbase/index/jobs/date/summary][]
[1789487401.713][2026-09-15 08:50:01][subbas-macbook-air.local][4306][SQLite][debug][9][Cached JSON fetch complete: unbase/index/jobs/date/word/497079][]
[1789487401.713][2026-09-15 08:50:01][subbas-macbook-air.local][4306][SQLite][debug][9][Cached JSON fetch complete: unbase/index/jobs/date/word/h497000][]
[1789487401.713][2026-09-15 08:50:01][subbas-macbook-air.local][4306][SQLite][debug][9][Cached JSON fetch complete: unbase/index/jobs/date/word/t497000][]
[1789487401.713][2026-09-15 08:50:01][subbas-macbook-air.local][4306][SQLite][debug][9][Cached JSON fetch complete: unbase/index/jobs/source/word/scheduler][]
[1789487401.713][2026-09-15 08:50:01][subbas-macbook-air.local][4306][SQLite][debug][9][Cached JSON fetch complete: unbase/index/jobs/tags/word/_success][]
[1789487401.713][2026-09-15 08:50:01][subbas-macbook-air.local][4306][SQLite][debug][9][Cached JSON fetch complete: unbase/index/jobs/tags/word/_last][]
[1789487401.713][2026-09-15 08:50:01][subbas-macbook-air.local][4306][SQLite][debug][9][Cached JSON fetch complete: unbase/index/jobs/event/word/emu2sckyhuzou1hh][]
[1789487401.713][2026-09-15 08:50:01][subbas-macbook-air.local][4306][SQLite][debug][9][Cached JSON fetch complete: unbase/index/jobs/category/word/general][]
[1789487401.713][2026-09-15 08:50:01][subbas-macbook-air.local][4306][SQLite][debug][9][Cached JSON fetch complete: unbase/index/jobs/plugin/word/shellplug][]
[1789487401.713][2026-09-15 08:50:01][subbas-macbook-air.local][4306][SQLite][debug][9][Cached JSON fetch complete: unbase/index/jobs/server/word/smu2svkrvihxgeos][]
[1789487401.713][2026-09-15 08:50:01][subbas-macbook-air.local][4306][SQLite][debug][9][Cached JSON fetch complete: unbase/index/jobs/groups/word/main][]
[1789487401.713][2026-09-15 08:50:01][subbas-macbook-air.local][4306][SQLite][debug][9][Cached JSON fetch complete: unbase/index/jobs/code/word/0/data][]
[1789487401.713][2026-09-15 08:50:01][subbas-macbook-air.local][4306][SQLite][debug][9][Cached JSON fetch complete: unbase/index/jobs/date/word/497079/data][]
[1789487401.713][2026-09-15 08:50:01][subbas-macbook-air.local][4306][SQLite][debug][9][Cached JSON fetch complete: unbase/index/jobs/date/word/h497000/data][]
[1789487401.713][2026-09-15 08:50:01][subbas-macbook-air.local][4306][SQLite][debug][9][Cached JSON fetch complete: unbase/index/jobs/date/word/t497000/data][]
[1789487401.713][2026-09-15 08:50:01][subbas-macbook-air.local][4306][SQLite][debug][9][Cached JSON fetch complete: unbase/index/jobs/source/word/scheduler/data][]
[1789487401.713][2026-09-15 08:50:01][subbas-macbook-air.local][4306][SQLite][debug][9][Cached JSON fetch complete: unbase/index/jobs/tags/word/_success/data][]
[1789487401.713][2026-09-15 08:50:01][subbas-macbook-air.local][4306][SQLite][debug][9][Cached JSON fetch complete: unbase/index/jobs/tags/word/_last/data][]
[1789487401.713][2026-09-15 08:50:01][subbas-macbook-air.local][4306][SQLite][debug][9][Cached JSON fetch complete: unbase/index/jobs/event/word/emu2sckyhuzou1hh/data][]
[1789487401.713][2026-09-15 08:50:01][subbas-macbook-air.local][4306][SQLite][debug][9][Cached JSON fetch complete: unbase/index/jobs/category/word/general/data][]
[1789487401.714][2026-09-15 08:50:01][subbas-macbook-air.local][4306][SQLite][debug][9][Cached JSON fetch complete: unbase/index/jobs/plugin/word/shellplug/data][]
[1789487401.714][2026-09-15 08:50:01][subbas-macbook-air.local][4306][SQLite][debug][9][Cached JSON fetch complete: unbase/index/jobs/server/word/smu2svkrvihxgeos/data][]
[1789487401.714][2026-09-15 08:50:01][subbas-macbook-air.local][4306][SQLite][debug][9][Cached JSON fetch complete: unbase/index/jobs/groups/word/main/data][]
[1789487401.715][2026-09-15 08:50:01][subbas-macbook-air.local][4306][SQLite][debug][9][Cached JSON fetch complete: unbase/index/jobs/completed/sort][]
[1789487401.715][2026-09-15 08:50:01][subbas-macbook-air.local][4306][SQLite][debug][9][Cached JSON fetch complete: unbase/index/jobs/elapsed/sort][]
[1789487401.715][2026-09-15 08:50:01][subbas-macbook-air.local][4306][SQLite][debug][9][Cached JSON fetch complete: unbase/index/jobs/completed/sort/data][]
[1789487401.715][2026-09-15 08:50:01][subbas-macbook-air.local][4306][SQLite][debug][9][Cached JSON fetch complete: unbase/index/jobs/elapsed/sort/data][]
[1789487401.716][2026-09-15 08:50:01][subbas-macbook-air.local][4306][SQLite][debug][5][Beginning transaction commit: 199][{"path":"unbase/index/jobs","actions":32}]
[1789487401.716][2026-09-15 08:50:01][subbas-macbook-air.local][4306][SQLite][debug][5][Transaction commit complete: 199][{"path":"unbase/index/jobs"}]
[1789487402.032][2026-09-15 08:50:02][subbas-macbook-air.local][4306][SQLite][debug][9][Storing SQLite JSON Object: global/state][]
[1789487402.034][2026-09-15 08:50:02][subbas-macbook-air.local][4306][SQLite][debug][9][Store complete: global/state][]
[1789487403.538][2026-09-15 08:50:03][subbas-macbook-air.local][4306][SQLite][debug][9][Cached JSON fetch complete: hosts/smu2svkrvihxgeos/data][]
[1789487403.54][2026-09-15 08:50:03][subbas-macbook-air.local][4306][SQLite][debug][9][Cached JSON fetch complete: timeline/smu2svkrvihxgeos/hourly][]
[1789487403.54][2026-09-15 08:50:03][subbas-macbook-air.local][4306][SQLite][debug][9][Cached JSON fetch complete: timeline/smu2svkrvihxgeos/hourly][]
[1789487403.541][2026-09-15 08:50:03][subbas-macbook-air.local][4306][SQLite][debug][9][Cached JSON fetch complete: timeline/smu2svkrvihxgeos/hourly/0][]
[1789487403.541][2026-09-15 08:50:03][subbas-macbook-air.local][4306][SQLite][debug][9][Cached JSON fetch complete: timeline/smu2svkrvihxgeos/hourly][]
[1789487403.542][2026-09-15 08:50:03][subbas-macbook-air.local][4306][SQLite][debug][9][Cached JSON fetch complete: timeline/smu2svkrvihxgeos/hourly/0][]
[1789487403.543][2026-09-15 08:50:03][subbas-macbook-air.local][4306][SQLite][debug][5][Beginning transaction commit: 200][{"path":"timeline/smu2svkrvihxgeos/hourly","actions":2}]
[1789487403.543][2026-09-15 08:50:03][subbas-macbook-air.local][4306][SQLite][debug][5][Transaction commit complete: 200][{"path":"timeline/smu2svkrvihxgeos/hourly"}]
[1789487403.544][2026-09-15 08:50:03][subbas-macbook-air.local][4306][SQLite][debug][9][Cached JSON fetch complete: timeline/smu2svkrvihxgeos/daily][]
[1789487403.544][2026-09-15 08:50:03][subbas-macbook-air.local][4306][SQLite][debug][9][Cached JSON fetch complete: timeline/smu2svkrvihxgeos/daily][]
[1789487403.544][2026-09-15 08:50:03][subbas-macbook-air.local][4306][SQLite][debug][9][Cached JSON fetch complete: timeline/smu2svkrvihxgeos/daily/0][]
[1789487403.545][2026-09-15 08:50:03][subbas-macbook-air.local][4306][SQLite][debug][9][Cached JSON fetch complete: timeline/smu2svkrvihxgeos/daily][]
[1789487403.545][2026-09-15 08:50:03][subbas-macbook-air.local][4306][SQLite][debug][9][Cached JSON fetch complete: timeline/smu2svkrvihxgeos/daily/0][]
[1789487403.546][2026-09-15 08:50:03][subbas-macbook-air.local][4306][SQLite][debug][5][Beginning transaction commit: 201][{"path":"timeline/smu2svkrvihxgeos/daily","actions":2}]
[1789487403.547][2026-09-15 08:50:03][subbas-macbook-air.local][4306][SQLite][debug][5][Transaction commit complete: 201][{"path":"timeline/smu2svkrvihxgeos/daily"}]
[1789487403.548][2026-09-15 08:50:03][subbas-macbook-air.local][4306][SQLite][debug][9][Cached JSON fetch complete: timeline/smu2svkrvihxgeos/monthly][]
[1789487403.548][2026-09-15 08:50:03][subbas-macbook-air.local][4306][SQLite][debug][9][Cached JSON fetch complete: timeline/smu2svkrvihxgeos/monthly][]
[1789487403.548][2026-09-15 08:50:03][subbas-macbook-air.local][4306][SQLite][debug][9][Cached JSON fetch complete: timeline/smu2svkrvihxgeos/monthly/0][]
[1789487403.549][2026-09-15 08:50:03][subbas-macbook-air.local][4306][SQLite][debug][9][Cached JSON fetch complete: timeline/smu2svkrvihxgeos/monthly][]
[1789487403.549][2026-09-15 08:50:03][subbas-macbook-air.local][4306][SQLite][debug][9][Cached JSON fetch complete: timeline/smu2svkrvihxgeos/monthly/0][]
[1789487403.549][2026-09-15 08:50:03][subbas-macbook-air.local][4306][SQLite][debug][5][Beginning transaction commit: 202][{"path":"timeline/smu2svkrvihxgeos/monthly","actions":2}]
[1789487403.55][2026-09-15 08:50:03][subbas-macbook-air.local][4306][SQLite][debug][5][Transaction commit complete: 202][{"path":"timeline/smu2svkrvihxgeos/monthly"}]
[1789487403.55][2026-09-15 08:50:03][subbas-macbook-air.local][4306][SQLite][debug][9][Cached JSON fetch complete: timeline/smu2svkrvihxgeos/yearly][]
[1789487403.55][2026-09-15 08:50:03][subbas-macbook-air.local][4306][SQLite][debug][9][Cached JSON fetch complete: timeline/smu2svkrvihxgeos/yearly][]
[1789487403.551][2026-09-15 08:50:03][subbas-macbook-air.local][4306][SQLite][debug][9][Cached JSON fetch complete: timeline/smu2svkrvihxgeos/yearly/0][]
[1789487403.551][2026-09-15 08:50:03][subbas-macbook-air.local][4306][SQLite][debug][9][Cached JSON fetch complete: timeline/smu2svkrvihxgeos/yearly][]
[1789487403.551][2026-09-15 08:50:03][subbas-macbook-air.local][4306][SQLite][debug][9][Cached JSON fetch complete: timeline/smu2svkrvihxgeos/yearly/0][]
[1789487403.554][2026-09-15 08:50:03][subbas-macbook-air.local][4306][SQLite][debug][5][Beginning transaction commit: 203][{"path":"timeline/smu2svkrvihxgeos/yearly","actions":2}]
[1789487403.554][2026-09-15 08:50:03][subbas-macbook-air.local][4306][SQLite][debug][5][Transaction commit complete: 203][{"path":"timeline/smu2svkrvihxgeos/yearly"}]
[1789487403.554][2026-09-15 08:50:03][subbas-macbook-air.local][4306][SQLite][debug][9][Storing SQLite JSON Object: hosts/smu2svkrvihxgeos/data][]
[1789487403.557][2026-09-15 08:50:03][subbas-macbook-air.local][4306][SQLite][debug][9][Store complete: hosts/smu2svkrvihxgeos/data][]
[1789487463.567][2026-09-15 08:51:03][subbas-macbook-air.local][4306][SQLite][debug][9][Cached JSON fetch complete: hosts/smu2svkrvihxgeos/data][]
[1789487463.569][2026-09-15 08:51:03][subbas-macbook-air.local][4306][SQLite][debug][9][Cached JSON fetch complete: timeline/smu2svkrvihxgeos/hourly][]
[1789487463.57][2026-09-15 08:51:03][subbas-macbook-air.local][4306][SQLite][debug][9][Cached JSON fetch complete: timeline/smu2svkrvihxgeos/hourly][]
[1789487463.571][2026-09-15 08:51:03][subbas-macbook-air.local][4306][SQLite][debug][9][Cached JSON fetch complete: timeline/smu2svkrvihxgeos/hourly/0][]
[1789487463.572][2026-09-15 08:51:03][subbas-macbook-air.local][4306][SQLite][debug][9][Cached JSON fetch complete: timeline/smu2svkrvihxgeos/hourly][]
[1789487463.572][2026-09-15 08:51:03][subbas-macbook-air.local][4306][SQLite][debug][9][Cached JSON fetch complete: timeline/smu2svkrvihxgeos/hourly/0][]
[1789487463.573][2026-09-15 08:51:03][subbas-macbook-air.local][4306][SQLite][debug][5][Beginning transaction commit: 204][{"path":"timeline/smu2svkrvihxgeos/hourly","actions":2}]
[1789487463.575][2026-09-15 08:51:03][subbas-macbook-air.local][4306][SQLite][debug][5][Transaction commit complete: 204][{"path":"timeline/smu2svkrvihxgeos/hourly"}]
[1789487463.576][2026-09-15 08:51:03][subbas-macbook-air.local][4306][SQLite][debug][9][Cached JSON fetch complete: timeline/smu2svkrvihxgeos/daily][]
[1789487463.577][2026-09-15 08:51:03][subbas-macbook-air.local][4306][SQLite][debug][9][Cached JSON fetch complete: timeline/smu2svkrvihxgeos/daily][]
[1789487463.577][2026-09-15 08:51:03][subbas-macbook-air.local][4306][SQLite][debug][9][Cached JSON fetch complete: timeline/smu2svkrvihxgeos/daily/0][]
[1789487463.577][2026-09-15 08:51:03][subbas-macbook-air.local][4306][SQLite][debug][9][Cached JSON fetch complete: timeline/smu2svkrvihxgeos/daily][]
[1789487463.578][2026-09-15 08:51:03][subbas-macbook-air.local][4306][SQLite][debug][9][Cached JSON fetch complete: timeline/smu2svkrvihxgeos/daily/0][]
[1789487463.579][2026-09-15 08:51:03][subbas-macbook-air.local][4306][SQLite][debug][5][Beginning transaction commit: 205][{"path":"timeline/smu2svkrvihxgeos/daily","actions":2}]
[1789487463.58][2026-09-15 08:51:03][subbas-macbook-air.local][4306][SQLite][debug][5][Transaction commit complete: 205][{"path":"timeline/smu2svkrvihxgeos/daily"}]
[1789487463.58][2026-09-15 08:51:03][subbas-macbook-air.local][4306][SQLite][debug][9][Cached JSON fetch complete: timeline/smu2svkrvihxgeos/monthly][]
[1789487463.581][2026-09-15 08:51:03][subbas-macbook-air.local][4306][SQLite][debug][9][Cached JSON fetch complete: timeline/smu2svkrvihxgeos/monthly][]
[1789487463.581][2026-09-15 08:51:03][subbas-macbook-air.local][4306][SQLite][debug][9][Cached JSON fetch complete: timeline/smu2svkrvihxgeos/monthly/0][]
[1789487463.581][2026-09-15 08:51:03][subbas-macbook-air.local][4306][SQLite][debug][9][Cached JSON fetch complete: timeline/smu2svkrvihxgeos/monthly][]
[1789487463.581][2026-09-15 08:51:03][subbas-macbook-air.local][4306][SQLite][debug][9][Cached JSON fetch complete: timeline/smu2svkrvihxgeos/monthly/0][]
[1789487463.582][2026-09-15 08:51:03][subbas-macbook-air.local][4306][SQLite][debug][5][Beginning transaction commit: 206][{"path":"timeline/smu2svkrvihxgeos/monthly","actions":2}]
[1789487463.583][2026-09-15 08:51:03][subbas-macbook-air.local][4306][SQLite][debug][5][Transaction commit complete: 206][{"path":"timeline/smu2svkrvihxgeos/monthly"}]
[1789487463.583][2026-09-15 08:51:03][subbas-macbook-air.local][4306][SQLite][debug][9][Cached JSON fetch complete: timeline/smu2svkrvihxgeos/yearly][]
[1789487463.583][2026-09-15 08:51:03][subbas-macbook-air.local][4306][SQLite][debug][9][Cached JSON fetch complete: timeline/smu2svkrvihxgeos/yearly][]
[1789487463.583][2026-09-15 08:51:03][subbas-macbook-air.local][4306][SQLite][debug][9][Cached JSON fetch complete: timeline/smu2svkrvihxgeos/yearly/0][]
[1789487463.584][2026-09-15 08:51:03][subbas-macbook-air.local][4306][SQLite][debug][9][Cached JSON fetch complete: timeline/smu2svkrvihxgeos/yearly][]
[1789487463.584][2026-09-15 08:51:03][subbas-macbook-air.local][4306][SQLite][debug][9][Cached JSON fetch complete: timeline/smu2svkrvihxgeos/yearly/0][]
[1789487463.584][2026-09-15 08:51:03][subbas-macbook-air.local][4306][SQLite][debug][5][Beginning transaction commit: 207][{"path":"timeline/smu2svkrvihxgeos/yearly","actions":2}]
[1789487463.585][2026-09-15 08:51:03][subbas-macbook-air.local][4306][SQLite][debug][5][Transaction commit complete: 207][{"path":"timeline/smu2svkrvihxgeos/yearly"}]
[1789487463.585][2026-09-15 08:51:03][subbas-macbook-air.local][4306][SQLite][debug][9][Storing SQLite JSON Object: hosts/smu2svkrvihxgeos/data][]
[1789487463.596][2026-09-15 08:51:03][subbas-macbook-air.local][4306][SQLite][debug][9][Store complete: hosts/smu2svkrvihxgeos/data][]
[1789487523.494][2026-09-15 08:52:03][subbas-macbook-air.local][4306][SQLite][debug][9][Cached JSON fetch complete: hosts/smu2svkrvihxgeos/data][]
[1789487523.498][2026-09-15 08:52:03][subbas-macbook-air.local][4306][SQLite][debug][9][Cached JSON fetch complete: timeline/smu2svkrvihxgeos/hourly][]
[1789487523.498][2026-09-15 08:52:03][subbas-macbook-air.local][4306][SQLite][debug][9][Cached JSON fetch complete: timeline/smu2svkrvihxgeos/hourly][]
[1789487523.499][2026-09-15 08:52:03][subbas-macbook-air.local][4306][SQLite][debug][9][Cached JSON fetch complete: timeline/smu2svkrvihxgeos/hourly/0][]
[1789487523.499][2026-09-15 08:52:03][subbas-macbook-air.local][4306][SQLite][debug][9][Cached JSON fetch complete: timeline/smu2svkrvihxgeos/hourly][]
[1789487523.5][2026-09-15 08:52:03][subbas-macbook-air.local][4306][SQLite][debug][9][Cached JSON fetch complete: timeline/smu2svkrvihxgeos/hourly/0][]
[1789487523.502][2026-09-15 08:52:03][subbas-macbook-air.local][4306][SQLite][debug][5][Beginning transaction commit: 208][{"path":"timeline/smu2svkrvihxgeos/hourly","actions":2}]
[1789487523.504][2026-09-15 08:52:03][subbas-macbook-air.local][4306][SQLite][debug][5][Transaction commit complete: 208][{"path":"timeline/smu2svkrvihxgeos/hourly"}]
[1789487523.505][2026-09-15 08:52:03][subbas-macbook-air.local][4306][SQLite][debug][9][Cached JSON fetch complete: timeline/smu2svkrvihxgeos/daily][]
[1789487523.505][2026-09-15 08:52:03][subbas-macbook-air.local][4306][SQLite][debug][9][Cached JSON fetch complete: timeline/smu2svkrvihxgeos/daily][]
[1789487523.505][2026-09-15 08:52:03][subbas-macbook-air.local][4306][SQLite][debug][9][Cached JSON fetch complete: timeline/smu2svkrvihxgeos/daily/0][]
[1789487523.506][2026-09-15 08:52:03][subbas-macbook-air.local][4306][SQLite][debug][9][Cached JSON fetch complete: timeline/smu2svkrvihxgeos/daily][]
[1789487523.506][2026-09-15 08:52:03][subbas-macbook-air.local][4306][SQLite][debug][9][Cached JSON fetch complete: timeline/smu2svkrvihxgeos/daily/0][]
[1789487523.507][2026-09-15 08:52:03][subbas-macbook-air.local][4306][SQLite][debug][5][Beginning transaction commit: 209][{"path":"timeline/smu2svkrvihxgeos/daily","actions":2}]
[1789487523.507][2026-09-15 08:52:03][subbas-macbook-air.local][4306][SQLite][debug][5][Transaction commit complete: 209][{"path":"timeline/smu2svkrvihxgeos/daily"}]
[1789487523.508][2026-09-15 08:52:03][subbas-macbook-air.local][4306][SQLite][debug][9][Cached JSON fetch complete: timeline/smu2svkrvihxgeos/monthly][]
[1789487523.508][2026-09-15 08:52:03][subbas-macbook-air.local][4306][SQLite][debug][9][Cached JSON fetch complete: timeline/smu2svkrvihxgeos/monthly][]
[1789487523.508][2026-09-15 08:52:03][subbas-macbook-air.local][4306][SQLite][debug][9][Cached JSON fetch complete: timeline/smu2svkrvihxgeos/monthly/0][]
[1789487523.508][2026-09-15 08:52:03][subbas-macbook-air.local][4306][SQLite][debug][9][Cached JSON fetch complete: timeline/smu2svkrvihxgeos/monthly][]
[1789487523.509][2026-09-15 08:52:03][subbas-macbook-air.local][4306][SQLite][debug][9][Cached JSON fetch complete: timeline/smu2svkrvihxgeos/monthly/0][]
[1789487523.51][2026-09-15 08:52:03][subbas-macbook-air.local][4306][SQLite][debug][5][Beginning transaction commit: 210][{"path":"timeline/smu2svkrvihxgeos/monthly","actions":2}]
[1789487523.51][2026-09-15 08:52:03][subbas-macbook-air.local][4306][SQLite][debug][5][Transaction commit complete: 210][{"path":"timeline/smu2svkrvihxgeos/monthly"}]
[1789487523.51][2026-09-15 08:52:03][subbas-macbook-air.local][4306][SQLite][debug][9][Cached JSON fetch complete: timeline/smu2svkrvihxgeos/yearly][]
[1789487523.511][2026-09-15 08:52:03][subbas-macbook-air.local][4306][SQLite][debug][9][Cached JSON fetch complete: timeline/smu2svkrvihxgeos/yearly][]
[1789487523.511][2026-09-15 08:52:03][subbas-macbook-air.local][4306][SQLite][debug][9][Cached JSON fetch complete: timeline/smu2svkrvihxgeos/yearly/0][]
[1789487523.511][2026-09-15 08:52:03][subbas-macbook-air.local][4306][SQLite][debug][9][Cached JSON fetch complete: timeline/smu2svkrvihxgeos/yearly][]
[1789487523.511][2026-09-15 08:52:03][subbas-macbook-air.local][4306][SQLite][debug][9][Cached JSON fetch complete: timeline/smu2svkrvihxgeos/yearly/0][]
[1789487523.512][2026-09-15 08:52:03][subbas-macbook-air.local][4306][SQLite][debug][5][Beginning transaction commit: 211][{"path":"timeline/smu2svkrvihxgeos/yearly","actions":2}]
[1789487523.512][2026-09-15 08:52:03][subbas-macbook-air.local][4306][SQLite][debug][5][Transaction commit complete: 211][{"path":"timeline/smu2svkrvihxgeos/yearly"}]
[1789487523.512][2026-09-15 08:52:03][subbas-macbook-air.local][4306][SQLite][debug][9][Storing SQLite JSON Object: hosts/smu2svkrvihxgeos/data][]
[1789487523.516][2026-09-15 08:52:03][subbas-macbook-air.local][4306][SQLite][debug][9][Store complete: hosts/smu2svkrvihxgeos/data][]
[1789487583.515][2026-09-15 08:53:03][subbas-macbook-air.local][4306][SQLite][debug][9][Cached JSON fetch complete: hosts/smu2svkrvihxgeos/data][]
[1789487583.517][2026-09-15 08:53:03][subbas-macbook-air.local][4306][SQLite][debug][9][Cached JSON fetch complete: timeline/smu2svkrvihxgeos/hourly][]
[1789487583.518][2026-09-15 08:53:03][subbas-macbook-air.local][4306][SQLite][debug][9][Cached JSON fetch complete: timeline/smu2svkrvihxgeos/hourly][]
[1789487583.518][2026-09-15 08:53:03][subbas-macbook-air.local][4306][SQLite][debug][9][Cached JSON fetch complete: timeline/smu2svkrvihxgeos/hourly/0][]
[1789487583.52][2026-09-15 08:53:03][subbas-macbook-air.local][4306][SQLite][debug][9][Cached JSON fetch complete: timeline/smu2svkrvihxgeos/hourly][]
[1789487583.521][2026-09-15 08:53:03][subbas-macbook-air.local][4306][SQLite][debug][9][Cached JSON fetch complete: timeline/smu2svkrvihxgeos/hourly/0][]
[1789487583.522][2026-09-15 08:53:03][subbas-macbook-air.local][4306][SQLite][debug][5][Beginning transaction commit: 212][{"path":"timeline/smu2svkrvihxgeos/hourly","actions":2}]
[1789487583.525][2026-09-15 08:53:03][subbas-macbook-air.local][4306][SQLite][debug][5][Transaction commit complete: 212][{"path":"timeline/smu2svkrvihxgeos/hourly"}]
[1789487583.526][2026-09-15 08:53:03][subbas-macbook-air.local][4306][SQLite][debug][9][Cached JSON fetch complete: timeline/smu2svkrvihxgeos/daily][]
[1789487583.526][2026-09-15 08:53:03][subbas-macbook-air.local][4306][SQLite][debug][9][Cached JSON fetch complete: timeline/smu2svkrvihxgeos/daily][]
[1789487583.526][2026-09-15 08:53:03][subbas-macbook-air.local][4306][SQLite][debug][9][Cached JSON fetch complete: timeline/smu2svkrvihxgeos/daily/0][]
[1789487583.526][2026-09-15 08:53:03][subbas-macbook-air.local][4306][SQLite][debug][9][Cached JSON fetch complete: timeline/smu2svkrvihxgeos/daily][]
[1789487583.527][2026-09-15 08:53:03][subbas-macbook-air.local][4306][SQLite][debug][9][Cached JSON fetch complete: timeline/smu2svkrvihxgeos/daily/0][]
[1789487583.529][2026-09-15 08:53:03][subbas-macbook-air.local][4306][SQLite][debug][5][Beginning transaction commit: 213][{"path":"timeline/smu2svkrvihxgeos/daily","actions":2}]
[1789487583.529][2026-09-15 08:53:03][subbas-macbook-air.local][4306][SQLite][debug][5][Transaction commit complete: 213][{"path":"timeline/smu2svkrvihxgeos/daily"}]
[1789487583.53][2026-09-15 08:53:03][subbas-macbook-air.local][4306][SQLite][debug][9][Cached JSON fetch complete: timeline/smu2svkrvihxgeos/monthly][]
[1789487583.53][2026-09-15 08:53:03][subbas-macbook-air.local][4306][SQLite][debug][9][Cached JSON fetch complete: timeline/smu2svkrvihxgeos/monthly][]
[1789487583.531][2026-09-15 08:53:03][subbas-macbook-air.local][4306][SQLite][debug][9][Cached JSON fetch complete: timeline/smu2svkrvihxgeos/monthly/0][]
[1789487583.531][2026-09-15 08:53:03][subbas-macbook-air.local][4306][SQLite][debug][9][Cached JSON fetch complete: timeline/smu2svkrvihxgeos/monthly][]
[1789487583.531][2026-09-15 08:53:03][subbas-macbook-air.local][4306][SQLite][debug][9][Cached JSON fetch complete: timeline/smu2svkrvihxgeos/monthly/0][]
[1789487583.532][2026-09-15 08:53:03][subbas-macbook-air.local][4306][SQLite][debug][5][Beginning transaction commit: 214][{"path":"timeline/smu2svkrvihxgeos/monthly","actions":2}]
[1789487583.532][2026-09-15 08:53:03][subbas-macbook-air.local][4306][SQLite][debug][5][Transaction commit complete: 214][{"path":"timeline/smu2svkrvihxgeos/monthly"}]
[1789487583.532][2026-09-15 08:53:03][subbas-macbook-air.local][4306][SQLite][debug][9][Cached JSON fetch complete: timeline/smu2svkrvihxgeos/yearly][]
[1789487583.533][2026-09-15 08:53:03][subbas-macbook-air.local][4306][SQLite][debug][9][Cached JSON fetch complete: timeline/smu2svkrvihxgeos/yearly][]
[1789487583.533][2026-09-15 08:53:03][subbas-macbook-air.local][4306][SQLite][debug][9][Cached JSON fetch complete: timeline/smu2svkrvihxgeos/yearly/0][]
[1789487583.533][2026-09-15 08:53:03][subbas-macbook-air.local][4306][SQLite][debug][9][Cached JSON fetch complete: timeline/smu2svkrvihxgeos/yearly][]
[1789487583.533][2026-09-15 08:53:03][subbas-macbook-air.local][4306][SQLite][debug][9][Cached JSON fetch complete: timeline/smu2svkrvihxgeos/yearly/0][]
[1789487583.534][2026-09-15 08:53:03][subbas-macbook-air.local][4306][SQLite][debug][5][Beginning transaction commit: 215][{"path":"timeline/smu2svkrvihxgeos/yearly","actions":2}]
[1789487583.534][2026-09-15 08:53:03][subbas-macbook-air.local][4306][SQLite][debug][5][Transaction commit complete: 215][{"path":"timeline/smu2svkrvihxgeos/yearly"}]
[1789487583.534][2026-09-15 08:53:03][subbas-macbook-air.local][4306][SQLite][debug][9][Storing SQLite JSON Object: hosts/smu2svkrvihxgeos/data][]
[1789487583.537][2026-09-15 08:53:03][subbas-macbook-air.local][4306][SQLite][debug][9][Store complete: hosts/smu2svkrvihxgeos/data][]
[1789487643.522][2026-09-15 08:54:03][subbas-macbook-air.local][4306][SQLite][debug][9][Cached JSON fetch complete: hosts/smu2svkrvihxgeos/data][]
[1789487643.525][2026-09-15 08:54:03][subbas-macbook-air.local][4306][SQLite][debug][9][Cached JSON fetch complete: timeline/smu2svkrvihxgeos/hourly][]
[1789487643.525][2026-09-15 08:54:03][subbas-macbook-air.local][4306][SQLite][debug][9][Cached JSON fetch complete: timeline/smu2svkrvihxgeos/hourly][]
[1789487643.526][2026-09-15 08:54:03][subbas-macbook-air.local][4306][SQLite][debug][9][Cached JSON fetch complete: timeline/smu2svkrvihxgeos/hourly/0][]
[1789487643.529][2026-09-15 08:54:03][subbas-macbook-air.local][4306][SQLite][debug][9][Cached JSON fetch complete: timeline/smu2svkrvihxgeos/hourly][]
[1789487643.529][2026-09-15 08:54:03][subbas-macbook-air.local][4306][SQLite][debug][9][Cached JSON fetch complete: timeline/smu2svkrvihxgeos/hourly/0][]
[1789487643.532][2026-09-15 08:54:03][subbas-macbook-air.local][4306][SQLite][debug][5][Beginning transaction commit: 216][{"path":"timeline/smu2svkrvihxgeos/hourly","actions":2}]
[1789487643.533][2026-09-15 08:54:03][subbas-macbook-air.local][4306][SQLite][debug][5][Transaction commit complete: 216][{"path":"timeline/smu2svkrvihxgeos/hourly"}]
[1789487643.534][2026-09-15 08:54:03][subbas-macbook-air.local][4306][SQLite][debug][9][Cached JSON fetch complete: timeline/smu2svkrvihxgeos/daily][]
[1789487643.535][2026-09-15 08:54:03][subbas-macbook-air.local][4306][SQLite][debug][9][Cached JSON fetch complete: timeline/smu2svkrvihxgeos/daily][]
[1789487643.535][2026-09-15 08:54:03][subbas-macbook-air.local][4306][SQLite][debug][9][Cached JSON fetch complete: timeline/smu2svkrvihxgeos/daily/0][]
[1789487643.535][2026-09-15 08:54:03][subbas-macbook-air.local][4306][SQLite][debug][9][Cached JSON fetch complete: timeline/smu2svkrvihxgeos/daily][]
[1789487643.535][2026-09-15 08:54:03][subbas-macbook-air.local][4306][SQLite][debug][9][Cached JSON fetch complete: timeline/smu2svkrvihxgeos/daily/0][]
[1789487643.537][2026-09-15 08:54:03][subbas-macbook-air.local][4306][SQLite][debug][5][Beginning transaction commit: 217][{"path":"timeline/smu2svkrvihxgeos/daily","actions":2}]
[1789487643.537][2026-09-15 08:54:03][subbas-macbook-air.local][4306][SQLite][debug][5][Transaction commit complete: 217][{"path":"timeline/smu2svkrvihxgeos/daily"}]
[1789487643.538][2026-09-15 08:54:03][subbas-macbook-air.local][4306][SQLite][debug][9][Cached JSON fetch complete: timeline/smu2svkrvihxgeos/monthly][]
[1789487643.538][2026-09-15 08:54:03][subbas-macbook-air.local][4306][SQLite][debug][9][Cached JSON fetch complete: timeline/smu2svkrvihxgeos/monthly][]
[1789487643.538][2026-09-15 08:54:03][subbas-macbook-air.local][4306][SQLite][debug][9][Cached JSON fetch complete: timeline/smu2svkrvihxgeos/monthly/0][]
[1789487643.538][2026-09-15 08:54:03][subbas-macbook-air.local][4306][SQLite][debug][9][Cached JSON fetch complete: timeline/smu2svkrvihxgeos/monthly][]
[1789487643.539][2026-09-15 08:54:03][subbas-macbook-air.local][4306][SQLite][debug][9][Cached JSON fetch complete: timeline/smu2svkrvihxgeos/monthly/0][]
[1789487643.539][2026-09-15 08:54:03][subbas-macbook-air.local][4306][SQLite][debug][5][Beginning transaction commit: 218][{"path":"timeline/smu2svkrvihxgeos/monthly","actions":2}]
[1789487643.539][2026-09-15 08:54:03][subbas-macbook-air.local][4306][SQLite][debug][5][Transaction commit complete: 218][{"path":"timeline/smu2svkrvihxgeos/monthly"}]
[1789487643.54][2026-09-15 08:54:03][subbas-macbook-air.local][4306][SQLite][debug][9][Cached JSON fetch complete: timeline/smu2svkrvihxgeos/yearly][]
[1789487643.54][2026-09-15 08:54:03][subbas-macbook-air.local][4306][SQLite][debug][9][Cached JSON fetch complete: timeline/smu2svkrvihxgeos/yearly][]
[1789487643.54][2026-09-15 08:54:03][subbas-macbook-air.local][4306][SQLite][debug][9][Cached JSON fetch complete: timeline/smu2svkrvihxgeos/yearly/0][]
[1789487643.541][2026-09-15 08:54:03][subbas-macbook-air.local][4306][SQLite][debug][9][Cached JSON fetch complete: timeline/smu2svkrvihxgeos/yearly][]
[1789487643.541][2026-09-15 08:54:03][subbas-macbook-air.local][4306][SQLite][debug][9][Cached JSON fetch complete: timeline/smu2svkrvihxgeos/yearly/0][]
[1789487643.541][2026-09-15 08:54:03][subbas-macbook-air.local][4306][SQLite][debug][5][Beginning transaction commit: 219][{"path":"timeline/smu2svkrvihxgeos/yearly","actions":2}]
[1789487643.541][2026-09-15 08:54:03][subbas-macbook-air.local][4306][SQLite][debug][5][Transaction commit complete: 219][{"path":"timeline/smu2svkrvihxgeos/yearly"}]
[1789487643.542][2026-09-15 08:54:03][subbas-macbook-air.local][4306][SQLite][debug][9][Storing SQLite JSON Object: hosts/smu2svkrvihxgeos/data][]
[1789487643.545][2026-09-15 08:54:03][subbas-macbook-air.local][4306][SQLite][debug][9][Store complete: hosts/smu2svkrvihxgeos/data][]
[1789487703.506][2026-09-15 08:55:03][subbas-macbook-air.local][4306][SQLite][debug][9][Cached JSON fetch complete: hosts/smu2svkrvihxgeos/data][]
[1789487703.509][2026-09-15 08:55:03][subbas-macbook-air.local][4306][SQLite][debug][9][Cached JSON fetch complete: timeline/smu2svkrvihxgeos/hourly][]
[1789487703.51][2026-09-15 08:55:03][subbas-macbook-air.local][4306][SQLite][debug][9][Cached JSON fetch complete: timeline/smu2svkrvihxgeos/hourly][]
[1789487703.51][2026-09-15 08:55:03][subbas-macbook-air.local][4306][SQLite][debug][9][Cached JSON fetch complete: timeline/smu2svkrvihxgeos/hourly/0][]
[1789487703.513][2026-09-15 08:55:03][subbas-macbook-air.local][4306][SQLite][debug][9][Cached JSON fetch complete: timeline/smu2svkrvihxgeos/hourly][]
[1789487703.513][2026-09-15 08:55:03][subbas-macbook-air.local][4306][SQLite][debug][9][Cached JSON fetch complete: timeline/smu2svkrvihxgeos/hourly/0][]
[1789487703.514][2026-09-15 08:55:03][subbas-macbook-air.local][4306][SQLite][debug][5][Beginning transaction commit: 220][{"path":"timeline/smu2svkrvihxgeos/hourly","actions":2}]
[1789487703.515][2026-09-15 08:55:03][subbas-macbook-air.local][4306][SQLite][debug][5][Transaction commit complete: 220][{"path":"timeline/smu2svkrvihxgeos/hourly"}]
[1789487703.516][2026-09-15 08:55:03][subbas-macbook-air.local][4306][SQLite][debug][9][Cached JSON fetch complete: timeline/smu2svkrvihxgeos/daily][]
[1789487703.517][2026-09-15 08:55:03][subbas-macbook-air.local][4306][SQLite][debug][9][Cached JSON fetch complete: timeline/smu2svkrvihxgeos/daily][]
[1789487703.517][2026-09-15 08:55:03][subbas-macbook-air.local][4306][SQLite][debug][9][Cached JSON fetch complete: timeline/smu2svkrvihxgeos/daily/0][]
[1789487703.517][2026-09-15 08:55:03][subbas-macbook-air.local][4306][SQLite][debug][9][Cached JSON fetch complete: timeline/smu2svkrvihxgeos/daily][]
[1789487703.517][2026-09-15 08:55:03][subbas-macbook-air.local][4306][SQLite][debug][9][Cached JSON fetch complete: timeline/smu2svkrvihxgeos/daily/0][]
[1789487703.518][2026-09-15 08:55:03][subbas-macbook-air.local][4306][SQLite][debug][5][Beginning transaction commit: 221][{"path":"timeline/smu2svkrvihxgeos/daily","actions":2}]
[1789487703.518][2026-09-15 08:55:03][subbas-macbook-air.local][4306][SQLite][debug][5][Transaction commit complete: 221][{"path":"timeline/smu2svkrvihxgeos/daily"}]
[1789487703.519][2026-09-15 08:55:03][subbas-macbook-air.local][4306][SQLite][debug][9][Cached JSON fetch complete: timeline/smu2svkrvihxgeos/monthly][]
[1789487703.519][2026-09-15 08:55:03][subbas-macbook-air.local][4306][SQLite][debug][9][Cached JSON fetch complete: timeline/smu2svkrvihxgeos/monthly][]
[1789487703.519][2026-09-15 08:55:03][subbas-macbook-air.local][4306][SQLite][debug][9][Cached JSON fetch complete: timeline/smu2svkrvihxgeos/monthly/0][]
[1789487703.52][2026-09-15 08:55:03][subbas-macbook-air.local][4306][SQLite][debug][9][Cached JSON fetch complete: timeline/smu2svkrvihxgeos/monthly][]
[1789487703.52][2026-09-15 08:55:03][subbas-macbook-air.local][4306][SQLite][debug][9][Cached JSON fetch complete: timeline/smu2svkrvihxgeos/monthly/0][]
[1789487703.521][2026-09-15 08:55:03][subbas-macbook-air.local][4306][SQLite][debug][5][Beginning transaction commit: 222][{"path":"timeline/smu2svkrvihxgeos/monthly","actions":2}]
[1789487703.521][2026-09-15 08:55:03][subbas-macbook-air.local][4306][SQLite][debug][5][Transaction commit complete: 222][{"path":"timeline/smu2svkrvihxgeos/monthly"}]
[1789487703.521][2026-09-15 08:55:03][subbas-macbook-air.local][4306][SQLite][debug][9][Cached JSON fetch complete: timeline/smu2svkrvihxgeos/yearly][]
[1789487703.522][2026-09-15 08:55:03][subbas-macbook-air.local][4306][SQLite][debug][9][Cached JSON fetch complete: timeline/smu2svkrvihxgeos/yearly][]
[1789487703.522][2026-09-15 08:55:03][subbas-macbook-air.local][4306][SQLite][debug][9][Cached JSON fetch complete: timeline/smu2svkrvihxgeos/yearly/0][]
[1789487703.522][2026-09-15 08:55:03][subbas-macbook-air.local][4306][SQLite][debug][9][Cached JSON fetch complete: timeline/smu2svkrvihxgeos/yearly][]
[1789487703.522][2026-09-15 08:55:03][subbas-macbook-air.local][4306][SQLite][debug][9][Cached JSON fetch complete: timeline/smu2svkrvihxgeos/yearly/0][]
[1789487703.523][2026-09-15 08:55:03][subbas-macbook-air.local][4306][SQLite][debug][5][Beginning transaction commit: 223][{"path":"timeline/smu2svkrvihxgeos/yearly","actions":2}]
[1789487703.523][2026-09-15 08:55:03][subbas-macbook-air.local][4306][SQLite][debug][5][Transaction commit complete: 223][{"path":"timeline/smu2svkrvihxgeos/yearly"}]
[1789487703.523][2026-09-15 08:55:03][subbas-macbook-air.local][4306][SQLite][debug][9][Storing SQLite JSON Object: hosts/smu2svkrvihxgeos/data][]
[1789487703.527][2026-09-15 08:55:03][subbas-macbook-air.local][4306][SQLite][debug][9][Store complete: hosts/smu2svkrvihxgeos/data][]
[1789487763.49][2026-09-15 08:56:03][subbas-macbook-air.local][4306][SQLite][debug][9][Cached JSON fetch complete: hosts/smu2svkrvihxgeos/data][]
[1789487763.493][2026-09-15 08:56:03][subbas-macbook-air.local][4306][SQLite][debug][9][Cached JSON fetch complete: timeline/smu2svkrvihxgeos/hourly][]
[1789487763.494][2026-09-15 08:56:03][subbas-macbook-air.local][4306][SQLite][debug][9][Cached JSON fetch complete: timeline/smu2svkrvihxgeos/hourly][]
[1789487763.494][2026-09-15 08:56:03][subbas-macbook-air.local][4306][SQLite][debug][9][Cached JSON fetch complete: timeline/smu2svkrvihxgeos/hourly/0][]
[1789487763.496][2026-09-15 08:56:03][subbas-macbook-air.local][4306][SQLite][debug][9][Cached JSON fetch complete: timeline/smu2svkrvihxgeos/hourly][]
[1789487763.496][2026-09-15 08:56:03][subbas-macbook-air.local][4306][SQLite][debug][9][Cached JSON fetch complete: timeline/smu2svkrvihxgeos/hourly/0][]
[1789487763.498][2026-09-15 08:56:03][subbas-macbook-air.local][4306][SQLite][debug][5][Beginning transaction commit: 224][{"path":"timeline/smu2svkrvihxgeos/hourly","actions":2}]
[1789487763.5][2026-09-15 08:56:03][subbas-macbook-air.local][4306][SQLite][debug][5][Transaction commit complete: 224][{"path":"timeline/smu2svkrvihxgeos/hourly"}]
[1789487763.501][2026-09-15 08:56:03][subbas-macbook-air.local][4306][SQLite][debug][9][Cached JSON fetch complete: timeline/smu2svkrvihxgeos/daily][]
[1789487763.501][2026-09-15 08:56:03][subbas-macbook-air.local][4306][SQLite][debug][9][Cached JSON fetch complete: timeline/smu2svkrvihxgeos/daily][]
[1789487763.501][2026-09-15 08:56:03][subbas-macbook-air.local][4306][SQLite][debug][9][Cached JSON fetch complete: timeline/smu2svkrvihxgeos/daily/0][]
[1789487763.502][2026-09-15 08:56:03][subbas-macbook-air.local][4306][SQLite][debug][9][Cached JSON fetch complete: timeline/smu2svkrvihxgeos/daily][]
[1789487763.502][2026-09-15 08:56:03][subbas-macbook-air.local][4306][SQLite][debug][9][Cached JSON fetch complete: timeline/smu2svkrvihxgeos/daily/0][]
[1789487763.503][2026-09-15 08:56:03][subbas-macbook-air.local][4306][SQLite][debug][5][Beginning transaction commit: 225][{"path":"timeline/smu2svkrvihxgeos/daily","actions":2}]
[1789487763.503][2026-09-15 08:56:03][subbas-macbook-air.local][4306][SQLite][debug][5][Transaction commit complete: 225][{"path":"timeline/smu2svkrvihxgeos/daily"}]
[1789487763.504][2026-09-15 08:56:03][subbas-macbook-air.local][4306][SQLite][debug][9][Cached JSON fetch complete: timeline/smu2svkrvihxgeos/monthly][]
[1789487763.504][2026-09-15 08:56:03][subbas-macbook-air.local][4306][SQLite][debug][9][Cached JSON fetch complete: timeline/smu2svkrvihxgeos/monthly][]
[1789487763.504][2026-09-15 08:56:03][subbas-macbook-air.local][4306][SQLite][debug][9][Cached JSON fetch complete: timeline/smu2svkrvihxgeos/monthly/0][]
[1789487763.504][2026-09-15 08:56:03][subbas-macbook-air.local][4306][SQLite][debug][9][Cached JSON fetch complete: timeline/smu2svkrvihxgeos/monthly][]
[1789487763.504][2026-09-15 08:56:03][subbas-macbook-air.local][4306][SQLite][debug][9][Cached JSON fetch complete: timeline/smu2svkrvihxgeos/monthly/0][]
[1789487763.505][2026-09-15 08:56:03][subbas-macbook-air.local][4306][SQLite][debug][5][Beginning transaction commit: 226][{"path":"timeline/smu2svkrvihxgeos/monthly","actions":2}]
[1789487763.505][2026-09-15 08:56:03][subbas-macbook-air.local][4306][SQLite][debug][5][Transaction commit complete: 226][{"path":"timeline/smu2svkrvihxgeos/monthly"}]
[1789487763.506][2026-09-15 08:56:03][subbas-macbook-air.local][4306][SQLite][debug][9][Cached JSON fetch complete: timeline/smu2svkrvihxgeos/yearly][]
[1789487763.506][2026-09-15 08:56:03][subbas-macbook-air.local][4306][SQLite][debug][9][Cached JSON fetch complete: timeline/smu2svkrvihxgeos/yearly][]
[1789487763.506][2026-09-15 08:56:03][subbas-macbook-air.local][4306][SQLite][debug][9][Cached JSON fetch complete: timeline/smu2svkrvihxgeos/yearly/0][]
[1789487763.506][2026-09-15 08:56:03][subbas-macbook-air.local][4306][SQLite][debug][9][Cached JSON fetch complete: timeline/smu2svkrvihxgeos/yearly][]
[1789487763.506][2026-09-15 08:56:03][subbas-macbook-air.local][4306][SQLite][debug][9][Cached JSON fetch complete: timeline/smu2svkrvihxgeos/yearly/0][]
[1789487763.507][2026-09-15 08:56:03][subbas-macbook-air.local][4306][SQLite][debug][5][Beginning transaction commit: 227][{"path":"timeline/smu2svkrvihxgeos/yearly","actions":2}]
[1789487763.507][2026-09-15 08:56:03][subbas-macbook-air.local][4306][SQLite][debug][5][Transaction commit complete: 227][{"path":"timeline/smu2svkrvihxgeos/yearly"}]
[1789487763.507][2026-09-15 08:56:03][subbas-macbook-air.local][4306][SQLite][debug][9][Storing SQLite JSON Object: hosts/smu2svkrvihxgeos/data][]
[1789487763.51][2026-09-15 08:56:03][subbas-macbook-air.local][4306][SQLite][debug][9][Store complete: hosts/smu2svkrvihxgeos/data][]
[1789487823.549][2026-09-15 08:57:03][subbas-macbook-air.local][4306][SQLite][debug][9][Cached JSON fetch complete: hosts/smu2svkrvihxgeos/data][]
[1789487823.553][2026-09-15 08:57:03][subbas-macbook-air.local][4306][SQLite][debug][9][Cached JSON fetch complete: timeline/smu2svkrvihxgeos/hourly][]
[1789487823.554][2026-09-15 08:57:03][subbas-macbook-air.local][4306][SQLite][debug][9][Cached JSON fetch complete: timeline/smu2svkrvihxgeos/hourly][]
[1789487823.554][2026-09-15 08:57:03][subbas-macbook-air.local][4306][SQLite][debug][9][Cached JSON fetch complete: timeline/smu2svkrvihxgeos/hourly/0][]
[1789487823.555][2026-09-15 08:57:03][subbas-macbook-air.local][4306][SQLite][debug][9][Cached JSON fetch complete: timeline/smu2svkrvihxgeos/hourly][]
[1789487823.555][2026-09-15 08:57:03][subbas-macbook-air.local][4306][SQLite][debug][9][Cached JSON fetch complete: timeline/smu2svkrvihxgeos/hourly/0][]
[1789487823.557][2026-09-15 08:57:03][subbas-macbook-air.local][4306][SQLite][debug][5][Beginning transaction commit: 228][{"path":"timeline/smu2svkrvihxgeos/hourly","actions":2}]
[1789487823.559][2026-09-15 08:57:03][subbas-macbook-air.local][4306][SQLite][debug][5][Transaction commit complete: 228][{"path":"timeline/smu2svkrvihxgeos/hourly"}]
[1789487823.56][2026-09-15 08:57:03][subbas-macbook-air.local][4306][SQLite][debug][9][Cached JSON fetch complete: timeline/smu2svkrvihxgeos/daily][]
[1789487823.56][2026-09-15 08:57:03][subbas-macbook-air.local][4306][SQLite][debug][9][Cached JSON fetch complete: timeline/smu2svkrvihxgeos/daily][]
[1789487823.56][2026-09-15 08:57:03][subbas-macbook-air.local][4306][SQLite][debug][9][Cached JSON fetch complete: timeline/smu2svkrvihxgeos/daily/0][]
[1789487823.561][2026-09-15 08:57:03][subbas-macbook-air.local][4306][SQLite][debug][9][Cached JSON fetch complete: timeline/smu2svkrvihxgeos/daily][]
[1789487823.561][2026-09-15 08:57:03][subbas-macbook-air.local][4306][SQLite][debug][9][Cached JSON fetch complete: timeline/smu2svkrvihxgeos/daily/0][]
[1789487823.561][2026-09-15 08:57:03][subbas-macbook-air.local][4306][SQLite][debug][5][Beginning transaction commit: 229][{"path":"timeline/smu2svkrvihxgeos/daily","actions":2}]
[1789487823.562][2026-09-15 08:57:03][subbas-macbook-air.local][4306][SQLite][debug][5][Transaction commit complete: 229][{"path":"timeline/smu2svkrvihxgeos/daily"}]
[1789487823.562][2026-09-15 08:57:03][subbas-macbook-air.local][4306][SQLite][debug][9][Cached JSON fetch complete: timeline/smu2svkrvihxgeos/monthly][]
[1789487823.563][2026-09-15 08:57:03][subbas-macbook-air.local][4306][SQLite][debug][9][Cached JSON fetch complete: timeline/smu2svkrvihxgeos/monthly][]
[1789487823.563][2026-09-15 08:57:03][subbas-macbook-air.local][4306][SQLite][debug][9][Cached JSON fetch complete: timeline/smu2svkrvihxgeos/monthly/0][]
[1789487823.563][2026-09-15 08:57:03][subbas-macbook-air.local][4306][SQLite][debug][9][Cached JSON fetch complete: timeline/smu2svkrvihxgeos/monthly][]
[1789487823.563][2026-09-15 08:57:03][subbas-macbook-air.local][4306][SQLite][debug][9][Cached JSON fetch complete: timeline/smu2svkrvihxgeos/monthly/0][]
[1789487823.564][2026-09-15 08:57:03][subbas-macbook-air.local][4306][SQLite][debug][5][Beginning transaction commit: 230][{"path":"timeline/smu2svkrvihxgeos/monthly","actions":2}]
[1789487823.564][2026-09-15 08:57:03][subbas-macbook-air.local][4306][SQLite][debug][5][Transaction commit complete: 230][{"path":"timeline/smu2svkrvihxgeos/monthly"}]
[1789487823.565][2026-09-15 08:57:03][subbas-macbook-air.local][4306][SQLite][debug][9][Cached JSON fetch complete: timeline/smu2svkrvihxgeos/yearly][]
[1789487823.565][2026-09-15 08:57:03][subbas-macbook-air.local][4306][SQLite][debug][9][Cached JSON fetch complete: timeline/smu2svkrvihxgeos/yearly][]
[1789487823.565][2026-09-15 08:57:03][subbas-macbook-air.local][4306][SQLite][debug][9][Cached JSON fetch complete: timeline/smu2svkrvihxgeos/yearly/0][]
[1789487823.566][2026-09-15 08:57:03][subbas-macbook-air.local][4306][SQLite][debug][9][Cached JSON fetch complete: timeline/smu2svkrvihxgeos/yearly][]
[1789487823.566][2026-09-15 08:57:03][subbas-macbook-air.local][4306][SQLite][debug][9][Cached JSON fetch complete: timeline/smu2svkrvihxgeos/yearly/0][]
[1789487823.566][2026-09-15 08:57:03][subbas-macbook-air.local][4306][SQLite][debug][5][Beginning transaction commit: 231][{"path":"timeline/smu2svkrvihxgeos/yearly","actions":2}]
[1789487823.566][2026-09-15 08:57:03][subbas-macbook-air.local][4306][SQLite][debug][5][Transaction commit complete: 231][{"path":"timeline/smu2svkrvihxgeos/yearly"}]
[1789487823.567][2026-09-15 08:57:03][subbas-macbook-air.local][4306][SQLite][debug][9][Storing SQLite JSON Object: hosts/smu2svkrvihxgeos/data][]
[1789487823.571][2026-09-15 08:57:03][subbas-macbook-air.local][4306][SQLite][debug][9][Store complete: hosts/smu2svkrvihxgeos/data][]
[1789487883.476][2026-09-15 08:58:03][subbas-macbook-air.local][4306][SQLite][debug][9][Cached JSON fetch complete: hosts/smu2svkrvihxgeos/data][]
[1789487883.482][2026-09-15 08:58:03][subbas-macbook-air.local][4306][SQLite][debug][9][Cached JSON fetch complete: timeline/smu2svkrvihxgeos/hourly][]
[1789487883.483][2026-09-15 08:58:03][subbas-macbook-air.local][4306][SQLite][debug][9][Cached JSON fetch complete: timeline/smu2svkrvihxgeos/hourly][]
[1789487883.483][2026-09-15 08:58:03][subbas-macbook-air.local][4306][SQLite][debug][9][Cached JSON fetch complete: timeline/smu2svkrvihxgeos/hourly/0][]
[1789487883.484][2026-09-15 08:58:03][subbas-macbook-air.local][4306][SQLite][debug][9][Cached JSON fetch complete: timeline/smu2svkrvihxgeos/hourly][]
[1789487883.487][2026-09-15 08:58:03][subbas-macbook-air.local][4306][SQLite][debug][9][Cached JSON fetch complete: timeline/smu2svkrvihxgeos/hourly/0][]
[1789487883.488][2026-09-15 08:58:03][subbas-macbook-air.local][4306][SQLite][debug][5][Beginning transaction commit: 232][{"path":"timeline/smu2svkrvihxgeos/hourly","actions":2}]
[1789487883.49][2026-09-15 08:58:03][subbas-macbook-air.local][4306][SQLite][debug][5][Transaction commit complete: 232][{"path":"timeline/smu2svkrvihxgeos/hourly"}]
[1789487883.491][2026-09-15 08:58:03][subbas-macbook-air.local][4306][SQLite][debug][9][Cached JSON fetch complete: timeline/smu2svkrvihxgeos/daily][]
[1789487883.491][2026-09-15 08:58:03][subbas-macbook-air.local][4306][SQLite][debug][9][Cached JSON fetch complete: timeline/smu2svkrvihxgeos/daily][]
[1789487883.492][2026-09-15 08:58:03][subbas-macbook-air.local][4306][SQLite][debug][9][Cached JSON fetch complete: timeline/smu2svkrvihxgeos/daily/0][]
[1789487883.492][2026-09-15 08:58:03][subbas-macbook-air.local][4306][SQLite][debug][9][Cached JSON fetch complete: timeline/smu2svkrvihxgeos/daily][]
[1789487883.492][2026-09-15 08:58:03][subbas-macbook-air.local][4306][SQLite][debug][9][Cached JSON fetch complete: timeline/smu2svkrvihxgeos/daily/0][]
[1789487883.493][2026-09-15 08:58:03][subbas-macbook-air.local][4306][SQLite][debug][5][Beginning transaction commit: 233][{"path":"timeline/smu2svkrvihxgeos/daily","actions":2}]
[1789487883.493][2026-09-15 08:58:03][subbas-macbook-air.local][4306][SQLite][debug][5][Transaction commit complete: 233][{"path":"timeline/smu2svkrvihxgeos/daily"}]
[1789487883.494][2026-09-15 08:58:03][subbas-macbook-air.local][4306][SQLite][debug][9][Cached JSON fetch complete: timeline/smu2svkrvihxgeos/monthly][]
[1789487883.494][2026-09-15 08:58:03][subbas-macbook-air.local][4306][SQLite][debug][9][Cached JSON fetch complete: timeline/smu2svkrvihxgeos/monthly][]
[1789487883.494][2026-09-15 08:58:03][subbas-macbook-air.local][4306][SQLite][debug][9][Cached JSON fetch complete: timeline/smu2svkrvihxgeos/monthly/0][]
[1789487883.494][2026-09-15 08:58:03][subbas-macbook-air.local][4306][SQLite][debug][9][Cached JSON fetch complete: timeline/smu2svkrvihxgeos/monthly][]
[1789487883.495][2026-09-15 08:58:03][subbas-macbook-air.local][4306][SQLite][debug][9][Cached JSON fetch complete: timeline/smu2svkrvihxgeos/monthly/0][]
[1789487883.495][2026-09-15 08:58:03][subbas-macbook-air.local][4306][SQLite][debug][5][Beginning transaction commit: 234][{"path":"timeline/smu2svkrvihxgeos/monthly","actions":2}]
[1789487883.495][2026-09-15 08:58:03][subbas-macbook-air.local][4306][SQLite][debug][5][Transaction commit complete: 234][{"path":"timeline/smu2svkrvihxgeos/monthly"}]
[1789487883.496][2026-09-15 08:58:03][subbas-macbook-air.local][4306][SQLite][debug][9][Cached JSON fetch complete: timeline/smu2svkrvihxgeos/yearly][]
[1789487883.496][2026-09-15 08:58:03][subbas-macbook-air.local][4306][SQLite][debug][9][Cached JSON fetch complete: timeline/smu2svkrvihxgeos/yearly][]
[1789487883.496][2026-09-15 08:58:03][subbas-macbook-air.local][4306][SQLite][debug][9][Cached JSON fetch complete: timeline/smu2svkrvihxgeos/yearly/0][]
[1789487883.496][2026-09-15 08:58:03][subbas-macbook-air.local][4306][SQLite][debug][9][Cached JSON fetch complete: timeline/smu2svkrvihxgeos/yearly][]
[1789487883.497][2026-09-15 08:58:03][subbas-macbook-air.local][4306][SQLite][debug][9][Cached JSON fetch complete: timeline/smu2svkrvihxgeos/yearly/0][]
[1789487883.497][2026-09-15 08:58:03][subbas-macbook-air.local][4306][SQLite][debug][5][Beginning transaction commit: 235][{"path":"timeline/smu2svkrvihxgeos/yearly","actions":2}]
[1789487883.497][2026-09-15 08:58:03][subbas-macbook-air.local][4306][SQLite][debug][5][Transaction commit complete: 235][{"path":"timeline/smu2svkrvihxgeos/yearly"}]
[1789487883.497][2026-09-15 08:58:03][subbas-macbook-air.local][4306][SQLite][debug][9][Storing SQLite JSON Object: hosts/smu2svkrvihxgeos/data][]
[1789487883.5][2026-09-15 08:58:03][subbas-macbook-air.local][4306][SQLite][debug][9][Store complete: hosts/smu2svkrvihxgeos/data][]
[1789487943.485][2026-09-15 08:59:03][subbas-macbook-air.local][4306][SQLite][debug][9][Cached JSON fetch complete: hosts/smu2svkrvihxgeos/data][]
[1789487943.487][2026-09-15 08:59:03][subbas-macbook-air.local][4306][SQLite][debug][9][Cached JSON fetch complete: timeline/smu2svkrvihxgeos/hourly][]
[1789487943.488][2026-09-15 08:59:03][subbas-macbook-air.local][4306][SQLite][debug][9][Cached JSON fetch complete: timeline/smu2svkrvihxgeos/hourly][]
[1789487943.489][2026-09-15 08:59:03][subbas-macbook-air.local][4306][SQLite][debug][9][Cached JSON fetch complete: timeline/smu2svkrvihxgeos/hourly/0][]
[1789487943.49][2026-09-15 08:59:03][subbas-macbook-air.local][4306][SQLite][debug][9][Cached JSON fetch complete: timeline/smu2svkrvihxgeos/hourly][]
[1789487943.49][2026-09-15 08:59:03][subbas-macbook-air.local][4306][SQLite][debug][9][Cached JSON fetch complete: timeline/smu2svkrvihxgeos/hourly/0][]
[1789487943.492][2026-09-15 08:59:03][subbas-macbook-air.local][4306][SQLite][debug][5][Beginning transaction commit: 236][{"path":"timeline/smu2svkrvihxgeos/hourly","actions":2}]
[1789487943.493][2026-09-15 08:59:03][subbas-macbook-air.local][4306][SQLite][debug][5][Transaction commit complete: 236][{"path":"timeline/smu2svkrvihxgeos/hourly"}]
[1789487943.494][2026-09-15 08:59:03][subbas-macbook-air.local][4306][SQLite][debug][9][Cached JSON fetch complete: timeline/smu2svkrvihxgeos/daily][]
[1789487943.495][2026-09-15 08:59:03][subbas-macbook-air.local][4306][SQLite][debug][9][Cached JSON fetch complete: timeline/smu2svkrvihxgeos/daily][]
[1789487943.496][2026-09-15 08:59:03][subbas-macbook-air.local][4306][SQLite][debug][9][Cached JSON fetch complete: timeline/smu2svkrvihxgeos/daily/0][]
[1789487943.496][2026-09-15 08:59:03][subbas-macbook-air.local][4306][SQLite][debug][9][Cached JSON fetch complete: timeline/smu2svkrvihxgeos/daily][]
[1789487943.496][2026-09-15 08:59:03][subbas-macbook-air.local][4306][SQLite][debug][9][Cached JSON fetch complete: timeline/smu2svkrvihxgeos/daily/0][]
[1789487943.497][2026-09-15 08:59:03][subbas-macbook-air.local][4306][SQLite][debug][5][Beginning transaction commit: 237][{"path":"timeline/smu2svkrvihxgeos/daily","actions":2}]
[1789487943.497][2026-09-15 08:59:03][subbas-macbook-air.local][4306][SQLite][debug][5][Transaction commit complete: 237][{"path":"timeline/smu2svkrvihxgeos/daily"}]
[1789487943.498][2026-09-15 08:59:03][subbas-macbook-air.local][4306][SQLite][debug][9][Cached JSON fetch complete: timeline/smu2svkrvihxgeos/monthly][]
[1789487943.498][2026-09-15 08:59:03][subbas-macbook-air.local][4306][SQLite][debug][9][Cached JSON fetch complete: timeline/smu2svkrvihxgeos/monthly][]
[1789487943.498][2026-09-15 08:59:03][subbas-macbook-air.local][4306][SQLite][debug][9][Cached JSON fetch complete: timeline/smu2svkrvihxgeos/monthly/0][]
[1789487943.499][2026-09-15 08:59:03][subbas-macbook-air.local][4306][SQLite][debug][9][Cached JSON fetch complete: timeline/smu2svkrvihxgeos/monthly][]
[1789487943.499][2026-09-15 08:59:03][subbas-macbook-air.local][4306][SQLite][debug][9][Cached JSON fetch complete: timeline/smu2svkrvihxgeos/monthly/0][]
[1789487943.499][2026-09-15 08:59:03][subbas-macbook-air.local][4306][SQLite][debug][5][Beginning transaction commit: 238][{"path":"timeline/smu2svkrvihxgeos/monthly","actions":2}]
[1789487943.499][2026-09-15 08:59:03][subbas-macbook-air.local][4306][SQLite][debug][5][Transaction commit complete: 238][{"path":"timeline/smu2svkrvihxgeos/monthly"}]
[1789487943.5][2026-09-15 08:59:03][subbas-macbook-air.local][4306][SQLite][debug][9][Cached JSON fetch complete: timeline/smu2svkrvihxgeos/yearly][]
[1789487943.5][2026-09-15 08:59:03][subbas-macbook-air.local][4306][SQLite][debug][9][Cached JSON fetch complete: timeline/smu2svkrvihxgeos/yearly][]
[1789487943.5][2026-09-15 08:59:03][subbas-macbook-air.local][4306][SQLite][debug][9][Cached JSON fetch complete: timeline/smu2svkrvihxgeos/yearly/0][]
[1789487943.501][2026-09-15 08:59:03][subbas-macbook-air.local][4306][SQLite][debug][9][Cached JSON fetch complete: timeline/smu2svkrvihxgeos/yearly][]
[1789487943.501][2026-09-15 08:59:03][subbas-macbook-air.local][4306][SQLite][debug][9][Cached JSON fetch complete: timeline/smu2svkrvihxgeos/yearly/0][]
[1789487943.501][2026-09-15 08:59:03][subbas-macbook-air.local][4306][SQLite][debug][5][Beginning transaction commit: 239][{"path":"timeline/smu2svkrvihxgeos/yearly","actions":2}]
[1789487943.502][2026-09-15 08:59:03][subbas-macbook-air.local][4306][SQLite][debug][5][Transaction commit complete: 239][{"path":"timeline/smu2svkrvihxgeos/yearly"}]
[1789487943.502][2026-09-15 08:59:03][subbas-macbook-air.local][4306][SQLite][debug][9][Storing SQLite JSON Object: hosts/smu2svkrvihxgeos/data][]
[1789487943.505][2026-09-15 08:59:03][subbas-macbook-air.local][4306][SQLite][debug][9][Store complete: hosts/smu2svkrvihxgeos/data][]
[1789488000.493][2026-09-15 09:00:00][subbas-macbook-air.local][4306][SQLite][debug][9][Cached JSON fetch complete: hosts/smu2svkrvihxgeos/data][]
[1789488000.493][2026-09-15 09:00:00][subbas-macbook-air.local][4306][SQLite][debug][9][Storing SQLite JSON Object: unbase/records/snapshots/snmu2uya5p2lv4ge][]
[1789488000.496][2026-09-15 09:00:00][subbas-macbook-air.local][4306][SQLite][debug][9][Store complete: unbase/records/snapshots/snmu2uya5p2lv4ge][]
[1789488000.496][2026-09-15 09:00:00][subbas-macbook-air.local][4306][SQLite][debug][9][Fetching SQLite Object: unbase/index/snapshots/_data/snmu2uya5p2lv4ge][]
[1789488000.497][2026-09-15 09:00:00][subbas-macbook-air.local][4306][SQLite][debug][9][Cached JSON fetch complete: unbase/index/snapshots/_id][]
[1789488000.497][2026-09-15 09:00:00][subbas-macbook-air.local][4306][SQLite][debug][9][Cached JSON fetch complete: unbase/index/snapshots/_id/data][]
[1789488000.498][2026-09-15 09:00:00][subbas-macbook-air.local][4306][SQLite][debug][9][Fetching SQLite Object: unbase/index/snapshots/jobs/word/jmu2uy9tj211zwhn][]
[1789488000.499][2026-09-15 09:00:00][subbas-macbook-air.local][4306][SQLite][debug][9][Fetching SQLite Object: unbase/index/snapshots/jobs/word/jmu2uy9v329g0h04][]
[1789488000.499][2026-09-15 09:00:00][subbas-macbook-air.local][4306][SQLite][debug][9][Cached JSON fetch complete: unbase/index/snapshots/type/word/server][]
[1789488000.499][2026-09-15 09:00:00][subbas-macbook-air.local][4306][SQLite][debug][9][Cached JSON fetch complete: unbase/index/snapshots/source/word/job][]
[1789488000.499][2026-09-15 09:00:00][subbas-macbook-air.local][4306][SQLite][debug][9][Cached JSON fetch complete: unbase/index/snapshots/server/word/smu2svkrvihxgeos][]
[1789488000.499][2026-09-15 09:00:00][subbas-macbook-air.local][4306][SQLite][debug][9][Cached JSON fetch complete: unbase/index/snapshots/groups/word/main][]
[1789488000.499][2026-09-15 09:00:00][subbas-macbook-air.local][4306][SQLite][debug][9][Cached JSON fetch complete: unbase/index/snapshots/date/summary][]
[1789488000.499][2026-09-15 09:00:00][subbas-macbook-air.local][4306][SQLite][debug][9][Cached JSON fetch complete: unbase/index/snapshots/date/word/497079][]
[1789488000.499][2026-09-15 09:00:00][subbas-macbook-air.local][4306][SQLite][debug][9][Cached JSON fetch complete: unbase/index/snapshots/date/word/h497000][]
[1789488000.499][2026-09-15 09:00:00][subbas-macbook-air.local][4306][SQLite][debug][9][Cached JSON fetch complete: unbase/index/snapshots/date/word/t497000][]
[1789488000.499][2026-09-15 09:00:00][subbas-macbook-air.local][4306][SQLite][debug][9][Cached JSON fetch complete: unbase/index/snapshots/type/word/server/data][]
[1789488000.499][2026-09-15 09:00:00][subbas-macbook-air.local][4306][SQLite][debug][9][Cached JSON fetch complete: unbase/index/snapshots/source/word/job/data][]
[1789488000.499][2026-09-15 09:00:00][subbas-macbook-air.local][4306][SQLite][debug][9][Cached JSON fetch complete: unbase/index/snapshots/server/word/smu2svkrvihxgeos/data][]
[1789488000.499][2026-09-15 09:00:00][subbas-macbook-air.local][4306][SQLite][debug][9][Cached JSON fetch complete: unbase/index/snapshots/groups/word/main/data][]
[1789488000.499][2026-09-15 09:00:00][subbas-macbook-air.local][4306][SQLite][debug][9][Cached JSON fetch complete: unbase/index/snapshots/date/word/497079/data][]
[1789488000.499][2026-09-15 09:00:00][subbas-macbook-air.local][4306][SQLite][debug][9][Cached JSON fetch complete: unbase/index/snapshots/date/word/h497000/data][]
[1789488000.499][2026-09-15 09:00:00][subbas-macbook-air.local][4306][SQLite][debug][9][Cached JSON fetch complete: unbase/index/snapshots/date/word/t497000/data][]
[1789488000.502][2026-09-15 09:00:00][subbas-macbook-air.local][4306][SQLite][debug][5][Beginning transaction commit: 240][{"path":"unbase/index/snapshots","actions":22}]
[1789488000.502][2026-09-15 09:00:00][subbas-macbook-air.local][4306][SQLite][debug][5][Transaction commit complete: 240][{"path":"unbase/index/snapshots"}]
[1789488000.505][2026-09-15 09:00:00][subbas-macbook-air.local][4306][SQLite][debug][9][Storing SQLite JSON Object: unbase/records/jobs/jmu2uy9v329g0h04][]
[1789488000.505][2026-09-15 09:00:00][subbas-macbook-air.local][4306][SQLite][debug][9][Store complete: unbase/records/jobs/jmu2uy9v329g0h04][]
[1789488000.505][2026-09-15 09:00:00][subbas-macbook-air.local][4306][SQLite][debug][9][Fetching SQLite Object: unbase/index/jobs/_data/jmu2uy9v329g0h04][]
[1789488000.507][2026-09-15 09:00:00][subbas-macbook-air.local][4306][SQLite][debug][9][Cached JSON fetch complete: unbase/index/jobs/_id][]
[1789488000.507][2026-09-15 09:00:00][subbas-macbook-air.local][4306][SQLite][debug][9][Cached JSON fetch complete: unbase/index/jobs/_id/data][]
[1789488000.507][2026-09-15 09:00:00][subbas-macbook-air.local][4306][SQLite][debug][9][Fetching SQLite Object: unbase/index/jobs/date/word/497080][]
[1789488000.508][2026-09-15 09:00:00][subbas-macbook-air.local][4306][SQLite][debug][9][Cached JSON fetch complete: unbase/index/jobs/code/word/1][]
[1789488000.508][2026-09-15 09:00:00][subbas-macbook-air.local][4306][SQLite][debug][9][Cached JSON fetch complete: unbase/index/jobs/date/summary][]
[1789488000.509][2026-09-15 09:00:00][subbas-macbook-air.local][4306][SQLite][debug][9][Cached JSON fetch complete: unbase/index/jobs/date/word/h497000][]
[1789488000.509][2026-09-15 09:00:00][subbas-macbook-air.local][4306][SQLite][debug][9][Cached JSON fetch complete: unbase/index/jobs/date/word/t497000][]
[1789488000.509][2026-09-15 09:00:00][subbas-macbook-air.local][4306][SQLite][debug][9][Cached JSON fetch complete: unbase/index/jobs/source/word/scheduler][]
[1789488000.509][2026-09-15 09:00:00][subbas-macbook-air.local][4306][SQLite][debug][9][Cached JSON fetch complete: unbase/index/jobs/tags/word/_error][]
[1789488000.509][2026-09-15 09:00:00][subbas-macbook-air.local][4306][SQLite][debug][9][Cached JSON fetch complete: unbase/index/jobs/tags/word/_last][]
[1789488000.509][2026-09-15 09:00:00][subbas-macbook-air.local][4306][SQLite][debug][9][Cached JSON fetch complete: unbase/index/jobs/event/word/emu2t3vr62wcc00v][]
[1789488000.509][2026-09-15 09:00:00][subbas-macbook-air.local][4306][SQLite][debug][9][Cached JSON fetch complete: unbase/index/jobs/category/word/general][]
[1789488000.509][2026-09-15 09:00:00][subbas-macbook-air.local][4306][SQLite][debug][9][Cached JSON fetch complete: unbase/index/jobs/plugin/word/shellplug][]
[1789488000.509][2026-09-15 09:00:00][subbas-macbook-air.local][4306][SQLite][debug][9][Cached JSON fetch complete: unbase/index/jobs/server/word/smu2svkrvihxgeos][]
[1789488000.509][2026-09-15 09:00:00][subbas-macbook-air.local][4306][SQLite][debug][9][Cached JSON fetch complete: unbase/index/jobs/groups/word/main][]
[1789488000.509][2026-09-15 09:00:00][subbas-macbook-air.local][4306][SQLite][debug][9][Cached JSON fetch complete: unbase/index/jobs/code/word/1/data][]
[1789488000.509][2026-09-15 09:00:00][subbas-macbook-air.local][4306][SQLite][debug][9][Cached JSON fetch complete: unbase/index/jobs/date/word/h497000/data][]
[1789488000.509][2026-09-15 09:00:00][subbas-macbook-air.local][4306][SQLite][debug][9][Cached JSON fetch complete: unbase/index/jobs/date/word/t497000/data][]
[1789488000.509][2026-09-15 09:00:00][subbas-macbook-air.local][4306][SQLite][debug][9][Cached JSON fetch complete: unbase/index/jobs/source/word/scheduler/data][]
[1789488000.509][2026-09-15 09:00:00][subbas-macbook-air.local][4306][SQLite][debug][9][Cached JSON fetch complete: unbase/index/jobs/tags/word/_error/data][]
[1789488000.509][2026-09-15 09:00:00][subbas-macbook-air.local][4306][SQLite][debug][9][Cached JSON fetch complete: unbase/index/jobs/tags/word/_last/data][]
[1789488000.509][2026-09-15 09:00:00][subbas-macbook-air.local][4306][SQLite][debug][9][Cached JSON fetch complete: unbase/index/jobs/event/word/emu2t3vr62wcc00v/data][]
[1789488000.509][2026-09-15 09:00:00][subbas-macbook-air.local][4306][SQLite][debug][9][Cached JSON fetch complete: unbase/index/jobs/category/word/general/data][]
[1789488000.509][2026-09-15 09:00:00][subbas-macbook-air.local][4306][SQLite][debug][9][Cached JSON fetch complete: unbase/index/jobs/plugin/word/shellplug/data][]
[1789488000.509][2026-09-15 09:00:00][subbas-macbook-air.local][4306][SQLite][debug][9][Cached JSON fetch complete: unbase/index/jobs/server/word/smu2svkrvihxgeos/data][]
[1789488000.509][2026-09-15 09:00:00][subbas-macbook-air.local][4306][SQLite][debug][9][Cached JSON fetch complete: unbase/index/jobs/groups/word/main/data][]
[1789488000.512][2026-09-15 09:00:00][subbas-macbook-air.local][4306][SQLite][debug][9][Cached JSON fetch complete: unbase/index/jobs/completed/sort][]
[1789488000.512][2026-09-15 09:00:00][subbas-macbook-air.local][4306][SQLite][debug][9][Cached JSON fetch complete: unbase/index/jobs/elapsed/sort][]
[1789488000.512][2026-09-15 09:00:00][subbas-macbook-air.local][4306][SQLite][debug][9][Cached JSON fetch complete: unbase/index/jobs/completed/sort/data][]
[1789488000.512][2026-09-15 09:00:00][subbas-macbook-air.local][4306][SQLite][debug][9][Cached JSON fetch complete: unbase/index/jobs/elapsed/sort/data][]
[1789488000.512][2026-09-15 09:00:00][subbas-macbook-air.local][4306][SQLite][debug][5][Beginning transaction commit: 241][{"path":"unbase/index/jobs","actions":32}]
[1789488000.513][2026-09-15 09:00:00][subbas-macbook-air.local][4306][SQLite][debug][5][Transaction commit complete: 241][{"path":"unbase/index/jobs"}]
[1789488001.012][2026-09-15 09:00:01][subbas-macbook-air.local][4306][SQLite][debug][9][Storing SQLite JSON Object: global/state][]
[1789488001.013][2026-09-15 09:00:01][subbas-macbook-air.local][4306][SQLite][debug][9][Store complete: global/state][]
[1789488001.517][2026-09-15 09:00:01][subbas-macbook-air.local][4306][SQLite][debug][9][Storing SQLite JSON Object: unbase/records/jobs/jmu2uy9tj211zwhn][]
[1789488001.517][2026-09-15 09:00:01][subbas-macbook-air.local][4306][SQLite][debug][9][Store complete: unbase/records/jobs/jmu2uy9tj211zwhn][]
[1789488001.517][2026-09-15 09:00:01][subbas-macbook-air.local][4306][SQLite][debug][9][Fetching SQLite Object: unbase/index/jobs/_data/jmu2uy9tj211zwhn][]
[1789488001.518][2026-09-15 09:00:01][subbas-macbook-air.local][4306][SQLite][debug][9][Cached JSON fetch complete: unbase/index/jobs/_id][]
[1789488001.518][2026-09-15 09:00:01][subbas-macbook-air.local][4306][SQLite][debug][9][Cached JSON fetch complete: unbase/index/jobs/_id/data][]
[1789488001.52][2026-09-15 09:00:01][subbas-macbook-air.local][4306][SQLite][debug][9][Cached JSON fetch complete: unbase/index/jobs/code/word/0][]
[1789488001.52][2026-09-15 09:00:01][subbas-macbook-air.local][4306][SQLite][debug][9][Cached JSON fetch complete: unbase/index/jobs/date/summary][]
[1789488001.52][2026-09-15 09:00:01][subbas-macbook-air.local][4306][SQLite][debug][9][Cached JSON fetch complete: unbase/index/jobs/date/word/497080][]
[1789488001.52][2026-09-15 09:00:01][subbas-macbook-air.local][4306][SQLite][debug][9][Cached JSON fetch complete: unbase/index/jobs/date/word/h497000][]
[1789488001.52][2026-09-15 09:00:01][subbas-macbook-air.local][4306][SQLite][debug][9][Cached JSON fetch complete: unbase/index/jobs/date/word/t497000][]
[1789488001.52][2026-09-15 09:00:01][subbas-macbook-air.local][4306][SQLite][debug][9][Cached JSON fetch complete: unbase/index/jobs/source/word/scheduler][]
[1789488001.52][2026-09-15 09:00:01][subbas-macbook-air.local][4306][SQLite][debug][9][Cached JSON fetch complete: unbase/index/jobs/tags/word/_success][]
[1789488001.52][2026-09-15 09:00:01][subbas-macbook-air.local][4306][SQLite][debug][9][Cached JSON fetch complete: unbase/index/jobs/tags/word/_last][]
[1789488001.52][2026-09-15 09:00:01][subbas-macbook-air.local][4306][SQLite][debug][9][Cached JSON fetch complete: unbase/index/jobs/event/word/emu2sckyhuzou1hh][]
[1789488001.52][2026-09-15 09:00:01][subbas-macbook-air.local][4306][SQLite][debug][9][Cached JSON fetch complete: unbase/index/jobs/category/word/general][]
[1789488001.52][2026-09-15 09:00:01][subbas-macbook-air.local][4306][SQLite][debug][9][Cached JSON fetch complete: unbase/index/jobs/plugin/word/shellplug][]
[1789488001.52][2026-09-15 09:00:01][subbas-macbook-air.local][4306][SQLite][debug][9][Cached JSON fetch complete: unbase/index/jobs/server/word/smu2svkrvihxgeos][]
[1789488001.52][2026-09-15 09:00:01][subbas-macbook-air.local][4306][SQLite][debug][9][Cached JSON fetch complete: unbase/index/jobs/groups/word/main][]
[1789488001.52][2026-09-15 09:00:01][subbas-macbook-air.local][4306][SQLite][debug][9][Cached JSON fetch complete: unbase/index/jobs/code/word/0/data][]
[1789488001.52][2026-09-15 09:00:01][subbas-macbook-air.local][4306][SQLite][debug][9][Cached JSON fetch complete: unbase/index/jobs/date/word/497080/data][]
[1789488001.52][2026-09-15 09:00:01][subbas-macbook-air.local][4306][SQLite][debug][9][Cached JSON fetch complete: unbase/index/jobs/date/word/h497000/data][]
[1789488001.52][2026-09-15 09:00:01][subbas-macbook-air.local][4306][SQLite][debug][9][Cached JSON fetch complete: unbase/index/jobs/date/word/t497000/data][]
[1789488001.52][2026-09-15 09:00:01][subbas-macbook-air.local][4306][SQLite][debug][9][Cached JSON fetch complete: unbase/index/jobs/source/word/scheduler/data][]
[1789488001.52][2026-09-15 09:00:01][subbas-macbook-air.local][4306][SQLite][debug][9][Cached JSON fetch complete: unbase/index/jobs/tags/word/_success/data][]
[1789488001.52][2026-09-15 09:00:01][subbas-macbook-air.local][4306][SQLite][debug][9][Cached JSON fetch complete: unbase/index/jobs/tags/word/_last/data][]
[1789488001.52][2026-09-15 09:00:01][subbas-macbook-air.local][4306][SQLite][debug][9][Cached JSON fetch complete: unbase/index/jobs/event/word/emu2sckyhuzou1hh/data][]
[1789488001.521][2026-09-15 09:00:01][subbas-macbook-air.local][4306][SQLite][debug][9][Cached JSON fetch complete: unbase/index/jobs/category/word/general/data][]
[1789488001.521][2026-09-15 09:00:01][subbas-macbook-air.local][4306][SQLite][debug][9][Cached JSON fetch complete: unbase/index/jobs/plugin/word/shellplug/data][]
[1789488001.521][2026-09-15 09:00:01][subbas-macbook-air.local][4306][SQLite][debug][9][Cached JSON fetch complete: unbase/index/jobs/server/word/smu2svkrvihxgeos/data][]
[1789488001.521][2026-09-15 09:00:01][subbas-macbook-air.local][4306][SQLite][debug][9][Cached JSON fetch complete: unbase/index/jobs/groups/word/main/data][]
[1789488001.522][2026-09-15 09:00:01][subbas-macbook-air.local][4306][SQLite][debug][9][Cached JSON fetch complete: unbase/index/jobs/completed/sort][]
[1789488001.522][2026-09-15 09:00:01][subbas-macbook-air.local][4306][SQLite][debug][9][Cached JSON fetch complete: unbase/index/jobs/elapsed/sort][]
[1789488001.522][2026-09-15 09:00:01][subbas-macbook-air.local][4306][SQLite][debug][9][Cached JSON fetch complete: unbase/index/jobs/completed/sort/data][]
[1789488001.522][2026-09-15 09:00:01][subbas-macbook-air.local][4306][SQLite][debug][9][Cached JSON fetch complete: unbase/index/jobs/elapsed/sort/data][]
[1789488001.523][2026-09-15 09:00:01][subbas-macbook-air.local][4306][SQLite][debug][5][Beginning transaction commit: 242][{"path":"unbase/index/jobs","actions":32}]
[1789488001.523][2026-09-15 09:00:01][subbas-macbook-air.local][4306][SQLite][debug][5][Transaction commit complete: 242][{"path":"unbase/index/jobs"}]
[1789488002.03][2026-09-15 09:00:02][subbas-macbook-air.local][4306][SQLite][debug][9][Storing SQLite JSON Object: global/state][]
[1789488002.031][2026-09-15 09:00:02][subbas-macbook-air.local][4306][SQLite][debug][9][Store complete: global/state][]
[1789488003.497][2026-09-15 09:00:03][subbas-macbook-air.local][4306][SQLite][debug][9][Cached JSON fetch complete: hosts/smu2svkrvihxgeos/data][]
[1789488003.498][2026-09-15 09:00:03][subbas-macbook-air.local][4306][SQLite][debug][9][Cached JSON fetch complete: timeline/smu2svkrvihxgeos/hourly][]
[1789488003.499][2026-09-15 09:00:03][subbas-macbook-air.local][4306][SQLite][debug][9][Cached JSON fetch complete: timeline/smu2svkrvihxgeos/hourly][]
[1789488003.499][2026-09-15 09:00:03][subbas-macbook-air.local][4306][SQLite][debug][9][Cached JSON fetch complete: timeline/smu2svkrvihxgeos/hourly/0][]
[1789488003.5][2026-09-15 09:00:03][subbas-macbook-air.local][4306][SQLite][debug][9][Cached JSON fetch complete: timeline/smu2svkrvihxgeos/hourly][]
[1789488003.5][2026-09-15 09:00:03][subbas-macbook-air.local][4306][SQLite][debug][9][Cached JSON fetch complete: timeline/smu2svkrvihxgeos/hourly/0][]
[1789488003.501][2026-09-15 09:00:03][subbas-macbook-air.local][4306][SQLite][debug][5][Beginning transaction commit: 243][{"path":"timeline/smu2svkrvihxgeos/hourly","actions":2}]
[1789488003.502][2026-09-15 09:00:03][subbas-macbook-air.local][4306][SQLite][debug][5][Transaction commit complete: 243][{"path":"timeline/smu2svkrvihxgeos/hourly"}]
[1789488003.503][2026-09-15 09:00:03][subbas-macbook-air.local][4306][SQLite][debug][9][Cached JSON fetch complete: timeline/smu2svkrvihxgeos/daily][]
[1789488003.504][2026-09-15 09:00:03][subbas-macbook-air.local][4306][SQLite][debug][9][Cached JSON fetch complete: timeline/smu2svkrvihxgeos/daily][]
[1789488003.504][2026-09-15 09:00:03][subbas-macbook-air.local][4306][SQLite][debug][9][Cached JSON fetch complete: timeline/smu2svkrvihxgeos/daily/0][]
[1789488003.505][2026-09-15 09:00:03][subbas-macbook-air.local][4306][SQLite][debug][9][Cached JSON fetch complete: timeline/smu2svkrvihxgeos/daily][]
[1789488003.505][2026-09-15 09:00:03][subbas-macbook-air.local][4306][SQLite][debug][9][Cached JSON fetch complete: timeline/smu2svkrvihxgeos/daily/0][]
[1789488003.506][2026-09-15 09:00:03][subbas-macbook-air.local][4306][SQLite][debug][5][Beginning transaction commit: 244][{"path":"timeline/smu2svkrvihxgeos/daily","actions":2}]
[1789488003.506][2026-09-15 09:00:03][subbas-macbook-air.local][4306][SQLite][debug][5][Transaction commit complete: 244][{"path":"timeline/smu2svkrvihxgeos/daily"}]
[1789488003.507][2026-09-15 09:00:03][subbas-macbook-air.local][4306][SQLite][debug][9][Cached JSON fetch complete: timeline/smu2svkrvihxgeos/monthly][]
[1789488003.507][2026-09-15 09:00:03][subbas-macbook-air.local][4306][SQLite][debug][9][Cached JSON fetch complete: timeline/smu2svkrvihxgeos/monthly][]
[1789488003.507][2026-09-15 09:00:03][subbas-macbook-air.local][4306][SQLite][debug][9][Cached JSON fetch complete: timeline/smu2svkrvihxgeos/monthly/0][]
[1789488003.508][2026-09-15 09:00:03][subbas-macbook-air.local][4306][SQLite][debug][9][Cached JSON fetch complete: timeline/smu2svkrvihxgeos/monthly][]
[1789488003.509][2026-09-15 09:00:03][subbas-macbook-air.local][4306][SQLite][debug][9][Cached JSON fetch complete: timeline/smu2svkrvihxgeos/monthly/0][]
[1789488003.509][2026-09-15 09:00:03][subbas-macbook-air.local][4306][SQLite][debug][5][Beginning transaction commit: 245][{"path":"timeline/smu2svkrvihxgeos/monthly","actions":2}]
[1789488003.51][2026-09-15 09:00:03][subbas-macbook-air.local][4306][SQLite][debug][5][Transaction commit complete: 245][{"path":"timeline/smu2svkrvihxgeos/monthly"}]
[1789488003.51][2026-09-15 09:00:03][subbas-macbook-air.local][4306][SQLite][debug][9][Cached JSON fetch complete: timeline/smu2svkrvihxgeos/yearly][]
[1789488003.511][2026-09-15 09:00:03][subbas-macbook-air.local][4306][SQLite][debug][9][Cached JSON fetch complete: timeline/smu2svkrvihxgeos/yearly][]
[1789488003.511][2026-09-15 09:00:03][subbas-macbook-air.local][4306][SQLite][debug][9][Cached JSON fetch complete: timeline/smu2svkrvihxgeos/yearly/0][]
[1789488003.511][2026-09-15 09:00:03][subbas-macbook-air.local][4306][SQLite][debug][9][Cached JSON fetch complete: timeline/smu2svkrvihxgeos/yearly][]
[1789488003.511][2026-09-15 09:00:03][subbas-macbook-air.local][4306][SQLite][debug][9][Cached JSON fetch complete: timeline/smu2svkrvihxgeos/yearly/0][]
[1789488003.513][2026-09-15 09:00:03][subbas-macbook-air.local][4306][SQLite][debug][5][Beginning transaction commit: 246][{"path":"timeline/smu2svkrvihxgeos/yearly","actions":2}]
[1789488003.514][2026-09-15 09:00:03][subbas-macbook-air.local][4306][SQLite][debug][5][Transaction commit complete: 246][{"path":"timeline/smu2svkrvihxgeos/yearly"}]
[1789488003.514][2026-09-15 09:00:03][subbas-macbook-air.local][4306][SQLite][debug][9][Storing SQLite JSON Object: hosts/smu2svkrvihxgeos/data][]
[1789488003.523][2026-09-15 09:00:03][subbas-macbook-air.local][4306][SQLite][debug][9][Store complete: hosts/smu2svkrvihxgeos/data][]
[1789488063.442][2026-09-15 09:01:03][subbas-macbook-air.local][4306][SQLite][debug][9][Cached JSON fetch complete: hosts/smu2svkrvihxgeos/data][]
[1789488063.445][2026-09-15 09:01:03][subbas-macbook-air.local][4306][SQLite][debug][9][Cached JSON fetch complete: timeline/smu2svkrvihxgeos/hourly][]
[1789488063.445][2026-09-15 09:01:03][subbas-macbook-air.local][4306][SQLite][debug][9][Cached JSON fetch complete: timeline/smu2svkrvihxgeos/hourly][]
[1789488063.446][2026-09-15 09:01:03][subbas-macbook-air.local][4306][SQLite][debug][9][Cached JSON fetch complete: timeline/smu2svkrvihxgeos/hourly/0][]
[1789488063.448][2026-09-15 09:01:03][subbas-macbook-air.local][4306][SQLite][debug][9][Cached JSON fetch complete: timeline/smu2svkrvihxgeos/hourly][]
[1789488063.448][2026-09-15 09:01:03][subbas-macbook-air.local][4306][SQLite][debug][9][Cached JSON fetch complete: timeline/smu2svkrvihxgeos/hourly/0][]
[1789488063.449][2026-09-15 09:01:03][subbas-macbook-air.local][4306][SQLite][debug][5][Beginning transaction commit: 247][{"path":"timeline/smu2svkrvihxgeos/hourly","actions":2}]
[1789488063.451][2026-09-15 09:01:03][subbas-macbook-air.local][4306][SQLite][debug][5][Transaction commit complete: 247][{"path":"timeline/smu2svkrvihxgeos/hourly"}]
[1789488063.452][2026-09-15 09:01:03][subbas-macbook-air.local][4306][SQLite][debug][9][Cached JSON fetch complete: timeline/smu2svkrvihxgeos/daily][]
[1789488063.452][2026-09-15 09:01:03][subbas-macbook-air.local][4306][SQLite][debug][9][Cached JSON fetch complete: timeline/smu2svkrvihxgeos/daily][]
[1789488063.452][2026-09-15 09:01:03][subbas-macbook-air.local][4306][SQLite][debug][9][Cached JSON fetch complete: timeline/smu2svkrvihxgeos/daily/0][]
[1789488063.452][2026-09-15 09:01:03][subbas-macbook-air.local][4306][SQLite][debug][9][Cached JSON fetch complete: timeline/smu2svkrvihxgeos/daily][]
[1789488063.453][2026-09-15 09:01:03][subbas-macbook-air.local][4306][SQLite][debug][9][Cached JSON fetch complete: timeline/smu2svkrvihxgeos/daily/0][]
[1789488063.453][2026-09-15 09:01:03][subbas-macbook-air.local][4306][SQLite][debug][5][Beginning transaction commit: 248][{"path":"timeline/smu2svkrvihxgeos/daily","actions":2}]
[1789488063.454][2026-09-15 09:01:03][subbas-macbook-air.local][4306][SQLite][debug][5][Transaction commit complete: 248][{"path":"timeline/smu2svkrvihxgeos/daily"}]
[1789488063.454][2026-09-15 09:01:03][subbas-macbook-air.local][4306][SQLite][debug][9][Cached JSON fetch complete: timeline/smu2svkrvihxgeos/monthly][]
[1789488063.455][2026-09-15 09:01:03][subbas-macbook-air.local][4306][SQLite][debug][9][Cached JSON fetch complete: timeline/smu2svkrvihxgeos/monthly][]
[1789488063.455][2026-09-15 09:01:03][subbas-macbook-air.local][4306][SQLite][debug][9][Cached JSON fetch complete: timeline/smu2svkrvihxgeos/monthly/0][]
[1789488063.455][2026-09-15 09:01:03][subbas-macbook-air.local][4306][SQLite][debug][9][Cached JSON fetch complete: timeline/smu2svkrvihxgeos/monthly][]
[1789488063.456][2026-09-15 09:01:03][subbas-macbook-air.local][4306][SQLite][debug][9][Cached JSON fetch complete: timeline/smu2svkrvihxgeos/monthly/0][]
[1789488063.456][2026-09-15 09:01:03][subbas-macbook-air.local][4306][SQLite][debug][5][Beginning transaction commit: 249][{"path":"timeline/smu2svkrvihxgeos/monthly","actions":2}]
[1789488063.456][2026-09-15 09:01:03][subbas-macbook-air.local][4306][SQLite][debug][5][Transaction commit complete: 249][{"path":"timeline/smu2svkrvihxgeos/monthly"}]
[1789488063.457][2026-09-15 09:01:03][subbas-macbook-air.local][4306][SQLite][debug][9][Cached JSON fetch complete: timeline/smu2svkrvihxgeos/yearly][]
[1789488063.457][2026-09-15 09:01:03][subbas-macbook-air.local][4306][SQLite][debug][9][Cached JSON fetch complete: timeline/smu2svkrvihxgeos/yearly][]
[1789488063.457][2026-09-15 09:01:03][subbas-macbook-air.local][4306][SQLite][debug][9][Cached JSON fetch complete: timeline/smu2svkrvihxgeos/yearly/0][]
[1789488063.458][2026-09-15 09:01:03][subbas-macbook-air.local][4306][SQLite][debug][9][Cached JSON fetch complete: timeline/smu2svkrvihxgeos/yearly][]
[1789488063.458][2026-09-15 09:01:03][subbas-macbook-air.local][4306][SQLite][debug][9][Cached JSON fetch complete: timeline/smu2svkrvihxgeos/yearly/0][]
[1789488063.458][2026-09-15 09:01:03][subbas-macbook-air.local][4306][SQLite][debug][5][Beginning transaction commit: 250][{"path":"timeline/smu2svkrvihxgeos/yearly","actions":2}]
[1789488063.459][2026-09-15 09:01:03][subbas-macbook-air.local][4306][SQLite][debug][5][Transaction commit complete: 250][{"path":"timeline/smu2svkrvihxgeos/yearly"}]
[1789488063.459][2026-09-15 09:01:03][subbas-macbook-air.local][4306][SQLite][debug][9][Storing SQLite JSON Object: hosts/smu2svkrvihxgeos/data][]
[1789488063.462][2026-09-15 09:01:03][subbas-macbook-air.local][4306][SQLite][debug][9][Store complete: hosts/smu2svkrvihxgeos/data][]
[1789488123.471][2026-09-15 09:02:03][subbas-macbook-air.local][4306][SQLite][debug][9][Cached JSON fetch complete: hosts/smu2svkrvihxgeos/data][]
[1789488123.475][2026-09-15 09:02:03][subbas-macbook-air.local][4306][SQLite][debug][9][Cached JSON fetch complete: timeline/smu2svkrvihxgeos/hourly][]
[1789488123.475][2026-09-15 09:02:03][subbas-macbook-air.local][4306][SQLite][debug][9][Cached JSON fetch complete: timeline/smu2svkrvihxgeos/hourly][]
[1789488123.476][2026-09-15 09:02:03][subbas-macbook-air.local][4306][SQLite][debug][9][Cached JSON fetch complete: timeline/smu2svkrvihxgeos/hourly/0][]
[1789488123.476][2026-09-15 09:02:03][subbas-macbook-air.local][4306][SQLite][debug][9][Cached JSON fetch complete: timeline/smu2svkrvihxgeos/hourly][]
[1789488123.477][2026-09-15 09:02:03][subbas-macbook-air.local][4306][SQLite][debug][9][Cached JSON fetch complete: timeline/smu2svkrvihxgeos/hourly/0][]
[1789488123.478][2026-09-15 09:02:03][subbas-macbook-air.local][4306][SQLite][debug][5][Beginning transaction commit: 251][{"path":"timeline/smu2svkrvihxgeos/hourly","actions":2}]
[1789488123.48][2026-09-15 09:02:03][subbas-macbook-air.local][4306][SQLite][debug][5][Transaction commit complete: 251][{"path":"timeline/smu2svkrvihxgeos/hourly"}]
[1789488123.481][2026-09-15 09:02:03][subbas-macbook-air.local][4306][SQLite][debug][9][Cached JSON fetch complete: timeline/smu2svkrvihxgeos/daily][]
[1789488123.481][2026-09-15 09:02:03][subbas-macbook-air.local][4306][SQLite][debug][9][Cached JSON fetch complete: timeline/smu2svkrvihxgeos/daily][]
[1789488123.482][2026-09-15 09:02:03][subbas-macbook-air.local][4306][SQLite][debug][9][Cached JSON fetch complete: timeline/smu2svkrvihxgeos/daily/0][]
[1789488123.483][2026-09-15 09:02:03][subbas-macbook-air.local][4306][SQLite][debug][9][Cached JSON fetch complete: timeline/smu2svkrvihxgeos/daily][]
[1789488123.483][2026-09-15 09:02:03][subbas-macbook-air.local][4306][SQLite][debug][9][Cached JSON fetch complete: timeline/smu2svkrvihxgeos/daily/0][]
[1789488123.484][2026-09-15 09:02:03][subbas-macbook-air.local][4306][SQLite][debug][5][Beginning transaction commit: 252][{"path":"timeline/smu2svkrvihxgeos/daily","actions":2}]
[1789488123.484][2026-09-15 09:02:03][subbas-macbook-air.local][4306][SQLite][debug][5][Transaction commit complete: 252][{"path":"timeline/smu2svkrvihxgeos/daily"}]
[1789488123.484][2026-09-15 09:02:03][subbas-macbook-air.local][4306][SQLite][debug][9][Cached JSON fetch complete: timeline/smu2svkrvihxgeos/monthly][]
[1789488123.485][2026-09-15 09:02:03][subbas-macbook-air.local][4306][SQLite][debug][9][Cached JSON fetch complete: timeline/smu2svkrvihxgeos/monthly][]
[1789488123.485][2026-09-15 09:02:03][subbas-macbook-air.local][4306][SQLite][debug][9][Cached JSON fetch complete: timeline/smu2svkrvihxgeos/monthly/0][]
[1789488123.485][2026-09-15 09:02:03][subbas-macbook-air.local][4306][SQLite][debug][9][Cached JSON fetch complete: timeline/smu2svkrvihxgeos/monthly][]
[1789488123.485][2026-09-15 09:02:03][subbas-macbook-air.local][4306][SQLite][debug][9][Cached JSON fetch complete: timeline/smu2svkrvihxgeos/monthly/0][]
[1789488123.486][2026-09-15 09:02:03][subbas-macbook-air.local][4306][SQLite][debug][5][Beginning transaction commit: 253][{"path":"timeline/smu2svkrvihxgeos/monthly","actions":2}]
[1789488123.486][2026-09-15 09:02:03][subbas-macbook-air.local][4306][SQLite][debug][5][Transaction commit complete: 253][{"path":"timeline/smu2svkrvihxgeos/monthly"}]
[1789488123.487][2026-09-15 09:02:03][subbas-macbook-air.local][4306][SQLite][debug][9][Cached JSON fetch complete: timeline/smu2svkrvihxgeos/yearly][]
[1789488123.487][2026-09-15 09:02:03][subbas-macbook-air.local][4306][SQLite][debug][9][Cached JSON fetch complete: timeline/smu2svkrvihxgeos/yearly][]
[1789488123.487][2026-09-15 09:02:03][subbas-macbook-air.local][4306][SQLite][debug][9][Cached JSON fetch complete: timeline/smu2svkrvihxgeos/yearly/0][]
[1789488123.487][2026-09-15 09:02:03][subbas-macbook-air.local][4306][SQLite][debug][9][Cached JSON fetch complete: timeline/smu2svkrvihxgeos/yearly][]
[1789488123.487][2026-09-15 09:02:03][subbas-macbook-air.local][4306][SQLite][debug][9][Cached JSON fetch complete: timeline/smu2svkrvihxgeos/yearly/0][]
[1789488123.488][2026-09-15 09:02:03][subbas-macbook-air.local][4306][SQLite][debug][5][Beginning transaction commit: 254][{"path":"timeline/smu2svkrvihxgeos/yearly","actions":2}]
[1789488123.488][2026-09-15 09:02:03][subbas-macbook-air.local][4306][SQLite][debug][5][Transaction commit complete: 254][{"path":"timeline/smu2svkrvihxgeos/yearly"}]
[1789488123.488][2026-09-15 09:02:03][subbas-macbook-air.local][4306][SQLite][debug][9][Storing SQLite JSON Object: hosts/smu2svkrvihxgeos/data][]
[1789488123.492][2026-09-15 09:02:03][subbas-macbook-air.local][4306][SQLite][debug][9][Store complete: hosts/smu2svkrvihxgeos/data][]
[1789488183.508][2026-09-15 09:03:03][subbas-macbook-air.local][4306][SQLite][debug][9][Cached JSON fetch complete: hosts/smu2svkrvihxgeos/data][]
[1789488183.512][2026-09-15 09:03:03][subbas-macbook-air.local][4306][SQLite][debug][9][Cached JSON fetch complete: timeline/smu2svkrvihxgeos/hourly][]
[1789488183.512][2026-09-15 09:03:03][subbas-macbook-air.local][4306][SQLite][debug][9][Cached JSON fetch complete: timeline/smu2svkrvihxgeos/hourly][]
[1789488183.512][2026-09-15 09:03:03][subbas-macbook-air.local][4306][SQLite][debug][9][Cached JSON fetch complete: timeline/smu2svkrvihxgeos/hourly/0][]
[1789488183.514][2026-09-15 09:03:03][subbas-macbook-air.local][4306][SQLite][debug][9][Cached JSON fetch complete: timeline/smu2svkrvihxgeos/hourly][]
[1789488183.514][2026-09-15 09:03:03][subbas-macbook-air.local][4306][SQLite][debug][9][Cached JSON fetch complete: timeline/smu2svkrvihxgeos/hourly/0][]
[1789488183.516][2026-09-15 09:03:03][subbas-macbook-air.local][4306][SQLite][debug][5][Beginning transaction commit: 255][{"path":"timeline/smu2svkrvihxgeos/hourly","actions":2}]
[1789488183.517][2026-09-15 09:03:03][subbas-macbook-air.local][4306][SQLite][debug][5][Transaction commit complete: 255][{"path":"timeline/smu2svkrvihxgeos/hourly"}]
[1789488183.518][2026-09-15 09:03:03][subbas-macbook-air.local][4306][SQLite][debug][9][Cached JSON fetch complete: timeline/smu2svkrvihxgeos/daily][]
[1789488183.519][2026-09-15 09:03:03][subbas-macbook-air.local][4306][SQLite][debug][9][Cached JSON fetch complete: timeline/smu2svkrvihxgeos/daily][]
[1789488183.519][2026-09-15 09:03:03][subbas-macbook-air.local][4306][SQLite][debug][9][Cached JSON fetch complete: timeline/smu2svkrvihxgeos/daily/0][]
[1789488183.519][2026-09-15 09:03:03][subbas-macbook-air.local][4306][SQLite][debug][9][Cached JSON fetch complete: timeline/smu2svkrvihxgeos/daily][]
[1789488183.52][2026-09-15 09:03:03][subbas-macbook-air.local][4306][SQLite][debug][9][Cached JSON fetch complete: timeline/smu2svkrvihxgeos/daily/0][]
[1789488183.522][2026-09-15 09:03:03][subbas-macbook-air.local][4306][SQLite][debug][5][Beginning transaction commit: 256][{"path":"timeline/smu2svkrvihxgeos/daily","actions":2}]
[1789488183.523][2026-09-15 09:03:03][subbas-macbook-air.local][4306][SQLite][debug][5][Transaction commit complete: 256][{"path":"timeline/smu2svkrvihxgeos/daily"}]
[1789488183.525][2026-09-15 09:03:03][subbas-macbook-air.local][4306][SQLite][debug][9][Cached JSON fetch complete: timeline/smu2svkrvihxgeos/monthly][]
[1789488183.526][2026-09-15 09:03:03][subbas-macbook-air.local][4306][SQLite][debug][9][Cached JSON fetch complete: timeline/smu2svkrvihxgeos/monthly][]
[1789488183.527][2026-09-15 09:03:03][subbas-macbook-air.local][4306][SQLite][debug][9][Cached JSON fetch complete: timeline/smu2svkrvihxgeos/monthly/0][]
[1789488183.528][2026-09-15 09:03:03][subbas-macbook-air.local][4306][SQLite][debug][9][Cached JSON fetch complete: timeline/smu2svkrvihxgeos/monthly][]
[1789488183.528][2026-09-15 09:03:03][subbas-macbook-air.local][4306][SQLite][debug][9][Cached JSON fetch complete: timeline/smu2svkrvihxgeos/monthly/0][]
[1789488183.53][2026-09-15 09:03:03][subbas-macbook-air.local][4306][SQLite][debug][5][Beginning transaction commit: 257][{"path":"timeline/smu2svkrvihxgeos/monthly","actions":2}]
[1789488183.53][2026-09-15 09:03:03][subbas-macbook-air.local][4306][SQLite][debug][5][Transaction commit complete: 257][{"path":"timeline/smu2svkrvihxgeos/monthly"}]
[1789488183.531][2026-09-15 09:03:03][subbas-macbook-air.local][4306][SQLite][debug][9][Cached JSON fetch complete: timeline/smu2svkrvihxgeos/yearly][]
[1789488183.532][2026-09-15 09:03:03][subbas-macbook-air.local][4306][SQLite][debug][9][Cached JSON fetch complete: timeline/smu2svkrvihxgeos/yearly][]
[1789488183.532][2026-09-15 09:03:03][subbas-macbook-air.local][4306][SQLite][debug][9][Cached JSON fetch complete: timeline/smu2svkrvihxgeos/yearly/0][]
[1789488183.533][2026-09-15 09:03:03][subbas-macbook-air.local][4306][SQLite][debug][9][Cached JSON fetch complete: timeline/smu2svkrvihxgeos/yearly][]
[1789488183.533][2026-09-15 09:03:03][subbas-macbook-air.local][4306][SQLite][debug][9][Cached JSON fetch complete: timeline/smu2svkrvihxgeos/yearly/0][]
[1789488183.535][2026-09-15 09:03:03][subbas-macbook-air.local][4306][SQLite][debug][5][Beginning transaction commit: 258][{"path":"timeline/smu2svkrvihxgeos/yearly","actions":2}]
[1789488183.535][2026-09-15 09:03:03][subbas-macbook-air.local][4306][SQLite][debug][5][Transaction commit complete: 258][{"path":"timeline/smu2svkrvihxgeos/yearly"}]
[1789488183.535][2026-09-15 09:03:03][subbas-macbook-air.local][4306][SQLite][debug][9][Storing SQLite JSON Object: hosts/smu2svkrvihxgeos/data][]
[1789488183.538][2026-09-15 09:03:03][subbas-macbook-air.local][4306][SQLite][debug][9][Store complete: hosts/smu2svkrvihxgeos/data][]
[1789488243.454][2026-09-15 09:04:03][subbas-macbook-air.local][4306][SQLite][debug][9][Cached JSON fetch complete: hosts/smu2svkrvihxgeos/data][]
[1789488243.457][2026-09-15 09:04:03][subbas-macbook-air.local][4306][SQLite][debug][9][Cached JSON fetch complete: timeline/smu2svkrvihxgeos/hourly][]
[1789488243.458][2026-09-15 09:04:03][subbas-macbook-air.local][4306][SQLite][debug][9][Cached JSON fetch complete: timeline/smu2svkrvihxgeos/hourly][]
[1789488243.458][2026-09-15 09:04:03][subbas-macbook-air.local][4306][SQLite][debug][9][Cached JSON fetch complete: timeline/smu2svkrvihxgeos/hourly/0][]
[1789488243.46][2026-09-15 09:04:03][subbas-macbook-air.local][4306][SQLite][debug][9][Cached JSON fetch complete: timeline/smu2svkrvihxgeos/hourly][]
[1789488243.461][2026-09-15 09:04:03][subbas-macbook-air.local][4306][SQLite][debug][9][Cached JSON fetch complete: timeline/smu2svkrvihxgeos/hourly/0][]
[1789488243.462][2026-09-15 09:04:03][subbas-macbook-air.local][4306][SQLite][debug][5][Beginning transaction commit: 259][{"path":"timeline/smu2svkrvihxgeos/hourly","actions":2}]
[1789488243.463][2026-09-15 09:04:03][subbas-macbook-air.local][4306][SQLite][debug][5][Transaction commit complete: 259][{"path":"timeline/smu2svkrvihxgeos/hourly"}]
[1789488243.464][2026-09-15 09:04:03][subbas-macbook-air.local][4306][SQLite][debug][9][Cached JSON fetch complete: timeline/smu2svkrvihxgeos/daily][]
[1789488243.464][2026-09-15 09:04:03][subbas-macbook-air.local][4306][SQLite][debug][9][Cached JSON fetch complete: timeline/smu2svkrvihxgeos/daily][]
[1789488243.464][2026-09-15 09:04:03][subbas-macbook-air.local][4306][SQLite][debug][9][Cached JSON fetch complete: timeline/smu2svkrvihxgeos/daily/0][]
[1789488243.465][2026-09-15 09:04:03][subbas-macbook-air.local][4306][SQLite][debug][9][Cached JSON fetch complete: timeline/smu2svkrvihxgeos/daily][]
[1789488243.465][2026-09-15 09:04:03][subbas-macbook-air.local][4306][SQLite][debug][9][Cached JSON fetch complete: timeline/smu2svkrvihxgeos/daily/0][]
[1789488243.467][2026-09-15 09:04:03][subbas-macbook-air.local][4306][SQLite][debug][5][Beginning transaction commit: 260][{"path":"timeline/smu2svkrvihxgeos/daily","actions":2}]
[1789488243.467][2026-09-15 09:04:03][subbas-macbook-air.local][4306][SQLite][debug][5][Transaction commit complete: 260][{"path":"timeline/smu2svkrvihxgeos/daily"}]
[1789488243.467][2026-09-15 09:04:03][subbas-macbook-air.local][4306][SQLite][debug][9][Cached JSON fetch complete: timeline/smu2svkrvihxgeos/monthly][]
[1789488243.467][2026-09-15 09:04:03][subbas-macbook-air.local][4306][SQLite][debug][9][Cached JSON fetch complete: timeline/smu2svkrvihxgeos/monthly][]
[1789488243.468][2026-09-15 09:04:03][subbas-macbook-air.local][4306][SQLite][debug][9][Cached JSON fetch complete: timeline/smu2svkrvihxgeos/monthly/0][]
[1789488243.468][2026-09-15 09:04:03][subbas-macbook-air.local][4306][SQLite][debug][9][Cached JSON fetch complete: timeline/smu2svkrvihxgeos/monthly][]
[1789488243.468][2026-09-15 09:04:03][subbas-macbook-air.local][4306][SQLite][debug][9][Cached JSON fetch complete: timeline/smu2svkrvihxgeos/monthly/0][]
[1789488243.468][2026-09-15 09:04:03][subbas-macbook-air.local][4306][SQLite][debug][5][Beginning transaction commit: 261][{"path":"timeline/smu2svkrvihxgeos/monthly","actions":2}]
[1789488243.469][2026-09-15 09:04:03][subbas-macbook-air.local][4306][SQLite][debug][5][Transaction commit complete: 261][{"path":"timeline/smu2svkrvihxgeos/monthly"}]
[1789488243.469][2026-09-15 09:04:03][subbas-macbook-air.local][4306][SQLite][debug][9][Cached JSON fetch complete: timeline/smu2svkrvihxgeos/yearly][]
[1789488243.469][2026-09-15 09:04:03][subbas-macbook-air.local][4306][SQLite][debug][9][Cached JSON fetch complete: timeline/smu2svkrvihxgeos/yearly][]
[1789488243.469][2026-09-15 09:04:03][subbas-macbook-air.local][4306][SQLite][debug][9][Cached JSON fetch complete: timeline/smu2svkrvihxgeos/yearly/0][]
[1789488243.47][2026-09-15 09:04:03][subbas-macbook-air.local][4306][SQLite][debug][9][Cached JSON fetch complete: timeline/smu2svkrvihxgeos/yearly][]
[1789488243.47][2026-09-15 09:04:03][subbas-macbook-air.local][4306][SQLite][debug][9][Cached JSON fetch complete: timeline/smu2svkrvihxgeos/yearly/0][]
[1789488243.47][2026-09-15 09:04:03][subbas-macbook-air.local][4306][SQLite][debug][5][Beginning transaction commit: 262][{"path":"timeline/smu2svkrvihxgeos/yearly","actions":2}]
[1789488243.47][2026-09-15 09:04:03][subbas-macbook-air.local][4306][SQLite][debug][5][Transaction commit complete: 262][{"path":"timeline/smu2svkrvihxgeos/yearly"}]
[1789488243.471][2026-09-15 09:04:03][subbas-macbook-air.local][4306][SQLite][debug][9][Storing SQLite JSON Object: hosts/smu2svkrvihxgeos/data][]
[1789488243.474][2026-09-15 09:04:03][subbas-macbook-air.local][4306][SQLite][debug][9][Store complete: hosts/smu2svkrvihxgeos/data][]
[1789488303.526][2026-09-15 09:05:03][subbas-macbook-air.local][4306][SQLite][debug][9][Cached JSON fetch complete: hosts/smu2svkrvihxgeos/data][]
[1789488303.531][2026-09-15 09:05:03][subbas-macbook-air.local][4306][SQLite][debug][9][Cached JSON fetch complete: timeline/smu2svkrvihxgeos/hourly][]
[1789488303.532][2026-09-15 09:05:03][subbas-macbook-air.local][4306][SQLite][debug][9][Cached JSON fetch complete: timeline/smu2svkrvihxgeos/hourly][]
[1789488303.532][2026-09-15 09:05:03][subbas-macbook-air.local][4306][SQLite][debug][9][Cached JSON fetch complete: timeline/smu2svkrvihxgeos/hourly/0][]
[1789488303.535][2026-09-15 09:05:03][subbas-macbook-air.local][4306][SQLite][debug][9][Cached JSON fetch complete: timeline/smu2svkrvihxgeos/hourly][]
[1789488303.535][2026-09-15 09:05:03][subbas-macbook-air.local][4306][SQLite][debug][9][Cached JSON fetch complete: timeline/smu2svkrvihxgeos/hourly/0][]
[1789488303.538][2026-09-15 09:05:03][subbas-macbook-air.local][4306][SQLite][debug][5][Beginning transaction commit: 263][{"path":"timeline/smu2svkrvihxgeos/hourly","actions":2}]
[1789488303.545][2026-09-15 09:05:03][subbas-macbook-air.local][4306][SQLite][debug][5][Transaction commit complete: 263][{"path":"timeline/smu2svkrvihxgeos/hourly"}]
[1789488303.545][2026-09-15 09:05:03][subbas-macbook-air.local][4306][SQLite][debug][9][Cached JSON fetch complete: timeline/smu2svkrvihxgeos/daily][]
[1789488303.546][2026-09-15 09:05:03][subbas-macbook-air.local][4306][SQLite][debug][9][Cached JSON fetch complete: timeline/smu2svkrvihxgeos/daily][]
[1789488303.546][2026-09-15 09:05:03][subbas-macbook-air.local][4306][SQLite][debug][9][Cached JSON fetch complete: timeline/smu2svkrvihxgeos/daily/0][]
[1789488303.546][2026-09-15 09:05:03][subbas-macbook-air.local][4306][SQLite][debug][9][Cached JSON fetch complete: timeline/smu2svkrvihxgeos/daily][]
[1789488303.546][2026-09-15 09:05:03][subbas-macbook-air.local][4306][SQLite][debug][9][Cached JSON fetch complete: timeline/smu2svkrvihxgeos/daily/0][]
[1789488303.547][2026-09-15 09:05:03][subbas-macbook-air.local][4306][SQLite][debug][5][Beginning transaction commit: 264][{"path":"timeline/smu2svkrvihxgeos/daily","actions":2}]
[1789488303.548][2026-09-15 09:05:03][subbas-macbook-air.local][4306][SQLite][debug][5][Transaction commit complete: 264][{"path":"timeline/smu2svkrvihxgeos/daily"}]
[1789488303.548][2026-09-15 09:05:03][subbas-macbook-air.local][4306][SQLite][debug][9][Cached JSON fetch complete: timeline/smu2svkrvihxgeos/monthly][]
[1789488303.548][2026-09-15 09:05:03][subbas-macbook-air.local][4306][SQLite][debug][9][Cached JSON fetch complete: timeline/smu2svkrvihxgeos/monthly][]
[1789488303.548][2026-09-15 09:05:03][subbas-macbook-air.local][4306][SQLite][debug][9][Cached JSON fetch complete: timeline/smu2svkrvihxgeos/monthly/0][]
[1789488303.549][2026-09-15 09:05:03][subbas-macbook-air.local][4306][SQLite][debug][9][Cached JSON fetch complete: timeline/smu2svkrvihxgeos/monthly][]
[1789488303.549][2026-09-15 09:05:03][subbas-macbook-air.local][4306][SQLite][debug][9][Cached JSON fetch complete: timeline/smu2svkrvihxgeos/monthly/0][]
[1789488303.55][2026-09-15 09:05:03][subbas-macbook-air.local][4306][SQLite][debug][5][Beginning transaction commit: 265][{"path":"timeline/smu2svkrvihxgeos/monthly","actions":2}]
[1789488303.55][2026-09-15 09:05:03][subbas-macbook-air.local][4306][SQLite][debug][5][Transaction commit complete: 265][{"path":"timeline/smu2svkrvihxgeos/monthly"}]
[1789488303.551][2026-09-15 09:05:03][subbas-macbook-air.local][4306][SQLite][debug][9][Cached JSON fetch complete: timeline/smu2svkrvihxgeos/yearly][]
[1789488303.551][2026-09-15 09:05:03][subbas-macbook-air.local][4306][SQLite][debug][9][Cached JSON fetch complete: timeline/smu2svkrvihxgeos/yearly][]
[1789488303.551][2026-09-15 09:05:03][subbas-macbook-air.local][4306][SQLite][debug][9][Cached JSON fetch complete: timeline/smu2svkrvihxgeos/yearly/0][]
[1789488303.551][2026-09-15 09:05:03][subbas-macbook-air.local][4306][SQLite][debug][9][Cached JSON fetch complete: timeline/smu2svkrvihxgeos/yearly][]
[1789488303.551][2026-09-15 09:05:03][subbas-macbook-air.local][4306][SQLite][debug][9][Cached JSON fetch complete: timeline/smu2svkrvihxgeos/yearly/0][]
[1789488303.552][2026-09-15 09:05:03][subbas-macbook-air.local][4306][SQLite][debug][5][Beginning transaction commit: 266][{"path":"timeline/smu2svkrvihxgeos/yearly","actions":2}]
[1789488303.552][2026-09-15 09:05:03][subbas-macbook-air.local][4306][SQLite][debug][5][Transaction commit complete: 266][{"path":"timeline/smu2svkrvihxgeos/yearly"}]
[1789488303.552][2026-09-15 09:05:03][subbas-macbook-air.local][4306][SQLite][debug][9][Storing SQLite JSON Object: hosts/smu2svkrvihxgeos/data][]
[1789488303.557][2026-09-15 09:05:03][subbas-macbook-air.local][4306][SQLite][debug][9][Store complete: hosts/smu2svkrvihxgeos/data][]
[1789488363.527][2026-09-15 09:06:03][subbas-macbook-air.local][4306][SQLite][debug][9][Cached JSON fetch complete: hosts/smu2svkrvihxgeos/data][]
[1789488363.531][2026-09-15 09:06:03][subbas-macbook-air.local][4306][SQLite][debug][9][Cached JSON fetch complete: timeline/smu2svkrvihxgeos/hourly][]
[1789488363.532][2026-09-15 09:06:03][subbas-macbook-air.local][4306][SQLite][debug][9][Cached JSON fetch complete: timeline/smu2svkrvihxgeos/hourly][]
[1789488363.533][2026-09-15 09:06:03][subbas-macbook-air.local][4306][SQLite][debug][9][Cached JSON fetch complete: timeline/smu2svkrvihxgeos/hourly/0][]
[1789488363.534][2026-09-15 09:06:03][subbas-macbook-air.local][4306][SQLite][debug][9][Cached JSON fetch complete: timeline/smu2svkrvihxgeos/hourly][]
[1789488363.534][2026-09-15 09:06:03][subbas-macbook-air.local][4306][SQLite][debug][9][Cached JSON fetch complete: timeline/smu2svkrvihxgeos/hourly/0][]
[1789488363.535][2026-09-15 09:06:03][subbas-macbook-air.local][4306][SQLite][debug][5][Beginning transaction commit: 267][{"path":"timeline/smu2svkrvihxgeos/hourly","actions":2}]
[1789488363.537][2026-09-15 09:06:03][subbas-macbook-air.local][4306][SQLite][debug][5][Transaction commit complete: 267][{"path":"timeline/smu2svkrvihxgeos/hourly"}]
[1789488363.538][2026-09-15 09:06:03][subbas-macbook-air.local][4306][SQLite][debug][9][Cached JSON fetch complete: timeline/smu2svkrvihxgeos/daily][]
[1789488363.539][2026-09-15 09:06:03][subbas-macbook-air.local][4306][SQLite][debug][9][Cached JSON fetch complete: timeline/smu2svkrvihxgeos/daily][]
[1789488363.539][2026-09-15 09:06:03][subbas-macbook-air.local][4306][SQLite][debug][9][Cached JSON fetch complete: timeline/smu2svkrvihxgeos/daily/0][]
[1789488363.541][2026-09-15 09:06:03][subbas-macbook-air.local][4306][SQLite][debug][9][Cached JSON fetch complete: timeline/smu2svkrvihxgeos/daily][]
[1789488363.541][2026-09-15 09:06:03][subbas-macbook-air.local][4306][SQLite][debug][9][Cached JSON fetch complete: timeline/smu2svkrvihxgeos/daily/0][]
[1789488363.541][2026-09-15 09:06:03][subbas-macbook-air.local][4306][SQLite][debug][5][Beginning transaction commit: 268][{"path":"timeline/smu2svkrvihxgeos/daily","actions":2}]
[1789488363.542][2026-09-15 09:06:03][subbas-macbook-air.local][4306][SQLite][debug][5][Transaction commit complete: 268][{"path":"timeline/smu2svkrvihxgeos/daily"}]
[1789488363.542][2026-09-15 09:06:03][subbas-macbook-air.local][4306][SQLite][debug][9][Cached JSON fetch complete: timeline/smu2svkrvihxgeos/monthly][]
[1789488363.542][2026-09-15 09:06:03][subbas-macbook-air.local][4306][SQLite][debug][9][Cached JSON fetch complete: timeline/smu2svkrvihxgeos/monthly][]
[1789488363.543][2026-09-15 09:06:03][subbas-macbook-air.local][4306][SQLite][debug][9][Cached JSON fetch complete: timeline/smu2svkrvihxgeos/monthly/0][]
[1789488363.543][2026-09-15 09:06:03][subbas-macbook-air.local][4306][SQLite][debug][9][Cached JSON fetch complete: timeline/smu2svkrvihxgeos/monthly][]
[1789488363.543][2026-09-15 09:06:03][subbas-macbook-air.local][4306][SQLite][debug][9][Cached JSON fetch complete: timeline/smu2svkrvihxgeos/monthly/0][]
[1789488363.544][2026-09-15 09:06:03][subbas-macbook-air.local][4306][SQLite][debug][5][Beginning transaction commit: 269][{"path":"timeline/smu2svkrvihxgeos/monthly","actions":2}]
[1789488363.544][2026-09-15 09:06:03][subbas-macbook-air.local][4306][SQLite][debug][5][Transaction commit complete: 269][{"path":"timeline/smu2svkrvihxgeos/monthly"}]
[1789488363.544][2026-09-15 09:06:03][subbas-macbook-air.local][4306][SQLite][debug][9][Cached JSON fetch complete: timeline/smu2svkrvihxgeos/yearly][]
[1789488363.544][2026-09-15 09:06:03][subbas-macbook-air.local][4306][SQLite][debug][9][Cached JSON fetch complete: timeline/smu2svkrvihxgeos/yearly][]
[1789488363.544][2026-09-15 09:06:03][subbas-macbook-air.local][4306][SQLite][debug][9][Cached JSON fetch complete: timeline/smu2svkrvihxgeos/yearly/0][]
[1789488363.545][2026-09-15 09:06:03][subbas-macbook-air.local][4306][SQLite][debug][9][Cached JSON fetch complete: timeline/smu2svkrvihxgeos/yearly][]
[1789488363.545][2026-09-15 09:06:03][subbas-macbook-air.local][4306][SQLite][debug][9][Cached JSON fetch complete: timeline/smu2svkrvihxgeos/yearly/0][]
[1789488363.545][2026-09-15 09:06:03][subbas-macbook-air.local][4306][SQLite][debug][5][Beginning transaction commit: 270][{"path":"timeline/smu2svkrvihxgeos/yearly","actions":2}]
[1789488363.545][2026-09-15 09:06:03][subbas-macbook-air.local][4306][SQLite][debug][5][Transaction commit complete: 270][{"path":"timeline/smu2svkrvihxgeos/yearly"}]
[1789488363.546][2026-09-15 09:06:03][subbas-macbook-air.local][4306][SQLite][debug][9][Storing SQLite JSON Object: hosts/smu2svkrvihxgeos/data][]
[1789488363.549][2026-09-15 09:06:03][subbas-macbook-air.local][4306][SQLite][debug][9][Store complete: hosts/smu2svkrvihxgeos/data][]
[1789488423.466][2026-09-15 09:07:03][subbas-macbook-air.local][4306][SQLite][debug][9][Cached JSON fetch complete: hosts/smu2svkrvihxgeos/data][]
[1789488423.469][2026-09-15 09:07:03][subbas-macbook-air.local][4306][SQLite][debug][9][Cached JSON fetch complete: timeline/smu2svkrvihxgeos/hourly][]
[1789488423.47][2026-09-15 09:07:03][subbas-macbook-air.local][4306][SQLite][debug][9][Cached JSON fetch complete: timeline/smu2svkrvihxgeos/hourly][]
[1789488423.47][2026-09-15 09:07:03][subbas-macbook-air.local][4306][SQLite][debug][9][Cached JSON fetch complete: timeline/smu2svkrvihxgeos/hourly/0][]
[1789488423.472][2026-09-15 09:07:03][subbas-macbook-air.local][4306][SQLite][debug][9][Cached JSON fetch complete: timeline/smu2svkrvihxgeos/hourly][]
[1789488423.473][2026-09-15 09:07:03][subbas-macbook-air.local][4306][SQLite][debug][9][Cached JSON fetch complete: timeline/smu2svkrvihxgeos/hourly/0][]
[1789488423.474][2026-09-15 09:07:03][subbas-macbook-air.local][4306][SQLite][debug][5][Beginning transaction commit: 271][{"path":"timeline/smu2svkrvihxgeos/hourly","actions":2}]
[1789488423.476][2026-09-15 09:07:03][subbas-macbook-air.local][4306][SQLite][debug][5][Transaction commit complete: 271][{"path":"timeline/smu2svkrvihxgeos/hourly"}]
[1789488423.477][2026-09-15 09:07:03][subbas-macbook-air.local][4306][SQLite][debug][9][Cached JSON fetch complete: timeline/smu2svkrvihxgeos/daily][]
[1789488423.477][2026-09-15 09:07:03][subbas-macbook-air.local][4306][SQLite][debug][9][Cached JSON fetch complete: timeline/smu2svkrvihxgeos/daily][]
[1789488423.477][2026-09-15 09:07:03][subbas-macbook-air.local][4306][SQLite][debug][9][Cached JSON fetch complete: timeline/smu2svkrvihxgeos/daily/0][]
[1789488423.478][2026-09-15 09:07:03][subbas-macbook-air.local][4306][SQLite][debug][9][Cached JSON fetch complete: timeline/smu2svkrvihxgeos/daily][]
[1789488423.478][2026-09-15 09:07:03][subbas-macbook-air.local][4306][SQLite][debug][9][Cached JSON fetch complete: timeline/smu2svkrvihxgeos/daily/0][]
[1789488423.48][2026-09-15 09:07:03][subbas-macbook-air.local][4306][SQLite][debug][5][Beginning transaction commit: 272][{"path":"timeline/smu2svkrvihxgeos/daily","actions":2}]
[1789488423.48][2026-09-15 09:07:03][subbas-macbook-air.local][4306][SQLite][debug][5][Transaction commit complete: 272][{"path":"timeline/smu2svkrvihxgeos/daily"}]
[1789488423.481][2026-09-15 09:07:03][subbas-macbook-air.local][4306][SQLite][debug][9][Cached JSON fetch complete: timeline/smu2svkrvihxgeos/monthly][]
[1789488423.481][2026-09-15 09:07:03][subbas-macbook-air.local][4306][SQLite][debug][9][Cached JSON fetch complete: timeline/smu2svkrvihxgeos/monthly][]
[1789488423.481][2026-09-15 09:07:03][subbas-macbook-air.local][4306][SQLite][debug][9][Cached JSON fetch complete: timeline/smu2svkrvihxgeos/monthly/0][]
[1789488423.482][2026-09-15 09:07:03][subbas-macbook-air.local][4306][SQLite][debug][9][Cached JSON fetch complete: timeline/smu2svkrvihxgeos/monthly][]
[1789488423.482][2026-09-15 09:07:03][subbas-macbook-air.local][4306][SQLite][debug][9][Cached JSON fetch complete: timeline/smu2svkrvihxgeos/monthly/0][]
[1789488423.484][2026-09-15 09:07:03][subbas-macbook-air.local][4306][SQLite][debug][5][Beginning transaction commit: 273][{"path":"timeline/smu2svkrvihxgeos/monthly","actions":2}]
[1789488423.484][2026-09-15 09:07:03][subbas-macbook-air.local][4306][SQLite][debug][5][Transaction commit complete: 273][{"path":"timeline/smu2svkrvihxgeos/monthly"}]
[1789488423.484][2026-09-15 09:07:03][subbas-macbook-air.local][4306][SQLite][debug][9][Cached JSON fetch complete: timeline/smu2svkrvihxgeos/yearly][]
[1789488423.485][2026-09-15 09:07:03][subbas-macbook-air.local][4306][SQLite][debug][9][Cached JSON fetch complete: timeline/smu2svkrvihxgeos/yearly][]
[1789488423.485][2026-09-15 09:07:03][subbas-macbook-air.local][4306][SQLite][debug][9][Cached JSON fetch complete: timeline/smu2svkrvihxgeos/yearly/0][]
[1789488423.485][2026-09-15 09:07:03][subbas-macbook-air.local][4306][SQLite][debug][9][Cached JSON fetch complete: timeline/smu2svkrvihxgeos/yearly][]
[1789488423.485][2026-09-15 09:07:03][subbas-macbook-air.local][4306][SQLite][debug][9][Cached JSON fetch complete: timeline/smu2svkrvihxgeos/yearly/0][]
[1789488423.486][2026-09-15 09:07:03][subbas-macbook-air.local][4306][SQLite][debug][5][Beginning transaction commit: 274][{"path":"timeline/smu2svkrvihxgeos/yearly","actions":2}]
[1789488423.486][2026-09-15 09:07:03][subbas-macbook-air.local][4306][SQLite][debug][5][Transaction commit complete: 274][{"path":"timeline/smu2svkrvihxgeos/yearly"}]
[1789488423.486][2026-09-15 09:07:03][subbas-macbook-air.local][4306][SQLite][debug][9][Storing SQLite JSON Object: hosts/smu2svkrvihxgeos/data][]
[1789488423.49][2026-09-15 09:07:03][subbas-macbook-air.local][4306][SQLite][debug][9][Store complete: hosts/smu2svkrvihxgeos/data][]
[1789488451.184][2026-09-15 09:07:31][subbas-macbook-air.local][4306][SQLite][debug][9][Cached JSON fetch complete: sessions/8397ca50eb4879dce3d919e8099169f80bc7650ee26249f4066858e5526e7d4a][]
[1789488451.185][2026-09-15 09:07:31][subbas-macbook-air.local][4306][SQLite][debug][9][Cached JSON fetch complete: users/admin][]
[1789488451.187][2026-09-15 09:07:31][subbas-macbook-air.local][4306][SQLite][debug][9][Cached JSON fetch complete: hosts/smu2svkrvihxgeos/data][]
[1789488451.282][2026-09-15 09:07:31][subbas-macbook-air.local][4306][SQLite][debug][9][Cached JSON fetch complete: sessions/8397ca50eb4879dce3d919e8099169f80bc7650ee26249f4066858e5526e7d4a][]
[1789488451.282][2026-09-15 09:07:31][subbas-macbook-air.local][4306][SQLite][debug][9][Cached JSON fetch complete: users/admin][]
[1789488451.286][2026-09-15 09:07:31][subbas-macbook-air.local][4306][SQLite][debug][9][Cached JSON fetch complete: hosts/smu2svkrvihxgeos/data][]
[1789488451.287][2026-09-15 09:07:31][subbas-macbook-air.local][4306][SQLite][debug][9][Cached JSON fetch complete: timeline/smu2svkrvihxgeos/hourly][]
[1789488451.287][2026-09-15 09:07:31][subbas-macbook-air.local][4306][SQLite][debug][9][Cached JSON fetch complete: timeline/smu2svkrvihxgeos/hourly/0][]
[1789488451.303][2026-09-15 09:07:31][subbas-macbook-air.local][4306][SQLite][debug][9][Cached JSON fetch complete: sessions/8397ca50eb4879dce3d919e8099169f80bc7650ee26249f4066858e5526e7d4a][]
[1789488451.303][2026-09-15 09:07:31][subbas-macbook-air.local][4306][SQLite][debug][9][Cached JSON fetch complete: users/admin][]
[1789488451.304][2026-09-15 09:07:31][subbas-macbook-air.local][4306][SQLite][debug][9][Cached JSON fetch complete: global/stats][]
[1789488451.304][2026-09-15 09:07:31][subbas-macbook-air.local][4306][SQLite][debug][9][Cached JSON fetch complete: global/stats/0][]
[1789488451.31][2026-09-15 09:07:31][subbas-macbook-air.local][4306][SQLite][debug][9][Cached JSON fetch complete: sessions/8397ca50eb4879dce3d919e8099169f80bc7650ee26249f4066858e5526e7d4a][]
[1789488451.31][2026-09-15 09:07:31][subbas-macbook-air.local][4306][SQLite][debug][9][Cached JSON fetch complete: users/admin][]
[1789488483.544][2026-09-15 09:08:03][subbas-macbook-air.local][4306][SQLite][debug][9][Cached JSON fetch complete: hosts/smu2svkrvihxgeos/data][]
[1789488483.547][2026-09-15 09:08:03][subbas-macbook-air.local][4306][SQLite][debug][9][Cached JSON fetch complete: timeline/smu2svkrvihxgeos/hourly][]
[1789488483.547][2026-09-15 09:08:03][subbas-macbook-air.local][4306][SQLite][debug][9][Cached JSON fetch complete: timeline/smu2svkrvihxgeos/hourly][]
[1789488483.548][2026-09-15 09:08:03][subbas-macbook-air.local][4306][SQLite][debug][9][Cached JSON fetch complete: timeline/smu2svkrvihxgeos/hourly/0][]
[1789488483.55][2026-09-15 09:08:03][subbas-macbook-air.local][4306][SQLite][debug][9][Cached JSON fetch complete: timeline/smu2svkrvihxgeos/hourly][]
[1789488483.551][2026-09-15 09:08:03][subbas-macbook-air.local][4306][SQLite][debug][9][Cached JSON fetch complete: timeline/smu2svkrvihxgeos/hourly/0][]
[1789488483.552][2026-09-15 09:08:03][subbas-macbook-air.local][4306][SQLite][debug][5][Beginning transaction commit: 275][{"path":"timeline/smu2svkrvihxgeos/hourly","actions":2}]
[1789488483.554][2026-09-15 09:08:03][subbas-macbook-air.local][4306][SQLite][debug][5][Transaction commit complete: 275][{"path":"timeline/smu2svkrvihxgeos/hourly"}]
[1789488483.555][2026-09-15 09:08:03][subbas-macbook-air.local][4306][SQLite][debug][9][Cached JSON fetch complete: timeline/smu2svkrvihxgeos/daily][]
[1789488483.555][2026-09-15 09:08:03][subbas-macbook-air.local][4306][SQLite][debug][9][Cached JSON fetch complete: timeline/smu2svkrvihxgeos/daily][]
[1789488483.555][2026-09-15 09:08:03][subbas-macbook-air.local][4306][SQLite][debug][9][Cached JSON fetch complete: timeline/smu2svkrvihxgeos/daily/0][]
[1789488483.556][2026-09-15 09:08:03][subbas-macbook-air.local][4306][SQLite][debug][9][Cached JSON fetch complete: timeline/smu2svkrvihxgeos/daily][]
[1789488483.556][2026-09-15 09:08:03][subbas-macbook-air.local][4306][SQLite][debug][9][Cached JSON fetch complete: timeline/smu2svkrvihxgeos/daily/0][]
[1789488483.558][2026-09-15 09:08:03][subbas-macbook-air.local][4306][SQLite][debug][5][Beginning transaction commit: 276][{"path":"timeline/smu2svkrvihxgeos/daily","actions":2}]
[1789488483.559][2026-09-15 09:08:03][subbas-macbook-air.local][4306][SQLite][debug][5][Transaction commit complete: 276][{"path":"timeline/smu2svkrvihxgeos/daily"}]
[1789488483.559][2026-09-15 09:08:03][subbas-macbook-air.local][4306][SQLite][debug][9][Cached JSON fetch complete: timeline/smu2svkrvihxgeos/monthly][]
[1789488483.56][2026-09-15 09:08:03][subbas-macbook-air.local][4306][SQLite][debug][9][Cached JSON fetch complete: timeline/smu2svkrvihxgeos/monthly][]
[1789488483.56][2026-09-15 09:08:03][subbas-macbook-air.local][4306][SQLite][debug][9][Cached JSON fetch complete: timeline/smu2svkrvihxgeos/monthly/0][]
[1789488483.56][2026-09-15 09:08:03][subbas-macbook-air.local][4306][SQLite][debug][9][Cached JSON fetch complete: timeline/smu2svkrvihxgeos/monthly][]
[1789488483.56][2026-09-15 09:08:03][subbas-macbook-air.local][4306][SQLite][debug][9][Cached JSON fetch complete: timeline/smu2svkrvihxgeos/monthly/0][]
[1789488483.561][2026-09-15 09:08:03][subbas-macbook-air.local][4306][SQLite][debug][5][Beginning transaction commit: 277][{"path":"timeline/smu2svkrvihxgeos/monthly","actions":2}]
[1789488483.561][2026-09-15 09:08:03][subbas-macbook-air.local][4306][SQLite][debug][5][Transaction commit complete: 277][{"path":"timeline/smu2svkrvihxgeos/monthly"}]
[1789488483.562][2026-09-15 09:08:03][subbas-macbook-air.local][4306][SQLite][debug][9][Cached JSON fetch complete: timeline/smu2svkrvihxgeos/yearly][]
[1789488483.562][2026-09-15 09:08:03][subbas-macbook-air.local][4306][SQLite][debug][9][Cached JSON fetch complete: timeline/smu2svkrvihxgeos/yearly][]
[1789488483.562][2026-09-15 09:08:03][subbas-macbook-air.local][4306][SQLite][debug][9][Cached JSON fetch complete: timeline/smu2svkrvihxgeos/yearly/0][]
[1789488483.562][2026-09-15 09:08:03][subbas-macbook-air.local][4306][SQLite][debug][9][Cached JSON fetch complete: timeline/smu2svkrvihxgeos/yearly][]
[1789488483.563][2026-09-15 09:08:03][subbas-macbook-air.local][4306][SQLite][debug][9][Cached JSON fetch complete: timeline/smu2svkrvihxgeos/yearly/0][]
[1789488483.563][2026-09-15 09:08:03][subbas-macbook-air.local][4306][SQLite][debug][5][Beginning transaction commit: 278][{"path":"timeline/smu2svkrvihxgeos/yearly","actions":2}]
[1789488483.563][2026-09-15 09:08:03][subbas-macbook-air.local][4306][SQLite][debug][5][Transaction commit complete: 278][{"path":"timeline/smu2svkrvihxgeos/yearly"}]
[1789488483.565][2026-09-15 09:08:03][subbas-macbook-air.local][4306][SQLite][debug][9][Storing SQLite JSON Object: hosts/smu2svkrvihxgeos/data][]
[1789488483.568][2026-09-15 09:08:03][subbas-macbook-air.local][4306][SQLite][debug][9][Store complete: hosts/smu2svkrvihxgeos/data][]
[1789488543.516][2026-09-15 09:09:03][subbas-macbook-air.local][4306][SQLite][debug][9][Cached JSON fetch complete: hosts/smu2svkrvihxgeos/data][]
[1789488543.519][2026-09-15 09:09:03][subbas-macbook-air.local][4306][SQLite][debug][9][Cached JSON fetch complete: timeline/smu2svkrvihxgeos/hourly][]
[1789488543.519][2026-09-15 09:09:03][subbas-macbook-air.local][4306][SQLite][debug][9][Cached JSON fetch complete: timeline/smu2svkrvihxgeos/hourly][]
[1789488543.519][2026-09-15 09:09:03][subbas-macbook-air.local][4306][SQLite][debug][9][Cached JSON fetch complete: timeline/smu2svkrvihxgeos/hourly/0][]
[1789488543.522][2026-09-15 09:09:03][subbas-macbook-air.local][4306][SQLite][debug][9][Cached JSON fetch complete: timeline/smu2svkrvihxgeos/hourly][]
[1789488543.522][2026-09-15 09:09:03][subbas-macbook-air.local][4306][SQLite][debug][9][Cached JSON fetch complete: timeline/smu2svkrvihxgeos/hourly/0][]
[1789488543.524][2026-09-15 09:09:03][subbas-macbook-air.local][4306][SQLite][debug][5][Beginning transaction commit: 279][{"path":"timeline/smu2svkrvihxgeos/hourly","actions":2}]
[1789488543.525][2026-09-15 09:09:03][subbas-macbook-air.local][4306][SQLite][debug][5][Transaction commit complete: 279][{"path":"timeline/smu2svkrvihxgeos/hourly"}]
[1789488543.525][2026-09-15 09:09:03][subbas-macbook-air.local][4306][SQLite][debug][9][Cached JSON fetch complete: timeline/smu2svkrvihxgeos/daily][]
[1789488543.526][2026-09-15 09:09:03][subbas-macbook-air.local][4306][SQLite][debug][9][Cached JSON fetch complete: timeline/smu2svkrvihxgeos/daily][]
[1789488543.526][2026-09-15 09:09:03][subbas-macbook-air.local][4306][SQLite][debug][9][Cached JSON fetch complete: timeline/smu2svkrvihxgeos/daily/0][]
[1789488543.526][2026-09-15 09:09:03][subbas-macbook-air.local][4306][SQLite][debug][9][Cached JSON fetch complete: timeline/smu2svkrvihxgeos/daily][]
[1789488543.527][2026-09-15 09:09:03][subbas-macbook-air.local][4306][SQLite][debug][9][Cached JSON fetch complete: timeline/smu2svkrvihxgeos/daily/0][]
[1789488543.528][2026-09-15 09:09:03][subbas-macbook-air.local][4306][SQLite][debug][5][Beginning transaction commit: 280][{"path":"timeline/smu2svkrvihxgeos/daily","actions":2}]
[1789488543.528][2026-09-15 09:09:03][subbas-macbook-air.local][4306][SQLite][debug][5][Transaction commit complete: 280][{"path":"timeline/smu2svkrvihxgeos/daily"}]
[1789488543.529][2026-09-15 09:09:03][subbas-macbook-air.local][4306][SQLite][debug][9][Cached JSON fetch complete: timeline/smu2svkrvihxgeos/monthly][]
[1789488543.529][2026-09-15 09:09:03][subbas-macbook-air.local][4306][SQLite][debug][9][Cached JSON fetch complete: timeline/smu2svkrvihxgeos/monthly][]
[1789488543.529][2026-09-15 09:09:03][subbas-macbook-air.local][4306][SQLite][debug][9][Cached JSON fetch complete: timeline/smu2svkrvihxgeos/monthly/0][]
[1789488543.53][2026-09-15 09:09:03][subbas-macbook-air.local][4306][SQLite][debug][9][Cached JSON fetch complete: timeline/smu2svkrvihxgeos/monthly][]
[1789488543.53][2026-09-15 09:09:03][subbas-macbook-air.local][4306][SQLite][debug][9][Cached JSON fetch complete: timeline/smu2svkrvihxgeos/monthly/0][]
[1789488543.53][2026-09-15 09:09:03][subbas-macbook-air.local][4306][SQLite][debug][5][Beginning transaction commit: 281][{"path":"timeline/smu2svkrvihxgeos/monthly","actions":2}]
[1789488543.531][2026-09-15 09:09:03][subbas-macbook-air.local][4306][SQLite][debug][5][Transaction commit complete: 281][{"path":"timeline/smu2svkrvihxgeos/monthly"}]
[1789488543.531][2026-09-15 09:09:03][subbas-macbook-air.local][4306][SQLite][debug][9][Cached JSON fetch complete: timeline/smu2svkrvihxgeos/yearly][]
[1789488543.531][2026-09-15 09:09:03][subbas-macbook-air.local][4306][SQLite][debug][9][Cached JSON fetch complete: timeline/smu2svkrvihxgeos/yearly][]
[1789488543.531][2026-09-15 09:09:03][subbas-macbook-air.local][4306][SQLite][debug][9][Cached JSON fetch complete: timeline/smu2svkrvihxgeos/yearly/0][]
[1789488543.532][2026-09-15 09:09:03][subbas-macbook-air.local][4306][SQLite][debug][9][Cached JSON fetch complete: timeline/smu2svkrvihxgeos/yearly][]
[1789488543.532][2026-09-15 09:09:03][subbas-macbook-air.local][4306][SQLite][debug][9][Cached JSON fetch complete: timeline/smu2svkrvihxgeos/yearly/0][]
[1789488543.533][2026-09-15 09:09:03][subbas-macbook-air.local][4306][SQLite][debug][5][Beginning transaction commit: 282][{"path":"timeline/smu2svkrvihxgeos/yearly","actions":2}]
[1789488543.533][2026-09-15 09:09:03][subbas-macbook-air.local][4306][SQLite][debug][5][Transaction commit complete: 282][{"path":"timeline/smu2svkrvihxgeos/yearly"}]
[1789488543.534][2026-09-15 09:09:03][subbas-macbook-air.local][4306][SQLite][debug][9][Storing SQLite JSON Object: hosts/smu2svkrvihxgeos/data][]
[1789488543.536][2026-09-15 09:09:03][subbas-macbook-air.local][4306][SQLite][debug][9][Store complete: hosts/smu2svkrvihxgeos/data][]
[1789488600.507][2026-09-15 09:10:00][subbas-macbook-air.local][4306][SQLite][debug][9][Cached JSON fetch complete: hosts/smu2svkrvihxgeos/data][]
[1789488600.508][2026-09-15 09:10:00][subbas-macbook-air.local][4306][SQLite][debug][9][Storing SQLite JSON Object: unbase/records/snapshots/snmu2vb54s9yb52j][]
[1789488600.509][2026-09-15 09:10:00][subbas-macbook-air.local][4306][SQLite][debug][9][Store complete: unbase/records/snapshots/snmu2vb54s9yb52j][]
[1789488600.51][2026-09-15 09:10:00][subbas-macbook-air.local][4306][SQLite][debug][9][Fetching SQLite Object: unbase/index/snapshots/_data/snmu2vb54s9yb52j][]
[1789488600.511][2026-09-15 09:10:00][subbas-macbook-air.local][4306][SQLite][debug][9][Cached JSON fetch complete: unbase/index/snapshots/_id][]
[1789488600.511][2026-09-15 09:10:00][subbas-macbook-air.local][4306][SQLite][debug][9][Cached JSON fetch complete: unbase/index/snapshots/_id/data][]
[1789488600.512][2026-09-15 09:10:00][subbas-macbook-air.local][4306][SQLite][debug][9][Fetching SQLite Object: unbase/index/snapshots/date/word/497080][]
[1789488600.512][2026-09-15 09:10:00][subbas-macbook-air.local][4306][SQLite][debug][9][Fetching SQLite Object: unbase/index/snapshots/jobs/word/jmu2vb4rx9e9c1ko][]
[1789488600.512][2026-09-15 09:10:00][subbas-macbook-air.local][4306][SQLite][debug][9][Fetching SQLite Object: unbase/index/snapshots/jobs/word/jmu2vb4tl9minz6p][]
[1789488600.512][2026-09-15 09:10:00][subbas-macbook-air.local][4306][SQLite][debug][9][Cached JSON fetch complete: unbase/index/snapshots/type/word/server][]
[1789488600.512][2026-09-15 09:10:00][subbas-macbook-air.local][4306][SQLite][debug][9][Cached JSON fetch complete: unbase/index/snapshots/source/word/job][]
[1789488600.512][2026-09-15 09:10:00][subbas-macbook-air.local][4306][SQLite][debug][9][Cached JSON fetch complete: unbase/index/snapshots/server/word/smu2svkrvihxgeos][]
[1789488600.512][2026-09-15 09:10:00][subbas-macbook-air.local][4306][SQLite][debug][9][Cached JSON fetch complete: unbase/index/snapshots/groups/word/main][]
[1789488600.512][2026-09-15 09:10:00][subbas-macbook-air.local][4306][SQLite][debug][9][Cached JSON fetch complete: unbase/index/snapshots/date/summary][]
[1789488600.513][2026-09-15 09:10:00][subbas-macbook-air.local][4306][SQLite][debug][9][Cached JSON fetch complete: unbase/index/snapshots/date/word/h497000][]
[1789488600.513][2026-09-15 09:10:00][subbas-macbook-air.local][4306][SQLite][debug][9][Cached JSON fetch complete: unbase/index/snapshots/date/word/t497000][]
[1789488600.513][2026-09-15 09:10:00][subbas-macbook-air.local][4306][SQLite][debug][9][Cached JSON fetch complete: unbase/index/snapshots/type/word/server/data][]
[1789488600.513][2026-09-15 09:10:00][subbas-macbook-air.local][4306][SQLite][debug][9][Cached JSON fetch complete: unbase/index/snapshots/source/word/job/data][]
[1789488600.513][2026-09-15 09:10:00][subbas-macbook-air.local][4306][SQLite][debug][9][Cached JSON fetch complete: unbase/index/snapshots/server/word/smu2svkrvihxgeos/data][]
[1789488600.513][2026-09-15 09:10:00][subbas-macbook-air.local][4306][SQLite][debug][9][Cached JSON fetch complete: unbase/index/snapshots/groups/word/main/data][]
[1789488600.513][2026-09-15 09:10:00][subbas-macbook-air.local][4306][SQLite][debug][9][Cached JSON fetch complete: unbase/index/snapshots/date/word/h497000/data][]
[1789488600.513][2026-09-15 09:10:00][subbas-macbook-air.local][4306][SQLite][debug][9][Cached JSON fetch complete: unbase/index/snapshots/date/word/t497000/data][]
[1789488600.516][2026-09-15 09:10:00][subbas-macbook-air.local][4306][SQLite][debug][5][Beginning transaction commit: 283][{"path":"unbase/index/snapshots","actions":22}]
[1789488600.516][2026-09-15 09:10:00][subbas-macbook-air.local][4306][SQLite][debug][5][Transaction commit complete: 283][{"path":"unbase/index/snapshots"}]
[1789488600.516][2026-09-15 09:10:00][subbas-macbook-air.local][4306][SQLite][debug][9][Storing SQLite JSON Object: unbase/records/jobs/jmu2vb4tl9minz6p][]
[1789488600.516][2026-09-15 09:10:00][subbas-macbook-air.local][4306][SQLite][debug][9][Store complete: unbase/records/jobs/jmu2vb4tl9minz6p][]
[1789488600.517][2026-09-15 09:10:00][subbas-macbook-air.local][4306][SQLite][debug][9][Fetching SQLite Object: unbase/index/jobs/_data/jmu2vb4tl9minz6p][]
[1789488600.519][2026-09-15 09:10:00][subbas-macbook-air.local][4306][SQLite][debug][9][Cached JSON fetch complete: unbase/index/jobs/_id][]
[1789488600.519][2026-09-15 09:10:00][subbas-macbook-air.local][4306][SQLite][debug][9][Cached JSON fetch complete: unbase/index/jobs/_id/data][]
[1789488600.52][2026-09-15 09:10:00][subbas-macbook-air.local][4306][SQLite][debug][9][Cached JSON fetch complete: unbase/index/jobs/code/word/1][]
[1789488600.52][2026-09-15 09:10:00][subbas-macbook-air.local][4306][SQLite][debug][9][Cached JSON fetch complete: unbase/index/jobs/date/summary][]
[1789488600.52][2026-09-15 09:10:00][subbas-macbook-air.local][4306][SQLite][debug][9][Cached JSON fetch complete: unbase/index/jobs/date/word/497080][]
[1789488600.52][2026-09-15 09:10:00][subbas-macbook-air.local][4306][SQLite][debug][9][Cached JSON fetch complete: unbase/index/jobs/date/word/h497000][]
[1789488600.52][2026-09-15 09:10:00][subbas-macbook-air.local][4306][SQLite][debug][9][Cached JSON fetch complete: unbase/index/jobs/date/word/t497000][]
[1789488600.52][2026-09-15 09:10:00][subbas-macbook-air.local][4306][SQLite][debug][9][Cached JSON fetch complete: unbase/index/jobs/source/word/scheduler][]
[1789488600.52][2026-09-15 09:10:00][subbas-macbook-air.local][4306][SQLite][debug][9][Cached JSON fetch complete: unbase/index/jobs/tags/word/_error][]
[1789488600.52][2026-09-15 09:10:00][subbas-macbook-air.local][4306][SQLite][debug][9][Cached JSON fetch complete: unbase/index/jobs/tags/word/_last][]
[1789488600.52][2026-09-15 09:10:00][subbas-macbook-air.local][4306][SQLite][debug][9][Cached JSON fetch complete: unbase/index/jobs/event/word/emu2t3vr62wcc00v][]
[1789488600.52][2026-09-15 09:10:00][subbas-macbook-air.local][4306][SQLite][debug][9][Cached JSON fetch complete: unbase/index/jobs/category/word/general][]
[1789488600.52][2026-09-15 09:10:00][subbas-macbook-air.local][4306][SQLite][debug][9][Cached JSON fetch complete: unbase/index/jobs/plugin/word/shellplug][]
[1789488600.52][2026-09-15 09:10:00][subbas-macbook-air.local][4306][SQLite][debug][9][Cached JSON fetch complete: unbase/index/jobs/server/word/smu2svkrvihxgeos][]
[1789488600.521][2026-09-15 09:10:00][subbas-macbook-air.local][4306][SQLite][debug][9][Cached JSON fetch complete: unbase/index/jobs/groups/word/main][]
[1789488600.521][2026-09-15 09:10:00][subbas-macbook-air.local][4306][SQLite][debug][9][Cached JSON fetch complete: unbase/index/jobs/code/word/1/data][]
[1789488600.521][2026-09-15 09:10:00][subbas-macbook-air.local][4306][SQLite][debug][9][Cached JSON fetch complete: unbase/index/jobs/date/word/497080/data][]
[1789488600.521][2026-09-15 09:10:00][subbas-macbook-air.local][4306][SQLite][debug][9][Cached JSON fetch complete: unbase/index/jobs/date/word/h497000/data][]
[1789488600.521][2026-09-15 09:10:00][subbas-macbook-air.local][4306][SQLite][debug][9][Cached JSON fetch complete: unbase/index/jobs/date/word/t497000/data][]
[1789488600.521][2026-09-15 09:10:00][subbas-macbook-air.local][4306][SQLite][debug][9][Cached JSON fetch complete: unbase/index/jobs/source/word/scheduler/data][]
[1789488600.521][2026-09-15 09:10:00][subbas-macbook-air.local][4306][SQLite][debug][9][Cached JSON fetch complete: unbase/index/jobs/tags/word/_error/data][]
[1789488600.521][2026-09-15 09:10:00][subbas-macbook-air.local][4306][SQLite][debug][9][Cached JSON fetch complete: unbase/index/jobs/tags/word/_last/data][]
[1789488600.521][2026-09-15 09:10:00][subbas-macbook-air.local][4306][SQLite][debug][9][Cached JSON fetch complete: unbase/index/jobs/event/word/emu2t3vr62wcc00v/data][]
[1789488600.521][2026-09-15 09:10:00][subbas-macbook-air.local][4306][SQLite][debug][9][Cached JSON fetch complete: unbase/index/jobs/category/word/general/data][]
[1789488600.521][2026-09-15 09:10:00][subbas-macbook-air.local][4306][SQLite][debug][9][Cached JSON fetch complete: unbase/index/jobs/plugin/word/shellplug/data][]
[1789488600.521][2026-09-15 09:10:00][subbas-macbook-air.local][4306][SQLite][debug][9][Cached JSON fetch complete: unbase/index/jobs/server/word/smu2svkrvihxgeos/data][]
[1789488600.521][2026-09-15 09:10:00][subbas-macbook-air.local][4306][SQLite][debug][9][Cached JSON fetch complete: unbase/index/jobs/groups/word/main/data][]
[1789488600.523][2026-09-15 09:10:00][subbas-macbook-air.local][4306][SQLite][debug][9][Cached JSON fetch complete: unbase/index/jobs/completed/sort][]
[1789488600.523][2026-09-15 09:10:00][subbas-macbook-air.local][4306][SQLite][debug][9][Cached JSON fetch complete: unbase/index/jobs/elapsed/sort][]
[1789488600.523][2026-09-15 09:10:00][subbas-macbook-air.local][4306][SQLite][debug][9][Cached JSON fetch complete: unbase/index/jobs/completed/sort/data][]
[1789488600.523][2026-09-15 09:10:00][subbas-macbook-air.local][4306][SQLite][debug][9][Cached JSON fetch complete: unbase/index/jobs/elapsed/sort/data][]
[1789488600.524][2026-09-15 09:10:00][subbas-macbook-air.local][4306][SQLite][debug][5][Beginning transaction commit: 284][{"path":"unbase/index/jobs","actions":32}]
[1789488600.528][2026-09-15 09:10:00][subbas-macbook-air.local][4306][SQLite][debug][5][Transaction commit complete: 284][{"path":"unbase/index/jobs"}]
[1789488601.005][2026-09-15 09:10:01][subbas-macbook-air.local][4306][SQLite][debug][9][Storing SQLite JSON Object: global/state][]
[1789488601.007][2026-09-15 09:10:01][subbas-macbook-air.local][4306][SQLite][debug][9][Store complete: global/state][]
[1789488601.589][2026-09-15 09:10:01][subbas-macbook-air.local][4306][SQLite][debug][9][Storing SQLite JSON Object: unbase/records/jobs/jmu2vb4rx9e9c1ko][]
[1789488601.59][2026-09-15 09:10:01][subbas-macbook-air.local][4306][SQLite][debug][9][Store complete: unbase/records/jobs/jmu2vb4rx9e9c1ko][]
[1789488601.59][2026-09-15 09:10:01][subbas-macbook-air.local][4306][SQLite][debug][9][Fetching SQLite Object: unbase/index/jobs/_data/jmu2vb4rx9e9c1ko][]
[1789488601.591][2026-09-15 09:10:01][subbas-macbook-air.local][4306][SQLite][debug][9][Cached JSON fetch complete: unbase/index/jobs/_id][]
[1789488601.591][2026-09-15 09:10:01][subbas-macbook-air.local][4306][SQLite][debug][9][Cached JSON fetch complete: unbase/index/jobs/_id/data][]
[1789488601.593][2026-09-15 09:10:01][subbas-macbook-air.local][4306][SQLite][debug][9][Cached JSON fetch complete: unbase/index/jobs/code/word/0][]
[1789488601.593][2026-09-15 09:10:01][subbas-macbook-air.local][4306][SQLite][debug][9][Cached JSON fetch complete: unbase/index/jobs/date/summary][]
[1789488601.593][2026-09-15 09:10:01][subbas-macbook-air.local][4306][SQLite][debug][9][Cached JSON fetch complete: unbase/index/jobs/date/word/497080][]
[1789488601.593][2026-09-15 09:10:01][subbas-macbook-air.local][4306][SQLite][debug][9][Cached JSON fetch complete: unbase/index/jobs/date/word/h497000][]
[1789488601.593][2026-09-15 09:10:01][subbas-macbook-air.local][4306][SQLite][debug][9][Cached JSON fetch complete: unbase/index/jobs/date/word/t497000][]
[1789488601.593][2026-09-15 09:10:01][subbas-macbook-air.local][4306][SQLite][debug][9][Cached JSON fetch complete: unbase/index/jobs/source/word/scheduler][]
[1789488601.593][2026-09-15 09:10:01][subbas-macbook-air.local][4306][SQLite][debug][9][Cached JSON fetch complete: unbase/index/jobs/tags/word/_success][]
[1789488601.593][2026-09-15 09:10:01][subbas-macbook-air.local][4306][SQLite][debug][9][Cached JSON fetch complete: unbase/index/jobs/tags/word/_last][]
[1789488601.593][2026-09-15 09:10:01][subbas-macbook-air.local][4306][SQLite][debug][9][Cached JSON fetch complete: unbase/index/jobs/event/word/emu2sckyhuzou1hh][]
[1789488601.593][2026-09-15 09:10:01][subbas-macbook-air.local][4306][SQLite][debug][9][Cached JSON fetch complete: unbase/index/jobs/category/word/general][]
[1789488601.593][2026-09-15 09:10:01][subbas-macbook-air.local][4306][SQLite][debug][9][Cached JSON fetch complete: unbase/index/jobs/plugin/word/shellplug][]
[1789488601.593][2026-09-15 09:10:01][subbas-macbook-air.local][4306][SQLite][debug][9][Cached JSON fetch complete: unbase/index/jobs/server/word/smu2svkrvihxgeos][]
[1789488601.593][2026-09-15 09:10:01][subbas-macbook-air.local][4306][SQLite][debug][9][Cached JSON fetch complete: unbase/index/jobs/groups/word/main][]
[1789488601.593][2026-09-15 09:10:01][subbas-macbook-air.local][4306][SQLite][debug][9][Cached JSON fetch complete: unbase/index/jobs/code/word/0/data][]
[1789488601.593][2026-09-15 09:10:01][subbas-macbook-air.local][4306][SQLite][debug][9][Cached JSON fetch complete: unbase/index/jobs/date/word/497080/data][]
[1789488601.593][2026-09-15 09:10:01][subbas-macbook-air.local][4306][SQLite][debug][9][Cached JSON fetch complete: unbase/index/jobs/date/word/h497000/data][]
[1789488601.593][2026-09-15 09:10:01][subbas-macbook-air.local][4306][SQLite][debug][9][Cached JSON fetch complete: unbase/index/jobs/date/word/t497000/data][]
[1789488601.593][2026-09-15 09:10:01][subbas-macbook-air.local][4306][SQLite][debug][9][Cached JSON fetch complete: unbase/index/jobs/source/word/scheduler/data][]
[1789488601.593][2026-09-15 09:10:01][subbas-macbook-air.local][4306][SQLite][debug][9][Cached JSON fetch complete: unbase/index/jobs/tags/word/_success/data][]
[1789488601.593][2026-09-15 09:10:01][subbas-macbook-air.local][4306][SQLite][debug][9][Cached JSON fetch complete: unbase/index/jobs/tags/word/_last/data][]
[1789488601.593][2026-09-15 09:10:01][subbas-macbook-air.local][4306][SQLite][debug][9][Cached JSON fetch complete: unbase/index/jobs/event/word/emu2sckyhuzou1hh/data][]
[1789488601.593][2026-09-15 09:10:01][subbas-macbook-air.local][4306][SQLite][debug][9][Cached JSON fetch complete: unbase/index/jobs/category/word/general/data][]
[1789488601.593][2026-09-15 09:10:01][subbas-macbook-air.local][4306][SQLite][debug][9][Cached JSON fetch complete: unbase/index/jobs/plugin/word/shellplug/data][]
[1789488601.594][2026-09-15 09:10:01][subbas-macbook-air.local][4306][SQLite][debug][9][Cached JSON fetch complete: unbase/index/jobs/server/word/smu2svkrvihxgeos/data][]
[1789488601.594][2026-09-15 09:10:01][subbas-macbook-air.local][4306][SQLite][debug][9][Cached JSON fetch complete: unbase/index/jobs/groups/word/main/data][]
[1789488601.595][2026-09-15 09:10:01][subbas-macbook-air.local][4306][SQLite][debug][9][Cached JSON fetch complete: unbase/index/jobs/completed/sort][]
[1789488601.595][2026-09-15 09:10:01][subbas-macbook-air.local][4306][SQLite][debug][9][Cached JSON fetch complete: unbase/index/jobs/elapsed/sort][]
[1789488601.595][2026-09-15 09:10:01][subbas-macbook-air.local][4306][SQLite][debug][9][Cached JSON fetch complete: unbase/index/jobs/completed/sort/data][]
[1789488601.595][2026-09-15 09:10:01][subbas-macbook-air.local][4306][SQLite][debug][9][Cached JSON fetch complete: unbase/index/jobs/elapsed/sort/data][]
[1789488601.596][2026-09-15 09:10:01][subbas-macbook-air.local][4306][SQLite][debug][5][Beginning transaction commit: 285][{"path":"unbase/index/jobs","actions":32}]
[1789488601.597][2026-09-15 09:10:01][subbas-macbook-air.local][4306][SQLite][debug][5][Transaction commit complete: 285][{"path":"unbase/index/jobs"}]
[1789488602.021][2026-09-15 09:10:02][subbas-macbook-air.local][4306][SQLite][debug][9][Storing SQLite JSON Object: global/state][]
[1789488602.023][2026-09-15 09:10:02][subbas-macbook-air.local][4306][SQLite][debug][9][Store complete: global/state][]
[1789488603.478][2026-09-15 09:10:03][subbas-macbook-air.local][4306][SQLite][debug][9][Cached JSON fetch complete: hosts/smu2svkrvihxgeos/data][]
[1789488603.48][2026-09-15 09:10:03][subbas-macbook-air.local][4306][SQLite][debug][9][Cached JSON fetch complete: timeline/smu2svkrvihxgeos/hourly][]
[1789488603.481][2026-09-15 09:10:03][subbas-macbook-air.local][4306][SQLite][debug][9][Cached JSON fetch complete: timeline/smu2svkrvihxgeos/hourly][]
[1789488603.482][2026-09-15 09:10:03][subbas-macbook-air.local][4306][SQLite][debug][9][Cached JSON fetch complete: timeline/smu2svkrvihxgeos/hourly/0][]
[1789488603.483][2026-09-15 09:10:03][subbas-macbook-air.local][4306][SQLite][debug][9][Cached JSON fetch complete: timeline/smu2svkrvihxgeos/hourly][]
[1789488603.484][2026-09-15 09:10:03][subbas-macbook-air.local][4306][SQLite][debug][9][Cached JSON fetch complete: timeline/smu2svkrvihxgeos/hourly/0][]
[1789488603.485][2026-09-15 09:10:03][subbas-macbook-air.local][4306][SQLite][debug][5][Beginning transaction commit: 286][{"path":"timeline/smu2svkrvihxgeos/hourly","actions":2}]
[1789488603.487][2026-09-15 09:10:03][subbas-macbook-air.local][4306][SQLite][debug][5][Transaction commit complete: 286][{"path":"timeline/smu2svkrvihxgeos/hourly"}]
[1789488603.488][2026-09-15 09:10:03][subbas-macbook-air.local][4306][SQLite][debug][9][Cached JSON fetch complete: timeline/smu2svkrvihxgeos/daily][]
[1789488603.489][2026-09-15 09:10:03][subbas-macbook-air.local][4306][SQLite][debug][9][Cached JSON fetch complete: timeline/smu2svkrvihxgeos/daily][]
[1789488603.489][2026-09-15 09:10:03][subbas-macbook-air.local][4306][SQLite][debug][9][Cached JSON fetch complete: timeline/smu2svkrvihxgeos/daily/0][]
[1789488603.489][2026-09-15 09:10:03][subbas-macbook-air.local][4306][SQLite][debug][9][Cached JSON fetch complete: timeline/smu2svkrvihxgeos/daily][]
[1789488603.49][2026-09-15 09:10:03][subbas-macbook-air.local][4306][SQLite][debug][9][Cached JSON fetch complete: timeline/smu2svkrvihxgeos/daily/0][]
[1789488603.49][2026-09-15 09:10:03][subbas-macbook-air.local][4306][SQLite][debug][5][Beginning transaction commit: 287][{"path":"timeline/smu2svkrvihxgeos/daily","actions":2}]
[1789488603.491][2026-09-15 09:10:03][subbas-macbook-air.local][4306][SQLite][debug][5][Transaction commit complete: 287][{"path":"timeline/smu2svkrvihxgeos/daily"}]
[1789488603.492][2026-09-15 09:10:03][subbas-macbook-air.local][4306][SQLite][debug][9][Cached JSON fetch complete: timeline/smu2svkrvihxgeos/monthly][]
[1789488603.492][2026-09-15 09:10:03][subbas-macbook-air.local][4306][SQLite][debug][9][Cached JSON fetch complete: timeline/smu2svkrvihxgeos/monthly][]
[1789488603.492][2026-09-15 09:10:03][subbas-macbook-air.local][4306][SQLite][debug][9][Cached JSON fetch complete: timeline/smu2svkrvihxgeos/monthly/0][]
[1789488603.493][2026-09-15 09:10:03][subbas-macbook-air.local][4306][SQLite][debug][9][Cached JSON fetch complete: timeline/smu2svkrvihxgeos/monthly][]
[1789488603.493][2026-09-15 09:10:03][subbas-macbook-air.local][4306][SQLite][debug][9][Cached JSON fetch complete: timeline/smu2svkrvihxgeos/monthly/0][]
[1789488603.493][2026-09-15 09:10:03][subbas-macbook-air.local][4306][SQLite][debug][5][Beginning transaction commit: 288][{"path":"timeline/smu2svkrvihxgeos/monthly","actions":2}]
[1789488603.494][2026-09-15 09:10:03][subbas-macbook-air.local][4306][SQLite][debug][5][Transaction commit complete: 288][{"path":"timeline/smu2svkrvihxgeos/monthly"}]
[1789488603.494][2026-09-15 09:10:03][subbas-macbook-air.local][4306][SQLite][debug][9][Cached JSON fetch complete: timeline/smu2svkrvihxgeos/yearly][]
[1789488603.494][2026-09-15 09:10:03][subbas-macbook-air.local][4306][SQLite][debug][9][Cached JSON fetch complete: timeline/smu2svkrvihxgeos/yearly][]
[1789488603.495][2026-09-15 09:10:03][subbas-macbook-air.local][4306][SQLite][debug][9][Cached JSON fetch complete: timeline/smu2svkrvihxgeos/yearly/0][]
[1789488603.495][2026-09-15 09:10:03][subbas-macbook-air.local][4306][SQLite][debug][9][Cached JSON fetch complete: timeline/smu2svkrvihxgeos/yearly][]
[1789488603.495][2026-09-15 09:10:03][subbas-macbook-air.local][4306][SQLite][debug][9][Cached JSON fetch complete: timeline/smu2svkrvihxgeos/yearly/0][]
[1789488603.497][2026-09-15 09:10:03][subbas-macbook-air.local][4306][SQLite][debug][5][Beginning transaction commit: 289][{"path":"timeline/smu2svkrvihxgeos/yearly","actions":2}]
[1789488603.497][2026-09-15 09:10:03][subbas-macbook-air.local][4306][SQLite][debug][5][Transaction commit complete: 289][{"path":"timeline/smu2svkrvihxgeos/yearly"}]
[1789488603.499][2026-09-15 09:10:03][subbas-macbook-air.local][4306][SQLite][debug][9][Storing SQLite JSON Object: hosts/smu2svkrvihxgeos/data][]
[1789488603.501][2026-09-15 09:10:03][subbas-macbook-air.local][4306][SQLite][debug][9][Store complete: hosts/smu2svkrvihxgeos/data][]
[1789488663.489][2026-09-15 09:11:03][subbas-macbook-air.local][4306][SQLite][debug][9][Cached JSON fetch complete: hosts/smu2svkrvihxgeos/data][]
[1789488663.491][2026-09-15 09:11:03][subbas-macbook-air.local][4306][SQLite][debug][9][Cached JSON fetch complete: timeline/smu2svkrvihxgeos/hourly][]
[1789488663.492][2026-09-15 09:11:03][subbas-macbook-air.local][4306][SQLite][debug][9][Cached JSON fetch complete: timeline/smu2svkrvihxgeos/hourly][]
[1789488663.492][2026-09-15 09:11:03][subbas-macbook-air.local][4306][SQLite][debug][9][Cached JSON fetch complete: timeline/smu2svkrvihxgeos/hourly/0][]
[1789488663.494][2026-09-15 09:11:03][subbas-macbook-air.local][4306][SQLite][debug][9][Cached JSON fetch complete: timeline/smu2svkrvihxgeos/hourly][]
[1789488663.494][2026-09-15 09:11:03][subbas-macbook-air.local][4306][SQLite][debug][9][Cached JSON fetch complete: timeline/smu2svkrvihxgeos/hourly/0][]
[1789488663.497][2026-09-15 09:11:03][subbas-macbook-air.local][4306][SQLite][debug][5][Beginning transaction commit: 290][{"path":"timeline/smu2svkrvihxgeos/hourly","actions":2}]
[1789488663.498][2026-09-15 09:11:03][subbas-macbook-air.local][4306][SQLite][debug][5][Transaction commit complete: 290][{"path":"timeline/smu2svkrvihxgeos/hourly"}]
[1789488663.499][2026-09-15 09:11:03][subbas-macbook-air.local][4306][SQLite][debug][9][Cached JSON fetch complete: timeline/smu2svkrvihxgeos/daily][]
[1789488663.5][2026-09-15 09:11:03][subbas-macbook-air.local][4306][SQLite][debug][9][Cached JSON fetch complete: timeline/smu2svkrvihxgeos/daily][]
[1789488663.5][2026-09-15 09:11:03][subbas-macbook-air.local][4306][SQLite][debug][9][Cached JSON fetch complete: timeline/smu2svkrvihxgeos/daily/0][]
[1789488663.5][2026-09-15 09:11:03][subbas-macbook-air.local][4306][SQLite][debug][9][Cached JSON fetch complete: timeline/smu2svkrvihxgeos/daily][]
[1789488663.5][2026-09-15 09:11:03][subbas-macbook-air.local][4306][SQLite][debug][9][Cached JSON fetch complete: timeline/smu2svkrvihxgeos/daily/0][]
[1789488663.502][2026-09-15 09:11:03][subbas-macbook-air.local][4306][SQLite][debug][5][Beginning transaction commit: 291][{"path":"timeline/smu2svkrvihxgeos/daily","actions":2}]
[1789488663.503][2026-09-15 09:11:03][subbas-macbook-air.local][4306][SQLite][debug][5][Transaction commit complete: 291][{"path":"timeline/smu2svkrvihxgeos/daily"}]
[1789488663.503][2026-09-15 09:11:03][subbas-macbook-air.local][4306][SQLite][debug][9][Cached JSON fetch complete: timeline/smu2svkrvihxgeos/monthly][]
[1789488663.504][2026-09-15 09:11:03][subbas-macbook-air.local][4306][SQLite][debug][9][Cached JSON fetch complete: timeline/smu2svkrvihxgeos/monthly][]
[1789488663.504][2026-09-15 09:11:03][subbas-macbook-air.local][4306][SQLite][debug][9][Cached JSON fetch complete: timeline/smu2svkrvihxgeos/monthly/0][]
[1789488663.504][2026-09-15 09:11:03][subbas-macbook-air.local][4306][SQLite][debug][9][Cached JSON fetch complete: timeline/smu2svkrvihxgeos/monthly][]
[1789488663.504][2026-09-15 09:11:03][subbas-macbook-air.local][4306][SQLite][debug][9][Cached JSON fetch complete: timeline/smu2svkrvihxgeos/monthly/0][]
[1789488663.505][2026-09-15 09:11:03][subbas-macbook-air.local][4306][SQLite][debug][5][Beginning transaction commit: 292][{"path":"timeline/smu2svkrvihxgeos/monthly","actions":2}]
[1789488663.505][2026-09-15 09:11:03][subbas-macbook-air.local][4306][SQLite][debug][5][Transaction commit complete: 292][{"path":"timeline/smu2svkrvihxgeos/monthly"}]
[1789488663.506][2026-09-15 09:11:03][subbas-macbook-air.local][4306][SQLite][debug][9][Cached JSON fetch complete: timeline/smu2svkrvihxgeos/yearly][]
[1789488663.506][2026-09-15 09:11:03][subbas-macbook-air.local][4306][SQLite][debug][9][Cached JSON fetch complete: timeline/smu2svkrvihxgeos/yearly][]
[1789488663.506][2026-09-15 09:11:03][subbas-macbook-air.local][4306][SQLite][debug][9][Cached JSON fetch complete: timeline/smu2svkrvihxgeos/yearly/0][]
[1789488663.506][2026-09-15 09:11:03][subbas-macbook-air.local][4306][SQLite][debug][9][Cached JSON fetch complete: timeline/smu2svkrvihxgeos/yearly][]
[1789488663.507][2026-09-15 09:11:03][subbas-macbook-air.local][4306][SQLite][debug][9][Cached JSON fetch complete: timeline/smu2svkrvihxgeos/yearly/0][]
[1789488663.507][2026-09-15 09:11:03][subbas-macbook-air.local][4306][SQLite][debug][5][Beginning transaction commit: 293][{"path":"timeline/smu2svkrvihxgeos/yearly","actions":2}]
[1789488663.507][2026-09-15 09:11:03][subbas-macbook-air.local][4306][SQLite][debug][5][Transaction commit complete: 293][{"path":"timeline/smu2svkrvihxgeos/yearly"}]
[1789488663.509][2026-09-15 09:11:03][subbas-macbook-air.local][4306][SQLite][debug][9][Storing SQLite JSON Object: hosts/smu2svkrvihxgeos/data][]
[1789488663.514][2026-09-15 09:11:03][subbas-macbook-air.local][4306][SQLite][debug][9][Store complete: hosts/smu2svkrvihxgeos/data][]
[1789488723.545][2026-09-15 09:12:03][subbas-macbook-air.local][4306][SQLite][debug][9][Cached JSON fetch complete: hosts/smu2svkrvihxgeos/data][]
[1789488723.547][2026-09-15 09:12:03][subbas-macbook-air.local][4306][SQLite][debug][9][Cached JSON fetch complete: timeline/smu2svkrvihxgeos/hourly][]
[1789488723.548][2026-09-15 09:12:03][subbas-macbook-air.local][4306][SQLite][debug][9][Cached JSON fetch complete: timeline/smu2svkrvihxgeos/hourly][]
[1789488723.549][2026-09-15 09:12:03][subbas-macbook-air.local][4306][SQLite][debug][9][Cached JSON fetch complete: timeline/smu2svkrvihxgeos/hourly/0][]
[1789488723.552][2026-09-15 09:12:03][subbas-macbook-air.local][4306][SQLite][debug][9][Cached JSON fetch complete: timeline/smu2svkrvihxgeos/hourly][]
[1789488723.552][2026-09-15 09:12:03][subbas-macbook-air.local][4306][SQLite][debug][9][Cached JSON fetch complete: timeline/smu2svkrvihxgeos/hourly/0][]
[1789488723.554][2026-09-15 09:12:03][subbas-macbook-air.local][4306][SQLite][debug][5][Beginning transaction commit: 294][{"path":"timeline/smu2svkrvihxgeos/hourly","actions":2}]
[1789488723.556][2026-09-15 09:12:03][subbas-macbook-air.local][4306][SQLite][debug][5][Transaction commit complete: 294][{"path":"timeline/smu2svkrvihxgeos/hourly"}]
[1789488723.557][2026-09-15 09:12:03][subbas-macbook-air.local][4306][SQLite][debug][9][Cached JSON fetch complete: timeline/smu2svkrvihxgeos/daily][]
[1789488723.557][2026-09-15 09:12:03][subbas-macbook-air.local][4306][SQLite][debug][9][Cached JSON fetch complete: timeline/smu2svkrvihxgeos/daily][]
[1789488723.557][2026-09-15 09:12:03][subbas-macbook-air.local][4306][SQLite][debug][9][Cached JSON fetch complete: timeline/smu2svkrvihxgeos/daily/0][]
[1789488723.557][2026-09-15 09:12:03][subbas-macbook-air.local][4306][SQLite][debug][9][Cached JSON fetch complete: timeline/smu2svkrvihxgeos/daily][]
[1789488723.558][2026-09-15 09:12:03][subbas-macbook-air.local][4306][SQLite][debug][9][Cached JSON fetch complete: timeline/smu2svkrvihxgeos/daily/0][]
[1789488723.559][2026-09-15 09:12:03][subbas-macbook-air.local][4306][SQLite][debug][5][Beginning transaction commit: 295][{"path":"timeline/smu2svkrvihxgeos/daily","actions":2}]
[1789488723.559][2026-09-15 09:12:03][subbas-macbook-air.local][4306][SQLite][debug][5][Transaction commit complete: 295][{"path":"timeline/smu2svkrvihxgeos/daily"}]
[1789488723.559][2026-09-15 09:12:03][subbas-macbook-air.local][4306][SQLite][debug][9][Cached JSON fetch complete: timeline/smu2svkrvihxgeos/monthly][]
[1789488723.56][2026-09-15 09:12:03][subbas-macbook-air.local][4306][SQLite][debug][9][Cached JSON fetch complete: timeline/smu2svkrvihxgeos/monthly][]
[1789488723.56][2026-09-15 09:12:03][subbas-macbook-air.local][4306][SQLite][debug][9][Cached JSON fetch complete: timeline/smu2svkrvihxgeos/monthly/0][]
[1789488723.56][2026-09-15 09:12:03][subbas-macbook-air.local][4306][SQLite][debug][9][Cached JSON fetch complete: timeline/smu2svkrvihxgeos/monthly][]
[1789488723.56][2026-09-15 09:12:03][subbas-macbook-air.local][4306][SQLite][debug][9][Cached JSON fetch complete: timeline/smu2svkrvihxgeos/monthly/0][]
[1789488723.561][2026-09-15 09:12:03][subbas-macbook-air.local][4306][SQLite][debug][5][Beginning transaction commit: 296][{"path":"timeline/smu2svkrvihxgeos/monthly","actions":2}]
[1789488723.561][2026-09-15 09:12:03][subbas-macbook-air.local][4306][SQLite][debug][5][Transaction commit complete: 296][{"path":"timeline/smu2svkrvihxgeos/monthly"}]
[1789488723.561][2026-09-15 09:12:03][subbas-macbook-air.local][4306][SQLite][debug][9][Cached JSON fetch complete: timeline/smu2svkrvihxgeos/yearly][]
[1789488723.562][2026-09-15 09:12:03][subbas-macbook-air.local][4306][SQLite][debug][9][Cached JSON fetch complete: timeline/smu2svkrvihxgeos/yearly][]
[1789488723.562][2026-09-15 09:12:03][subbas-macbook-air.local][4306][SQLite][debug][9][Cached JSON fetch complete: timeline/smu2svkrvihxgeos/yearly/0][]
[1789488723.562][2026-09-15 09:12:03][subbas-macbook-air.local][4306][SQLite][debug][9][Cached JSON fetch complete: timeline/smu2svkrvihxgeos/yearly][]
[1789488723.562][2026-09-15 09:12:03][subbas-macbook-air.local][4306][SQLite][debug][9][Cached JSON fetch complete: timeline/smu2svkrvihxgeos/yearly/0][]
[1789488723.563][2026-09-15 09:12:03][subbas-macbook-air.local][4306][SQLite][debug][5][Beginning transaction commit: 297][{"path":"timeline/smu2svkrvihxgeos/yearly","actions":2}]
[1789488723.563][2026-09-15 09:12:03][subbas-macbook-air.local][4306][SQLite][debug][5][Transaction commit complete: 297][{"path":"timeline/smu2svkrvihxgeos/yearly"}]
[1789488723.564][2026-09-15 09:12:03][subbas-macbook-air.local][4306][SQLite][debug][9][Storing SQLite JSON Object: hosts/smu2svkrvihxgeos/data][]
[1789488723.567][2026-09-15 09:12:03][subbas-macbook-air.local][4306][SQLite][debug][9][Store complete: hosts/smu2svkrvihxgeos/data][]
[1789488783.417][2026-09-15 09:13:03][subbas-macbook-air.local][4306][SQLite][debug][9][Cached JSON fetch complete: hosts/smu2svkrvihxgeos/data][]
[1789488783.419][2026-09-15 09:13:03][subbas-macbook-air.local][4306][SQLite][debug][9][Cached JSON fetch complete: timeline/smu2svkrvihxgeos/hourly][]
[1789488783.419][2026-09-15 09:13:03][subbas-macbook-air.local][4306][SQLite][debug][9][Cached JSON fetch complete: timeline/smu2svkrvihxgeos/hourly][]
[1789488783.42][2026-09-15 09:13:03][subbas-macbook-air.local][4306][SQLite][debug][9][Cached JSON fetch complete: timeline/smu2svkrvihxgeos/hourly/0][]
[1789488783.422][2026-09-15 09:13:03][subbas-macbook-air.local][4306][SQLite][debug][9][Cached JSON fetch complete: timeline/smu2svkrvihxgeos/hourly][]
[1789488783.422][2026-09-15 09:13:03][subbas-macbook-air.local][4306][SQLite][debug][9][Cached JSON fetch complete: timeline/smu2svkrvihxgeos/hourly/0][]
[1789488783.423][2026-09-15 09:13:03][subbas-macbook-air.local][4306][SQLite][debug][5][Beginning transaction commit: 298][{"path":"timeline/smu2svkrvihxgeos/hourly","actions":2}]
[1789488783.424][2026-09-15 09:13:03][subbas-macbook-air.local][4306][SQLite][debug][5][Transaction commit complete: 298][{"path":"timeline/smu2svkrvihxgeos/hourly"}]
[1789488783.425][2026-09-15 09:13:03][subbas-macbook-air.local][4306][SQLite][debug][9][Cached JSON fetch complete: timeline/smu2svkrvihxgeos/daily][]
[1789488783.425][2026-09-15 09:13:03][subbas-macbook-air.local][4306][SQLite][debug][9][Cached JSON fetch complete: timeline/smu2svkrvihxgeos/daily][]
[1789488783.426][2026-09-15 09:13:03][subbas-macbook-air.local][4306][SQLite][debug][9][Cached JSON fetch complete: timeline/smu2svkrvihxgeos/daily/0][]
[1789488783.426][2026-09-15 09:13:03][subbas-macbook-air.local][4306][SQLite][debug][9][Cached JSON fetch complete: timeline/smu2svkrvihxgeos/daily][]
[1789488783.426][2026-09-15 09:13:03][subbas-macbook-air.local][4306][SQLite][debug][9][Cached JSON fetch complete: timeline/smu2svkrvihxgeos/daily/0][]
[1789488783.428][2026-09-15 09:13:03][subbas-macbook-air.local][4306][SQLite][debug][5][Beginning transaction commit: 299][{"path":"timeline/smu2svkrvihxgeos/daily","actions":2}]
[1789488783.429][2026-09-15 09:13:03][subbas-macbook-air.local][4306][SQLite][debug][5][Transaction commit complete: 299][{"path":"timeline/smu2svkrvihxgeos/daily"}]
[1789488783.43][2026-09-15 09:13:03][subbas-macbook-air.local][4306][SQLite][debug][9][Cached JSON fetch complete: timeline/smu2svkrvihxgeos/monthly][]
[1789488783.43][2026-09-15 09:13:03][subbas-macbook-air.local][4306][SQLite][debug][9][Cached JSON fetch complete: timeline/smu2svkrvihxgeos/monthly][]
[1789488783.43][2026-09-15 09:13:03][subbas-macbook-air.local][4306][SQLite][debug][9][Cached JSON fetch complete: timeline/smu2svkrvihxgeos/monthly/0][]
[1789488783.431][2026-09-15 09:13:03][subbas-macbook-air.local][4306][SQLite][debug][9][Cached JSON fetch complete: timeline/smu2svkrvihxgeos/monthly][]
[1789488783.431][2026-09-15 09:13:03][subbas-macbook-air.local][4306][SQLite][debug][9][Cached JSON fetch complete: timeline/smu2svkrvihxgeos/monthly/0][]
[1789488783.432][2026-09-15 09:13:03][subbas-macbook-air.local][4306][SQLite][debug][5][Beginning transaction commit: 300][{"path":"timeline/smu2svkrvihxgeos/monthly","actions":2}]
[1789488783.432][2026-09-15 09:13:03][subbas-macbook-air.local][4306][SQLite][debug][5][Transaction commit complete: 300][{"path":"timeline/smu2svkrvihxgeos/monthly"}]
[1789488783.433][2026-09-15 09:13:03][subbas-macbook-air.local][4306][SQLite][debug][9][Cached JSON fetch complete: timeline/smu2svkrvihxgeos/yearly][]
[1789488783.433][2026-09-15 09:13:03][subbas-macbook-air.local][4306][SQLite][debug][9][Cached JSON fetch complete: timeline/smu2svkrvihxgeos/yearly][]
[1789488783.433][2026-09-15 09:13:03][subbas-macbook-air.local][4306][SQLite][debug][9][Cached JSON fetch complete: timeline/smu2svkrvihxgeos/yearly/0][]
[1789488783.433][2026-09-15 09:13:03][subbas-macbook-air.local][4306][SQLite][debug][9][Cached JSON fetch complete: timeline/smu2svkrvihxgeos/yearly][]
[1789488783.433][2026-09-15 09:13:03][subbas-macbook-air.local][4306][SQLite][debug][9][Cached JSON fetch complete: timeline/smu2svkrvihxgeos/yearly/0][]
[1789488783.436][2026-09-15 09:13:03][subbas-macbook-air.local][4306][SQLite][debug][5][Beginning transaction commit: 301][{"path":"timeline/smu2svkrvihxgeos/yearly","actions":2}]
[1789488783.436][2026-09-15 09:13:03][subbas-macbook-air.local][4306][SQLite][debug][5][Transaction commit complete: 301][{"path":"timeline/smu2svkrvihxgeos/yearly"}]
[1789488783.437][2026-09-15 09:13:03][subbas-macbook-air.local][4306][SQLite][debug][9][Storing SQLite JSON Object: hosts/smu2svkrvihxgeos/data][]
[1789488783.439][2026-09-15 09:13:03][subbas-macbook-air.local][4306][SQLite][debug][9][Store complete: hosts/smu2svkrvihxgeos/data][]
[1789488843.526][2026-09-15 09:14:03][subbas-macbook-air.local][4306][SQLite][debug][9][Cached JSON fetch complete: hosts/smu2svkrvihxgeos/data][]
[1789488843.529][2026-09-15 09:14:03][subbas-macbook-air.local][4306][SQLite][debug][9][Cached JSON fetch complete: timeline/smu2svkrvihxgeos/hourly][]
[1789488843.53][2026-09-15 09:14:03][subbas-macbook-air.local][4306][SQLite][debug][9][Cached JSON fetch complete: timeline/smu2svkrvihxgeos/hourly][]
[1789488843.53][2026-09-15 09:14:03][subbas-macbook-air.local][4306][SQLite][debug][9][Cached JSON fetch complete: timeline/smu2svkrvihxgeos/hourly/0][]
[1789488843.531][2026-09-15 09:14:03][subbas-macbook-air.local][4306][SQLite][debug][9][Cached JSON fetch complete: timeline/smu2svkrvihxgeos/hourly][]
[1789488843.534][2026-09-15 09:14:03][subbas-macbook-air.local][4306][SQLite][debug][9][Cached JSON fetch complete: timeline/smu2svkrvihxgeos/hourly/0][]
[1789488843.536][2026-09-15 09:14:03][subbas-macbook-air.local][4306][SQLite][debug][5][Beginning transaction commit: 302][{"path":"timeline/smu2svkrvihxgeos/hourly","actions":2}]
[1789488843.537][2026-09-15 09:14:03][subbas-macbook-air.local][4306][SQLite][debug][5][Transaction commit complete: 302][{"path":"timeline/smu2svkrvihxgeos/hourly"}]
[1789488843.538][2026-09-15 09:14:03][subbas-macbook-air.local][4306][SQLite][debug][9][Cached JSON fetch complete: timeline/smu2svkrvihxgeos/daily][]
[1789488843.538][2026-09-15 09:14:03][subbas-macbook-air.local][4306][SQLite][debug][9][Cached JSON fetch complete: timeline/smu2svkrvihxgeos/daily][]
[1789488843.539][2026-09-15 09:14:03][subbas-macbook-air.local][4306][SQLite][debug][9][Cached JSON fetch complete: timeline/smu2svkrvihxgeos/daily/0][]
[1789488843.539][2026-09-15 09:14:03][subbas-macbook-air.local][4306][SQLite][debug][9][Cached JSON fetch complete: timeline/smu2svkrvihxgeos/daily][]
[1789488843.539][2026-09-15 09:14:03][subbas-macbook-air.local][4306][SQLite][debug][9][Cached JSON fetch complete: timeline/smu2svkrvihxgeos/daily/0][]
[1789488843.54][2026-09-15 09:14:03][subbas-macbook-air.local][4306][SQLite][debug][5][Beginning transaction commit: 303][{"path":"timeline/smu2svkrvihxgeos/daily","actions":2}]
[1789488843.541][2026-09-15 09:14:03][subbas-macbook-air.local][4306][SQLite][debug][5][Transaction commit complete: 303][{"path":"timeline/smu2svkrvihxgeos/daily"}]
[1789488843.541][2026-09-15 09:14:03][subbas-macbook-air.local][4306][SQLite][debug][9][Cached JSON fetch complete: timeline/smu2svkrvihxgeos/monthly][]
[1789488843.542][2026-09-15 09:14:03][subbas-macbook-air.local][4306][SQLite][debug][9][Cached JSON fetch complete: timeline/smu2svkrvihxgeos/monthly][]
[1789488843.542][2026-09-15 09:14:03][subbas-macbook-air.local][4306][SQLite][debug][9][Cached JSON fetch complete: timeline/smu2svkrvihxgeos/monthly/0][]
[1789488843.542][2026-09-15 09:14:03][subbas-macbook-air.local][4306][SQLite][debug][9][Cached JSON fetch complete: timeline/smu2svkrvihxgeos/monthly][]
[1789488843.543][2026-09-15 09:14:03][subbas-macbook-air.local][4306][SQLite][debug][9][Cached JSON fetch complete: timeline/smu2svkrvihxgeos/monthly/0][]
[1789488843.544][2026-09-15 09:14:03][subbas-macbook-air.local][4306][SQLite][debug][5][Beginning transaction commit: 304][{"path":"timeline/smu2svkrvihxgeos/monthly","actions":2}]
[1789488843.544][2026-09-15 09:14:03][subbas-macbook-air.local][4306][SQLite][debug][5][Transaction commit complete: 304][{"path":"timeline/smu2svkrvihxgeos/monthly"}]
[1789488843.544][2026-09-15 09:14:03][subbas-macbook-air.local][4306][SQLite][debug][9][Cached JSON fetch complete: timeline/smu2svkrvihxgeos/yearly][]
[1789488843.545][2026-09-15 09:14:03][subbas-macbook-air.local][4306][SQLite][debug][9][Cached JSON fetch complete: timeline/smu2svkrvihxgeos/yearly][]
[1789488843.545][2026-09-15 09:14:03][subbas-macbook-air.local][4306][SQLite][debug][9][Cached JSON fetch complete: timeline/smu2svkrvihxgeos/yearly/0][]
[1789488843.545][2026-09-15 09:14:03][subbas-macbook-air.local][4306][SQLite][debug][9][Cached JSON fetch complete: timeline/smu2svkrvihxgeos/yearly][]
[1789488843.545][2026-09-15 09:14:03][subbas-macbook-air.local][4306][SQLite][debug][9][Cached JSON fetch complete: timeline/smu2svkrvihxgeos/yearly/0][]
[1789488843.546][2026-09-15 09:14:03][subbas-macbook-air.local][4306][SQLite][debug][5][Beginning transaction commit: 305][{"path":"timeline/smu2svkrvihxgeos/yearly","actions":2}]
[1789488843.546][2026-09-15 09:14:03][subbas-macbook-air.local][4306][SQLite][debug][5][Transaction commit complete: 305][{"path":"timeline/smu2svkrvihxgeos/yearly"}]
[1789488843.548][2026-09-15 09:14:03][subbas-macbook-air.local][4306][SQLite][debug][9][Storing SQLite JSON Object: hosts/smu2svkrvihxgeos/data][]
[1789488843.552][2026-09-15 09:14:03][subbas-macbook-air.local][4306][SQLite][debug][9][Store complete: hosts/smu2svkrvihxgeos/data][]
[1789488903.553][2026-09-15 09:15:03][subbas-macbook-air.local][4306][SQLite][debug][9][Cached JSON fetch complete: hosts/smu2svkrvihxgeos/data][]
[1789488903.556][2026-09-15 09:15:03][subbas-macbook-air.local][4306][SQLite][debug][9][Cached JSON fetch complete: timeline/smu2svkrvihxgeos/hourly][]
[1789488903.557][2026-09-15 09:15:03][subbas-macbook-air.local][4306][SQLite][debug][9][Cached JSON fetch complete: timeline/smu2svkrvihxgeos/hourly][]
[1789488903.557][2026-09-15 09:15:03][subbas-macbook-air.local][4306][SQLite][debug][9][Cached JSON fetch complete: timeline/smu2svkrvihxgeos/hourly/0][]
[1789488903.558][2026-09-15 09:15:03][subbas-macbook-air.local][4306][SQLite][debug][9][Cached JSON fetch complete: timeline/smu2svkrvihxgeos/hourly][]
[1789488903.559][2026-09-15 09:15:03][subbas-macbook-air.local][4306][SQLite][debug][9][Cached JSON fetch complete: timeline/smu2svkrvihxgeos/hourly/0][]
[1789488903.56][2026-09-15 09:15:03][subbas-macbook-air.local][4306][SQLite][debug][5][Beginning transaction commit: 306][{"path":"timeline/smu2svkrvihxgeos/hourly","actions":2}]
[1789488903.561][2026-09-15 09:15:03][subbas-macbook-air.local][4306][SQLite][debug][5][Transaction commit complete: 306][{"path":"timeline/smu2svkrvihxgeos/hourly"}]
[1789488903.562][2026-09-15 09:15:03][subbas-macbook-air.local][4306][SQLite][debug][9][Cached JSON fetch complete: timeline/smu2svkrvihxgeos/daily][]
[1789488903.562][2026-09-15 09:15:03][subbas-macbook-air.local][4306][SQLite][debug][9][Cached JSON fetch complete: timeline/smu2svkrvihxgeos/daily][]
[1789488903.563][2026-09-15 09:15:03][subbas-macbook-air.local][4306][SQLite][debug][9][Cached JSON fetch complete: timeline/smu2svkrvihxgeos/daily/0][]
[1789488903.563][2026-09-15 09:15:03][subbas-macbook-air.local][4306][SQLite][debug][9][Cached JSON fetch complete: timeline/smu2svkrvihxgeos/daily][]
[1789488903.563][2026-09-15 09:15:03][subbas-macbook-air.local][4306][SQLite][debug][9][Cached JSON fetch complete: timeline/smu2svkrvihxgeos/daily/0][]
[1789488903.564][2026-09-15 09:15:03][subbas-macbook-air.local][4306][SQLite][debug][5][Beginning transaction commit: 307][{"path":"timeline/smu2svkrvihxgeos/daily","actions":2}]
[1789488903.565][2026-09-15 09:15:03][subbas-macbook-air.local][4306][SQLite][debug][5][Transaction commit complete: 307][{"path":"timeline/smu2svkrvihxgeos/daily"}]
[1789488903.565][2026-09-15 09:15:03][subbas-macbook-air.local][4306][SQLite][debug][9][Cached JSON fetch complete: timeline/smu2svkrvihxgeos/monthly][]
[1789488903.566][2026-09-15 09:15:03][subbas-macbook-air.local][4306][SQLite][debug][9][Cached JSON fetch complete: timeline/smu2svkrvihxgeos/monthly][]
[1789488903.566][2026-09-15 09:15:03][subbas-macbook-air.local][4306][SQLite][debug][9][Cached JSON fetch complete: timeline/smu2svkrvihxgeos/monthly/0][]
[1789488903.567][2026-09-15 09:15:03][subbas-macbook-air.local][4306][SQLite][debug][9][Cached JSON fetch complete: timeline/smu2svkrvihxgeos/monthly][]
[1789488903.567][2026-09-15 09:15:03][subbas-macbook-air.local][4306][SQLite][debug][9][Cached JSON fetch complete: timeline/smu2svkrvihxgeos/monthly/0][]
[1789488903.568][2026-09-15 09:15:03][subbas-macbook-air.local][4306][SQLite][debug][5][Beginning transaction commit: 308][{"path":"timeline/smu2svkrvihxgeos/monthly","actions":2}]
[1789488903.569][2026-09-15 09:15:03][subbas-macbook-air.local][4306][SQLite][debug][5][Transaction commit complete: 308][{"path":"timeline/smu2svkrvihxgeos/monthly"}]
[1789488903.57][2026-09-15 09:15:03][subbas-macbook-air.local][4306][SQLite][debug][9][Cached JSON fetch complete: timeline/smu2svkrvihxgeos/yearly][]
[1789488903.572][2026-09-15 09:15:03][subbas-macbook-air.local][4306][SQLite][debug][9][Cached JSON fetch complete: timeline/smu2svkrvihxgeos/yearly][]
[1789488903.573][2026-09-15 09:15:03][subbas-macbook-air.local][4306][SQLite][debug][9][Cached JSON fetch complete: timeline/smu2svkrvihxgeos/yearly/0][]
[1789488903.573][2026-09-15 09:15:03][subbas-macbook-air.local][4306][SQLite][debug][9][Cached JSON fetch complete: timeline/smu2svkrvihxgeos/yearly][]
[1789488903.573][2026-09-15 09:15:03][subbas-macbook-air.local][4306][SQLite][debug][9][Cached JSON fetch complete: timeline/smu2svkrvihxgeos/yearly/0][]
[1789488903.574][2026-09-15 09:15:03][subbas-macbook-air.local][4306][SQLite][debug][5][Beginning transaction commit: 309][{"path":"timeline/smu2svkrvihxgeos/yearly","actions":2}]
[1789488903.574][2026-09-15 09:15:03][subbas-macbook-air.local][4306][SQLite][debug][5][Transaction commit complete: 309][{"path":"timeline/smu2svkrvihxgeos/yearly"}]
[1789488903.575][2026-09-15 09:15:03][subbas-macbook-air.local][4306][SQLite][debug][9][Storing SQLite JSON Object: hosts/smu2svkrvihxgeos/data][]
[1789488903.578][2026-09-15 09:15:03][subbas-macbook-air.local][4306][SQLite][debug][9][Store complete: hosts/smu2svkrvihxgeos/data][]
[1789488963.492][2026-09-15 09:16:03][subbas-macbook-air.local][4306][SQLite][debug][9][Cached JSON fetch complete: hosts/smu2svkrvihxgeos/data][]
[1789488963.494][2026-09-15 09:16:03][subbas-macbook-air.local][4306][SQLite][debug][9][Cached JSON fetch complete: timeline/smu2svkrvihxgeos/hourly][]
[1789488963.495][2026-09-15 09:16:03][subbas-macbook-air.local][4306][SQLite][debug][9][Cached JSON fetch complete: timeline/smu2svkrvihxgeos/hourly][]
[1789488963.496][2026-09-15 09:16:03][subbas-macbook-air.local][4306][SQLite][debug][9][Cached JSON fetch complete: timeline/smu2svkrvihxgeos/hourly/0][]
[1789488963.496][2026-09-15 09:16:03][subbas-macbook-air.local][4306][SQLite][debug][9][Cached JSON fetch complete: timeline/smu2svkrvihxgeos/hourly][]
[1789488963.497][2026-09-15 09:16:03][subbas-macbook-air.local][4306][SQLite][debug][9][Cached JSON fetch complete: timeline/smu2svkrvihxgeos/hourly/0][]
[1789488963.498][2026-09-15 09:16:03][subbas-macbook-air.local][4306][SQLite][debug][5][Beginning transaction commit: 310][{"path":"timeline/smu2svkrvihxgeos/hourly","actions":2}]
[1789488963.499][2026-09-15 09:16:03][subbas-macbook-air.local][4306][SQLite][debug][5][Transaction commit complete: 310][{"path":"timeline/smu2svkrvihxgeos/hourly"}]
[1789488963.5][2026-09-15 09:16:03][subbas-macbook-air.local][4306][SQLite][debug][9][Cached JSON fetch complete: timeline/smu2svkrvihxgeos/daily][]
[1789488963.5][2026-09-15 09:16:03][subbas-macbook-air.local][4306][SQLite][debug][9][Cached JSON fetch complete: timeline/smu2svkrvihxgeos/daily][]
[1789488963.501][2026-09-15 09:16:03][subbas-macbook-air.local][4306][SQLite][debug][9][Cached JSON fetch complete: timeline/smu2svkrvihxgeos/daily/0][]
[1789488963.501][2026-09-15 09:16:03][subbas-macbook-air.local][4306][SQLite][debug][9][Cached JSON fetch complete: timeline/smu2svkrvihxgeos/daily][]
[1789488963.501][2026-09-15 09:16:03][subbas-macbook-air.local][4306][SQLite][debug][9][Cached JSON fetch complete: timeline/smu2svkrvihxgeos/daily/0][]
[1789488963.502][2026-09-15 09:16:03][subbas-macbook-air.local][4306][SQLite][debug][5][Beginning transaction commit: 311][{"path":"timeline/smu2svkrvihxgeos/daily","actions":2}]
[1789488963.502][2026-09-15 09:16:03][subbas-macbook-air.local][4306][SQLite][debug][5][Transaction commit complete: 311][{"path":"timeline/smu2svkrvihxgeos/daily"}]
[1789488963.503][2026-09-15 09:16:03][subbas-macbook-air.local][4306][SQLite][debug][9][Cached JSON fetch complete: timeline/smu2svkrvihxgeos/monthly][]
[1789488963.503][2026-09-15 09:16:03][subbas-macbook-air.local][4306][SQLite][debug][9][Cached JSON fetch complete: timeline/smu2svkrvihxgeos/monthly][]
[1789488963.503][2026-09-15 09:16:03][subbas-macbook-air.local][4306][SQLite][debug][9][Cached JSON fetch complete: timeline/smu2svkrvihxgeos/monthly/0][]
[1789488963.504][2026-09-15 09:16:03][subbas-macbook-air.local][4306][SQLite][debug][9][Cached JSON fetch complete: timeline/smu2svkrvihxgeos/monthly][]
[1789488963.504][2026-09-15 09:16:03][subbas-macbook-air.local][4306][SQLite][debug][9][Cached JSON fetch complete: timeline/smu2svkrvihxgeos/monthly/0][]
[1789488963.506][2026-09-15 09:16:03][subbas-macbook-air.local][4306][SQLite][debug][5][Beginning transaction commit: 312][{"path":"timeline/smu2svkrvihxgeos/monthly","actions":2}]
[1789488963.506][2026-09-15 09:16:03][subbas-macbook-air.local][4306][SQLite][debug][5][Transaction commit complete: 312][{"path":"timeline/smu2svkrvihxgeos/monthly"}]
[1789488963.507][2026-09-15 09:16:03][subbas-macbook-air.local][4306][SQLite][debug][9][Cached JSON fetch complete: timeline/smu2svkrvihxgeos/yearly][]
[1789488963.507][2026-09-15 09:16:03][subbas-macbook-air.local][4306][SQLite][debug][9][Cached JSON fetch complete: timeline/smu2svkrvihxgeos/yearly][]
[1789488963.507][2026-09-15 09:16:03][subbas-macbook-air.local][4306][SQLite][debug][9][Cached JSON fetch complete: timeline/smu2svkrvihxgeos/yearly/0][]
[1789488963.508][2026-09-15 09:16:03][subbas-macbook-air.local][4306][SQLite][debug][9][Cached JSON fetch complete: timeline/smu2svkrvihxgeos/yearly][]
[1789488963.508][2026-09-15 09:16:03][subbas-macbook-air.local][4306][SQLite][debug][9][Cached JSON fetch complete: timeline/smu2svkrvihxgeos/yearly/0][]
[1789488963.509][2026-09-15 09:16:03][subbas-macbook-air.local][4306][SQLite][debug][5][Beginning transaction commit: 313][{"path":"timeline/smu2svkrvihxgeos/yearly","actions":2}]
[1789488963.509][2026-09-15 09:16:03][subbas-macbook-air.local][4306][SQLite][debug][5][Transaction commit complete: 313][{"path":"timeline/smu2svkrvihxgeos/yearly"}]
[1789488963.51][2026-09-15 09:16:03][subbas-macbook-air.local][4306][SQLite][debug][9][Storing SQLite JSON Object: hosts/smu2svkrvihxgeos/data][]
[1789488963.514][2026-09-15 09:16:03][subbas-macbook-air.local][4306][SQLite][debug][9][Store complete: hosts/smu2svkrvihxgeos/data][]
[1789489023.491][2026-09-15 09:17:03][subbas-macbook-air.local][4306][SQLite][debug][9][Cached JSON fetch complete: hosts/smu2svkrvihxgeos/data][]
[1789489023.495][2026-09-15 09:17:03][subbas-macbook-air.local][4306][SQLite][debug][9][Cached JSON fetch complete: timeline/smu2svkrvihxgeos/hourly][]
[1789489023.496][2026-09-15 09:17:03][subbas-macbook-air.local][4306][SQLite][debug][9][Cached JSON fetch complete: timeline/smu2svkrvihxgeos/hourly][]
[1789489023.496][2026-09-15 09:17:03][subbas-macbook-air.local][4306][SQLite][debug][9][Cached JSON fetch complete: timeline/smu2svkrvihxgeos/hourly/0][]
[1789489023.497][2026-09-15 09:17:03][subbas-macbook-air.local][4306][SQLite][debug][9][Cached JSON fetch complete: timeline/smu2svkrvihxgeos/hourly][]
[1789489023.497][2026-09-15 09:17:03][subbas-macbook-air.local][4306][SQLite][debug][9][Cached JSON fetch complete: timeline/smu2svkrvihxgeos/hourly/0][]
[1789489023.499][2026-09-15 09:17:03][subbas-macbook-air.local][4306][SQLite][debug][5][Beginning transaction commit: 314][{"path":"timeline/smu2svkrvihxgeos/hourly","actions":2}]
[1789489023.5][2026-09-15 09:17:03][subbas-macbook-air.local][4306][SQLite][debug][5][Transaction commit complete: 314][{"path":"timeline/smu2svkrvihxgeos/hourly"}]
[1789489023.501][2026-09-15 09:17:03][subbas-macbook-air.local][4306][SQLite][debug][9][Cached JSON fetch complete: timeline/smu2svkrvihxgeos/daily][]
[1789489023.501][2026-09-15 09:17:03][subbas-macbook-air.local][4306][SQLite][debug][9][Cached JSON fetch complete: timeline/smu2svkrvihxgeos/daily][]
[1789489023.501][2026-09-15 09:17:03][subbas-macbook-air.local][4306][SQLite][debug][9][Cached JSON fetch complete: timeline/smu2svkrvihxgeos/daily/0][]
[1789489023.501][2026-09-15 09:17:03][subbas-macbook-air.local][4306][SQLite][debug][9][Cached JSON fetch complete: timeline/smu2svkrvihxgeos/daily][]
[1789489023.502][2026-09-15 09:17:03][subbas-macbook-air.local][4306][SQLite][debug][9][Cached JSON fetch complete: timeline/smu2svkrvihxgeos/daily/0][]
[1789489023.502][2026-09-15 09:17:03][subbas-macbook-air.local][4306][SQLite][debug][5][Beginning transaction commit: 315][{"path":"timeline/smu2svkrvihxgeos/daily","actions":2}]
[1789489023.503][2026-09-15 09:17:03][subbas-macbook-air.local][4306][SQLite][debug][5][Transaction commit complete: 315][{"path":"timeline/smu2svkrvihxgeos/daily"}]
[1789489023.503][2026-09-15 09:17:03][subbas-macbook-air.local][4306][SQLite][debug][9][Cached JSON fetch complete: timeline/smu2svkrvihxgeos/monthly][]
[1789489023.504][2026-09-15 09:17:03][subbas-macbook-air.local][4306][SQLite][debug][9][Cached JSON fetch complete: timeline/smu2svkrvihxgeos/monthly][]
[1789489023.504][2026-09-15 09:17:03][subbas-macbook-air.local][4306][SQLite][debug][9][Cached JSON fetch complete: timeline/smu2svkrvihxgeos/monthly/0][]
[1789489023.504][2026-09-15 09:17:03][subbas-macbook-air.local][4306][SQLite][debug][9][Cached JSON fetch complete: timeline/smu2svkrvihxgeos/monthly][]
[1789489023.504][2026-09-15 09:17:03][subbas-macbook-air.local][4306][SQLite][debug][9][Cached JSON fetch complete: timeline/smu2svkrvihxgeos/monthly/0][]
[1789489023.505][2026-09-15 09:17:03][subbas-macbook-air.local][4306][SQLite][debug][5][Beginning transaction commit: 316][{"path":"timeline/smu2svkrvihxgeos/monthly","actions":2}]
[1789489023.505][2026-09-15 09:17:03][subbas-macbook-air.local][4306][SQLite][debug][5][Transaction commit complete: 316][{"path":"timeline/smu2svkrvihxgeos/monthly"}]
[1789489023.506][2026-09-15 09:17:03][subbas-macbook-air.local][4306][SQLite][debug][9][Cached JSON fetch complete: timeline/smu2svkrvihxgeos/yearly][]
[1789489023.506][2026-09-15 09:17:03][subbas-macbook-air.local][4306][SQLite][debug][9][Cached JSON fetch complete: timeline/smu2svkrvihxgeos/yearly][]
[1789489023.506][2026-09-15 09:17:03][subbas-macbook-air.local][4306][SQLite][debug][9][Cached JSON fetch complete: timeline/smu2svkrvihxgeos/yearly/0][]
[1789489023.506][2026-09-15 09:17:03][subbas-macbook-air.local][4306][SQLite][debug][9][Cached JSON fetch complete: timeline/smu2svkrvihxgeos/yearly][]
[1789489023.507][2026-09-15 09:17:03][subbas-macbook-air.local][4306][SQLite][debug][9][Cached JSON fetch complete: timeline/smu2svkrvihxgeos/yearly/0][]
[1789489023.507][2026-09-15 09:17:03][subbas-macbook-air.local][4306][SQLite][debug][5][Beginning transaction commit: 317][{"path":"timeline/smu2svkrvihxgeos/yearly","actions":2}]
[1789489023.507][2026-09-15 09:17:03][subbas-macbook-air.local][4306][SQLite][debug][5][Transaction commit complete: 317][{"path":"timeline/smu2svkrvihxgeos/yearly"}]
[1789489023.509][2026-09-15 09:17:03][subbas-macbook-air.local][4306][SQLite][debug][9][Storing SQLite JSON Object: hosts/smu2svkrvihxgeos/data][]
[1789489023.511][2026-09-15 09:17:03][subbas-macbook-air.local][4306][SQLite][debug][9][Store complete: hosts/smu2svkrvihxgeos/data][]
[1789489083.53][2026-09-15 09:18:03][subbas-macbook-air.local][4306][SQLite][debug][9][Cached JSON fetch complete: hosts/smu2svkrvihxgeos/data][]
[1789489083.534][2026-09-15 09:18:03][subbas-macbook-air.local][4306][SQLite][debug][9][Cached JSON fetch complete: timeline/smu2svkrvihxgeos/hourly][]
[1789489083.535][2026-09-15 09:18:03][subbas-macbook-air.local][4306][SQLite][debug][9][Cached JSON fetch complete: timeline/smu2svkrvihxgeos/hourly][]
[1789489083.535][2026-09-15 09:18:03][subbas-macbook-air.local][4306][SQLite][debug][9][Cached JSON fetch complete: timeline/smu2svkrvihxgeos/hourly/0][]
[1789489083.536][2026-09-15 09:18:03][subbas-macbook-air.local][4306][SQLite][debug][9][Cached JSON fetch complete: timeline/smu2svkrvihxgeos/hourly][]
[1789489083.537][2026-09-15 09:18:03][subbas-macbook-air.local][4306][SQLite][debug][9][Cached JSON fetch complete: timeline/smu2svkrvihxgeos/hourly/0][]
[1789489083.541][2026-09-15 09:18:03][subbas-macbook-air.local][4306][SQLite][debug][5][Beginning transaction commit: 318][{"path":"timeline/smu2svkrvihxgeos/hourly","actions":2}]
[1789489083.543][2026-09-15 09:18:03][subbas-macbook-air.local][4306][SQLite][debug][5][Transaction commit complete: 318][{"path":"timeline/smu2svkrvihxgeos/hourly"}]
[1789489083.544][2026-09-15 09:18:03][subbas-macbook-air.local][4306][SQLite][debug][9][Cached JSON fetch complete: timeline/smu2svkrvihxgeos/daily][]
[1789489083.545][2026-09-15 09:18:03][subbas-macbook-air.local][4306][SQLite][debug][9][Cached JSON fetch complete: timeline/smu2svkrvihxgeos/daily][]
[1789489083.545][2026-09-15 09:18:03][subbas-macbook-air.local][4306][SQLite][debug][9][Cached JSON fetch complete: timeline/smu2svkrvihxgeos/daily/0][]
[1789489083.545][2026-09-15 09:18:03][subbas-macbook-air.local][4306][SQLite][debug][9][Cached JSON fetch complete: timeline/smu2svkrvihxgeos/daily][]
[1789489083.546][2026-09-15 09:18:03][subbas-macbook-air.local][4306][SQLite][debug][9][Cached JSON fetch complete: timeline/smu2svkrvihxgeos/daily/0][]
[1789489083.546][2026-09-15 09:18:03][subbas-macbook-air.local][4306][SQLite][debug][5][Beginning transaction commit: 319][{"path":"timeline/smu2svkrvihxgeos/daily","actions":2}]
[1789489083.547][2026-09-15 09:18:03][subbas-macbook-air.local][4306][SQLite][debug][5][Transaction commit complete: 319][{"path":"timeline/smu2svkrvihxgeos/daily"}]
[1789489083.547][2026-09-15 09:18:03][subbas-macbook-air.local][4306][SQLite][debug][9][Cached JSON fetch complete: timeline/smu2svkrvihxgeos/monthly][]
[1789489083.547][2026-09-15 09:18:03][subbas-macbook-air.local][4306][SQLite][debug][9][Cached JSON fetch complete: timeline/smu2svkrvihxgeos/monthly][]
[1789489083.548][2026-09-15 09:18:03][subbas-macbook-air.local][4306][SQLite][debug][9][Cached JSON fetch complete: timeline/smu2svkrvihxgeos/monthly/0][]
[1789489083.548][2026-09-15 09:18:03][subbas-macbook-air.local][4306][SQLite][debug][9][Cached JSON fetch complete: timeline/smu2svkrvihxgeos/monthly][]
[1789489083.548][2026-09-15 09:18:03][subbas-macbook-air.local][4306][SQLite][debug][9][Cached JSON fetch complete: timeline/smu2svkrvihxgeos/monthly/0][]
[1789489083.549][2026-09-15 09:18:03][subbas-macbook-air.local][4306][SQLite][debug][5][Beginning transaction commit: 320][{"path":"timeline/smu2svkrvihxgeos/monthly","actions":2}]
[1789489083.549][2026-09-15 09:18:03][subbas-macbook-air.local][4306][SQLite][debug][5][Transaction commit complete: 320][{"path":"timeline/smu2svkrvihxgeos/monthly"}]
[1789489083.549][2026-09-15 09:18:03][subbas-macbook-air.local][4306][SQLite][debug][9][Cached JSON fetch complete: timeline/smu2svkrvihxgeos/yearly][]
[1789489083.55][2026-09-15 09:18:03][subbas-macbook-air.local][4306][SQLite][debug][9][Cached JSON fetch complete: timeline/smu2svkrvihxgeos/yearly][]
[1789489083.55][2026-09-15 09:18:03][subbas-macbook-air.local][4306][SQLite][debug][9][Cached JSON fetch complete: timeline/smu2svkrvihxgeos/yearly/0][]
[1789489083.55][2026-09-15 09:18:03][subbas-macbook-air.local][4306][SQLite][debug][9][Cached JSON fetch complete: timeline/smu2svkrvihxgeos/yearly][]
[1789489083.55][2026-09-15 09:18:03][subbas-macbook-air.local][4306][SQLite][debug][9][Cached JSON fetch complete: timeline/smu2svkrvihxgeos/yearly/0][]
[1789489083.553][2026-09-15 09:18:03][subbas-macbook-air.local][4306][SQLite][debug][5][Beginning transaction commit: 321][{"path":"timeline/smu2svkrvihxgeos/yearly","actions":2}]
[1789489083.554][2026-09-15 09:18:03][subbas-macbook-air.local][4306][SQLite][debug][5][Transaction commit complete: 321][{"path":"timeline/smu2svkrvihxgeos/yearly"}]
[1789489083.555][2026-09-15 09:18:03][subbas-macbook-air.local][4306][SQLite][debug][9][Storing SQLite JSON Object: hosts/smu2svkrvihxgeos/data][]
[1789489083.557][2026-09-15 09:18:03][subbas-macbook-air.local][4306][SQLite][debug][9][Store complete: hosts/smu2svkrvihxgeos/data][]
[1789489143.53][2026-09-15 09:19:03][subbas-macbook-air.local][4306][SQLite][debug][9][Cached JSON fetch complete: hosts/smu2svkrvihxgeos/data][]
[1789489143.532][2026-09-15 09:19:03][subbas-macbook-air.local][4306][SQLite][debug][9][Cached JSON fetch complete: timeline/smu2svkrvihxgeos/hourly][]
[1789489143.533][2026-09-15 09:19:03][subbas-macbook-air.local][4306][SQLite][debug][9][Cached JSON fetch complete: timeline/smu2svkrvihxgeos/hourly][]
[1789489143.533][2026-09-15 09:19:03][subbas-macbook-air.local][4306][SQLite][debug][9][Cached JSON fetch complete: timeline/smu2svkrvihxgeos/hourly/0][]
[1789489143.534][2026-09-15 09:19:03][subbas-macbook-air.local][4306][SQLite][debug][9][Cached JSON fetch complete: timeline/smu2svkrvihxgeos/hourly][]
[1789489143.536][2026-09-15 09:19:03][subbas-macbook-air.local][4306][SQLite][debug][9][Cached JSON fetch complete: timeline/smu2svkrvihxgeos/hourly/0][]
[1789489143.537][2026-09-15 09:19:03][subbas-macbook-air.local][4306][SQLite][debug][5][Beginning transaction commit: 322][{"path":"timeline/smu2svkrvihxgeos/hourly","actions":2}]
[1789489143.538][2026-09-15 09:19:03][subbas-macbook-air.local][4306][SQLite][debug][5][Transaction commit complete: 322][{"path":"timeline/smu2svkrvihxgeos/hourly"}]
[1789489143.539][2026-09-15 09:19:03][subbas-macbook-air.local][4306][SQLite][debug][9][Cached JSON fetch complete: timeline/smu2svkrvihxgeos/daily][]
[1789489143.539][2026-09-15 09:19:03][subbas-macbook-air.local][4306][SQLite][debug][9][Cached JSON fetch complete: timeline/smu2svkrvihxgeos/daily][]
[1789489143.539][2026-09-15 09:19:03][subbas-macbook-air.local][4306][SQLite][debug][9][Cached JSON fetch complete: timeline/smu2svkrvihxgeos/daily/0][]
[1789489143.54][2026-09-15 09:19:03][subbas-macbook-air.local][4306][SQLite][debug][9][Cached JSON fetch complete: timeline/smu2svkrvihxgeos/daily][]
[1789489143.54][2026-09-15 09:19:03][subbas-macbook-air.local][4306][SQLite][debug][9][Cached JSON fetch complete: timeline/smu2svkrvihxgeos/daily/0][]
[1789489143.541][2026-09-15 09:19:03][subbas-macbook-air.local][4306][SQLite][debug][5][Beginning transaction commit: 323][{"path":"timeline/smu2svkrvihxgeos/daily","actions":2}]
[1789489143.541][2026-09-15 09:19:03][subbas-macbook-air.local][4306][SQLite][debug][5][Transaction commit complete: 323][{"path":"timeline/smu2svkrvihxgeos/daily"}]
[1789489143.541][2026-09-15 09:19:03][subbas-macbook-air.local][4306][SQLite][debug][9][Cached JSON fetch complete: timeline/smu2svkrvihxgeos/monthly][]
[1789489143.542][2026-09-15 09:19:03][subbas-macbook-air.local][4306][SQLite][debug][9][Cached JSON fetch complete: timeline/smu2svkrvihxgeos/monthly][]
[1789489143.542][2026-09-15 09:19:03][subbas-macbook-air.local][4306][SQLite][debug][9][Cached JSON fetch complete: timeline/smu2svkrvihxgeos/monthly/0][]
[1789489143.542][2026-09-15 09:19:03][subbas-macbook-air.local][4306][SQLite][debug][9][Cached JSON fetch complete: timeline/smu2svkrvihxgeos/monthly][]
[1789489143.542][2026-09-15 09:19:03][subbas-macbook-air.local][4306][SQLite][debug][9][Cached JSON fetch complete: timeline/smu2svkrvihxgeos/monthly/0][]
[1789489143.544][2026-09-15 09:19:03][subbas-macbook-air.local][4306][SQLite][debug][5][Beginning transaction commit: 324][{"path":"timeline/smu2svkrvihxgeos/monthly","actions":2}]
[1789489143.544][2026-09-15 09:19:03][subbas-macbook-air.local][4306][SQLite][debug][5][Transaction commit complete: 324][{"path":"timeline/smu2svkrvihxgeos/monthly"}]
[1789489143.544][2026-09-15 09:19:03][subbas-macbook-air.local][4306][SQLite][debug][9][Cached JSON fetch complete: timeline/smu2svkrvihxgeos/yearly][]
[1789489143.545][2026-09-15 09:19:03][subbas-macbook-air.local][4306][SQLite][debug][9][Cached JSON fetch complete: timeline/smu2svkrvihxgeos/yearly][]
[1789489143.545][2026-09-15 09:19:03][subbas-macbook-air.local][4306][SQLite][debug][9][Cached JSON fetch complete: timeline/smu2svkrvihxgeos/yearly/0][]
[1789489143.545][2026-09-15 09:19:03][subbas-macbook-air.local][4306][SQLite][debug][9][Cached JSON fetch complete: timeline/smu2svkrvihxgeos/yearly][]
[1789489143.546][2026-09-15 09:19:03][subbas-macbook-air.local][4306][SQLite][debug][9][Cached JSON fetch complete: timeline/smu2svkrvihxgeos/yearly/0][]
[1789489143.546][2026-09-15 09:19:03][subbas-macbook-air.local][4306][SQLite][debug][5][Beginning transaction commit: 325][{"path":"timeline/smu2svkrvihxgeos/yearly","actions":2}]
[1789489143.546][2026-09-15 09:19:03][subbas-macbook-air.local][4306][SQLite][debug][5][Transaction commit complete: 325][{"path":"timeline/smu2svkrvihxgeos/yearly"}]
[1789489143.548][2026-09-15 09:19:03][subbas-macbook-air.local][4306][SQLite][debug][9][Storing SQLite JSON Object: hosts/smu2svkrvihxgeos/data][]
[1789489143.558][2026-09-15 09:19:03][subbas-macbook-air.local][4306][SQLite][debug][9][Store complete: hosts/smu2svkrvihxgeos/data][]
[1789489200.516][2026-09-15 09:20:00][subbas-macbook-air.local][4306][SQLite][debug][9][Cached JSON fetch complete: hosts/smu2svkrvihxgeos/data][]
[1789489200.516][2026-09-15 09:20:00][subbas-macbook-air.local][4306][SQLite][debug][9][Storing SQLite JSON Object: unbase/records/snapshots/snmu2vo03ohdcj14][]
[1789489200.521][2026-09-15 09:20:00][subbas-macbook-air.local][4306][SQLite][debug][9][Store complete: unbase/records/snapshots/snmu2vo03ohdcj14][]
[1789489200.521][2026-09-15 09:20:00][subbas-macbook-air.local][4306][SQLite][debug][9][Fetching SQLite Object: unbase/index/snapshots/_data/snmu2vo03ohdcj14][]
[1789489200.522][2026-09-15 09:20:00][subbas-macbook-air.local][4306][SQLite][debug][9][Cached JSON fetch complete: unbase/index/snapshots/_id][]
[1789489200.522][2026-09-15 09:20:00][subbas-macbook-air.local][4306][SQLite][debug][9][Cached JSON fetch complete: unbase/index/snapshots/_id/data][]
[1789489200.526][2026-09-15 09:20:00][subbas-macbook-air.local][4306][SQLite][debug][9][Fetching SQLite Object: unbase/index/snapshots/jobs/word/jmu2vnzqrgtkk151][]
[1789489200.526][2026-09-15 09:20:00][subbas-macbook-air.local][4306][SQLite][debug][9][Fetching SQLite Object: unbase/index/snapshots/jobs/word/jmu2vnzsch1em1kl][]
[1789489200.526][2026-09-15 09:20:00][subbas-macbook-air.local][4306][SQLite][debug][9][Cached JSON fetch complete: unbase/index/snapshots/type/word/server][]
[1789489200.526][2026-09-15 09:20:00][subbas-macbook-air.local][4306][SQLite][debug][9][Cached JSON fetch complete: unbase/index/snapshots/source/word/job][]
[1789489200.526][2026-09-15 09:20:00][subbas-macbook-air.local][4306][SQLite][debug][9][Cached JSON fetch complete: unbase/index/snapshots/server/word/smu2svkrvihxgeos][]
[1789489200.526][2026-09-15 09:20:00][subbas-macbook-air.local][4306][SQLite][debug][9][Cached JSON fetch complete: unbase/index/snapshots/groups/word/main][]
[1789489200.526][2026-09-15 09:20:00][subbas-macbook-air.local][4306][SQLite][debug][9][Cached JSON fetch complete: unbase/index/snapshots/date/summary][]
[1789489200.526][2026-09-15 09:20:00][subbas-macbook-air.local][4306][SQLite][debug][9][Cached JSON fetch complete: unbase/index/snapshots/date/word/497080][]
[1789489200.526][2026-09-15 09:20:00][subbas-macbook-air.local][4306][SQLite][debug][9][Cached JSON fetch complete: unbase/index/snapshots/date/word/h497000][]
[1789489200.526][2026-09-15 09:20:00][subbas-macbook-air.local][4306][SQLite][debug][9][Cached JSON fetch complete: unbase/index/snapshots/date/word/t497000][]
[1789489200.527][2026-09-15 09:20:00][subbas-macbook-air.local][4306][SQLite][debug][9][Cached JSON fetch complete: unbase/index/snapshots/type/word/server/data][]
[1789489200.527][2026-09-15 09:20:00][subbas-macbook-air.local][4306][SQLite][debug][9][Cached JSON fetch complete: unbase/index/snapshots/source/word/job/data][]
[1789489200.527][2026-09-15 09:20:00][subbas-macbook-air.local][4306][SQLite][debug][9][Cached JSON fetch complete: unbase/index/snapshots/server/word/smu2svkrvihxgeos/data][]
[1789489200.527][2026-09-15 09:20:00][subbas-macbook-air.local][4306][SQLite][debug][9][Cached JSON fetch complete: unbase/index/snapshots/groups/word/main/data][]
[1789489200.527][2026-09-15 09:20:00][subbas-macbook-air.local][4306][SQLite][debug][9][Cached JSON fetch complete: unbase/index/snapshots/date/word/497080/data][]
[1789489200.527][2026-09-15 09:20:00][subbas-macbook-air.local][4306][SQLite][debug][9][Cached JSON fetch complete: unbase/index/snapshots/date/word/h497000/data][]
[1789489200.527][2026-09-15 09:20:00][subbas-macbook-air.local][4306][SQLite][debug][9][Cached JSON fetch complete: unbase/index/snapshots/date/word/t497000/data][]
[1789489200.529][2026-09-15 09:20:00][subbas-macbook-air.local][4306][SQLite][debug][5][Beginning transaction commit: 326][{"path":"unbase/index/snapshots","actions":22}]
[1789489200.53][2026-09-15 09:20:00][subbas-macbook-air.local][4306][SQLite][debug][5][Transaction commit complete: 326][{"path":"unbase/index/snapshots"}]
[1789489200.53][2026-09-15 09:20:00][subbas-macbook-air.local][4306][SQLite][debug][9][Storing SQLite JSON Object: unbase/records/jobs/jmu2vnzsch1em1kl][]
[1789489200.53][2026-09-15 09:20:00][subbas-macbook-air.local][4306][SQLite][debug][9][Store complete: unbase/records/jobs/jmu2vnzsch1em1kl][]
[1789489200.53][2026-09-15 09:20:00][subbas-macbook-air.local][4306][SQLite][debug][9][Fetching SQLite Object: unbase/index/jobs/_data/jmu2vnzsch1em1kl][]
[1789489200.532][2026-09-15 09:20:00][subbas-macbook-air.local][4306][SQLite][debug][9][Cached JSON fetch complete: unbase/index/jobs/_id][]
[1789489200.532][2026-09-15 09:20:00][subbas-macbook-air.local][4306][SQLite][debug][9][Cached JSON fetch complete: unbase/index/jobs/_id/data][]
[1789489200.534][2026-09-15 09:20:00][subbas-macbook-air.local][4306][SQLite][debug][9][Cached JSON fetch complete: unbase/index/jobs/code/word/1][]
[1789489200.534][2026-09-15 09:20:00][subbas-macbook-air.local][4306][SQLite][debug][9][Cached JSON fetch complete: unbase/index/jobs/date/summary][]
[1789489200.534][2026-09-15 09:20:00][subbas-macbook-air.local][4306][SQLite][debug][9][Cached JSON fetch complete: unbase/index/jobs/date/word/497080][]
[1789489200.534][2026-09-15 09:20:00][subbas-macbook-air.local][4306][SQLite][debug][9][Cached JSON fetch complete: unbase/index/jobs/date/word/h497000][]
[1789489200.534][2026-09-15 09:20:00][subbas-macbook-air.local][4306][SQLite][debug][9][Cached JSON fetch complete: unbase/index/jobs/date/word/t497000][]
[1789489200.534][2026-09-15 09:20:00][subbas-macbook-air.local][4306][SQLite][debug][9][Cached JSON fetch complete: unbase/index/jobs/source/word/scheduler][]
[1789489200.534][2026-09-15 09:20:00][subbas-macbook-air.local][4306][SQLite][debug][9][Cached JSON fetch complete: unbase/index/jobs/tags/word/_error][]
[1789489200.534][2026-09-15 09:20:00][subbas-macbook-air.local][4306][SQLite][debug][9][Cached JSON fetch complete: unbase/index/jobs/tags/word/_last][]
[1789489200.534][2026-09-15 09:20:00][subbas-macbook-air.local][4306][SQLite][debug][9][Cached JSON fetch complete: unbase/index/jobs/event/word/emu2t3vr62wcc00v][]
[1789489200.534][2026-09-15 09:20:00][subbas-macbook-air.local][4306][SQLite][debug][9][Cached JSON fetch complete: unbase/index/jobs/category/word/general][]
[1789489200.534][2026-09-15 09:20:00][subbas-macbook-air.local][4306][SQLite][debug][9][Cached JSON fetch complete: unbase/index/jobs/plugin/word/shellplug][]
[1789489200.534][2026-09-15 09:20:00][subbas-macbook-air.local][4306][SQLite][debug][9][Cached JSON fetch complete: unbase/index/jobs/server/word/smu2svkrvihxgeos][]
[1789489200.534][2026-09-15 09:20:00][subbas-macbook-air.local][4306][SQLite][debug][9][Cached JSON fetch complete: unbase/index/jobs/groups/word/main][]
[1789489200.534][2026-09-15 09:20:00][subbas-macbook-air.local][4306][SQLite][debug][9][Cached JSON fetch complete: unbase/index/jobs/code/word/1/data][]
[1789489200.534][2026-09-15 09:20:00][subbas-macbook-air.local][4306][SQLite][debug][9][Cached JSON fetch complete: unbase/index/jobs/date/word/497080/data][]
[1789489200.534][2026-09-15 09:20:00][subbas-macbook-air.local][4306][SQLite][debug][9][Cached JSON fetch complete: unbase/index/jobs/date/word/h497000/data][]
[1789489200.534][2026-09-15 09:20:00][subbas-macbook-air.local][4306][SQLite][debug][9][Cached JSON fetch complete: unbase/index/jobs/date/word/t497000/data][]
[1789489200.534][2026-09-15 09:20:00][subbas-macbook-air.local][4306][SQLite][debug][9][Cached JSON fetch complete: unbase/index/jobs/source/word/scheduler/data][]
[1789489200.534][2026-09-15 09:20:00][subbas-macbook-air.local][4306][SQLite][debug][9][Cached JSON fetch complete: unbase/index/jobs/tags/word/_error/data][]
[1789489200.534][2026-09-15 09:20:00][subbas-macbook-air.local][4306][SQLite][debug][9][Cached JSON fetch complete: unbase/index/jobs/tags/word/_last/data][]
[1789489200.534][2026-09-15 09:20:00][subbas-macbook-air.local][4306][SQLite][debug][9][Cached JSON fetch complete: unbase/index/jobs/event/word/emu2t3vr62wcc00v/data][]
[1789489200.534][2026-09-15 09:20:00][subbas-macbook-air.local][4306][SQLite][debug][9][Cached JSON fetch complete: unbase/index/jobs/category/word/general/data][]
[1789489200.534][2026-09-15 09:20:00][subbas-macbook-air.local][4306][SQLite][debug][9][Cached JSON fetch complete: unbase/index/jobs/plugin/word/shellplug/data][]
[1789489200.535][2026-09-15 09:20:00][subbas-macbook-air.local][4306][SQLite][debug][9][Cached JSON fetch complete: unbase/index/jobs/server/word/smu2svkrvihxgeos/data][]
[1789489200.535][2026-09-15 09:20:00][subbas-macbook-air.local][4306][SQLite][debug][9][Cached JSON fetch complete: unbase/index/jobs/groups/word/main/data][]
[1789489200.536][2026-09-15 09:20:00][subbas-macbook-air.local][4306][SQLite][debug][9][Cached JSON fetch complete: unbase/index/jobs/completed/sort][]
[1789489200.537][2026-09-15 09:20:00][subbas-macbook-air.local][4306][SQLite][debug][9][Cached JSON fetch complete: unbase/index/jobs/elapsed/sort][]
[1789489200.537][2026-09-15 09:20:00][subbas-macbook-air.local][4306][SQLite][debug][9][Cached JSON fetch complete: unbase/index/jobs/completed/sort/data][]
[1789489200.537][2026-09-15 09:20:00][subbas-macbook-air.local][4306][SQLite][debug][9][Cached JSON fetch complete: unbase/index/jobs/elapsed/sort/data][]
[1789489200.537][2026-09-15 09:20:00][subbas-macbook-air.local][4306][SQLite][debug][5][Beginning transaction commit: 327][{"path":"unbase/index/jobs","actions":32}]
[1789489200.537][2026-09-15 09:20:00][subbas-macbook-air.local][4306][SQLite][debug][5][Transaction commit complete: 327][{"path":"unbase/index/jobs"}]
[1789489201.008][2026-09-15 09:20:01][subbas-macbook-air.local][4306][SQLite][debug][9][Storing SQLite JSON Object: global/state][]
[1789489201.01][2026-09-15 09:20:01][subbas-macbook-air.local][4306][SQLite][debug][9][Store complete: global/state][]
[1789489203.43][2026-09-15 09:20:03][subbas-macbook-air.local][4306][SQLite][debug][9][Storing SQLite JSON Object: unbase/records/jobs/jmu2vnzqrgtkk151][]
[1789489203.43][2026-09-15 09:20:03][subbas-macbook-air.local][4306][SQLite][debug][9][Store complete: unbase/records/jobs/jmu2vnzqrgtkk151][]
[1789489203.431][2026-09-15 09:20:03][subbas-macbook-air.local][4306][SQLite][debug][9][Fetching SQLite Object: unbase/index/jobs/_data/jmu2vnzqrgtkk151][]
[1789489203.432][2026-09-15 09:20:03][subbas-macbook-air.local][4306][SQLite][debug][9][Cached JSON fetch complete: unbase/index/jobs/_id][]
[1789489203.432][2026-09-15 09:20:03][subbas-macbook-air.local][4306][SQLite][debug][9][Cached JSON fetch complete: unbase/index/jobs/_id/data][]
[1789489203.434][2026-09-15 09:20:03][subbas-macbook-air.local][4306][SQLite][debug][9][Cached JSON fetch complete: unbase/index/jobs/code/word/0][]
[1789489203.434][2026-09-15 09:20:03][subbas-macbook-air.local][4306][SQLite][debug][9][Cached JSON fetch complete: unbase/index/jobs/date/summary][]
[1789489203.434][2026-09-15 09:20:03][subbas-macbook-air.local][4306][SQLite][debug][9][Cached JSON fetch complete: unbase/index/jobs/date/word/497080][]
[1789489203.434][2026-09-15 09:20:03][subbas-macbook-air.local][4306][SQLite][debug][9][Cached JSON fetch complete: unbase/index/jobs/date/word/h497000][]
[1789489203.434][2026-09-15 09:20:03][subbas-macbook-air.local][4306][SQLite][debug][9][Cached JSON fetch complete: unbase/index/jobs/date/word/t497000][]
[1789489203.434][2026-09-15 09:20:03][subbas-macbook-air.local][4306][SQLite][debug][9][Cached JSON fetch complete: unbase/index/jobs/source/word/scheduler][]
[1789489203.434][2026-09-15 09:20:03][subbas-macbook-air.local][4306][SQLite][debug][9][Cached JSON fetch complete: unbase/index/jobs/tags/word/_success][]
[1789489203.434][2026-09-15 09:20:03][subbas-macbook-air.local][4306][SQLite][debug][9][Cached JSON fetch complete: unbase/index/jobs/tags/word/_last][]
[1789489203.434][2026-09-15 09:20:03][subbas-macbook-air.local][4306][SQLite][debug][9][Cached JSON fetch complete: unbase/index/jobs/event/word/emu2sckyhuzou1hh][]
[1789489203.434][2026-09-15 09:20:03][subbas-macbook-air.local][4306][SQLite][debug][9][Cached JSON fetch complete: unbase/index/jobs/category/word/general][]
[1789489203.434][2026-09-15 09:20:03][subbas-macbook-air.local][4306][SQLite][debug][9][Cached JSON fetch complete: unbase/index/jobs/plugin/word/shellplug][]
[1789489203.434][2026-09-15 09:20:03][subbas-macbook-air.local][4306][SQLite][debug][9][Cached JSON fetch complete: unbase/index/jobs/server/word/smu2svkrvihxgeos][]
[1789489203.434][2026-09-15 09:20:03][subbas-macbook-air.local][4306][SQLite][debug][9][Cached JSON fetch complete: unbase/index/jobs/groups/word/main][]
[1789489203.434][2026-09-15 09:20:03][subbas-macbook-air.local][4306][SQLite][debug][9][Cached JSON fetch complete: unbase/index/jobs/code/word/0/data][]
[1789489203.434][2026-09-15 09:20:03][subbas-macbook-air.local][4306][SQLite][debug][9][Cached JSON fetch complete: unbase/index/jobs/date/word/497080/data][]
[1789489203.434][2026-09-15 09:20:03][subbas-macbook-air.local][4306][SQLite][debug][9][Cached JSON fetch complete: unbase/index/jobs/date/word/h497000/data][]
[1789489203.434][2026-09-15 09:20:03][subbas-macbook-air.local][4306][SQLite][debug][9][Cached JSON fetch complete: unbase/index/jobs/date/word/t497000/data][]
[1789489203.434][2026-09-15 09:20:03][subbas-macbook-air.local][4306][SQLite][debug][9][Cached JSON fetch complete: unbase/index/jobs/source/word/scheduler/data][]
[1789489203.434][2026-09-15 09:20:03][subbas-macbook-air.local][4306][SQLite][debug][9][Cached JSON fetch complete: unbase/index/jobs/tags/word/_success/data][]
[1789489203.434][2026-09-15 09:20:03][subbas-macbook-air.local][4306][SQLite][debug][9][Cached JSON fetch complete: unbase/index/jobs/tags/word/_last/data][]
[1789489203.434][2026-09-15 09:20:03][subbas-macbook-air.local][4306][SQLite][debug][9][Cached JSON fetch complete: unbase/index/jobs/event/word/emu2sckyhuzou1hh/data][]
[1789489203.434][2026-09-15 09:20:03][subbas-macbook-air.local][4306][SQLite][debug][9][Cached JSON fetch complete: unbase/index/jobs/category/word/general/data][]
[1789489203.435][2026-09-15 09:20:03][subbas-macbook-air.local][4306][SQLite][debug][9][Cached JSON fetch complete: unbase/index/jobs/plugin/word/shellplug/data][]
[1789489203.435][2026-09-15 09:20:03][subbas-macbook-air.local][4306][SQLite][debug][9][Cached JSON fetch complete: unbase/index/jobs/server/word/smu2svkrvihxgeos/data][]
[1789489203.435][2026-09-15 09:20:03][subbas-macbook-air.local][4306][SQLite][debug][9][Cached JSON fetch complete: unbase/index/jobs/groups/word/main/data][]
[1789489203.437][2026-09-15 09:20:03][subbas-macbook-air.local][4306][SQLite][debug][9][Cached JSON fetch complete: unbase/index/jobs/completed/sort][]
[1789489203.437][2026-09-15 09:20:03][subbas-macbook-air.local][4306][SQLite][debug][9][Cached JSON fetch complete: unbase/index/jobs/elapsed/sort][]
[1789489203.437][2026-09-15 09:20:03][subbas-macbook-air.local][4306][SQLite][debug][9][Cached JSON fetch complete: unbase/index/jobs/completed/sort/data][]
[1789489203.437][2026-09-15 09:20:03][subbas-macbook-air.local][4306][SQLite][debug][9][Cached JSON fetch complete: unbase/index/jobs/elapsed/sort/data][]
[1789489203.438][2026-09-15 09:20:03][subbas-macbook-air.local][4306][SQLite][debug][5][Beginning transaction commit: 328][{"path":"unbase/index/jobs","actions":32}]
[1789489203.439][2026-09-15 09:20:03][subbas-macbook-air.local][4306][SQLite][debug][5][Transaction commit complete: 328][{"path":"unbase/index/jobs"}]
[1789489203.518][2026-09-15 09:20:03][subbas-macbook-air.local][4306][SQLite][debug][9][Cached JSON fetch complete: hosts/smu2svkrvihxgeos/data][]
[1789489203.518][2026-09-15 09:20:03][subbas-macbook-air.local][4306][SQLite][debug][9][Cached JSON fetch complete: timeline/smu2svkrvihxgeos/hourly][]
[1789489203.519][2026-09-15 09:20:03][subbas-macbook-air.local][4306][SQLite][debug][9][Cached JSON fetch complete: timeline/smu2svkrvihxgeos/hourly][]
[1789489203.519][2026-09-15 09:20:03][subbas-macbook-air.local][4306][SQLite][debug][9][Cached JSON fetch complete: timeline/smu2svkrvihxgeos/hourly/0][]
[1789489203.519][2026-09-15 09:20:03][subbas-macbook-air.local][4306][SQLite][debug][9][Cached JSON fetch complete: timeline/smu2svkrvihxgeos/hourly][]
[1789489203.519][2026-09-15 09:20:03][subbas-macbook-air.local][4306][SQLite][debug][9][Cached JSON fetch complete: timeline/smu2svkrvihxgeos/hourly/0][]
[1789489203.519][2026-09-15 09:20:03][subbas-macbook-air.local][4306][SQLite][debug][5][Beginning transaction commit: 329][{"path":"timeline/smu2svkrvihxgeos/hourly","actions":2}]
[1789489203.52][2026-09-15 09:20:03][subbas-macbook-air.local][4306][SQLite][debug][5][Transaction commit complete: 329][{"path":"timeline/smu2svkrvihxgeos/hourly"}]
[1789489203.521][2026-09-15 09:20:03][subbas-macbook-air.local][4306][SQLite][debug][9][Cached JSON fetch complete: timeline/smu2svkrvihxgeos/daily][]
[1789489203.521][2026-09-15 09:20:03][subbas-macbook-air.local][4306][SQLite][debug][9][Cached JSON fetch complete: timeline/smu2svkrvihxgeos/daily][]
[1789489203.521][2026-09-15 09:20:03][subbas-macbook-air.local][4306][SQLite][debug][9][Cached JSON fetch complete: timeline/smu2svkrvihxgeos/daily/0][]
[1789489203.521][2026-09-15 09:20:03][subbas-macbook-air.local][4306][SQLite][debug][9][Cached JSON fetch complete: timeline/smu2svkrvihxgeos/daily][]
[1789489203.521][2026-09-15 09:20:03][subbas-macbook-air.local][4306][SQLite][debug][9][Cached JSON fetch complete: timeline/smu2svkrvihxgeos/daily/0][]
[1789489203.522][2026-09-15 09:20:03][subbas-macbook-air.local][4306][SQLite][debug][5][Beginning transaction commit: 330][{"path":"timeline/smu2svkrvihxgeos/daily","actions":2}]
[1789489203.522][2026-09-15 09:20:03][subbas-macbook-air.local][4306][SQLite][debug][5][Transaction commit complete: 330][{"path":"timeline/smu2svkrvihxgeos/daily"}]
[1789489203.522][2026-09-15 09:20:03][subbas-macbook-air.local][4306][SQLite][debug][9][Cached JSON fetch complete: timeline/smu2svkrvihxgeos/monthly][]
[1789489203.522][2026-09-15 09:20:03][subbas-macbook-air.local][4306][SQLite][debug][9][Cached JSON fetch complete: timeline/smu2svkrvihxgeos/monthly][]
[1789489203.522][2026-09-15 09:20:03][subbas-macbook-air.local][4306][SQLite][debug][9][Cached JSON fetch complete: timeline/smu2svkrvihxgeos/monthly/0][]
[1789489203.523][2026-09-15 09:20:03][subbas-macbook-air.local][4306][SQLite][debug][9][Cached JSON fetch complete: timeline/smu2svkrvihxgeos/monthly][]
[1789489203.523][2026-09-15 09:20:03][subbas-macbook-air.local][4306][SQLite][debug][9][Cached JSON fetch complete: timeline/smu2svkrvihxgeos/monthly/0][]
[1789489203.523][2026-09-15 09:20:03][subbas-macbook-air.local][4306][SQLite][debug][5][Beginning transaction commit: 331][{"path":"timeline/smu2svkrvihxgeos/monthly","actions":2}]
[1789489203.523][2026-09-15 09:20:03][subbas-macbook-air.local][4306][SQLite][debug][5][Transaction commit complete: 331][{"path":"timeline/smu2svkrvihxgeos/monthly"}]
[1789489203.523][2026-09-15 09:20:03][subbas-macbook-air.local][4306][SQLite][debug][9][Cached JSON fetch complete: timeline/smu2svkrvihxgeos/yearly][]
[1789489203.523][2026-09-15 09:20:03][subbas-macbook-air.local][4306][SQLite][debug][9][Cached JSON fetch complete: timeline/smu2svkrvihxgeos/yearly][]
[1789489203.523][2026-09-15 09:20:03][subbas-macbook-air.local][4306][SQLite][debug][9][Cached JSON fetch complete: timeline/smu2svkrvihxgeos/yearly/0][]
[1789489203.524][2026-09-15 09:20:03][subbas-macbook-air.local][4306][SQLite][debug][9][Cached JSON fetch complete: timeline/smu2svkrvihxgeos/yearly][]
[1789489203.524][2026-09-15 09:20:03][subbas-macbook-air.local][4306][SQLite][debug][9][Cached JSON fetch complete: timeline/smu2svkrvihxgeos/yearly/0][]
[1789489203.524][2026-09-15 09:20:03][subbas-macbook-air.local][4306][SQLite][debug][5][Beginning transaction commit: 332][{"path":"timeline/smu2svkrvihxgeos/yearly","actions":2}]
[1789489203.524][2026-09-15 09:20:03][subbas-macbook-air.local][4306][SQLite][debug][5][Transaction commit complete: 332][{"path":"timeline/smu2svkrvihxgeos/yearly"}]
[1789489203.525][2026-09-15 09:20:03][subbas-macbook-air.local][4306][SQLite][debug][9][Storing SQLite JSON Object: hosts/smu2svkrvihxgeos/data][]
[1789489203.527][2026-09-15 09:20:03][subbas-macbook-air.local][4306][SQLite][debug][9][Store complete: hosts/smu2svkrvihxgeos/data][]
[1789489204.016][2026-09-15 09:20:04][subbas-macbook-air.local][4306][SQLite][debug][9][Storing SQLite JSON Object: global/state][]
[1789489204.018][2026-09-15 09:20:04][subbas-macbook-air.local][4306][SQLite][debug][9][Store complete: global/state][]
[1789489263.641][2026-09-15 09:21:03][subbas-macbook-air.local][4306][SQLite][debug][9][Cached JSON fetch complete: hosts/smu2svkrvihxgeos/data][]
[1789489263.646][2026-09-15 09:21:03][subbas-macbook-air.local][4306][SQLite][debug][9][Cached JSON fetch complete: timeline/smu2svkrvihxgeos/hourly][]
[1789489263.647][2026-09-15 09:21:03][subbas-macbook-air.local][4306][SQLite][debug][9][Cached JSON fetch complete: timeline/smu2svkrvihxgeos/hourly][]
[1789489263.647][2026-09-15 09:21:03][subbas-macbook-air.local][4306][SQLite][debug][9][Cached JSON fetch complete: timeline/smu2svkrvihxgeos/hourly/0][]
[1789489263.648][2026-09-15 09:21:03][subbas-macbook-air.local][4306][SQLite][debug][9][Cached JSON fetch complete: timeline/smu2svkrvihxgeos/hourly][]
[1789489263.648][2026-09-15 09:21:03][subbas-macbook-air.local][4306][SQLite][debug][9][Cached JSON fetch complete: timeline/smu2svkrvihxgeos/hourly/0][]
[1789489263.65][2026-09-15 09:21:03][subbas-macbook-air.local][4306][SQLite][debug][5][Beginning transaction commit: 333][{"path":"timeline/smu2svkrvihxgeos/hourly","actions":2}]
[1789489263.652][2026-09-15 09:21:03][subbas-macbook-air.local][4306][SQLite][debug][5][Transaction commit complete: 333][{"path":"timeline/smu2svkrvihxgeos/hourly"}]
[1789489263.653][2026-09-15 09:21:03][subbas-macbook-air.local][4306][SQLite][debug][9][Cached JSON fetch complete: timeline/smu2svkrvihxgeos/daily][]
[1789489263.654][2026-09-15 09:21:03][subbas-macbook-air.local][4306][SQLite][debug][9][Cached JSON fetch complete: timeline/smu2svkrvihxgeos/daily][]
[1789489263.654][2026-09-15 09:21:03][subbas-macbook-air.local][4306][SQLite][debug][9][Cached JSON fetch complete: timeline/smu2svkrvihxgeos/daily/0][]
[1789489263.654][2026-09-15 09:21:03][subbas-macbook-air.local][4306][SQLite][debug][9][Cached JSON fetch complete: timeline/smu2svkrvihxgeos/daily][]
[1789489263.655][2026-09-15 09:21:03][subbas-macbook-air.local][4306][SQLite][debug][9][Cached JSON fetch complete: timeline/smu2svkrvihxgeos/daily/0][]
[1789489263.658][2026-09-15 09:21:03][subbas-macbook-air.local][4306][SQLite][debug][5][Beginning transaction commit: 334][{"path":"timeline/smu2svkrvihxgeos/daily","actions":2}]
[1789489263.658][2026-09-15 09:21:03][subbas-macbook-air.local][4306][SQLite][debug][5][Transaction commit complete: 334][{"path":"timeline/smu2svkrvihxgeos/daily"}]
[1789489263.659][2026-09-15 09:21:03][subbas-macbook-air.local][4306][SQLite][debug][9][Cached JSON fetch complete: timeline/smu2svkrvihxgeos/monthly][]
[1789489263.659][2026-09-15 09:21:03][subbas-macbook-air.local][4306][SQLite][debug][9][Cached JSON fetch complete: timeline/smu2svkrvihxgeos/monthly][]
[1789489263.659][2026-09-15 09:21:03][subbas-macbook-air.local][4306][SQLite][debug][9][Cached JSON fetch complete: timeline/smu2svkrvihxgeos/monthly/0][]
[1789489263.66][2026-09-15 09:21:03][subbas-macbook-air.local][4306][SQLite][debug][9][Cached JSON fetch complete: timeline/smu2svkrvihxgeos/monthly][]
[1789489263.66][2026-09-15 09:21:03][subbas-macbook-air.local][4306][SQLite][debug][9][Cached JSON fetch complete: timeline/smu2svkrvihxgeos/monthly/0][]
[1789489263.66][2026-09-15 09:21:03][subbas-macbook-air.local][4306][SQLite][debug][5][Beginning transaction commit: 335][{"path":"timeline/smu2svkrvihxgeos/monthly","actions":2}]
[1789489263.661][2026-09-15 09:21:03][subbas-macbook-air.local][4306][SQLite][debug][5][Transaction commit complete: 335][{"path":"timeline/smu2svkrvihxgeos/monthly"}]
[1789489263.661][2026-09-15 09:21:03][subbas-macbook-air.local][4306][SQLite][debug][9][Cached JSON fetch complete: timeline/smu2svkrvihxgeos/yearly][]
[1789489263.661][2026-09-15 09:21:03][subbas-macbook-air.local][4306][SQLite][debug][9][Cached JSON fetch complete: timeline/smu2svkrvihxgeos/yearly][]
[1789489263.661][2026-09-15 09:21:03][subbas-macbook-air.local][4306][SQLite][debug][9][Cached JSON fetch complete: timeline/smu2svkrvihxgeos/yearly/0][]
[1789489263.662][2026-09-15 09:21:03][subbas-macbook-air.local][4306][SQLite][debug][9][Cached JSON fetch complete: timeline/smu2svkrvihxgeos/yearly][]
[1789489263.663][2026-09-15 09:21:03][subbas-macbook-air.local][4306][SQLite][debug][9][Cached JSON fetch complete: timeline/smu2svkrvihxgeos/yearly/0][]
[1789489263.664][2026-09-15 09:21:03][subbas-macbook-air.local][4306][SQLite][debug][5][Beginning transaction commit: 336][{"path":"timeline/smu2svkrvihxgeos/yearly","actions":2}]
[1789489263.664][2026-09-15 09:21:03][subbas-macbook-air.local][4306][SQLite][debug][5][Transaction commit complete: 336][{"path":"timeline/smu2svkrvihxgeos/yearly"}]
[1789489263.666][2026-09-15 09:21:03][subbas-macbook-air.local][4306][SQLite][debug][9][Storing SQLite JSON Object: hosts/smu2svkrvihxgeos/data][]
[1789489263.669][2026-09-15 09:21:03][subbas-macbook-air.local][4306][SQLite][debug][9][Store complete: hosts/smu2svkrvihxgeos/data][]
[1789489323.498][2026-09-15 09:22:03][subbas-macbook-air.local][4306][SQLite][debug][9][Cached JSON fetch complete: hosts/smu2svkrvihxgeos/data][]
[1789489323.502][2026-09-15 09:22:03][subbas-macbook-air.local][4306][SQLite][debug][9][Cached JSON fetch complete: timeline/smu2svkrvihxgeos/hourly][]
[1789489323.504][2026-09-15 09:22:03][subbas-macbook-air.local][4306][SQLite][debug][9][Cached JSON fetch complete: timeline/smu2svkrvihxgeos/hourly][]
[1789489323.505][2026-09-15 09:22:03][subbas-macbook-air.local][4306][SQLite][debug][9][Cached JSON fetch complete: timeline/smu2svkrvihxgeos/hourly/0][]
[1789489323.506][2026-09-15 09:22:03][subbas-macbook-air.local][4306][SQLite][debug][9][Cached JSON fetch complete: timeline/smu2svkrvihxgeos/hourly][]
[1789489323.507][2026-09-15 09:22:03][subbas-macbook-air.local][4306][SQLite][debug][9][Cached JSON fetch complete: timeline/smu2svkrvihxgeos/hourly/0][]
[1789489323.51][2026-09-15 09:22:03][subbas-macbook-air.local][4306][SQLite][debug][5][Beginning transaction commit: 337][{"path":"timeline/smu2svkrvihxgeos/hourly","actions":2}]
[1789489323.512][2026-09-15 09:22:03][subbas-macbook-air.local][4306][SQLite][debug][5][Transaction commit complete: 337][{"path":"timeline/smu2svkrvihxgeos/hourly"}]
[1789489323.512][2026-09-15 09:22:03][subbas-macbook-air.local][4306][SQLite][debug][9][Cached JSON fetch complete: timeline/smu2svkrvihxgeos/daily][]
[1789489323.513][2026-09-15 09:22:03][subbas-macbook-air.local][4306][SQLite][debug][9][Cached JSON fetch complete: timeline/smu2svkrvihxgeos/daily][]
[1789489323.513][2026-09-15 09:22:03][subbas-macbook-air.local][4306][SQLite][debug][9][Cached JSON fetch complete: timeline/smu2svkrvihxgeos/daily/0][]
[1789489323.513][2026-09-15 09:22:03][subbas-macbook-air.local][4306][SQLite][debug][9][Cached JSON fetch complete: timeline/smu2svkrvihxgeos/daily][]
[1789489323.513][2026-09-15 09:22:03][subbas-macbook-air.local][4306][SQLite][debug][9][Cached JSON fetch complete: timeline/smu2svkrvihxgeos/daily/0][]
[1789489323.514][2026-09-15 09:22:03][subbas-macbook-air.local][4306][SQLite][debug][5][Beginning transaction commit: 338][{"path":"timeline/smu2svkrvihxgeos/daily","actions":2}]
[1789489323.515][2026-09-15 09:22:03][subbas-macbook-air.local][4306][SQLite][debug][5][Transaction commit complete: 338][{"path":"timeline/smu2svkrvihxgeos/daily"}]
[1789489323.515][2026-09-15 09:22:03][subbas-macbook-air.local][4306][SQLite][debug][9][Cached JSON fetch complete: timeline/smu2svkrvihxgeos/monthly][]
[1789489323.515][2026-09-15 09:22:03][subbas-macbook-air.local][4306][SQLite][debug][9][Cached JSON fetch complete: timeline/smu2svkrvihxgeos/monthly][]
[1789489323.515][2026-09-15 09:22:03][subbas-macbook-air.local][4306][SQLite][debug][9][Cached JSON fetch complete: timeline/smu2svkrvihxgeos/monthly/0][]
[1789489323.516][2026-09-15 09:22:03][subbas-macbook-air.local][4306][SQLite][debug][9][Cached JSON fetch complete: timeline/smu2svkrvihxgeos/monthly][]
[1789489323.516][2026-09-15 09:22:03][subbas-macbook-air.local][4306][SQLite][debug][9][Cached JSON fetch complete: timeline/smu2svkrvihxgeos/monthly/0][]
[1789489323.517][2026-09-15 09:22:03][subbas-macbook-air.local][4306][SQLite][debug][5][Beginning transaction commit: 339][{"path":"timeline/smu2svkrvihxgeos/monthly","actions":2}]
[1789489323.517][2026-09-15 09:22:03][subbas-macbook-air.local][4306][SQLite][debug][5][Transaction commit complete: 339][{"path":"timeline/smu2svkrvihxgeos/monthly"}]
[1789489323.518][2026-09-15 09:22:03][subbas-macbook-air.local][4306][SQLite][debug][9][Cached JSON fetch complete: timeline/smu2svkrvihxgeos/yearly][]
[1789489323.518][2026-09-15 09:22:03][subbas-macbook-air.local][4306][SQLite][debug][9][Cached JSON fetch complete: timeline/smu2svkrvihxgeos/yearly][]
[1789489323.518][2026-09-15 09:22:03][subbas-macbook-air.local][4306][SQLite][debug][9][Cached JSON fetch complete: timeline/smu2svkrvihxgeos/yearly/0][]
[1789489323.518][2026-09-15 09:22:03][subbas-macbook-air.local][4306][SQLite][debug][9][Cached JSON fetch complete: timeline/smu2svkrvihxgeos/yearly][]
[1789489323.519][2026-09-15 09:22:03][subbas-macbook-air.local][4306][SQLite][debug][9][Cached JSON fetch complete: timeline/smu2svkrvihxgeos/yearly/0][]
[1789489323.519][2026-09-15 09:22:03][subbas-macbook-air.local][4306][SQLite][debug][5][Beginning transaction commit: 340][{"path":"timeline/smu2svkrvihxgeos/yearly","actions":2}]
[1789489323.519][2026-09-15 09:22:03][subbas-macbook-air.local][4306][SQLite][debug][5][Transaction commit complete: 340][{"path":"timeline/smu2svkrvihxgeos/yearly"}]
[1789489323.521][2026-09-15 09:22:03][subbas-macbook-air.local][4306][SQLite][debug][9][Storing SQLite JSON Object: hosts/smu2svkrvihxgeos/data][]
[1789489323.525][2026-09-15 09:22:03][subbas-macbook-air.local][4306][SQLite][debug][9][Store complete: hosts/smu2svkrvihxgeos/data][]
[1789489383.524][2026-09-15 09:23:03][subbas-macbook-air.local][4306][SQLite][debug][9][Cached JSON fetch complete: hosts/smu2svkrvihxgeos/data][]
[1789489383.527][2026-09-15 09:23:03][subbas-macbook-air.local][4306][SQLite][debug][9][Cached JSON fetch complete: timeline/smu2svkrvihxgeos/hourly][]
[1789489383.528][2026-09-15 09:23:03][subbas-macbook-air.local][4306][SQLite][debug][9][Cached JSON fetch complete: timeline/smu2svkrvihxgeos/hourly][]
[1789489383.53][2026-09-15 09:23:03][subbas-macbook-air.local][4306][SQLite][debug][9][Cached JSON fetch complete: timeline/smu2svkrvihxgeos/hourly/0][]
[1789489383.531][2026-09-15 09:23:03][subbas-macbook-air.local][4306][SQLite][debug][9][Cached JSON fetch complete: timeline/smu2svkrvihxgeos/hourly][]
[1789489383.531][2026-09-15 09:23:03][subbas-macbook-air.local][4306][SQLite][debug][9][Cached JSON fetch complete: timeline/smu2svkrvihxgeos/hourly/0][]
[1789489383.532][2026-09-15 09:23:03][subbas-macbook-air.local][4306][SQLite][debug][5][Beginning transaction commit: 341][{"path":"timeline/smu2svkrvihxgeos/hourly","actions":2}]
[1789489383.534][2026-09-15 09:23:03][subbas-macbook-air.local][4306][SQLite][debug][5][Transaction commit complete: 341][{"path":"timeline/smu2svkrvihxgeos/hourly"}]
[1789489383.535][2026-09-15 09:23:03][subbas-macbook-air.local][4306][SQLite][debug][9][Cached JSON fetch complete: timeline/smu2svkrvihxgeos/daily][]
[1789489383.535][2026-09-15 09:23:03][subbas-macbook-air.local][4306][SQLite][debug][9][Cached JSON fetch complete: timeline/smu2svkrvihxgeos/daily][]
[1789489383.535][2026-09-15 09:23:03][subbas-macbook-air.local][4306][SQLite][debug][9][Cached JSON fetch complete: timeline/smu2svkrvihxgeos/daily/0][]
[1789489383.536][2026-09-15 09:23:03][subbas-macbook-air.local][4306][SQLite][debug][9][Cached JSON fetch complete: timeline/smu2svkrvihxgeos/daily][]
[1789489383.536][2026-09-15 09:23:03][subbas-macbook-air.local][4306][SQLite][debug][9][Cached JSON fetch complete: timeline/smu2svkrvihxgeos/daily/0][]
[1789489383.536][2026-09-15 09:23:03][subbas-macbook-air.local][4306][SQLite][debug][5][Beginning transaction commit: 342][{"path":"timeline/smu2svkrvihxgeos/daily","actions":2}]
[1789489383.537][2026-09-15 09:23:03][subbas-macbook-air.local][4306][SQLite][debug][5][Transaction commit complete: 342][{"path":"timeline/smu2svkrvihxgeos/daily"}]
[1789489383.537][2026-09-15 09:23:03][subbas-macbook-air.local][4306][SQLite][debug][9][Cached JSON fetch complete: timeline/smu2svkrvihxgeos/monthly][]
[1789489383.538][2026-09-15 09:23:03][subbas-macbook-air.local][4306][SQLite][debug][9][Cached JSON fetch complete: timeline/smu2svkrvihxgeos/monthly][]
[1789489383.538][2026-09-15 09:23:03][subbas-macbook-air.local][4306][SQLite][debug][9][Cached JSON fetch complete: timeline/smu2svkrvihxgeos/monthly/0][]
[1789489383.538][2026-09-15 09:23:03][subbas-macbook-air.local][4306][SQLite][debug][9][Cached JSON fetch complete: timeline/smu2svkrvihxgeos/monthly][]
[1789489383.538][2026-09-15 09:23:03][subbas-macbook-air.local][4306][SQLite][debug][9][Cached JSON fetch complete: timeline/smu2svkrvihxgeos/monthly/0][]
[1789489383.54][2026-09-15 09:23:03][subbas-macbook-air.local][4306][SQLite][debug][5][Beginning transaction commit: 343][{"path":"timeline/smu2svkrvihxgeos/monthly","actions":2}]
[1789489383.54][2026-09-15 09:23:03][subbas-macbook-air.local][4306][SQLite][debug][5][Transaction commit complete: 343][{"path":"timeline/smu2svkrvihxgeos/monthly"}]
[1789489383.54][2026-09-15 09:23:03][subbas-macbook-air.local][4306][SQLite][debug][9][Cached JSON fetch complete: timeline/smu2svkrvihxgeos/yearly][]
[1789489383.54][2026-09-15 09:23:03][subbas-macbook-air.local][4306][SQLite][debug][9][Cached JSON fetch complete: timeline/smu2svkrvihxgeos/yearly][]
[1789489383.541][2026-09-15 09:23:03][subbas-macbook-air.local][4306][SQLite][debug][9][Cached JSON fetch complete: timeline/smu2svkrvihxgeos/yearly/0][]
[1789489383.541][2026-09-15 09:23:03][subbas-macbook-air.local][4306][SQLite][debug][9][Cached JSON fetch complete: timeline/smu2svkrvihxgeos/yearly][]
[1789489383.541][2026-09-15 09:23:03][subbas-macbook-air.local][4306][SQLite][debug][9][Cached JSON fetch complete: timeline/smu2svkrvihxgeos/yearly/0][]
[1789489383.542][2026-09-15 09:23:03][subbas-macbook-air.local][4306][SQLite][debug][5][Beginning transaction commit: 344][{"path":"timeline/smu2svkrvihxgeos/yearly","actions":2}]
[1789489383.542][2026-09-15 09:23:03][subbas-macbook-air.local][4306][SQLite][debug][5][Transaction commit complete: 344][{"path":"timeline/smu2svkrvihxgeos/yearly"}]
[1789489383.543][2026-09-15 09:23:03][subbas-macbook-air.local][4306][SQLite][debug][9][Storing SQLite JSON Object: hosts/smu2svkrvihxgeos/data][]
[1789489383.546][2026-09-15 09:23:03][subbas-macbook-air.local][4306][SQLite][debug][9][Store complete: hosts/smu2svkrvihxgeos/data][]
[1789489443.581][2026-09-15 09:24:03][subbas-macbook-air.local][4306][SQLite][debug][9][Cached JSON fetch complete: hosts/smu2svkrvihxgeos/data][]
[1789489443.584][2026-09-15 09:24:03][subbas-macbook-air.local][4306][SQLite][debug][9][Cached JSON fetch complete: timeline/smu2svkrvihxgeos/hourly][]
[1789489443.584][2026-09-15 09:24:03][subbas-macbook-air.local][4306][SQLite][debug][9][Cached JSON fetch complete: timeline/smu2svkrvihxgeos/hourly][]
[1789489443.585][2026-09-15 09:24:03][subbas-macbook-air.local][4306][SQLite][debug][9][Cached JSON fetch complete: timeline/smu2svkrvihxgeos/hourly/0][]
[1789489443.587][2026-09-15 09:24:03][subbas-macbook-air.local][4306][SQLite][debug][9][Cached JSON fetch complete: timeline/smu2svkrvihxgeos/hourly][]
[1789489443.588][2026-09-15 09:24:03][subbas-macbook-air.local][4306][SQLite][debug][9][Cached JSON fetch complete: timeline/smu2svkrvihxgeos/hourly/0][]
[1789489443.591][2026-09-15 09:24:03][subbas-macbook-air.local][4306][SQLite][debug][5][Beginning transaction commit: 345][{"path":"timeline/smu2svkrvihxgeos/hourly","actions":2}]
[1789489443.593][2026-09-15 09:24:03][subbas-macbook-air.local][4306][SQLite][debug][5][Transaction commit complete: 345][{"path":"timeline/smu2svkrvihxgeos/hourly"}]
[1789489443.594][2026-09-15 09:24:03][subbas-macbook-air.local][4306][SQLite][debug][9][Cached JSON fetch complete: timeline/smu2svkrvihxgeos/daily][]
[1789489443.594][2026-09-15 09:24:03][subbas-macbook-air.local][4306][SQLite][debug][9][Cached JSON fetch complete: timeline/smu2svkrvihxgeos/daily][]
[1789489443.594][2026-09-15 09:24:03][subbas-macbook-air.local][4306][SQLite][debug][9][Cached JSON fetch complete: timeline/smu2svkrvihxgeos/daily/0][]
[1789489443.595][2026-09-15 09:24:03][subbas-macbook-air.local][4306][SQLite][debug][9][Cached JSON fetch complete: timeline/smu2svkrvihxgeos/daily][]
[1789489443.595][2026-09-15 09:24:03][subbas-macbook-air.local][4306][SQLite][debug][9][Cached JSON fetch complete: timeline/smu2svkrvihxgeos/daily/0][]
[1789489443.597][2026-09-15 09:24:03][subbas-macbook-air.local][4306][SQLite][debug][5][Beginning transaction commit: 346][{"path":"timeline/smu2svkrvihxgeos/daily","actions":2}]
[1789489443.597][2026-09-15 09:24:03][subbas-macbook-air.local][4306][SQLite][debug][5][Transaction commit complete: 346][{"path":"timeline/smu2svkrvihxgeos/daily"}]
[1789489443.598][2026-09-15 09:24:03][subbas-macbook-air.local][4306][SQLite][debug][9][Cached JSON fetch complete: timeline/smu2svkrvihxgeos/monthly][]
[1789489443.598][2026-09-15 09:24:03][subbas-macbook-air.local][4306][SQLite][debug][9][Cached JSON fetch complete: timeline/smu2svkrvihxgeos/monthly][]
[1789489443.598][2026-09-15 09:24:03][subbas-macbook-air.local][4306][SQLite][debug][9][Cached JSON fetch complete: timeline/smu2svkrvihxgeos/monthly/0][]
[1789489443.599][2026-09-15 09:24:03][subbas-macbook-air.local][4306][SQLite][debug][9][Cached JSON fetch complete: timeline/smu2svkrvihxgeos/monthly][]
[1789489443.599][2026-09-15 09:24:03][subbas-macbook-air.local][4306][SQLite][debug][9][Cached JSON fetch complete: timeline/smu2svkrvihxgeos/monthly/0][]
[1789489443.602][2026-09-15 09:24:03][subbas-macbook-air.local][4306][SQLite][debug][5][Beginning transaction commit: 347][{"path":"timeline/smu2svkrvihxgeos/monthly","actions":2}]
[1789489443.602][2026-09-15 09:24:03][subbas-macbook-air.local][4306][SQLite][debug][5][Transaction commit complete: 347][{"path":"timeline/smu2svkrvihxgeos/monthly"}]
[1789489443.602][2026-09-15 09:24:03][subbas-macbook-air.local][4306][SQLite][debug][9][Cached JSON fetch complete: timeline/smu2svkrvihxgeos/yearly][]
[1789489443.602][2026-09-15 09:24:03][subbas-macbook-air.local][4306][SQLite][debug][9][Cached JSON fetch complete: timeline/smu2svkrvihxgeos/yearly][]
[1789489443.603][2026-09-15 09:24:03][subbas-macbook-air.local][4306][SQLite][debug][9][Cached JSON fetch complete: timeline/smu2svkrvihxgeos/yearly/0][]
[1789489443.603][2026-09-15 09:24:03][subbas-macbook-air.local][4306][SQLite][debug][9][Cached JSON fetch complete: timeline/smu2svkrvihxgeos/yearly][]
[1789489443.603][2026-09-15 09:24:03][subbas-macbook-air.local][4306][SQLite][debug][9][Cached JSON fetch complete: timeline/smu2svkrvihxgeos/yearly/0][]
[1789489443.603][2026-09-15 09:24:03][subbas-macbook-air.local][4306][SQLite][debug][5][Beginning transaction commit: 348][{"path":"timeline/smu2svkrvihxgeos/yearly","actions":2}]
[1789489443.604][2026-09-15 09:24:03][subbas-macbook-air.local][4306][SQLite][debug][5][Transaction commit complete: 348][{"path":"timeline/smu2svkrvihxgeos/yearly"}]
[1789489443.605][2026-09-15 09:24:03][subbas-macbook-air.local][4306][SQLite][debug][9][Storing SQLite JSON Object: hosts/smu2svkrvihxgeos/data][]
[1789489443.607][2026-09-15 09:24:03][subbas-macbook-air.local][4306][SQLite][debug][9][Store complete: hosts/smu2svkrvihxgeos/data][]
[1789489503.517][2026-09-15 09:25:03][subbas-macbook-air.local][4306][SQLite][debug][9][Cached JSON fetch complete: hosts/smu2svkrvihxgeos/data][]
[1789489503.52][2026-09-15 09:25:03][subbas-macbook-air.local][4306][SQLite][debug][9][Cached JSON fetch complete: timeline/smu2svkrvihxgeos/hourly][]
[1789489503.52][2026-09-15 09:25:03][subbas-macbook-air.local][4306][SQLite][debug][9][Cached JSON fetch complete: timeline/smu2svkrvihxgeos/hourly][]
[1789489503.52][2026-09-15 09:25:03][subbas-macbook-air.local][4306][SQLite][debug][9][Cached JSON fetch complete: timeline/smu2svkrvihxgeos/hourly/0][]
[1789489503.524][2026-09-15 09:25:03][subbas-macbook-air.local][4306][SQLite][debug][9][Cached JSON fetch complete: timeline/smu2svkrvihxgeos/hourly][]
[1789489503.524][2026-09-15 09:25:03][subbas-macbook-air.local][4306][SQLite][debug][9][Cached JSON fetch complete: timeline/smu2svkrvihxgeos/hourly/0][]
[1789489503.525][2026-09-15 09:25:03][subbas-macbook-air.local][4306][SQLite][debug][5][Beginning transaction commit: 349][{"path":"timeline/smu2svkrvihxgeos/hourly","actions":2}]
[1789489503.527][2026-09-15 09:25:03][subbas-macbook-air.local][4306][SQLite][debug][5][Transaction commit complete: 349][{"path":"timeline/smu2svkrvihxgeos/hourly"}]
[1789489503.528][2026-09-15 09:25:03][subbas-macbook-air.local][4306][SQLite][debug][9][Cached JSON fetch complete: timeline/smu2svkrvihxgeos/daily][]
[1789489503.528][2026-09-15 09:25:03][subbas-macbook-air.local][4306][SQLite][debug][9][Cached JSON fetch complete: timeline/smu2svkrvihxgeos/daily][]
[1789489503.528][2026-09-15 09:25:03][subbas-macbook-air.local][4306][SQLite][debug][9][Cached JSON fetch complete: timeline/smu2svkrvihxgeos/daily/0][]
[1789489503.528][2026-09-15 09:25:03][subbas-macbook-air.local][4306][SQLite][debug][9][Cached JSON fetch complete: timeline/smu2svkrvihxgeos/daily][]
[1789489503.529][2026-09-15 09:25:03][subbas-macbook-air.local][4306][SQLite][debug][9][Cached JSON fetch complete: timeline/smu2svkrvihxgeos/daily/0][]
[1789489503.529][2026-09-15 09:25:03][subbas-macbook-air.local][4306][SQLite][debug][5][Beginning transaction commit: 350][{"path":"timeline/smu2svkrvihxgeos/daily","actions":2}]
[1789489503.53][2026-09-15 09:25:03][subbas-macbook-air.local][4306][SQLite][debug][5][Transaction commit complete: 350][{"path":"timeline/smu2svkrvihxgeos/daily"}]
[1789489503.53][2026-09-15 09:25:03][subbas-macbook-air.local][4306][SQLite][debug][9][Cached JSON fetch complete: timeline/smu2svkrvihxgeos/monthly][]
[1789489503.531][2026-09-15 09:25:03][subbas-macbook-air.local][4306][SQLite][debug][9][Cached JSON fetch complete: timeline/smu2svkrvihxgeos/monthly][]
[1789489503.531][2026-09-15 09:25:03][subbas-macbook-air.local][4306][SQLite][debug][9][Cached JSON fetch complete: timeline/smu2svkrvihxgeos/monthly/0][]
[1789489503.531][2026-09-15 09:25:03][subbas-macbook-air.local][4306][SQLite][debug][9][Cached JSON fetch complete: timeline/smu2svkrvihxgeos/monthly][]
[1789489503.531][2026-09-15 09:25:03][subbas-macbook-air.local][4306][SQLite][debug][9][Cached JSON fetch complete: timeline/smu2svkrvihxgeos/monthly/0][]
[1789489503.532][2026-09-15 09:25:03][subbas-macbook-air.local][4306][SQLite][debug][5][Beginning transaction commit: 351][{"path":"timeline/smu2svkrvihxgeos/monthly","actions":2}]
[1789489503.532][2026-09-15 09:25:03][subbas-macbook-air.local][4306][SQLite][debug][5][Transaction commit complete: 351][{"path":"timeline/smu2svkrvihxgeos/monthly"}]
[1789489503.532][2026-09-15 09:25:03][subbas-macbook-air.local][4306][SQLite][debug][9][Cached JSON fetch complete: timeline/smu2svkrvihxgeos/yearly][]
[1789489503.533][2026-09-15 09:25:03][subbas-macbook-air.local][4306][SQLite][debug][9][Cached JSON fetch complete: timeline/smu2svkrvihxgeos/yearly][]
[1789489503.533][2026-09-15 09:25:03][subbas-macbook-air.local][4306][SQLite][debug][9][Cached JSON fetch complete: timeline/smu2svkrvihxgeos/yearly/0][]
[1789489503.533][2026-09-15 09:25:03][subbas-macbook-air.local][4306][SQLite][debug][9][Cached JSON fetch complete: timeline/smu2svkrvihxgeos/yearly][]
[1789489503.533][2026-09-15 09:25:03][subbas-macbook-air.local][4306][SQLite][debug][9][Cached JSON fetch complete: timeline/smu2svkrvihxgeos/yearly/0][]
[1789489503.534][2026-09-15 09:25:03][subbas-macbook-air.local][4306][SQLite][debug][5][Beginning transaction commit: 352][{"path":"timeline/smu2svkrvihxgeos/yearly","actions":2}]
[1789489503.534][2026-09-15 09:25:03][subbas-macbook-air.local][4306][SQLite][debug][5][Transaction commit complete: 352][{"path":"timeline/smu2svkrvihxgeos/yearly"}]
[1789489503.536][2026-09-15 09:25:03][subbas-macbook-air.local][4306][SQLite][debug][9][Storing SQLite JSON Object: hosts/smu2svkrvihxgeos/data][]
[1789489503.539][2026-09-15 09:25:03][subbas-macbook-air.local][4306][SQLite][debug][9][Store complete: hosts/smu2svkrvihxgeos/data][]
[1789489563.528][2026-09-15 09:26:03][subbas-macbook-air.local][4306][SQLite][debug][9][Cached JSON fetch complete: hosts/smu2svkrvihxgeos/data][]
[1789489563.53][2026-09-15 09:26:03][subbas-macbook-air.local][4306][SQLite][debug][9][Cached JSON fetch complete: timeline/smu2svkrvihxgeos/hourly][]
[1789489563.531][2026-09-15 09:26:03][subbas-macbook-air.local][4306][SQLite][debug][9][Cached JSON fetch complete: timeline/smu2svkrvihxgeos/hourly][]
[1789489563.531][2026-09-15 09:26:03][subbas-macbook-air.local][4306][SQLite][debug][9][Cached JSON fetch complete: timeline/smu2svkrvihxgeos/hourly/0][]
[1789489563.534][2026-09-15 09:26:03][subbas-macbook-air.local][4306][SQLite][debug][9][Cached JSON fetch complete: timeline/smu2svkrvihxgeos/hourly][]
[1789489563.534][2026-09-15 09:26:03][subbas-macbook-air.local][4306][SQLite][debug][9][Cached JSON fetch complete: timeline/smu2svkrvihxgeos/hourly/0][]
[1789489563.536][2026-09-15 09:26:03][subbas-macbook-air.local][4306][SQLite][debug][5][Beginning transaction commit: 353][{"path":"timeline/smu2svkrvihxgeos/hourly","actions":2}]
[1789489563.537][2026-09-15 09:26:03][subbas-macbook-air.local][4306][SQLite][debug][5][Transaction commit complete: 353][{"path":"timeline/smu2svkrvihxgeos/hourly"}]
[1789489563.538][2026-09-15 09:26:03][subbas-macbook-air.local][4306][SQLite][debug][9][Cached JSON fetch complete: timeline/smu2svkrvihxgeos/daily][]
[1789489563.538][2026-09-15 09:26:03][subbas-macbook-air.local][4306][SQLite][debug][9][Cached JSON fetch complete: timeline/smu2svkrvihxgeos/daily][]
[1789489563.539][2026-09-15 09:26:03][subbas-macbook-air.local][4306][SQLite][debug][9][Cached JSON fetch complete: timeline/smu2svkrvihxgeos/daily/0][]
[1789489563.539][2026-09-15 09:26:03][subbas-macbook-air.local][4306][SQLite][debug][9][Cached JSON fetch complete: timeline/smu2svkrvihxgeos/daily][]
[1789489563.539][2026-09-15 09:26:03][subbas-macbook-air.local][4306][SQLite][debug][9][Cached JSON fetch complete: timeline/smu2svkrvihxgeos/daily/0][]
[1789489563.54][2026-09-15 09:26:03][subbas-macbook-air.local][4306][SQLite][debug][5][Beginning transaction commit: 354][{"path":"timeline/smu2svkrvihxgeos/daily","actions":2}]
[1789489563.541][2026-09-15 09:26:03][subbas-macbook-air.local][4306][SQLite][debug][5][Transaction commit complete: 354][{"path":"timeline/smu2svkrvihxgeos/daily"}]
[1789489563.541][2026-09-15 09:26:03][subbas-macbook-air.local][4306][SQLite][debug][9][Cached JSON fetch complete: timeline/smu2svkrvihxgeos/monthly][]
[1789489563.541][2026-09-15 09:26:03][subbas-macbook-air.local][4306][SQLite][debug][9][Cached JSON fetch complete: timeline/smu2svkrvihxgeos/monthly][]
[1789489563.542][2026-09-15 09:26:03][subbas-macbook-air.local][4306][SQLite][debug][9][Cached JSON fetch complete: timeline/smu2svkrvihxgeos/monthly/0][]
[1789489563.542][2026-09-15 09:26:03][subbas-macbook-air.local][4306][SQLite][debug][9][Cached JSON fetch complete: timeline/smu2svkrvihxgeos/monthly][]
[1789489563.542][2026-09-15 09:26:03][subbas-macbook-air.local][4306][SQLite][debug][9][Cached JSON fetch complete: timeline/smu2svkrvihxgeos/monthly/0][]
[1789489563.543][2026-09-15 09:26:03][subbas-macbook-air.local][4306][SQLite][debug][5][Beginning transaction commit: 355][{"path":"timeline/smu2svkrvihxgeos/monthly","actions":2}]
[1789489563.543][2026-09-15 09:26:03][subbas-macbook-air.local][4306][SQLite][debug][5][Transaction commit complete: 355][{"path":"timeline/smu2svkrvihxgeos/monthly"}]
[1789489563.543][2026-09-15 09:26:03][subbas-macbook-air.local][4306][SQLite][debug][9][Cached JSON fetch complete: timeline/smu2svkrvihxgeos/yearly][]
[1789489563.544][2026-09-15 09:26:03][subbas-macbook-air.local][4306][SQLite][debug][9][Cached JSON fetch complete: timeline/smu2svkrvihxgeos/yearly][]
[1789489563.544][2026-09-15 09:26:03][subbas-macbook-air.local][4306][SQLite][debug][9][Cached JSON fetch complete: timeline/smu2svkrvihxgeos/yearly/0][]
[1789489563.544][2026-09-15 09:26:03][subbas-macbook-air.local][4306][SQLite][debug][9][Cached JSON fetch complete: timeline/smu2svkrvihxgeos/yearly][]
[1789489563.544][2026-09-15 09:26:03][subbas-macbook-air.local][4306][SQLite][debug][9][Cached JSON fetch complete: timeline/smu2svkrvihxgeos/yearly/0][]
[1789489563.545][2026-09-15 09:26:03][subbas-macbook-air.local][4306][SQLite][debug][5][Beginning transaction commit: 356][{"path":"timeline/smu2svkrvihxgeos/yearly","actions":2}]
[1789489563.546][2026-09-15 09:26:03][subbas-macbook-air.local][4306][SQLite][debug][5][Transaction commit complete: 356][{"path":"timeline/smu2svkrvihxgeos/yearly"}]
[1789489563.547][2026-09-15 09:26:03][subbas-macbook-air.local][4306][SQLite][debug][9][Storing SQLite JSON Object: hosts/smu2svkrvihxgeos/data][]
[1789489563.549][2026-09-15 09:26:03][subbas-macbook-air.local][4306][SQLite][debug][9][Store complete: hosts/smu2svkrvihxgeos/data][]
[1789489623.552][2026-09-15 09:27:03][subbas-macbook-air.local][4306][SQLite][debug][9][Cached JSON fetch complete: hosts/smu2svkrvihxgeos/data][]
[1789489623.555][2026-09-15 09:27:03][subbas-macbook-air.local][4306][SQLite][debug][9][Cached JSON fetch complete: timeline/smu2svkrvihxgeos/hourly][]
[1789489623.555][2026-09-15 09:27:03][subbas-macbook-air.local][4306][SQLite][debug][9][Cached JSON fetch complete: timeline/smu2svkrvihxgeos/hourly][]
[1789489623.556][2026-09-15 09:27:03][subbas-macbook-air.local][4306][SQLite][debug][9][Cached JSON fetch complete: timeline/smu2svkrvihxgeos/hourly/0][]
[1789489623.56][2026-09-15 09:27:03][subbas-macbook-air.local][4306][SQLite][debug][9][Cached JSON fetch complete: timeline/smu2svkrvihxgeos/hourly][]
[1789489623.561][2026-09-15 09:27:03][subbas-macbook-air.local][4306][SQLite][debug][9][Cached JSON fetch complete: timeline/smu2svkrvihxgeos/hourly/0][]
[1789489623.561][2026-09-15 09:27:03][subbas-macbook-air.local][4306][SQLite][debug][5][Beginning transaction commit: 357][{"path":"timeline/smu2svkrvihxgeos/hourly","actions":2}]
[1789489623.563][2026-09-15 09:27:03][subbas-macbook-air.local][4306][SQLite][debug][5][Transaction commit complete: 357][{"path":"timeline/smu2svkrvihxgeos/hourly"}]
[1789489623.571][2026-09-15 09:27:03][subbas-macbook-air.local][4306][SQLite][debug][9][Cached JSON fetch complete: timeline/smu2svkrvihxgeos/daily][]
[1789489623.572][2026-09-15 09:27:03][subbas-macbook-air.local][4306][SQLite][debug][9][Cached JSON fetch complete: timeline/smu2svkrvihxgeos/daily][]
[1789489623.572][2026-09-15 09:27:03][subbas-macbook-air.local][4306][SQLite][debug][9][Cached JSON fetch complete: timeline/smu2svkrvihxgeos/daily/0][]
[1789489623.573][2026-09-15 09:27:03][subbas-macbook-air.local][4306][SQLite][debug][9][Cached JSON fetch complete: timeline/smu2svkrvihxgeos/daily][]
[1789489623.573][2026-09-15 09:27:03][subbas-macbook-air.local][4306][SQLite][debug][9][Cached JSON fetch complete: timeline/smu2svkrvihxgeos/daily/0][]
[1789489623.574][2026-09-15 09:27:03][subbas-macbook-air.local][4306][SQLite][debug][5][Beginning transaction commit: 358][{"path":"timeline/smu2svkrvihxgeos/daily","actions":2}]
[1789489623.575][2026-09-15 09:27:03][subbas-macbook-air.local][4306][SQLite][debug][5][Transaction commit complete: 358][{"path":"timeline/smu2svkrvihxgeos/daily"}]
[1789489623.576][2026-09-15 09:27:03][subbas-macbook-air.local][4306][SQLite][debug][9][Cached JSON fetch complete: timeline/smu2svkrvihxgeos/monthly][]
[1789489623.576][2026-09-15 09:27:03][subbas-macbook-air.local][4306][SQLite][debug][9][Cached JSON fetch complete: timeline/smu2svkrvihxgeos/monthly][]
[1789489623.576][2026-09-15 09:27:03][subbas-macbook-air.local][4306][SQLite][debug][9][Cached JSON fetch complete: timeline/smu2svkrvihxgeos/monthly/0][]
[1789489623.577][2026-09-15 09:27:03][subbas-macbook-air.local][4306][SQLite][debug][9][Cached JSON fetch complete: timeline/smu2svkrvihxgeos/monthly][]
[1789489623.577][2026-09-15 09:27:03][subbas-macbook-air.local][4306][SQLite][debug][9][Cached JSON fetch complete: timeline/smu2svkrvihxgeos/monthly/0][]
[1789489623.578][2026-09-15 09:27:03][subbas-macbook-air.local][4306][SQLite][debug][5][Beginning transaction commit: 359][{"path":"timeline/smu2svkrvihxgeos/monthly","actions":2}]
[1789489623.578][2026-09-15 09:27:03][subbas-macbook-air.local][4306][SQLite][debug][5][Transaction commit complete: 359][{"path":"timeline/smu2svkrvihxgeos/monthly"}]
[1789489623.579][2026-09-15 09:27:03][subbas-macbook-air.local][4306][SQLite][debug][9][Cached JSON fetch complete: timeline/smu2svkrvihxgeos/yearly][]
[1789489623.579][2026-09-15 09:27:03][subbas-macbook-air.local][4306][SQLite][debug][9][Cached JSON fetch complete: timeline/smu2svkrvihxgeos/yearly][]
[1789489623.579][2026-09-15 09:27:03][subbas-macbook-air.local][4306][SQLite][debug][9][Cached JSON fetch complete: timeline/smu2svkrvihxgeos/yearly/0][]
[1789489623.58][2026-09-15 09:27:03][subbas-macbook-air.local][4306][SQLite][debug][9][Cached JSON fetch complete: timeline/smu2svkrvihxgeos/yearly][]
[1789489623.58][2026-09-15 09:27:03][subbas-macbook-air.local][4306][SQLite][debug][9][Cached JSON fetch complete: timeline/smu2svkrvihxgeos/yearly/0][]
[1789489623.581][2026-09-15 09:27:03][subbas-macbook-air.local][4306][SQLite][debug][5][Beginning transaction commit: 360][{"path":"timeline/smu2svkrvihxgeos/yearly","actions":2}]
[1789489623.581][2026-09-15 09:27:03][subbas-macbook-air.local][4306][SQLite][debug][5][Transaction commit complete: 360][{"path":"timeline/smu2svkrvihxgeos/yearly"}]
[1789489623.583][2026-09-15 09:27:03][subbas-macbook-air.local][4306][SQLite][debug][9][Storing SQLite JSON Object: hosts/smu2svkrvihxgeos/data][]
[1789489623.586][2026-09-15 09:27:03][subbas-macbook-air.local][4306][SQLite][debug][9][Store complete: hosts/smu2svkrvihxgeos/data][]
[1789489683.562][2026-09-15 09:28:03][subbas-macbook-air.local][4306][SQLite][debug][9][Cached JSON fetch complete: hosts/smu2svkrvihxgeos/data][]
[1789489683.566][2026-09-15 09:28:03][subbas-macbook-air.local][4306][SQLite][debug][9][Cached JSON fetch complete: timeline/smu2svkrvihxgeos/hourly][]
[1789489683.567][2026-09-15 09:28:03][subbas-macbook-air.local][4306][SQLite][debug][9][Cached JSON fetch complete: timeline/smu2svkrvihxgeos/hourly][]
[1789489683.568][2026-09-15 09:28:03][subbas-macbook-air.local][4306][SQLite][debug][9][Cached JSON fetch complete: timeline/smu2svkrvihxgeos/hourly/0][]
[1789489683.57][2026-09-15 09:28:03][subbas-macbook-air.local][4306][SQLite][debug][9][Cached JSON fetch complete: timeline/smu2svkrvihxgeos/hourly][]
[1789489683.571][2026-09-15 09:28:03][subbas-macbook-air.local][4306][SQLite][debug][9][Cached JSON fetch complete: timeline/smu2svkrvihxgeos/hourly/0][]
[1789489683.576][2026-09-15 09:28:03][subbas-macbook-air.local][4306][SQLite][debug][5][Beginning transaction commit: 361][{"path":"timeline/smu2svkrvihxgeos/hourly","actions":2}]
[1789489683.579][2026-09-15 09:28:03][subbas-macbook-air.local][4306][SQLite][debug][5][Transaction commit complete: 361][{"path":"timeline/smu2svkrvihxgeos/hourly"}]
[1789489683.581][2026-09-15 09:28:03][subbas-macbook-air.local][4306][SQLite][debug][9][Cached JSON fetch complete: timeline/smu2svkrvihxgeos/daily][]
[1789489683.583][2026-09-15 09:28:03][subbas-macbook-air.local][4306][SQLite][debug][9][Cached JSON fetch complete: timeline/smu2svkrvihxgeos/daily][]
[1789489683.584][2026-09-15 09:28:03][subbas-macbook-air.local][4306][SQLite][debug][9][Cached JSON fetch complete: timeline/smu2svkrvihxgeos/daily/0][]
[1789489683.585][2026-09-15 09:28:03][subbas-macbook-air.local][4306][SQLite][debug][9][Cached JSON fetch complete: timeline/smu2svkrvihxgeos/daily][]
[1789489683.586][2026-09-15 09:28:03][subbas-macbook-air.local][4306][SQLite][debug][9][Cached JSON fetch complete: timeline/smu2svkrvihxgeos/daily/0][]
[1789489683.587][2026-09-15 09:28:03][subbas-macbook-air.local][4306][SQLite][debug][5][Beginning transaction commit: 362][{"path":"timeline/smu2svkrvihxgeos/daily","actions":2}]
[1789489683.588][2026-09-15 09:28:03][subbas-macbook-air.local][4306][SQLite][debug][5][Transaction commit complete: 362][{"path":"timeline/smu2svkrvihxgeos/daily"}]
[1789489683.59][2026-09-15 09:28:03][subbas-macbook-air.local][4306][SQLite][debug][9][Cached JSON fetch complete: timeline/smu2svkrvihxgeos/monthly][]
[1789489683.59][2026-09-15 09:28:03][subbas-macbook-air.local][4306][SQLite][debug][9][Cached JSON fetch complete: timeline/smu2svkrvihxgeos/monthly][]
[1789489683.591][2026-09-15 09:28:03][subbas-macbook-air.local][4306][SQLite][debug][9][Cached JSON fetch complete: timeline/smu2svkrvihxgeos/monthly/0][]
[1789489683.591][2026-09-15 09:28:03][subbas-macbook-air.local][4306][SQLite][debug][9][Cached JSON fetch complete: timeline/smu2svkrvihxgeos/monthly][]
[1789489683.592][2026-09-15 09:28:03][subbas-macbook-air.local][4306][SQLite][debug][9][Cached JSON fetch complete: timeline/smu2svkrvihxgeos/monthly/0][]
[1789489683.598][2026-09-15 09:28:03][subbas-macbook-air.local][4306][SQLite][debug][5][Beginning transaction commit: 363][{"path":"timeline/smu2svkrvihxgeos/monthly","actions":2}]
[1789489683.598][2026-09-15 09:28:03][subbas-macbook-air.local][4306][SQLite][debug][5][Transaction commit complete: 363][{"path":"timeline/smu2svkrvihxgeos/monthly"}]
[1789489683.599][2026-09-15 09:28:03][subbas-macbook-air.local][4306][SQLite][debug][9][Cached JSON fetch complete: timeline/smu2svkrvihxgeos/yearly][]
[1789489683.599][2026-09-15 09:28:03][subbas-macbook-air.local][4306][SQLite][debug][9][Cached JSON fetch complete: timeline/smu2svkrvihxgeos/yearly][]
[1789489683.599][2026-09-15 09:28:03][subbas-macbook-air.local][4306][SQLite][debug][9][Cached JSON fetch complete: timeline/smu2svkrvihxgeos/yearly/0][]
[1789489683.599][2026-09-15 09:28:03][subbas-macbook-air.local][4306][SQLite][debug][9][Cached JSON fetch complete: timeline/smu2svkrvihxgeos/yearly][]
[1789489683.599][2026-09-15 09:28:03][subbas-macbook-air.local][4306][SQLite][debug][9][Cached JSON fetch complete: timeline/smu2svkrvihxgeos/yearly/0][]
[1789489683.6][2026-09-15 09:28:03][subbas-macbook-air.local][4306][SQLite][debug][5][Beginning transaction commit: 364][{"path":"timeline/smu2svkrvihxgeos/yearly","actions":2}]
[1789489683.6][2026-09-15 09:28:03][subbas-macbook-air.local][4306][SQLite][debug][5][Transaction commit complete: 364][{"path":"timeline/smu2svkrvihxgeos/yearly"}]
[1789489683.602][2026-09-15 09:28:03][subbas-macbook-air.local][4306][SQLite][debug][9][Storing SQLite JSON Object: hosts/smu2svkrvihxgeos/data][]
[1789489683.613][2026-09-15 09:28:03][subbas-macbook-air.local][4306][SQLite][debug][9][Store complete: hosts/smu2svkrvihxgeos/data][]
[1789489743.515][2026-09-15 09:29:03][subbas-macbook-air.local][4306][SQLite][debug][9][Cached JSON fetch complete: hosts/smu2svkrvihxgeos/data][]
[1789489743.518][2026-09-15 09:29:03][subbas-macbook-air.local][4306][SQLite][debug][9][Cached JSON fetch complete: timeline/smu2svkrvihxgeos/hourly][]
[1789489743.519][2026-09-15 09:29:03][subbas-macbook-air.local][4306][SQLite][debug][9][Cached JSON fetch complete: timeline/smu2svkrvihxgeos/hourly][]
[1789489743.52][2026-09-15 09:29:03][subbas-macbook-air.local][4306][SQLite][debug][9][Cached JSON fetch complete: timeline/smu2svkrvihxgeos/hourly/0][]
[1789489743.521][2026-09-15 09:29:03][subbas-macbook-air.local][4306][SQLite][debug][9][Cached JSON fetch complete: timeline/smu2svkrvihxgeos/hourly][]
[1789489743.522][2026-09-15 09:29:03][subbas-macbook-air.local][4306][SQLite][debug][9][Cached JSON fetch complete: timeline/smu2svkrvihxgeos/hourly/0][]
[1789489743.523][2026-09-15 09:29:03][subbas-macbook-air.local][4306][SQLite][debug][5][Beginning transaction commit: 365][{"path":"timeline/smu2svkrvihxgeos/hourly","actions":2}]
[1789489743.524][2026-09-15 09:29:03][subbas-macbook-air.local][4306][SQLite][debug][5][Transaction commit complete: 365][{"path":"timeline/smu2svkrvihxgeos/hourly"}]
[1789489743.525][2026-09-15 09:29:03][subbas-macbook-air.local][4306][SQLite][debug][9][Cached JSON fetch complete: timeline/smu2svkrvihxgeos/daily][]
[1789489743.526][2026-09-15 09:29:03][subbas-macbook-air.local][4306][SQLite][debug][9][Cached JSON fetch complete: timeline/smu2svkrvihxgeos/daily][]
[1789489743.526][2026-09-15 09:29:03][subbas-macbook-air.local][4306][SQLite][debug][9][Cached JSON fetch complete: timeline/smu2svkrvihxgeos/daily/0][]
[1789489743.526][2026-09-15 09:29:03][subbas-macbook-air.local][4306][SQLite][debug][9][Cached JSON fetch complete: timeline/smu2svkrvihxgeos/daily][]
[1789489743.527][2026-09-15 09:29:03][subbas-macbook-air.local][4306][SQLite][debug][9][Cached JSON fetch complete: timeline/smu2svkrvihxgeos/daily/0][]
[1789489743.528][2026-09-15 09:29:03][subbas-macbook-air.local][4306][SQLite][debug][5][Beginning transaction commit: 366][{"path":"timeline/smu2svkrvihxgeos/daily","actions":2}]
[1789489743.528][2026-09-15 09:29:03][subbas-macbook-air.local][4306][SQLite][debug][5][Transaction commit complete: 366][{"path":"timeline/smu2svkrvihxgeos/daily"}]
[1789489743.529][2026-09-15 09:29:03][subbas-macbook-air.local][4306][SQLite][debug][9][Cached JSON fetch complete: timeline/smu2svkrvihxgeos/monthly][]
[1789489743.529][2026-09-15 09:29:03][subbas-macbook-air.local][4306][SQLite][debug][9][Cached JSON fetch complete: timeline/smu2svkrvihxgeos/monthly][]
[1789489743.529][2026-09-15 09:29:03][subbas-macbook-air.local][4306][SQLite][debug][9][Cached JSON fetch complete: timeline/smu2svkrvihxgeos/monthly/0][]
[1789489743.53][2026-09-15 09:29:03][subbas-macbook-air.local][4306][SQLite][debug][9][Cached JSON fetch complete: timeline/smu2svkrvihxgeos/monthly][]
[1789489743.53][2026-09-15 09:29:03][subbas-macbook-air.local][4306][SQLite][debug][9][Cached JSON fetch complete: timeline/smu2svkrvihxgeos/monthly/0][]
[1789489743.53][2026-09-15 09:29:03][subbas-macbook-air.local][4306][SQLite][debug][5][Beginning transaction commit: 367][{"path":"timeline/smu2svkrvihxgeos/monthly","actions":2}]
[1789489743.532][2026-09-15 09:29:03][subbas-macbook-air.local][4306][SQLite][debug][5][Transaction commit complete: 367][{"path":"timeline/smu2svkrvihxgeos/monthly"}]
[1789489743.533][2026-09-15 09:29:03][subbas-macbook-air.local][4306][SQLite][debug][9][Cached JSON fetch complete: timeline/smu2svkrvihxgeos/yearly][]
[1789489743.533][2026-09-15 09:29:03][subbas-macbook-air.local][4306][SQLite][debug][9][Cached JSON fetch complete: timeline/smu2svkrvihxgeos/yearly][]
[1789489743.533][2026-09-15 09:29:03][subbas-macbook-air.local][4306][SQLite][debug][9][Cached JSON fetch complete: timeline/smu2svkrvihxgeos/yearly/0][]
[1789489743.534][2026-09-15 09:29:03][subbas-macbook-air.local][4306][SQLite][debug][9][Cached JSON fetch complete: timeline/smu2svkrvihxgeos/yearly][]
[1789489743.534][2026-09-15 09:29:03][subbas-macbook-air.local][4306][SQLite][debug][9][Cached JSON fetch complete: timeline/smu2svkrvihxgeos/yearly/0][]
[1789489743.535][2026-09-15 09:29:03][subbas-macbook-air.local][4306][SQLite][debug][5][Beginning transaction commit: 368][{"path":"timeline/smu2svkrvihxgeos/yearly","actions":2}]
[1789489743.535][2026-09-15 09:29:03][subbas-macbook-air.local][4306][SQLite][debug][5][Transaction commit complete: 368][{"path":"timeline/smu2svkrvihxgeos/yearly"}]
[1789489743.536][2026-09-15 09:29:03][subbas-macbook-air.local][4306][SQLite][debug][9][Storing SQLite JSON Object: hosts/smu2svkrvihxgeos/data][]
[1789489743.538][2026-09-15 09:29:03][subbas-macbook-air.local][4306][SQLite][debug][9][Store complete: hosts/smu2svkrvihxgeos/data][]
[1789489775.15][2026-09-15 09:29:35][subbas-macbook-air.local][4306][SQLite][debug][9][Cached JSON fetch complete: sessions/8397ca50eb4879dce3d919e8099169f80bc7650ee26249f4066858e5526e7d4a][]
[1789489775.151][2026-09-15 09:29:35][subbas-macbook-air.local][4306][SQLite][debug][9][Cached JSON fetch complete: users/admin][]
[1789489800.493][2026-09-15 09:30:00][subbas-macbook-air.local][4306][SQLite][debug][9][Cached JSON fetch complete: hosts/smu2svkrvihxgeos/data][]
[1789489800.493][2026-09-15 09:30:00][subbas-macbook-air.local][4306][SQLite][debug][9][Storing SQLite JSON Object: unbase/records/snapshots/snmu2w0v1poscxam][]
[1789489800.496][2026-09-15 09:30:00][subbas-macbook-air.local][4306][SQLite][debug][9][Store complete: unbase/records/snapshots/snmu2w0v1poscxam][]
[1789489800.496][2026-09-15 09:30:00][subbas-macbook-air.local][4306][SQLite][debug][9][Fetching SQLite Object: unbase/index/snapshots/_data/snmu2w0v1poscxam][]
[1789489800.497][2026-09-15 09:30:00][subbas-macbook-air.local][4306][SQLite][debug][9][Cached JSON fetch complete: unbase/index/snapshots/_id][]
[1789489800.497][2026-09-15 09:30:00][subbas-macbook-air.local][4306][SQLite][debug][9][Cached JSON fetch complete: unbase/index/snapshots/_id/data][]
[1789489800.499][2026-09-15 09:30:00][subbas-macbook-air.local][4306][SQLite][debug][9][Fetching SQLite Object: unbase/index/snapshots/jobs/word/jmu2w0up8o83ro6z][]
[1789489800.499][2026-09-15 09:30:00][subbas-macbook-air.local][4306][SQLite][debug][9][Fetching SQLite Object: unbase/index/snapshots/jobs/word/jmu2w0uqtoge2v4f][]
[1789489800.499][2026-09-15 09:30:00][subbas-macbook-air.local][4306][SQLite][debug][9][Cached JSON fetch complete: unbase/index/snapshots/type/word/server][]
[1789489800.499][2026-09-15 09:30:00][subbas-macbook-air.local][4306][SQLite][debug][9][Cached JSON fetch complete: unbase/index/snapshots/source/word/job][]
[1789489800.499][2026-09-15 09:30:00][subbas-macbook-air.local][4306][SQLite][debug][9][Cached JSON fetch complete: unbase/index/snapshots/server/word/smu2svkrvihxgeos][]
[1789489800.499][2026-09-15 09:30:00][subbas-macbook-air.local][4306][SQLite][debug][9][Cached JSON fetch complete: unbase/index/snapshots/groups/word/main][]
[1789489800.499][2026-09-15 09:30:00][subbas-macbook-air.local][4306][SQLite][debug][9][Cached JSON fetch complete: unbase/index/snapshots/date/summary][]
[1789489800.499][2026-09-15 09:30:00][subbas-macbook-air.local][4306][SQLite][debug][9][Cached JSON fetch complete: unbase/index/snapshots/date/word/497080][]
[1789489800.499][2026-09-15 09:30:00][subbas-macbook-air.local][4306][SQLite][debug][9][Cached JSON fetch complete: unbase/index/snapshots/date/word/h497000][]
[1789489800.499][2026-09-15 09:30:00][subbas-macbook-air.local][4306][SQLite][debug][9][Cached JSON fetch complete: unbase/index/snapshots/date/word/t497000][]
[1789489800.499][2026-09-15 09:30:00][subbas-macbook-air.local][4306][SQLite][debug][9][Cached JSON fetch complete: unbase/index/snapshots/type/word/server/data][]
[1789489800.499][2026-09-15 09:30:00][subbas-macbook-air.local][4306][SQLite][debug][9][Cached JSON fetch complete: unbase/index/snapshots/source/word/job/data][]
[1789489800.499][2026-09-15 09:30:00][subbas-macbook-air.local][4306][SQLite][debug][9][Cached JSON fetch complete: unbase/index/snapshots/server/word/smu2svkrvihxgeos/data][]
[1789489800.499][2026-09-15 09:30:00][subbas-macbook-air.local][4306][SQLite][debug][9][Cached JSON fetch complete: unbase/index/snapshots/groups/word/main/data][]
[1789489800.5][2026-09-15 09:30:00][subbas-macbook-air.local][4306][SQLite][debug][9][Cached JSON fetch complete: unbase/index/snapshots/date/word/497080/data][]
[1789489800.5][2026-09-15 09:30:00][subbas-macbook-air.local][4306][SQLite][debug][9][Cached JSON fetch complete: unbase/index/snapshots/date/word/h497000/data][]
[1789489800.5][2026-09-15 09:30:00][subbas-macbook-air.local][4306][SQLite][debug][9][Cached JSON fetch complete: unbase/index/snapshots/date/word/t497000/data][]
[1789489800.501][2026-09-15 09:30:00][subbas-macbook-air.local][4306][SQLite][debug][5][Beginning transaction commit: 369][{"path":"unbase/index/snapshots","actions":22}]
[1789489800.502][2026-09-15 09:30:00][subbas-macbook-air.local][4306][SQLite][debug][5][Transaction commit complete: 369][{"path":"unbase/index/snapshots"}]
[1789489800.502][2026-09-15 09:30:00][subbas-macbook-air.local][4306][SQLite][debug][9][Storing SQLite JSON Object: unbase/records/jobs/jmu2w0uqtoge2v4f][]
[1789489800.503][2026-09-15 09:30:00][subbas-macbook-air.local][4306][SQLite][debug][9][Store complete: unbase/records/jobs/jmu2w0uqtoge2v4f][]
[1789489800.503][2026-09-15 09:30:00][subbas-macbook-air.local][4306][SQLite][debug][9][Fetching SQLite Object: unbase/index/jobs/_data/jmu2w0uqtoge2v4f][]
[1789489800.504][2026-09-15 09:30:00][subbas-macbook-air.local][4306][SQLite][debug][9][Cached JSON fetch complete: unbase/index/jobs/_id][]
[1789489800.504][2026-09-15 09:30:00][subbas-macbook-air.local][4306][SQLite][debug][9][Cached JSON fetch complete: unbase/index/jobs/_id/data][]
[1789489800.506][2026-09-15 09:30:00][subbas-macbook-air.local][4306][SQLite][debug][9][Cached JSON fetch complete: unbase/index/jobs/code/word/1][]
[1789489800.506][2026-09-15 09:30:00][subbas-macbook-air.local][4306][SQLite][debug][9][Cached JSON fetch complete: unbase/index/jobs/date/summary][]
[1789489800.506][2026-09-15 09:30:00][subbas-macbook-air.local][4306][SQLite][debug][9][Cached JSON fetch complete: unbase/index/jobs/date/word/497080][]
[1789489800.506][2026-09-15 09:30:00][subbas-macbook-air.local][4306][SQLite][debug][9][Cached JSON fetch complete: unbase/index/jobs/date/word/h497000][]
[1789489800.506][2026-09-15 09:30:00][subbas-macbook-air.local][4306][SQLite][debug][9][Cached JSON fetch complete: unbase/index/jobs/date/word/t497000][]
[1789489800.506][2026-09-15 09:30:00][subbas-macbook-air.local][4306][SQLite][debug][9][Cached JSON fetch complete: unbase/index/jobs/source/word/scheduler][]
[1789489800.506][2026-09-15 09:30:00][subbas-macbook-air.local][4306][SQLite][debug][9][Cached JSON fetch complete: unbase/index/jobs/tags/word/_error][]
[1789489800.506][2026-09-15 09:30:00][subbas-macbook-air.local][4306][SQLite][debug][9][Cached JSON fetch complete: unbase/index/jobs/tags/word/_last][]
[1789489800.506][2026-09-15 09:30:00][subbas-macbook-air.local][4306][SQLite][debug][9][Cached JSON fetch complete: unbase/index/jobs/event/word/emu2t3vr62wcc00v][]
[1789489800.506][2026-09-15 09:30:00][subbas-macbook-air.local][4306][SQLite][debug][9][Cached JSON fetch complete: unbase/index/jobs/category/word/general][]
[1789489800.506][2026-09-15 09:30:00][subbas-macbook-air.local][4306][SQLite][debug][9][Cached JSON fetch complete: unbase/index/jobs/plugin/word/shellplug][]
[1789489800.506][2026-09-15 09:30:00][subbas-macbook-air.local][4306][SQLite][debug][9][Cached JSON fetch complete: unbase/index/jobs/server/word/smu2svkrvihxgeos][]
[1789489800.506][2026-09-15 09:30:00][subbas-macbook-air.local][4306][SQLite][debug][9][Cached JSON fetch complete: unbase/index/jobs/groups/word/main][]
[1789489800.506][2026-09-15 09:30:00][subbas-macbook-air.local][4306][SQLite][debug][9][Cached JSON fetch complete: unbase/index/jobs/code/word/1/data][]
[1789489800.506][2026-09-15 09:30:00][subbas-macbook-air.local][4306][SQLite][debug][9][Cached JSON fetch complete: unbase/index/jobs/date/word/497080/data][]
[1789489800.506][2026-09-15 09:30:00][subbas-macbook-air.local][4306][SQLite][debug][9][Cached JSON fetch complete: unbase/index/jobs/date/word/h497000/data][]
[1789489800.507][2026-09-15 09:30:00][subbas-macbook-air.local][4306][SQLite][debug][9][Cached JSON fetch complete: unbase/index/jobs/date/word/t497000/data][]
[1789489800.507][2026-09-15 09:30:00][subbas-macbook-air.local][4306][SQLite][debug][9][Cached JSON fetch complete: unbase/index/jobs/source/word/scheduler/data][]
[1789489800.507][2026-09-15 09:30:00][subbas-macbook-air.local][4306][SQLite][debug][9][Cached JSON fetch complete: unbase/index/jobs/tags/word/_error/data][]
[1789489800.507][2026-09-15 09:30:00][subbas-macbook-air.local][4306][SQLite][debug][9][Cached JSON fetch complete: unbase/index/jobs/tags/word/_last/data][]
[1789489800.507][2026-09-15 09:30:00][subbas-macbook-air.local][4306][SQLite][debug][9][Cached JSON fetch complete: unbase/index/jobs/event/word/emu2t3vr62wcc00v/data][]
[1789489800.507][2026-09-15 09:30:00][subbas-macbook-air.local][4306][SQLite][debug][9][Cached JSON fetch complete: unbase/index/jobs/category/word/general/data][]
[1789489800.507][2026-09-15 09:30:00][subbas-macbook-air.local][4306][SQLite][debug][9][Cached JSON fetch complete: unbase/index/jobs/plugin/word/shellplug/data][]
[1789489800.507][2026-09-15 09:30:00][subbas-macbook-air.local][4306][SQLite][debug][9][Cached JSON fetch complete: unbase/index/jobs/server/word/smu2svkrvihxgeos/data][]
[1789489800.507][2026-09-15 09:30:00][subbas-macbook-air.local][4306][SQLite][debug][9][Cached JSON fetch complete: unbase/index/jobs/groups/word/main/data][]
[1789489800.509][2026-09-15 09:30:00][subbas-macbook-air.local][4306][SQLite][debug][9][Cached JSON fetch complete: unbase/index/jobs/completed/sort][]
[1789489800.509][2026-09-15 09:30:00][subbas-macbook-air.local][4306][SQLite][debug][9][Cached JSON fetch complete: unbase/index/jobs/elapsed/sort][]
[1789489800.509][2026-09-15 09:30:00][subbas-macbook-air.local][4306][SQLite][debug][9][Cached JSON fetch complete: unbase/index/jobs/completed/sort/data][]
[1789489800.509][2026-09-15 09:30:00][subbas-macbook-air.local][4306][SQLite][debug][9][Cached JSON fetch complete: unbase/index/jobs/elapsed/sort/data][]
[1789489800.51][2026-09-15 09:30:00][subbas-macbook-air.local][4306][SQLite][debug][5][Beginning transaction commit: 370][{"path":"unbase/index/jobs","actions":32}]
[1789489800.51][2026-09-15 09:30:00][subbas-macbook-air.local][4306][SQLite][debug][5][Transaction commit complete: 370][{"path":"unbase/index/jobs"}]
[1789489801.01][2026-09-15 09:30:01][subbas-macbook-air.local][4306][SQLite][debug][9][Storing SQLite JSON Object: global/state][]
[1789489801.011][2026-09-15 09:30:01][subbas-macbook-air.local][4306][SQLite][debug][9][Store complete: global/state][]
[1789489803.569][2026-09-15 09:30:03][subbas-macbook-air.local][4306][SQLite][debug][9][Cached JSON fetch complete: hosts/smu2svkrvihxgeos/data][]
[1789489803.57][2026-09-15 09:30:03][subbas-macbook-air.local][4306][SQLite][debug][9][Cached JSON fetch complete: timeline/smu2svkrvihxgeos/hourly][]
[1789489803.57][2026-09-15 09:30:03][subbas-macbook-air.local][4306][SQLite][debug][9][Cached JSON fetch complete: timeline/smu2svkrvihxgeos/hourly][]
[1789489803.571][2026-09-15 09:30:03][subbas-macbook-air.local][4306][SQLite][debug][9][Cached JSON fetch complete: timeline/smu2svkrvihxgeos/hourly/0][]
[1789489803.571][2026-09-15 09:30:03][subbas-macbook-air.local][4306][SQLite][debug][9][Cached JSON fetch complete: timeline/smu2svkrvihxgeos/hourly][]
[1789489803.571][2026-09-15 09:30:03][subbas-macbook-air.local][4306][SQLite][debug][9][Cached JSON fetch complete: timeline/smu2svkrvihxgeos/hourly/0][]
[1789489803.572][2026-09-15 09:30:03][subbas-macbook-air.local][4306][SQLite][debug][5][Beginning transaction commit: 371][{"path":"timeline/smu2svkrvihxgeos/hourly","actions":2}]
[1789489803.573][2026-09-15 09:30:03][subbas-macbook-air.local][4306][SQLite][debug][5][Transaction commit complete: 371][{"path":"timeline/smu2svkrvihxgeos/hourly"}]
[1789489803.574][2026-09-15 09:30:03][subbas-macbook-air.local][4306][SQLite][debug][9][Cached JSON fetch complete: timeline/smu2svkrvihxgeos/daily][]
[1789489803.574][2026-09-15 09:30:03][subbas-macbook-air.local][4306][SQLite][debug][9][Cached JSON fetch complete: timeline/smu2svkrvihxgeos/daily][]
[1789489803.574][2026-09-15 09:30:03][subbas-macbook-air.local][4306][SQLite][debug][9][Cached JSON fetch complete: timeline/smu2svkrvihxgeos/daily/0][]
[1789489803.574][2026-09-15 09:30:03][subbas-macbook-air.local][4306][SQLite][debug][9][Cached JSON fetch complete: timeline/smu2svkrvihxgeos/daily][]
[1789489803.575][2026-09-15 09:30:03][subbas-macbook-air.local][4306][SQLite][debug][9][Cached JSON fetch complete: timeline/smu2svkrvihxgeos/daily/0][]
[1789489803.575][2026-09-15 09:30:03][subbas-macbook-air.local][4306][SQLite][debug][5][Beginning transaction commit: 372][{"path":"timeline/smu2svkrvihxgeos/daily","actions":2}]
[1789489803.575][2026-09-15 09:30:03][subbas-macbook-air.local][4306][SQLite][debug][5][Transaction commit complete: 372][{"path":"timeline/smu2svkrvihxgeos/daily"}]
[1789489803.576][2026-09-15 09:30:03][subbas-macbook-air.local][4306][SQLite][debug][9][Cached JSON fetch complete: timeline/smu2svkrvihxgeos/monthly][]
[1789489803.576][2026-09-15 09:30:03][subbas-macbook-air.local][4306][SQLite][debug][9][Cached JSON fetch complete: timeline/smu2svkrvihxgeos/monthly][]
[1789489803.576][2026-09-15 09:30:03][subbas-macbook-air.local][4306][SQLite][debug][9][Cached JSON fetch complete: timeline/smu2svkrvihxgeos/monthly/0][]
[1789489803.577][2026-09-15 09:30:03][subbas-macbook-air.local][4306][SQLite][debug][9][Cached JSON fetch complete: timeline/smu2svkrvihxgeos/monthly][]
[1789489803.577][2026-09-15 09:30:03][subbas-macbook-air.local][4306][SQLite][debug][9][Cached JSON fetch complete: timeline/smu2svkrvihxgeos/monthly/0][]
[1789489803.578][2026-09-15 09:30:03][subbas-macbook-air.local][4306][SQLite][debug][5][Beginning transaction commit: 373][{"path":"timeline/smu2svkrvihxgeos/monthly","actions":2}]
[1789489803.578][2026-09-15 09:30:03][subbas-macbook-air.local][4306][SQLite][debug][5][Transaction commit complete: 373][{"path":"timeline/smu2svkrvihxgeos/monthly"}]
[1789489803.578][2026-09-15 09:30:03][subbas-macbook-air.local][4306][SQLite][debug][9][Cached JSON fetch complete: timeline/smu2svkrvihxgeos/yearly][]
[1789489803.579][2026-09-15 09:30:03][subbas-macbook-air.local][4306][SQLite][debug][9][Cached JSON fetch complete: timeline/smu2svkrvihxgeos/yearly][]
[1789489803.579][2026-09-15 09:30:03][subbas-macbook-air.local][4306][SQLite][debug][9][Cached JSON fetch complete: timeline/smu2svkrvihxgeos/yearly/0][]
[1789489803.579][2026-09-15 09:30:03][subbas-macbook-air.local][4306][SQLite][debug][9][Cached JSON fetch complete: timeline/smu2svkrvihxgeos/yearly][]
[1789489803.579][2026-09-15 09:30:03][subbas-macbook-air.local][4306][SQLite][debug][9][Cached JSON fetch complete: timeline/smu2svkrvihxgeos/yearly/0][]
[1789489803.58][2026-09-15 09:30:03][subbas-macbook-air.local][4306][SQLite][debug][5][Beginning transaction commit: 374][{"path":"timeline/smu2svkrvihxgeos/yearly","actions":2}]
[1789489803.58][2026-09-15 09:30:03][subbas-macbook-air.local][4306][SQLite][debug][5][Transaction commit complete: 374][{"path":"timeline/smu2svkrvihxgeos/yearly"}]
[1789489803.58][2026-09-15 09:30:03][subbas-macbook-air.local][4306][SQLite][debug][9][Storing SQLite JSON Object: hosts/smu2svkrvihxgeos/data][]
[1789489803.582][2026-09-15 09:30:03][subbas-macbook-air.local][4306][SQLite][debug][9][Store complete: hosts/smu2svkrvihxgeos/data][]
[1789489822.973][2026-09-15 09:30:22][subbas-macbook-air.local][4306][SQLite][debug][9][Storing SQLite JSON Object: unbase/records/jobs/jmu2w0up8o83ro6z][]
[1789489822.974][2026-09-15 09:30:22][subbas-macbook-air.local][4306][SQLite][debug][9][Store complete: unbase/records/jobs/jmu2w0up8o83ro6z][]
[1789489822.974][2026-09-15 09:30:22][subbas-macbook-air.local][4306][SQLite][debug][9][Fetching SQLite Object: unbase/index/jobs/_data/jmu2w0up8o83ro6z][]
[1789489822.975][2026-09-15 09:30:22][subbas-macbook-air.local][4306][SQLite][debug][9][Cached JSON fetch complete: unbase/index/jobs/_id][]
[1789489822.976][2026-09-15 09:30:22][subbas-macbook-air.local][4306][SQLite][debug][9][Cached JSON fetch complete: unbase/index/jobs/_id/data][]
[1789489822.977][2026-09-15 09:30:22][subbas-macbook-air.local][4306][SQLite][debug][9][Cached JSON fetch complete: unbase/index/jobs/code/word/0][]
[1789489822.977][2026-09-15 09:30:22][subbas-macbook-air.local][4306][SQLite][debug][9][Cached JSON fetch complete: unbase/index/jobs/date/summary][]
[1789489822.977][2026-09-15 09:30:22][subbas-macbook-air.local][4306][SQLite][debug][9][Cached JSON fetch complete: unbase/index/jobs/date/word/497080][]
[1789489822.977][2026-09-15 09:30:22][subbas-macbook-air.local][4306][SQLite][debug][9][Cached JSON fetch complete: unbase/index/jobs/date/word/h497000][]
[1789489822.977][2026-09-15 09:30:22][subbas-macbook-air.local][4306][SQLite][debug][9][Cached JSON fetch complete: unbase/index/jobs/date/word/t497000][]
[1789489822.977][2026-09-15 09:30:22][subbas-macbook-air.local][4306][SQLite][debug][9][Cached JSON fetch complete: unbase/index/jobs/source/word/scheduler][]
[1789489822.977][2026-09-15 09:30:22][subbas-macbook-air.local][4306][SQLite][debug][9][Cached JSON fetch complete: unbase/index/jobs/tags/word/_success][]
[1789489822.977][2026-09-15 09:30:22][subbas-macbook-air.local][4306][SQLite][debug][9][Cached JSON fetch complete: unbase/index/jobs/tags/word/_last][]
[1789489822.977][2026-09-15 09:30:22][subbas-macbook-air.local][4306][SQLite][debug][9][Cached JSON fetch complete: unbase/index/jobs/event/word/emu2sckyhuzou1hh][]
[1789489822.977][2026-09-15 09:30:22][subbas-macbook-air.local][4306][SQLite][debug][9][Cached JSON fetch complete: unbase/index/jobs/category/word/general][]
[1789489822.977][2026-09-15 09:30:22][subbas-macbook-air.local][4306][SQLite][debug][9][Cached JSON fetch complete: unbase/index/jobs/plugin/word/shellplug][]
[1789489822.977][2026-09-15 09:30:22][subbas-macbook-air.local][4306][SQLite][debug][9][Cached JSON fetch complete: unbase/index/jobs/server/word/smu2svkrvihxgeos][]
[1789489822.977][2026-09-15 09:30:22][subbas-macbook-air.local][4306][SQLite][debug][9][Cached JSON fetch complete: unbase/index/jobs/groups/word/main][]
[1789489822.977][2026-09-15 09:30:22][subbas-macbook-air.local][4306][SQLite][debug][9][Cached JSON fetch complete: unbase/index/jobs/code/word/0/data][]
[1789489822.977][2026-09-15 09:30:22][subbas-macbook-air.local][4306][SQLite][debug][9][Cached JSON fetch complete: unbase/index/jobs/date/word/497080/data][]
[1789489822.978][2026-09-15 09:30:22][subbas-macbook-air.local][4306][SQLite][debug][9][Cached JSON fetch complete: unbase/index/jobs/date/word/h497000/data][]
[1789489822.978][2026-09-15 09:30:22][subbas-macbook-air.local][4306][SQLite][debug][9][Cached JSON fetch complete: unbase/index/jobs/date/word/t497000/data][]
[1789489822.978][2026-09-15 09:30:22][subbas-macbook-air.local][4306][SQLite][debug][9][Cached JSON fetch complete: unbase/index/jobs/source/word/scheduler/data][]
[1789489822.978][2026-09-15 09:30:22][subbas-macbook-air.local][4306][SQLite][debug][9][Cached JSON fetch complete: unbase/index/jobs/tags/word/_success/data][]
[1789489822.978][2026-09-15 09:30:22][subbas-macbook-air.local][4306][SQLite][debug][9][Cached JSON fetch complete: unbase/index/jobs/tags/word/_last/data][]
[1789489822.978][2026-09-15 09:30:22][subbas-macbook-air.local][4306][SQLite][debug][9][Cached JSON fetch complete: unbase/index/jobs/event/word/emu2sckyhuzou1hh/data][]
[1789489822.978][2026-09-15 09:30:22][subbas-macbook-air.local][4306][SQLite][debug][9][Cached JSON fetch complete: unbase/index/jobs/category/word/general/data][]
[1789489822.978][2026-09-15 09:30:22][subbas-macbook-air.local][4306][SQLite][debug][9][Cached JSON fetch complete: unbase/index/jobs/plugin/word/shellplug/data][]
[1789489822.978][2026-09-15 09:30:22][subbas-macbook-air.local][4306][SQLite][debug][9][Cached JSON fetch complete: unbase/index/jobs/server/word/smu2svkrvihxgeos/data][]
[1789489822.978][2026-09-15 09:30:22][subbas-macbook-air.local][4306][SQLite][debug][9][Cached JSON fetch complete: unbase/index/jobs/groups/word/main/data][]
[1789489822.979][2026-09-15 09:30:22][subbas-macbook-air.local][4306][SQLite][debug][9][Cached JSON fetch complete: unbase/index/jobs/completed/sort][]
[1789489822.98][2026-09-15 09:30:22][subbas-macbook-air.local][4306][SQLite][debug][9][Cached JSON fetch complete: unbase/index/jobs/elapsed/sort][]
[1789489822.98][2026-09-15 09:30:22][subbas-macbook-air.local][4306][SQLite][debug][9][Cached JSON fetch complete: unbase/index/jobs/completed/sort/data][]
[1789489822.98][2026-09-15 09:30:22][subbas-macbook-air.local][4306][SQLite][debug][9][Cached JSON fetch complete: unbase/index/jobs/elapsed/sort/data][]
[1789489822.98][2026-09-15 09:30:22][subbas-macbook-air.local][4306][SQLite][debug][5][Beginning transaction commit: 375][{"path":"unbase/index/jobs","actions":32}]
[1789489822.981][2026-09-15 09:30:22][subbas-macbook-air.local][4306][SQLite][debug][5][Transaction commit complete: 375][{"path":"unbase/index/jobs"}]
[1789489823.04][2026-09-15 09:30:23][subbas-macbook-air.local][4306][SQLite][debug][9][Storing SQLite JSON Object: global/state][]
[1789489823.04][2026-09-15 09:30:23][subbas-macbook-air.local][4306][SQLite][debug][9][Store complete: global/state][]
[1789489831.494][2026-09-15 09:30:31][subbas-macbook-air.local][4306][SQLite][debug][9][Cached JSON fetch complete: sessions/8397ca50eb4879dce3d919e8099169f80bc7650ee26249f4066858e5526e7d4a][]
[1789489831.495][2026-09-15 09:30:31][subbas-macbook-air.local][4306][SQLite][debug][9][Cached JSON fetch complete: users/admin][]
[1789489831.502][2026-09-15 09:30:31][subbas-macbook-air.local][4306][SQLite][debug][9][Cached JSON fetch complete: global/events][]
[1789489831.503][2026-09-15 09:30:31][subbas-macbook-air.local][4306][SQLite][debug][9][Cached JSON fetch complete: global/events/0][]
[1789489831.505][2026-09-15 09:30:31][subbas-macbook-air.local][4306][SQLite][debug][9][Cached JSON fetch complete: global/events][]
[1789489831.505][2026-09-15 09:30:31][subbas-macbook-air.local][4306][SQLite][debug][9][Cached JSON fetch complete: global/events/0][]
[1789489831.506][2026-09-15 09:30:31][subbas-macbook-air.local][4306][SQLite][debug][5][Beginning transaction commit: 376][{"path":"global/events","actions":2}]
[1789489831.507][2026-09-15 09:30:31][subbas-macbook-air.local][4306][SQLite][debug][5][Transaction commit complete: 376][{"path":"global/events"}]
[1789489831.512][2026-09-15 09:30:31][subbas-macbook-air.local][4306][SQLite][debug][9][Storing SQLite JSON Object: unbase/records/activity/amu2w1izaq7wjc0s][]
[1789489831.513][2026-09-15 09:30:31][subbas-macbook-air.local][4306][SQLite][debug][9][Store complete: unbase/records/activity/amu2w1izaq7wjc0s][]
[1789489831.513][2026-09-15 09:30:31][subbas-macbook-air.local][4306][SQLite][debug][9][Fetching SQLite Object: unbase/index/activity/_data/amu2w1izaq7wjc0s][]
[1789489831.515][2026-09-15 09:30:31][subbas-macbook-air.local][4306][SQLite][debug][9][Cached JSON fetch complete: unbase/index/activity/_id][]
[1789489831.515][2026-09-15 09:30:31][subbas-macbook-air.local][4306][SQLite][debug][9][Cached JSON fetch complete: unbase/index/activity/_id/data][]
[1789489831.517][2026-09-15 09:30:31][subbas-macbook-air.local][4306][SQLite][debug][9][Fetching SQLite Object: unbase/index/activity/keywords/word/emu2sckyhuzou1hh][]
[1789489831.518][2026-09-15 09:30:31][subbas-macbook-air.local][4306][SQLite][debug][9][Fetching SQLite Object: unbase/index/activity/date/word/497080][]
[1789489831.518][2026-09-15 09:30:31][subbas-macbook-air.local][4306][SQLite][debug][9][Cached JSON fetch complete: unbase/index/activity/action/word/event_update][]
[1789489831.519][2026-09-15 09:30:31][subbas-macbook-air.local][4306][SQLite][debug][9][Cached JSON fetch complete: unbase/index/activity/keywords/word/1][]
[1789489831.519][2026-09-15 09:30:31][subbas-macbook-air.local][4306][SQLite][debug][9][JSON fetch complete: unbase/index/activity/keywords/word/emu2sckyhuzou1hh][]
[1789489831.519][2026-09-15 09:30:31][subbas-macbook-air.local][4306][SQLite][debug][9][Fetching SQLite Object: unbase/index/activity/keywords/word/emu2sckyhuzou1hh/data][]
[1789489831.519][2026-09-15 09:30:31][subbas-macbook-air.local][4306][SQLite][debug][9][Cached JSON fetch complete: unbase/index/activity/keywords/word/admin][]
[1789489831.519][2026-09-15 09:30:31][subbas-macbook-air.local][4306][SQLite][debug][9][Cached JSON fetch complete: unbase/index/activity/date/summary][]
[1789489831.519][2026-09-15 09:30:31][subbas-macbook-air.local][4306][SQLite][debug][9][Cached JSON fetch complete: unbase/index/activity/date/word/h497000][]
[1789489831.519][2026-09-15 09:30:31][subbas-macbook-air.local][4306][SQLite][debug][9][Cached JSON fetch complete: unbase/index/activity/date/word/t497000][]
[1789489831.519][2026-09-15 09:30:31][subbas-macbook-air.local][4306][SQLite][debug][9][Cached JSON fetch complete: unbase/index/activity/action/word/event_update/data][]
[1789489831.519][2026-09-15 09:30:31][subbas-macbook-air.local][4306][SQLite][debug][9][Cached JSON fetch complete: unbase/index/activity/keywords/word/1/data][]
[1789489831.519][2026-09-15 09:30:31][subbas-macbook-air.local][4306][SQLite][debug][9][JSON fetch complete: unbase/index/activity/keywords/word/emu2sckyhuzou1hh/data][]
[1789489831.52][2026-09-15 09:30:31][subbas-macbook-air.local][4306][SQLite][debug][9][Cached JSON fetch complete: unbase/index/activity/keywords/word/admin/data][]
[1789489831.52][2026-09-15 09:30:31][subbas-macbook-air.local][4306][SQLite][debug][9][Cached JSON fetch complete: unbase/index/activity/date/word/h497000/data][]
[1789489831.52][2026-09-15 09:30:31][subbas-macbook-air.local][4306][SQLite][debug][9][Cached JSON fetch complete: unbase/index/activity/date/word/t497000/data][]
[1789489831.525][2026-09-15 09:30:31][subbas-macbook-air.local][4306][SQLite][debug][5][Beginning transaction commit: 377][{"path":"unbase/index/activity","actions":18}]
[1789489831.525][2026-09-15 09:30:31][subbas-macbook-air.local][4306][SQLite][debug][5][Transaction commit complete: 377][{"path":"unbase/index/activity"}]
[1789489863.497][2026-09-15 09:31:03][subbas-macbook-air.local][4306][SQLite][debug][9][Cached JSON fetch complete: hosts/smu2svkrvihxgeos/data][]
[1789489863.5][2026-09-15 09:31:03][subbas-macbook-air.local][4306][SQLite][debug][9][Cached JSON fetch complete: timeline/smu2svkrvihxgeos/hourly][]
[1789489863.5][2026-09-15 09:31:03][subbas-macbook-air.local][4306][SQLite][debug][9][Cached JSON fetch complete: timeline/smu2svkrvihxgeos/hourly][]
[1789489863.502][2026-09-15 09:31:03][subbas-macbook-air.local][4306][SQLite][debug][9][Cached JSON fetch complete: timeline/smu2svkrvihxgeos/hourly/0][]
[1789489863.503][2026-09-15 09:31:03][subbas-macbook-air.local][4306][SQLite][debug][9][Cached JSON fetch complete: timeline/smu2svkrvihxgeos/hourly][]
[1789489863.504][2026-09-15 09:31:03][subbas-macbook-air.local][4306][SQLite][debug][9][Cached JSON fetch complete: timeline/smu2svkrvihxgeos/hourly/0][]
[1789489863.506][2026-09-15 09:31:03][subbas-macbook-air.local][4306][SQLite][debug][5][Beginning transaction commit: 378][{"path":"timeline/smu2svkrvihxgeos/hourly","actions":2}]
[1789489863.508][2026-09-15 09:31:03][subbas-macbook-air.local][4306][SQLite][debug][5][Transaction commit complete: 378][{"path":"timeline/smu2svkrvihxgeos/hourly"}]
[1789489863.509][2026-09-15 09:31:03][subbas-macbook-air.local][4306][SQLite][debug][9][Cached JSON fetch complete: timeline/smu2svkrvihxgeos/daily][]
[1789489863.509][2026-09-15 09:31:03][subbas-macbook-air.local][4306][SQLite][debug][9][Cached JSON fetch complete: timeline/smu2svkrvihxgeos/daily][]
[1789489863.51][2026-09-15 09:31:03][subbas-macbook-air.local][4306][SQLite][debug][9][Cached JSON fetch complete: timeline/smu2svkrvihxgeos/daily/0][]
[1789489863.51][2026-09-15 09:31:03][subbas-macbook-air.local][4306][SQLite][debug][9][Cached JSON fetch complete: timeline/smu2svkrvihxgeos/daily][]
[1789489863.511][2026-09-15 09:31:03][subbas-macbook-air.local][4306][SQLite][debug][9][Cached JSON fetch complete: timeline/smu2svkrvihxgeos/daily/0][]
[1789489863.511][2026-09-15 09:31:03][subbas-macbook-air.local][4306][SQLite][debug][5][Beginning transaction commit: 379][{"path":"timeline/smu2svkrvihxgeos/daily","actions":2}]
[1789489863.512][2026-09-15 09:31:03][subbas-macbook-air.local][4306][SQLite][debug][5][Transaction commit complete: 379][{"path":"timeline/smu2svkrvihxgeos/daily"}]
[1789489863.512][2026-09-15 09:31:03][subbas-macbook-air.local][4306][SQLite][debug][9][Cached JSON fetch complete: timeline/smu2svkrvihxgeos/monthly][]
[1789489863.513][2026-09-15 09:31:03][subbas-macbook-air.local][4306][SQLite][debug][9][Cached JSON fetch complete: timeline/smu2svkrvihxgeos/monthly][]
[1789489863.513][2026-09-15 09:31:03][subbas-macbook-air.local][4306][SQLite][debug][9][Cached JSON fetch complete: timeline/smu2svkrvihxgeos/monthly/0][]
[1789489863.513][2026-09-15 09:31:03][subbas-macbook-air.local][4306][SQLite][debug][9][Cached JSON fetch complete: timeline/smu2svkrvihxgeos/monthly][]
[1789489863.513][2026-09-15 09:31:03][subbas-macbook-air.local][4306][SQLite][debug][9][Cached JSON fetch complete: timeline/smu2svkrvihxgeos/monthly/0][]
[1789489863.514][2026-09-15 09:31:03][subbas-macbook-air.local][4306][SQLite][debug][5][Beginning transaction commit: 380][{"path":"timeline/smu2svkrvihxgeos/monthly","actions":2}]
[1789489863.514][2026-09-15 09:31:03][subbas-macbook-air.local][4306][SQLite][debug][5][Transaction commit complete: 380][{"path":"timeline/smu2svkrvihxgeos/monthly"}]
[1789489863.514][2026-09-15 09:31:03][subbas-macbook-air.local][4306][SQLite][debug][9][Cached JSON fetch complete: timeline/smu2svkrvihxgeos/yearly][]
[1789489863.515][2026-09-15 09:31:03][subbas-macbook-air.local][4306][SQLite][debug][9][Cached JSON fetch complete: timeline/smu2svkrvihxgeos/yearly][]
[1789489863.515][2026-09-15 09:31:03][subbas-macbook-air.local][4306][SQLite][debug][9][Cached JSON fetch complete: timeline/smu2svkrvihxgeos/yearly/0][]
[1789489863.515][2026-09-15 09:31:03][subbas-macbook-air.local][4306][SQLite][debug][9][Cached JSON fetch complete: timeline/smu2svkrvihxgeos/yearly][]
[1789489863.515][2026-09-15 09:31:03][subbas-macbook-air.local][4306][SQLite][debug][9][Cached JSON fetch complete: timeline/smu2svkrvihxgeos/yearly/0][]
[1789489863.516][2026-09-15 09:31:03][subbas-macbook-air.local][4306][SQLite][debug][5][Beginning transaction commit: 381][{"path":"timeline/smu2svkrvihxgeos/yearly","actions":2}]
[1789489863.516][2026-09-15 09:31:03][subbas-macbook-air.local][4306][SQLite][debug][5][Transaction commit complete: 381][{"path":"timeline/smu2svkrvihxgeos/yearly"}]
[1789489863.516][2026-09-15 09:31:03][subbas-macbook-air.local][4306][SQLite][debug][9][Storing SQLite JSON Object: hosts/smu2svkrvihxgeos/data][]
[1789489863.519][2026-09-15 09:31:03][subbas-macbook-air.local][4306][SQLite][debug][9][Store complete: hosts/smu2svkrvihxgeos/data][]
[1789489864.42][2026-09-15 09:31:04][subbas-macbook-air.local][4306][SQLite][debug][9][Cached JSON fetch complete: sessions/8397ca50eb4879dce3d919e8099169f80bc7650ee26249f4066858e5526e7d4a][]
[1789489864.42][2026-09-15 09:31:04][subbas-macbook-air.local][4306][SQLite][debug][9][Cached JSON fetch complete: users/admin][]
[1789489864.424][2026-09-15 09:31:04][subbas-macbook-air.local][4306][SQLite][debug][9][Cached JSON fetch complete: unbase/index/activity/_id/data][]
[1789489864.43][2026-09-15 09:31:04][subbas-macbook-air.local][4306][SQLite][debug][9][Cached JSON fetch complete: unbase/records/activity/amu2w1izaq7wjc0s][]
[1789489864.431][2026-09-15 09:31:04][subbas-macbook-air.local][4306][SQLite][debug][9][Cached JSON fetch complete: unbase/records/activity/amu2ubdi9q1m3uut][]
[1789489864.431][2026-09-15 09:31:04][subbas-macbook-air.local][4306][SQLite][debug][9][Cached JSON fetch complete: unbase/records/activity/amu2ubc85pt6v747][]
[1789489864.431][2026-09-15 09:31:04][subbas-macbook-air.local][4306][SQLite][debug][9][Cached JSON fetch complete: unbase/records/activity/amu2tpn1ugayxfy1][]
[1789489864.431][2026-09-15 09:31:04][subbas-macbook-air.local][4306][SQLite][debug][9][Cached JSON fetch complete: unbase/records/activity/amu2t3vrm2x3zm90][]
[1789489864.431][2026-09-15 09:31:04][subbas-macbook-air.local][4306][SQLite][debug][9][Cached JSON fetch complete: unbase/records/activity/amu2swi18zgxrwmu][]
[1789489864.432][2026-09-15 09:31:04][subbas-macbook-air.local][4306][SQLite][debug][9][Cached JSON fetch complete: unbase/records/activity/amu2svlnglic5kdn][]
[1789489864.432][2026-09-15 09:31:04][subbas-macbook-air.local][4306][SQLite][debug][9][Cached JSON fetch complete: unbase/records/activity/amu2sckyyv0g8f3x][]
[1789489864.432][2026-09-15 09:31:04][subbas-macbook-air.local][4306][SQLite][debug][9][Cached JSON fetch complete: unbase/records/activity/amu2s6coztc7pcrn][]
[1789489864.433][2026-09-15 09:31:04][subbas-macbook-air.local][4306][SQLite][debug][9][Cached JSON fetch complete: unbase/records/activity/amu2s58b6sq2bmlf][]
[1789489864.433][2026-09-15 09:31:04][subbas-macbook-air.local][4306][SQLite][debug][9][Cached JSON fetch complete: unbase/records/activity/amu2s497fmf8eild][]
[1789489864.433][2026-09-15 09:31:04][subbas-macbook-air.local][4306][SQLite][debug][9][Cached JSON fetch complete: unbase/records/activity/amu2s497fmeivniv][]
[1789489864.433][2026-09-15 09:31:04][subbas-macbook-air.local][4306][SQLite][debug][9][Cached JSON fetch complete: unbase/records/activity/amu2s497fmddtq57][]
[1789489864.434][2026-09-15 09:31:04][subbas-macbook-air.local][4306][SQLite][debug][9][Cached JSON fetch complete: unbase/records/activity/amu2s497fmcopdxo][]
[1789489864.434][2026-09-15 09:31:04][subbas-macbook-air.local][4306][SQLite][debug][9][Cached JSON fetch complete: unbase/records/activity/amu2s497fmbg8eld][]
[1789489864.434][2026-09-15 09:31:04][subbas-macbook-air.local][4306][SQLite][debug][9][Cached JSON fetch complete: unbase/records/activity/amu2s497fma2iov9][]
[1789489864.434][2026-09-15 09:31:04][subbas-macbook-air.local][4306][SQLite][debug][9][Cached JSON fetch complete: unbase/records/activity/amu2s497fm9c5edf][]
[1789489864.434][2026-09-15 09:31:04][subbas-macbook-air.local][4306][SQLite][debug][9][Cached JSON fetch complete: unbase/records/activity/amu2s497fm8d46zf][]
[1789489864.434][2026-09-15 09:31:04][subbas-macbook-air.local][4306][SQLite][debug][9][Cached JSON fetch complete: unbase/records/activity/amu2s497fm7kvww4][]
[1789489864.434][2026-09-15 09:31:04][subbas-macbook-air.local][4306][SQLite][debug][9][Cached JSON fetch complete: unbase/records/activity/amu2s497fm6jkwwd][]
[1789489864.434][2026-09-15 09:31:04][subbas-macbook-air.local][4306][SQLite][debug][9][Cached JSON fetch complete: unbase/records/activity/amu2s497fm51spkq][]
[1789489864.434][2026-09-15 09:31:04][subbas-macbook-air.local][4306][SQLite][debug][9][Cached JSON fetch complete: unbase/records/activity/amu2s497fm4c6eok][]
[1789489864.435][2026-09-15 09:31:04][subbas-macbook-air.local][4306][SQLite][debug][9][Cached JSON fetch complete: unbase/records/activity/amu2s497fm3esz0g][]
[1789489864.435][2026-09-15 09:31:04][subbas-macbook-air.local][4306][SQLite][debug][9][Cached JSON fetch complete: unbase/records/activity/amu2s497fm2ug4sf][]
[1789489864.435][2026-09-15 09:31:04][subbas-macbook-air.local][4306][SQLite][debug][9][Cached JSON fetch complete: unbase/records/activity/amu2s497fm1sneqy][]
[1789489864.435][2026-09-15 09:31:04][subbas-macbook-air.local][4306][SQLite][debug][9][Cached JSON fetch complete: unbase/records/activity/amu2s497fm02tu72][]
[1789489864.435][2026-09-15 09:31:04][subbas-macbook-air.local][4306][SQLite][debug][9][Cached JSON fetch complete: unbase/records/activity/amu2s497flzp3rmb][]
[1789489864.435][2026-09-15 09:31:04][subbas-macbook-air.local][4306][SQLite][debug][9][Cached JSON fetch complete: unbase/records/activity/amu2s497flywfju7][]
[1789489864.437][2026-09-15 09:31:04][subbas-macbook-air.local][4306][SQLite][debug][9][Cached JSON fetch complete: unbase/records/activity/amu2s497flxb29rc][]
[1789489864.437][2026-09-15 09:31:04][subbas-macbook-air.local][4306][SQLite][debug][9][Cached JSON fetch complete: unbase/records/activity/amu2s497flwmzv28][]
[1789489864.437][2026-09-15 09:31:04][subbas-macbook-air.local][4306][SQLite][debug][9][Cached JSON fetch complete: unbase/records/activity/amu2s497elvgcu0d][]
[1789489864.438][2026-09-15 09:31:04][subbas-macbook-air.local][4306][SQLite][debug][9][Cached JSON fetch complete: unbase/records/activity/amu2s497elu9vnfc][]
[1789489864.438][2026-09-15 09:31:04][subbas-macbook-air.local][4306][SQLite][debug][9][Cached JSON fetch complete: unbase/records/activity/amu2s497eltf38a7][]
[1789489864.438][2026-09-15 09:31:04][subbas-macbook-air.local][4306][SQLite][debug][9][Cached JSON fetch complete: unbase/records/activity/amu2s497elsb4fn3][]
[1789489864.438][2026-09-15 09:31:04][subbas-macbook-air.local][4306][SQLite][debug][9][Cached JSON fetch complete: unbase/records/activity/amu2s497elrhwjet][]
[1789489864.438][2026-09-15 09:31:04][subbas-macbook-air.local][4306][SQLite][debug][9][Cached JSON fetch complete: unbase/records/activity/amu2s497elqn38yh][]
[1789489864.438][2026-09-15 09:31:04][subbas-macbook-air.local][4306][SQLite][debug][9][Cached JSON fetch complete: unbase/records/activity/amu2s497elpgec33][]
[1789489864.438][2026-09-15 09:31:04][subbas-macbook-air.local][4306][SQLite][debug][9][Cached JSON fetch complete: unbase/records/activity/amu2s497elofrsly][]
[1789489864.438][2026-09-15 09:31:04][subbas-macbook-air.local][4306][SQLite][debug][9][Cached JSON fetch complete: unbase/records/activity/amu2s497elnffa41][]
[1789489864.439][2026-09-15 09:31:04][subbas-macbook-air.local][4306][SQLite][debug][9][Cached JSON fetch complete: unbase/records/activity/amu2s497elm1px8f][]
[1789489864.439][2026-09-15 09:31:04][subbas-macbook-air.local][4306][SQLite][debug][9][Cached JSON fetch complete: unbase/records/activity/amu2s497ell06e25][]
[1789489864.439][2026-09-15 09:31:04][subbas-macbook-air.local][4306][SQLite][debug][9][Cached JSON fetch complete: unbase/records/activity/amu2s497elk64n42][]
[1789489881.673][2026-09-15 09:31:21][subbas-macbook-air.local][4306][SQLite][debug][9][Cached JSON fetch complete: sessions/8397ca50eb4879dce3d919e8099169f80bc7650ee26249f4066858e5526e7d4a][]
[1789489881.673][2026-09-15 09:31:21][subbas-macbook-air.local][4306][SQLite][debug][9][Cached JSON fetch complete: users/admin][]
[1789489882.734][2026-09-15 09:31:22][subbas-macbook-air.local][4306][SQLite][debug][9][Cached JSON fetch complete: sessions/8397ca50eb4879dce3d919e8099169f80bc7650ee26249f4066858e5526e7d4a][]
[1789489882.734][2026-09-15 09:31:22][subbas-macbook-air.local][4306][SQLite][debug][9][Cached JSON fetch complete: users/admin][]
[1789489923.45][2026-09-15 09:32:03][subbas-macbook-air.local][4306][SQLite][debug][9][Cached JSON fetch complete: hosts/smu2svkrvihxgeos/data][]
[1789489923.452][2026-09-15 09:32:03][subbas-macbook-air.local][4306][SQLite][debug][9][Cached JSON fetch complete: timeline/smu2svkrvihxgeos/hourly][]
[1789489923.453][2026-09-15 09:32:03][subbas-macbook-air.local][4306][SQLite][debug][9][Cached JSON fetch complete: timeline/smu2svkrvihxgeos/hourly][]
[1789489923.454][2026-09-15 09:32:03][subbas-macbook-air.local][4306][SQLite][debug][9][Cached JSON fetch complete: timeline/smu2svkrvihxgeos/hourly/0][]
[1789489923.455][2026-09-15 09:32:03][subbas-macbook-air.local][4306][SQLite][debug][9][Cached JSON fetch complete: timeline/smu2svkrvihxgeos/hourly][]
[1789489923.455][2026-09-15 09:32:03][subbas-macbook-air.local][4306][SQLite][debug][9][Cached JSON fetch complete: timeline/smu2svkrvihxgeos/hourly/0][]
[1789489923.456][2026-09-15 09:32:03][subbas-macbook-air.local][4306][SQLite][debug][5][Beginning transaction commit: 382][{"path":"timeline/smu2svkrvihxgeos/hourly","actions":2}]
[1789489923.458][2026-09-15 09:32:03][subbas-macbook-air.local][4306][SQLite][debug][5][Transaction commit complete: 382][{"path":"timeline/smu2svkrvihxgeos/hourly"}]
[1789489923.46][2026-09-15 09:32:03][subbas-macbook-air.local][4306][SQLite][debug][9][Cached JSON fetch complete: timeline/smu2svkrvihxgeos/daily][]
[1789489923.46][2026-09-15 09:32:03][subbas-macbook-air.local][4306][SQLite][debug][9][Cached JSON fetch complete: timeline/smu2svkrvihxgeos/daily][]
[1789489923.46][2026-09-15 09:32:03][subbas-macbook-air.local][4306][SQLite][debug][9][Cached JSON fetch complete: timeline/smu2svkrvihxgeos/daily/0][]
[1789489923.461][2026-09-15 09:32:03][subbas-macbook-air.local][4306][SQLite][debug][9][Cached JSON fetch complete: timeline/smu2svkrvihxgeos/daily][]
[1789489923.461][2026-09-15 09:32:03][subbas-macbook-air.local][4306][SQLite][debug][9][Cached JSON fetch complete: timeline/smu2svkrvihxgeos/daily/0][]
[1789489923.462][2026-09-15 09:32:03][subbas-macbook-air.local][4306][SQLite][debug][5][Beginning transaction commit: 383][{"path":"timeline/smu2svkrvihxgeos/daily","actions":2}]
[1789489923.463][2026-09-15 09:32:03][subbas-macbook-air.local][4306][SQLite][debug][5][Transaction commit complete: 383][{"path":"timeline/smu2svkrvihxgeos/daily"}]
[1789489923.463][2026-09-15 09:32:03][subbas-macbook-air.local][4306][SQLite][debug][9][Cached JSON fetch complete: timeline/smu2svkrvihxgeos/monthly][]
[1789489923.464][2026-09-15 09:32:03][subbas-macbook-air.local][4306][SQLite][debug][9][Cached JSON fetch complete: timeline/smu2svkrvihxgeos/monthly][]
[1789489923.464][2026-09-15 09:32:03][subbas-macbook-air.local][4306][SQLite][debug][9][Cached JSON fetch complete: timeline/smu2svkrvihxgeos/monthly/0][]
[1789489923.464][2026-09-15 09:32:03][subbas-macbook-air.local][4306][SQLite][debug][9][Cached JSON fetch complete: timeline/smu2svkrvihxgeos/monthly][]
[1789489923.464][2026-09-15 09:32:03][subbas-macbook-air.local][4306][SQLite][debug][9][Cached JSON fetch complete: timeline/smu2svkrvihxgeos/monthly/0][]
[1789489923.466][2026-09-15 09:32:03][subbas-macbook-air.local][4306][SQLite][debug][5][Beginning transaction commit: 384][{"path":"timeline/smu2svkrvihxgeos/monthly","actions":2}]
[1789489923.466][2026-09-15 09:32:03][subbas-macbook-air.local][4306][SQLite][debug][5][Transaction commit complete: 384][{"path":"timeline/smu2svkrvihxgeos/monthly"}]
[1789489923.466][2026-09-15 09:32:03][subbas-macbook-air.local][4306][SQLite][debug][9][Cached JSON fetch complete: timeline/smu2svkrvihxgeos/yearly][]
[1789489923.467][2026-09-15 09:32:03][subbas-macbook-air.local][4306][SQLite][debug][9][Cached JSON fetch complete: timeline/smu2svkrvihxgeos/yearly][]
[1789489923.467][2026-09-15 09:32:03][subbas-macbook-air.local][4306][SQLite][debug][9][Cached JSON fetch complete: timeline/smu2svkrvihxgeos/yearly/0][]
[1789489923.467][2026-09-15 09:32:03][subbas-macbook-air.local][4306][SQLite][debug][9][Cached JSON fetch complete: timeline/smu2svkrvihxgeos/yearly][]
[1789489923.467][2026-09-15 09:32:03][subbas-macbook-air.local][4306][SQLite][debug][9][Cached JSON fetch complete: timeline/smu2svkrvihxgeos/yearly/0][]
[1789489923.468][2026-09-15 09:32:03][subbas-macbook-air.local][4306][SQLite][debug][5][Beginning transaction commit: 385][{"path":"timeline/smu2svkrvihxgeos/yearly","actions":2}]
[1789489923.468][2026-09-15 09:32:03][subbas-macbook-air.local][4306][SQLite][debug][5][Transaction commit complete: 385][{"path":"timeline/smu2svkrvihxgeos/yearly"}]
[1789489923.469][2026-09-15 09:32:03][subbas-macbook-air.local][4306][SQLite][debug][9][Storing SQLite JSON Object: hosts/smu2svkrvihxgeos/data][]
[1789489923.472][2026-09-15 09:32:03][subbas-macbook-air.local][4306][SQLite][debug][9][Store complete: hosts/smu2svkrvihxgeos/data][]
[1789489954.298][2026-09-15 09:32:34][subbas-macbook-air.local][4306][SQLite][debug][9][Cached JSON fetch complete: sessions/8397ca50eb4879dce3d919e8099169f80bc7650ee26249f4066858e5526e7d4a][]
[1789489954.298][2026-09-15 09:32:34][subbas-macbook-air.local][4306][SQLite][debug][9][Cached JSON fetch complete: users/admin][]
[1789489954.3][2026-09-15 09:32:34][subbas-macbook-air.local][4306][SQLite][debug][9][Cached JSON fetch complete: hosts/smu2svkrvihxgeos/data][]
[1789489954.382][2026-09-15 09:32:34][subbas-macbook-air.local][4306][SQLite][debug][9][Cached JSON fetch complete: sessions/8397ca50eb4879dce3d919e8099169f80bc7650ee26249f4066858e5526e7d4a][]
[1789489954.382][2026-09-15 09:32:34][subbas-macbook-air.local][4306][SQLite][debug][9][Cached JSON fetch complete: users/admin][]
[1789489954.385][2026-09-15 09:32:34][subbas-macbook-air.local][4306][SQLite][debug][9][Cached JSON fetch complete: hosts/smu2svkrvihxgeos/data][]
[1789489954.386][2026-09-15 09:32:34][subbas-macbook-air.local][4306][SQLite][debug][9][Cached JSON fetch complete: timeline/smu2svkrvihxgeos/hourly][]
[1789489954.386][2026-09-15 09:32:34][subbas-macbook-air.local][4306][SQLite][debug][9][Cached JSON fetch complete: timeline/smu2svkrvihxgeos/hourly/0][]
[1789489954.402][2026-09-15 09:32:34][subbas-macbook-air.local][4306][SQLite][debug][9][Cached JSON fetch complete: sessions/8397ca50eb4879dce3d919e8099169f80bc7650ee26249f4066858e5526e7d4a][]
[1789489954.403][2026-09-15 09:32:34][subbas-macbook-air.local][4306][SQLite][debug][9][Cached JSON fetch complete: users/admin][]
[1789489954.403][2026-09-15 09:32:34][subbas-macbook-air.local][4306][SQLite][debug][9][Cached JSON fetch complete: global/stats][]
[1789489954.403][2026-09-15 09:32:34][subbas-macbook-air.local][4306][SQLite][debug][9][Cached JSON fetch complete: global/stats/0][]
[1789489954.407][2026-09-15 09:32:34][subbas-macbook-air.local][4306][SQLite][debug][9][Cached JSON fetch complete: sessions/8397ca50eb4879dce3d919e8099169f80bc7650ee26249f4066858e5526e7d4a][]
[1789489954.407][2026-09-15 09:32:34][subbas-macbook-air.local][4306][SQLite][debug][9][Cached JSON fetch complete: users/admin][]
[1789489983.65][2026-09-15 09:33:03][subbas-macbook-air.local][4306][SQLite][debug][9][Cached JSON fetch complete: hosts/smu2svkrvihxgeos/data][]
[1789489983.653][2026-09-15 09:33:03][subbas-macbook-air.local][4306][SQLite][debug][9][Cached JSON fetch complete: timeline/smu2svkrvihxgeos/hourly][]
[1789489983.653][2026-09-15 09:33:03][subbas-macbook-air.local][4306][SQLite][debug][9][Cached JSON fetch complete: timeline/smu2svkrvihxgeos/hourly][]
[1789489983.656][2026-09-15 09:33:03][subbas-macbook-air.local][4306][SQLite][debug][9][Cached JSON fetch complete: timeline/smu2svkrvihxgeos/hourly/0][]
[1789489983.657][2026-09-15 09:33:03][subbas-macbook-air.local][4306][SQLite][debug][9][Cached JSON fetch complete: timeline/smu2svkrvihxgeos/hourly][]
[1789489983.657][2026-09-15 09:33:03][subbas-macbook-air.local][4306][SQLite][debug][9][Cached JSON fetch complete: timeline/smu2svkrvihxgeos/hourly/0][]
[1789489983.659][2026-09-15 09:33:03][subbas-macbook-air.local][4306][SQLite][debug][5][Beginning transaction commit: 386][{"path":"timeline/smu2svkrvihxgeos/hourly","actions":2}]
[1789489983.66][2026-09-15 09:33:03][subbas-macbook-air.local][4306][SQLite][debug][5][Transaction commit complete: 386][{"path":"timeline/smu2svkrvihxgeos/hourly"}]
[1789489983.661][2026-09-15 09:33:03][subbas-macbook-air.local][4306][SQLite][debug][9][Cached JSON fetch complete: timeline/smu2svkrvihxgeos/daily][]
[1789489983.661][2026-09-15 09:33:03][subbas-macbook-air.local][4306][SQLite][debug][9][Cached JSON fetch complete: timeline/smu2svkrvihxgeos/daily][]
[1789489983.661][2026-09-15 09:33:03][subbas-macbook-air.local][4306][SQLite][debug][9][Cached JSON fetch complete: timeline/smu2svkrvihxgeos/daily/0][]
[1789489983.661][2026-09-15 09:33:03][subbas-macbook-air.local][4306][SQLite][debug][9][Cached JSON fetch complete: timeline/smu2svkrvihxgeos/daily][]
[1789489983.661][2026-09-15 09:33:03][subbas-macbook-air.local][4306][SQLite][debug][9][Cached JSON fetch complete: timeline/smu2svkrvihxgeos/daily/0][]
[1789489983.662][2026-09-15 09:33:03][subbas-macbook-air.local][4306][SQLite][debug][5][Beginning transaction commit: 387][{"path":"timeline/smu2svkrvihxgeos/daily","actions":2}]
[1789489983.663][2026-09-15 09:33:03][subbas-macbook-air.local][4306][SQLite][debug][5][Transaction commit complete: 387][{"path":"timeline/smu2svkrvihxgeos/daily"}]
[1789489983.663][2026-09-15 09:33:03][subbas-macbook-air.local][4306][SQLite][debug][9][Cached JSON fetch complete: timeline/smu2svkrvihxgeos/monthly][]
[1789489983.663][2026-09-15 09:33:03][subbas-macbook-air.local][4306][SQLite][debug][9][Cached JSON fetch complete: timeline/smu2svkrvihxgeos/monthly][]
[1789489983.663][2026-09-15 09:33:03][subbas-macbook-air.local][4306][SQLite][debug][9][Cached JSON fetch complete: timeline/smu2svkrvihxgeos/monthly/0][]
[1789489983.664][2026-09-15 09:33:03][subbas-macbook-air.local][4306][SQLite][debug][9][Cached JSON fetch complete: timeline/smu2svkrvihxgeos/monthly][]
[1789489983.664][2026-09-15 09:33:03][subbas-macbook-air.local][4306][SQLite][debug][9][Cached JSON fetch complete: timeline/smu2svkrvihxgeos/monthly/0][]
[1789489983.664][2026-09-15 09:33:03][subbas-macbook-air.local][4306][SQLite][debug][5][Beginning transaction commit: 388][{"path":"timeline/smu2svkrvihxgeos/monthly","actions":2}]
[1789489983.664][2026-09-15 09:33:03][subbas-macbook-air.local][4306][SQLite][debug][5][Transaction commit complete: 388][{"path":"timeline/smu2svkrvihxgeos/monthly"}]
[1789489983.665][2026-09-15 09:33:03][subbas-macbook-air.local][4306][SQLite][debug][9][Cached JSON fetch complete: timeline/smu2svkrvihxgeos/yearly][]
[1789489983.665][2026-09-15 09:33:03][subbas-macbook-air.local][4306][SQLite][debug][9][Cached JSON fetch complete: timeline/smu2svkrvihxgeos/yearly][]
[1789489983.665][2026-09-15 09:33:03][subbas-macbook-air.local][4306][SQLite][debug][9][Cached JSON fetch complete: timeline/smu2svkrvihxgeos/yearly/0][]
[1789489983.665][2026-09-15 09:33:03][subbas-macbook-air.local][4306][SQLite][debug][9][Cached JSON fetch complete: timeline/smu2svkrvihxgeos/yearly][]
[1789489983.665][2026-09-15 09:33:03][subbas-macbook-air.local][4306][SQLite][debug][9][Cached JSON fetch complete: timeline/smu2svkrvihxgeos/yearly/0][]
[1789489983.666][2026-09-15 09:33:03][subbas-macbook-air.local][4306][SQLite][debug][5][Beginning transaction commit: 389][{"path":"timeline/smu2svkrvihxgeos/yearly","actions":2}]
[1789489983.666][2026-09-15 09:33:03][subbas-macbook-air.local][4306][SQLite][debug][5][Transaction commit complete: 389][{"path":"timeline/smu2svkrvihxgeos/yearly"}]
[1789489983.666][2026-09-15 09:33:03][subbas-macbook-air.local][4306][SQLite][debug][9][Storing SQLite JSON Object: hosts/smu2svkrvihxgeos/data][]
[1789489983.669][2026-09-15 09:33:03][subbas-macbook-air.local][4306][SQLite][debug][9][Store complete: hosts/smu2svkrvihxgeos/data][]
[1789490043.472][2026-09-15 09:34:03][subbas-macbook-air.local][4306][SQLite][debug][9][Cached JSON fetch complete: hosts/smu2svkrvihxgeos/data][]
[1789490043.476][2026-09-15 09:34:03][subbas-macbook-air.local][4306][SQLite][debug][9][Cached JSON fetch complete: timeline/smu2svkrvihxgeos/hourly][]
[1789490043.476][2026-09-15 09:34:03][subbas-macbook-air.local][4306][SQLite][debug][9][Cached JSON fetch complete: timeline/smu2svkrvihxgeos/hourly][]
[1789490043.477][2026-09-15 09:34:03][subbas-macbook-air.local][4306][SQLite][debug][9][Cached JSON fetch complete: timeline/smu2svkrvihxgeos/hourly/0][]
[1789490043.479][2026-09-15 09:34:03][subbas-macbook-air.local][4306][SQLite][debug][9][Cached JSON fetch complete: timeline/smu2svkrvihxgeos/hourly][]
[1789490043.479][2026-09-15 09:34:03][subbas-macbook-air.local][4306][SQLite][debug][9][Cached JSON fetch complete: timeline/smu2svkrvihxgeos/hourly/0][]
[1789490043.481][2026-09-15 09:34:03][subbas-macbook-air.local][4306][SQLite][debug][5][Beginning transaction commit: 390][{"path":"timeline/smu2svkrvihxgeos/hourly","actions":2}]
[1789490043.483][2026-09-15 09:34:03][subbas-macbook-air.local][4306][SQLite][debug][5][Transaction commit complete: 390][{"path":"timeline/smu2svkrvihxgeos/hourly"}]
[1789490043.484][2026-09-15 09:34:03][subbas-macbook-air.local][4306][SQLite][debug][9][Cached JSON fetch complete: timeline/smu2svkrvihxgeos/daily][]
[1789490043.484][2026-09-15 09:34:03][subbas-macbook-air.local][4306][SQLite][debug][9][Cached JSON fetch complete: timeline/smu2svkrvihxgeos/daily][]
[1789490043.484][2026-09-15 09:34:03][subbas-macbook-air.local][4306][SQLite][debug][9][Cached JSON fetch complete: timeline/smu2svkrvihxgeos/daily/0][]
[1789490043.485][2026-09-15 09:34:03][subbas-macbook-air.local][4306][SQLite][debug][9][Cached JSON fetch complete: timeline/smu2svkrvihxgeos/daily][]
[1789490043.485][2026-09-15 09:34:03][subbas-macbook-air.local][4306][SQLite][debug][9][Cached JSON fetch complete: timeline/smu2svkrvihxgeos/daily/0][]
[1789490043.486][2026-09-15 09:34:03][subbas-macbook-air.local][4306][SQLite][debug][5][Beginning transaction commit: 391][{"path":"timeline/smu2svkrvihxgeos/daily","actions":2}]
[1789490043.487][2026-09-15 09:34:03][subbas-macbook-air.local][4306][SQLite][debug][5][Transaction commit complete: 391][{"path":"timeline/smu2svkrvihxgeos/daily"}]
[1789490043.487][2026-09-15 09:34:03][subbas-macbook-air.local][4306][SQLite][debug][9][Cached JSON fetch complete: timeline/smu2svkrvihxgeos/monthly][]
[1789490043.488][2026-09-15 09:34:03][subbas-macbook-air.local][4306][SQLite][debug][9][Cached JSON fetch complete: timeline/smu2svkrvihxgeos/monthly][]
[1789490043.488][2026-09-15 09:34:03][subbas-macbook-air.local][4306][SQLite][debug][9][Cached JSON fetch complete: timeline/smu2svkrvihxgeos/monthly/0][]
[1789490043.488][2026-09-15 09:34:03][subbas-macbook-air.local][4306][SQLite][debug][9][Cached JSON fetch complete: timeline/smu2svkrvihxgeos/monthly][]
[1789490043.488][2026-09-15 09:34:03][subbas-macbook-air.local][4306][SQLite][debug][9][Cached JSON fetch complete: timeline/smu2svkrvihxgeos/monthly/0][]
[1789490043.489][2026-09-15 09:34:03][subbas-macbook-air.local][4306][SQLite][debug][5][Beginning transaction commit: 392][{"path":"timeline/smu2svkrvihxgeos/monthly","actions":2}]
[1789490043.489][2026-09-15 09:34:03][subbas-macbook-air.local][4306][SQLite][debug][5][Transaction commit complete: 392][{"path":"timeline/smu2svkrvihxgeos/monthly"}]
[1789490043.49][2026-09-15 09:34:03][subbas-macbook-air.local][4306][SQLite][debug][9][Cached JSON fetch complete: timeline/smu2svkrvihxgeos/yearly][]
[1789490043.49][2026-09-15 09:34:03][subbas-macbook-air.local][4306][SQLite][debug][9][Cached JSON fetch complete: timeline/smu2svkrvihxgeos/yearly][]
[1789490043.49][2026-09-15 09:34:03][subbas-macbook-air.local][4306][SQLite][debug][9][Cached JSON fetch complete: timeline/smu2svkrvihxgeos/yearly/0][]
[1789490043.49][2026-09-15 09:34:03][subbas-macbook-air.local][4306][SQLite][debug][9][Cached JSON fetch complete: timeline/smu2svkrvihxgeos/yearly][]
[1789490043.491][2026-09-15 09:34:03][subbas-macbook-air.local][4306][SQLite][debug][9][Cached JSON fetch complete: timeline/smu2svkrvihxgeos/yearly/0][]
[1789490043.491][2026-09-15 09:34:03][subbas-macbook-air.local][4306][SQLite][debug][5][Beginning transaction commit: 393][{"path":"timeline/smu2svkrvihxgeos/yearly","actions":2}]
[1789490043.491][2026-09-15 09:34:03][subbas-macbook-air.local][4306][SQLite][debug][5][Transaction commit complete: 393][{"path":"timeline/smu2svkrvihxgeos/yearly"}]
[1789490043.491][2026-09-15 09:34:03][subbas-macbook-air.local][4306][SQLite][debug][9][Storing SQLite JSON Object: hosts/smu2svkrvihxgeos/data][]
[1789490043.494][2026-09-15 09:34:03][subbas-macbook-air.local][4306][SQLite][debug][9][Store complete: hosts/smu2svkrvihxgeos/data][]
[1789490103.558][2026-09-15 09:35:03][subbas-macbook-air.local][4306][SQLite][debug][9][Cached JSON fetch complete: hosts/smu2svkrvihxgeos/data][]
[1789490103.562][2026-09-15 09:35:03][subbas-macbook-air.local][4306][SQLite][debug][9][Cached JSON fetch complete: timeline/smu2svkrvihxgeos/hourly][]
[1789490103.564][2026-09-15 09:35:03][subbas-macbook-air.local][4306][SQLite][debug][9][Cached JSON fetch complete: timeline/smu2svkrvihxgeos/hourly][]
[1789490103.565][2026-09-15 09:35:03][subbas-macbook-air.local][4306][SQLite][debug][9][Cached JSON fetch complete: timeline/smu2svkrvihxgeos/hourly/0][]
[1789490103.566][2026-09-15 09:35:03][subbas-macbook-air.local][4306][SQLite][debug][9][Cached JSON fetch complete: timeline/smu2svkrvihxgeos/hourly][]
[1789490103.566][2026-09-15 09:35:03][subbas-macbook-air.local][4306][SQLite][debug][9][Cached JSON fetch complete: timeline/smu2svkrvihxgeos/hourly/0][]
[1789490103.567][2026-09-15 09:35:03][subbas-macbook-air.local][4306][SQLite][debug][5][Beginning transaction commit: 394][{"path":"timeline/smu2svkrvihxgeos/hourly","actions":2}]
[1789490103.568][2026-09-15 09:35:03][subbas-macbook-air.local][4306][SQLite][debug][5][Transaction commit complete: 394][{"path":"timeline/smu2svkrvihxgeos/hourly"}]
[1789490103.569][2026-09-15 09:35:03][subbas-macbook-air.local][4306][SQLite][debug][9][Cached JSON fetch complete: timeline/smu2svkrvihxgeos/daily][]
[1789490103.569][2026-09-15 09:35:03][subbas-macbook-air.local][4306][SQLite][debug][9][Cached JSON fetch complete: timeline/smu2svkrvihxgeos/daily][]
[1789490103.57][2026-09-15 09:35:03][subbas-macbook-air.local][4306][SQLite][debug][9][Cached JSON fetch complete: timeline/smu2svkrvihxgeos/daily/0][]
[1789490103.57][2026-09-15 09:35:03][subbas-macbook-air.local][4306][SQLite][debug][9][Cached JSON fetch complete: timeline/smu2svkrvihxgeos/daily][]
[1789490103.57][2026-09-15 09:35:03][subbas-macbook-air.local][4306][SQLite][debug][9][Cached JSON fetch complete: timeline/smu2svkrvihxgeos/daily/0][]
[1789490103.571][2026-09-15 09:35:03][subbas-macbook-air.local][4306][SQLite][debug][5][Beginning transaction commit: 395][{"path":"timeline/smu2svkrvihxgeos/daily","actions":2}]
[1789490103.571][2026-09-15 09:35:03][subbas-macbook-air.local][4306][SQLite][debug][5][Transaction commit complete: 395][{"path":"timeline/smu2svkrvihxgeos/daily"}]
[1789490103.572][2026-09-15 09:35:03][subbas-macbook-air.local][4306][SQLite][debug][9][Cached JSON fetch complete: timeline/smu2svkrvihxgeos/monthly][]
[1789490103.572][2026-09-15 09:35:03][subbas-macbook-air.local][4306][SQLite][debug][9][Cached JSON fetch complete: timeline/smu2svkrvihxgeos/monthly][]
[1789490103.572][2026-09-15 09:35:03][subbas-macbook-air.local][4306][SQLite][debug][9][Cached JSON fetch complete: timeline/smu2svkrvihxgeos/monthly/0][]
[1789490103.573][2026-09-15 09:35:03][subbas-macbook-air.local][4306][SQLite][debug][9][Cached JSON fetch complete: timeline/smu2svkrvihxgeos/monthly][]
[1789490103.573][2026-09-15 09:35:03][subbas-macbook-air.local][4306][SQLite][debug][9][Cached JSON fetch complete: timeline/smu2svkrvihxgeos/monthly/0][]
[1789490103.574][2026-09-15 09:35:03][subbas-macbook-air.local][4306][SQLite][debug][5][Beginning transaction commit: 396][{"path":"timeline/smu2svkrvihxgeos/monthly","actions":2}]
[1789490103.574][2026-09-15 09:35:03][subbas-macbook-air.local][4306][SQLite][debug][5][Transaction commit complete: 396][{"path":"timeline/smu2svkrvihxgeos/monthly"}]
[1789490103.575][2026-09-15 09:35:03][subbas-macbook-air.local][4306][SQLite][debug][9][Cached JSON fetch complete: timeline/smu2svkrvihxgeos/yearly][]
[1789490103.575][2026-09-15 09:35:03][subbas-macbook-air.local][4306][SQLite][debug][9][Cached JSON fetch complete: timeline/smu2svkrvihxgeos/yearly][]
[1789490103.575][2026-09-15 09:35:03][subbas-macbook-air.local][4306][SQLite][debug][9][Cached JSON fetch complete: timeline/smu2svkrvihxgeos/yearly/0][]
[1789490103.576][2026-09-15 09:35:03][subbas-macbook-air.local][4306][SQLite][debug][9][Cached JSON fetch complete: timeline/smu2svkrvihxgeos/yearly][]
[1789490103.576][2026-09-15 09:35:03][subbas-macbook-air.local][4306][SQLite][debug][9][Cached JSON fetch complete: timeline/smu2svkrvihxgeos/yearly/0][]
[1789490103.576][2026-09-15 09:35:03][subbas-macbook-air.local][4306][SQLite][debug][5][Beginning transaction commit: 397][{"path":"timeline/smu2svkrvihxgeos/yearly","actions":2}]
[1789490103.576][2026-09-15 09:35:03][subbas-macbook-air.local][4306][SQLite][debug][5][Transaction commit complete: 397][{"path":"timeline/smu2svkrvihxgeos/yearly"}]
[1789490103.577][2026-09-15 09:35:03][subbas-macbook-air.local][4306][SQLite][debug][9][Storing SQLite JSON Object: hosts/smu2svkrvihxgeos/data][]
[1789490103.578][2026-09-15 09:35:03][subbas-macbook-air.local][4306][SQLite][debug][9][Store complete: hosts/smu2svkrvihxgeos/data][]
[1789490163.55][2026-09-15 09:36:03][subbas-macbook-air.local][4306][SQLite][debug][9][Cached JSON fetch complete: hosts/smu2svkrvihxgeos/data][]
[1789490163.552][2026-09-15 09:36:03][subbas-macbook-air.local][4306][SQLite][debug][9][Cached JSON fetch complete: timeline/smu2svkrvihxgeos/hourly][]
[1789490163.552][2026-09-15 09:36:03][subbas-macbook-air.local][4306][SQLite][debug][9][Cached JSON fetch complete: timeline/smu2svkrvihxgeos/hourly][]
[1789490163.554][2026-09-15 09:36:03][subbas-macbook-air.local][4306][SQLite][debug][9][Cached JSON fetch complete: timeline/smu2svkrvihxgeos/hourly/0][]
[1789490163.554][2026-09-15 09:36:03][subbas-macbook-air.local][4306][SQLite][debug][9][Cached JSON fetch complete: timeline/smu2svkrvihxgeos/hourly][]
[1789490163.555][2026-09-15 09:36:03][subbas-macbook-air.local][4306][SQLite][debug][9][Cached JSON fetch complete: timeline/smu2svkrvihxgeos/hourly/0][]
[1789490163.556][2026-09-15 09:36:03][subbas-macbook-air.local][4306][SQLite][debug][5][Beginning transaction commit: 398][{"path":"timeline/smu2svkrvihxgeos/hourly","actions":2}]
[1789490163.557][2026-09-15 09:36:03][subbas-macbook-air.local][4306][SQLite][debug][5][Transaction commit complete: 398][{"path":"timeline/smu2svkrvihxgeos/hourly"}]
[1789490163.558][2026-09-15 09:36:03][subbas-macbook-air.local][4306][SQLite][debug][9][Cached JSON fetch complete: timeline/smu2svkrvihxgeos/daily][]
[1789490163.558][2026-09-15 09:36:03][subbas-macbook-air.local][4306][SQLite][debug][9][Cached JSON fetch complete: timeline/smu2svkrvihxgeos/daily][]
[1789490163.559][2026-09-15 09:36:03][subbas-macbook-air.local][4306][SQLite][debug][9][Cached JSON fetch complete: timeline/smu2svkrvihxgeos/daily/0][]
[1789490163.559][2026-09-15 09:36:03][subbas-macbook-air.local][4306][SQLite][debug][9][Cached JSON fetch complete: timeline/smu2svkrvihxgeos/daily][]
[1789490163.559][2026-09-15 09:36:03][subbas-macbook-air.local][4306][SQLite][debug][9][Cached JSON fetch complete: timeline/smu2svkrvihxgeos/daily/0][]
[1789490163.56][2026-09-15 09:36:03][subbas-macbook-air.local][4306][SQLite][debug][5][Beginning transaction commit: 399][{"path":"timeline/smu2svkrvihxgeos/daily","actions":2}]
[1789490163.561][2026-09-15 09:36:03][subbas-macbook-air.local][4306][SQLite][debug][5][Transaction commit complete: 399][{"path":"timeline/smu2svkrvihxgeos/daily"}]
[1789490163.561][2026-09-15 09:36:03][subbas-macbook-air.local][4306][SQLite][debug][9][Cached JSON fetch complete: timeline/smu2svkrvihxgeos/monthly][]
[1789490163.562][2026-09-15 09:36:03][subbas-macbook-air.local][4306][SQLite][debug][9][Cached JSON fetch complete: timeline/smu2svkrvihxgeos/monthly][]
[1789490163.562][2026-09-15 09:36:03][subbas-macbook-air.local][4306][SQLite][debug][9][Cached JSON fetch complete: timeline/smu2svkrvihxgeos/monthly/0][]
[1789490163.562][2026-09-15 09:36:03][subbas-macbook-air.local][4306][SQLite][debug][9][Cached JSON fetch complete: timeline/smu2svkrvihxgeos/monthly][]
[1789490163.562][2026-09-15 09:36:03][subbas-macbook-air.local][4306][SQLite][debug][9][Cached JSON fetch complete: timeline/smu2svkrvihxgeos/monthly/0][]
[1789490163.564][2026-09-15 09:36:03][subbas-macbook-air.local][4306][SQLite][debug][5][Beginning transaction commit: 400][{"path":"timeline/smu2svkrvihxgeos/monthly","actions":2}]
[1789490163.564][2026-09-15 09:36:03][subbas-macbook-air.local][4306][SQLite][debug][5][Transaction commit complete: 400][{"path":"timeline/smu2svkrvihxgeos/monthly"}]
[1789490163.565][2026-09-15 09:36:03][subbas-macbook-air.local][4306][SQLite][debug][9][Cached JSON fetch complete: timeline/smu2svkrvihxgeos/yearly][]
[1789490163.565][2026-09-15 09:36:03][subbas-macbook-air.local][4306][SQLite][debug][9][Cached JSON fetch complete: timeline/smu2svkrvihxgeos/yearly][]
[1789490163.565][2026-09-15 09:36:03][subbas-macbook-air.local][4306][SQLite][debug][9][Cached JSON fetch complete: timeline/smu2svkrvihxgeos/yearly/0][]
[1789490163.565][2026-09-15 09:36:03][subbas-macbook-air.local][4306][SQLite][debug][9][Cached JSON fetch complete: timeline/smu2svkrvihxgeos/yearly][]
[1789490163.566][2026-09-15 09:36:03][subbas-macbook-air.local][4306][SQLite][debug][9][Cached JSON fetch complete: timeline/smu2svkrvihxgeos/yearly/0][]
[1789490163.567][2026-09-15 09:36:03][subbas-macbook-air.local][4306][SQLite][debug][5][Beginning transaction commit: 401][{"path":"timeline/smu2svkrvihxgeos/yearly","actions":2}]
[1789490163.567][2026-09-15 09:36:03][subbas-macbook-air.local][4306][SQLite][debug][5][Transaction commit complete: 401][{"path":"timeline/smu2svkrvihxgeos/yearly"}]
[1789490163.568][2026-09-15 09:36:03][subbas-macbook-air.local][4306][SQLite][debug][9][Storing SQLite JSON Object: hosts/smu2svkrvihxgeos/data][]
[1789490163.571][2026-09-15 09:36:03][subbas-macbook-air.local][4306][SQLite][debug][9][Store complete: hosts/smu2svkrvihxgeos/data][]
[1789490223.474][2026-09-15 09:37:03][subbas-macbook-air.local][4306][SQLite][debug][9][Cached JSON fetch complete: hosts/smu2svkrvihxgeos/data][]
[1789490223.479][2026-09-15 09:37:03][subbas-macbook-air.local][4306][SQLite][debug][9][Cached JSON fetch complete: timeline/smu2svkrvihxgeos/hourly][]
[1789490223.48][2026-09-15 09:37:03][subbas-macbook-air.local][4306][SQLite][debug][9][Cached JSON fetch complete: timeline/smu2svkrvihxgeos/hourly][]
[1789490223.482][2026-09-15 09:37:03][subbas-macbook-air.local][4306][SQLite][debug][9][Cached JSON fetch complete: timeline/smu2svkrvihxgeos/hourly/0][]
[1789490223.483][2026-09-15 09:37:03][subbas-macbook-air.local][4306][SQLite][debug][9][Cached JSON fetch complete: timeline/smu2svkrvihxgeos/hourly][]
[1789490223.483][2026-09-15 09:37:03][subbas-macbook-air.local][4306][SQLite][debug][9][Cached JSON fetch complete: timeline/smu2svkrvihxgeos/hourly/0][]
[1789490223.484][2026-09-15 09:37:03][subbas-macbook-air.local][4306][SQLite][debug][5][Beginning transaction commit: 402][{"path":"timeline/smu2svkrvihxgeos/hourly","actions":2}]
[1789490223.485][2026-09-15 09:37:03][subbas-macbook-air.local][4306][SQLite][debug][5][Transaction commit complete: 402][{"path":"timeline/smu2svkrvihxgeos/hourly"}]
[1789490223.486][2026-09-15 09:37:03][subbas-macbook-air.local][4306][SQLite][debug][9][Cached JSON fetch complete: timeline/smu2svkrvihxgeos/daily][]
[1789490223.487][2026-09-15 09:37:03][subbas-macbook-air.local][4306][SQLite][debug][9][Cached JSON fetch complete: timeline/smu2svkrvihxgeos/daily][]
[1789490223.488][2026-09-15 09:37:03][subbas-macbook-air.local][4306][SQLite][debug][9][Cached JSON fetch complete: timeline/smu2svkrvihxgeos/daily/0][]
[1789490223.488][2026-09-15 09:37:03][subbas-macbook-air.local][4306][SQLite][debug][9][Cached JSON fetch complete: timeline/smu2svkrvihxgeos/daily][]
[1789490223.488][2026-09-15 09:37:03][subbas-macbook-air.local][4306][SQLite][debug][9][Cached JSON fetch complete: timeline/smu2svkrvihxgeos/daily/0][]
[1789490223.489][2026-09-15 09:37:03][subbas-macbook-air.local][4306][SQLite][debug][5][Beginning transaction commit: 403][{"path":"timeline/smu2svkrvihxgeos/daily","actions":2}]
[1789490223.498][2026-09-15 09:37:03][subbas-macbook-air.local][4306][SQLite][debug][5][Transaction commit complete: 403][{"path":"timeline/smu2svkrvihxgeos/daily"}]
[1789490223.499][2026-09-15 09:37:03][subbas-macbook-air.local][4306][SQLite][debug][9][Cached JSON fetch complete: timeline/smu2svkrvihxgeos/monthly][]
[1789490223.499][2026-09-15 09:37:03][subbas-macbook-air.local][4306][SQLite][debug][9][Cached JSON fetch complete: timeline/smu2svkrvihxgeos/monthly][]
[1789490223.499][2026-09-15 09:37:03][subbas-macbook-air.local][4306][SQLite][debug][9][Cached JSON fetch complete: timeline/smu2svkrvihxgeos/monthly/0][]
[1789490223.499][2026-09-15 09:37:03][subbas-macbook-air.local][4306][SQLite][debug][9][Cached JSON fetch complete: timeline/smu2svkrvihxgeos/monthly][]
[1789490223.499][2026-09-15 09:37:03][subbas-macbook-air.local][4306][SQLite][debug][9][Cached JSON fetch complete: timeline/smu2svkrvihxgeos/monthly/0][]
[1789490223.5][2026-09-15 09:37:03][subbas-macbook-air.local][4306][SQLite][debug][5][Beginning transaction commit: 404][{"path":"timeline/smu2svkrvihxgeos/monthly","actions":2}]
[1789490223.501][2026-09-15 09:37:03][subbas-macbook-air.local][4306][SQLite][debug][5][Transaction commit complete: 404][{"path":"timeline/smu2svkrvihxgeos/monthly"}]
[1789490223.501][2026-09-15 09:37:03][subbas-macbook-air.local][4306][SQLite][debug][9][Cached JSON fetch complete: timeline/smu2svkrvihxgeos/yearly][]
[1789490223.501][2026-09-15 09:37:03][subbas-macbook-air.local][4306][SQLite][debug][9][Cached JSON fetch complete: timeline/smu2svkrvihxgeos/yearly][]
[1789490223.501][2026-09-15 09:37:03][subbas-macbook-air.local][4306][SQLite][debug][9][Cached JSON fetch complete: timeline/smu2svkrvihxgeos/yearly/0][]
[1789490223.502][2026-09-15 09:37:03][subbas-macbook-air.local][4306][SQLite][debug][9][Cached JSON fetch complete: timeline/smu2svkrvihxgeos/yearly][]
[1789490223.502][2026-09-15 09:37:03][subbas-macbook-air.local][4306][SQLite][debug][9][Cached JSON fetch complete: timeline/smu2svkrvihxgeos/yearly/0][]
[1789490223.502][2026-09-15 09:37:03][subbas-macbook-air.local][4306][SQLite][debug][5][Beginning transaction commit: 405][{"path":"timeline/smu2svkrvihxgeos/yearly","actions":2}]
[1789490223.502][2026-09-15 09:37:03][subbas-macbook-air.local][4306][SQLite][debug][5][Transaction commit complete: 405][{"path":"timeline/smu2svkrvihxgeos/yearly"}]
[1789490223.502][2026-09-15 09:37:03][subbas-macbook-air.local][4306][SQLite][debug][9][Storing SQLite JSON Object: hosts/smu2svkrvihxgeos/data][]
[1789490223.507][2026-09-15 09:37:03][subbas-macbook-air.local][4306][SQLite][debug][9][Store complete: hosts/smu2svkrvihxgeos/data][]
[1789490283.528][2026-09-15 09:38:03][subbas-macbook-air.local][4306][SQLite][debug][9][Cached JSON fetch complete: hosts/smu2svkrvihxgeos/data][]
[1789490283.53][2026-09-15 09:38:03][subbas-macbook-air.local][4306][SQLite][debug][9][Cached JSON fetch complete: timeline/smu2svkrvihxgeos/hourly][]
[1789490283.531][2026-09-15 09:38:03][subbas-macbook-air.local][4306][SQLite][debug][9][Cached JSON fetch complete: timeline/smu2svkrvihxgeos/hourly][]
[1789490283.533][2026-09-15 09:38:03][subbas-macbook-air.local][4306][SQLite][debug][9][Cached JSON fetch complete: timeline/smu2svkrvihxgeos/hourly/0][]
[1789490283.534][2026-09-15 09:38:03][subbas-macbook-air.local][4306][SQLite][debug][9][Cached JSON fetch complete: timeline/smu2svkrvihxgeos/hourly][]
[1789490283.534][2026-09-15 09:38:03][subbas-macbook-air.local][4306][SQLite][debug][9][Cached JSON fetch complete: timeline/smu2svkrvihxgeos/hourly/0][]
[1789490283.535][2026-09-15 09:38:03][subbas-macbook-air.local][4306][SQLite][debug][5][Beginning transaction commit: 406][{"path":"timeline/smu2svkrvihxgeos/hourly","actions":2}]
[1789490283.537][2026-09-15 09:38:03][subbas-macbook-air.local][4306][SQLite][debug][5][Transaction commit complete: 406][{"path":"timeline/smu2svkrvihxgeos/hourly"}]
[1789490283.538][2026-09-15 09:38:03][subbas-macbook-air.local][4306][SQLite][debug][9][Cached JSON fetch complete: timeline/smu2svkrvihxgeos/daily][]
[1789490283.538][2026-09-15 09:38:03][subbas-macbook-air.local][4306][SQLite][debug][9][Cached JSON fetch complete: timeline/smu2svkrvihxgeos/daily][]
[1789490283.538][2026-09-15 09:38:03][subbas-macbook-air.local][4306][SQLite][debug][9][Cached JSON fetch complete: timeline/smu2svkrvihxgeos/daily/0][]
[1789490283.539][2026-09-15 09:38:03][subbas-macbook-air.local][4306][SQLite][debug][9][Cached JSON fetch complete: timeline/smu2svkrvihxgeos/daily][]
[1789490283.539][2026-09-15 09:38:03][subbas-macbook-air.local][4306][SQLite][debug][9][Cached JSON fetch complete: timeline/smu2svkrvihxgeos/daily/0][]
[1789490283.54][2026-09-15 09:38:03][subbas-macbook-air.local][4306][SQLite][debug][5][Beginning transaction commit: 407][{"path":"timeline/smu2svkrvihxgeos/daily","actions":2}]
[1789490283.541][2026-09-15 09:38:03][subbas-macbook-air.local][4306][SQLite][debug][5][Transaction commit complete: 407][{"path":"timeline/smu2svkrvihxgeos/daily"}]
[1789490283.541][2026-09-15 09:38:03][subbas-macbook-air.local][4306][SQLite][debug][9][Cached JSON fetch complete: timeline/smu2svkrvihxgeos/monthly][]
[1789490283.542][2026-09-15 09:38:03][subbas-macbook-air.local][4306][SQLite][debug][9][Cached JSON fetch complete: timeline/smu2svkrvihxgeos/monthly][]
[1789490283.542][2026-09-15 09:38:03][subbas-macbook-air.local][4306][SQLite][debug][9][Cached JSON fetch complete: timeline/smu2svkrvihxgeos/monthly/0][]
[1789490283.542][2026-09-15 09:38:03][subbas-macbook-air.local][4306][SQLite][debug][9][Cached JSON fetch complete: timeline/smu2svkrvihxgeos/monthly][]
[1789490283.542][2026-09-15 09:38:03][subbas-macbook-air.local][4306][SQLite][debug][9][Cached JSON fetch complete: timeline/smu2svkrvihxgeos/monthly/0][]
[1789490283.543][2026-09-15 09:38:03][subbas-macbook-air.local][4306][SQLite][debug][5][Beginning transaction commit: 408][{"path":"timeline/smu2svkrvihxgeos/monthly","actions":2}]
[1789490283.543][2026-09-15 09:38:03][subbas-macbook-air.local][4306][SQLite][debug][5][Transaction commit complete: 408][{"path":"timeline/smu2svkrvihxgeos/monthly"}]
[1789490283.543][2026-09-15 09:38:03][subbas-macbook-air.local][4306][SQLite][debug][9][Cached JSON fetch complete: timeline/smu2svkrvihxgeos/yearly][]
[1789490283.544][2026-09-15 09:38:03][subbas-macbook-air.local][4306][SQLite][debug][9][Cached JSON fetch complete: timeline/smu2svkrvihxgeos/yearly][]
[1789490283.544][2026-09-15 09:38:03][subbas-macbook-air.local][4306][SQLite][debug][9][Cached JSON fetch complete: timeline/smu2svkrvihxgeos/yearly/0][]
[1789490283.544][2026-09-15 09:38:03][subbas-macbook-air.local][4306][SQLite][debug][9][Cached JSON fetch complete: timeline/smu2svkrvihxgeos/yearly][]
[1789490283.544][2026-09-15 09:38:03][subbas-macbook-air.local][4306][SQLite][debug][9][Cached JSON fetch complete: timeline/smu2svkrvihxgeos/yearly/0][]
[1789490283.545][2026-09-15 09:38:03][subbas-macbook-air.local][4306][SQLite][debug][5][Beginning transaction commit: 409][{"path":"timeline/smu2svkrvihxgeos/yearly","actions":2}]
[1789490283.545][2026-09-15 09:38:03][subbas-macbook-air.local][4306][SQLite][debug][5][Transaction commit complete: 409][{"path":"timeline/smu2svkrvihxgeos/yearly"}]
[1789490283.545][2026-09-15 09:38:03][subbas-macbook-air.local][4306][SQLite][debug][9][Storing SQLite JSON Object: hosts/smu2svkrvihxgeos/data][]
[1789490283.548][2026-09-15 09:38:03][subbas-macbook-air.local][4306][SQLite][debug][9][Store complete: hosts/smu2svkrvihxgeos/data][]
[1789490336.005][2026-09-15 09:38:56][subbas-macbook-air.local][4306][SQLite][debug][9][Cached JSON fetch complete: sessions/8397ca50eb4879dce3d919e8099169f80bc7650ee26249f4066858e5526e7d4a][]
[1789490336.006][2026-09-15 09:38:56][subbas-macbook-air.local][4306][SQLite][debug][9][Cached JSON fetch complete: users/admin][]
[1789490336.009][2026-09-15 09:38:56][subbas-macbook-air.local][4306][SQLite][debug][9][Cached JSON fetch complete: global/events][]
[1789490336.01][2026-09-15 09:38:56][subbas-macbook-air.local][4306][SQLite][debug][9][Cached JSON fetch complete: global/events/0][]
[1789490336.011][2026-09-15 09:38:56][subbas-macbook-air.local][4306][SQLite][debug][9][Cached JSON fetch complete: global/events][]
[1789490336.011][2026-09-15 09:38:56][subbas-macbook-air.local][4306][SQLite][debug][9][Cached JSON fetch complete: global/events/0][]
[1789490336.012][2026-09-15 09:38:56][subbas-macbook-air.local][4306][SQLite][debug][5][Beginning transaction commit: 410][{"path":"global/events","actions":2}]
[1789490336.013][2026-09-15 09:38:56][subbas-macbook-air.local][4306][SQLite][debug][5][Transaction commit complete: 410][{"path":"global/events"}]
[1789490336.017][2026-09-15 09:38:56][subbas-macbook-air.local][4306][SQLite][debug][9][Storing SQLite JSON Object: unbase/records/activity/amu2wcc9cv8bgb4b][]
[1789490336.022][2026-09-15 09:38:56][subbas-macbook-air.local][4306][SQLite][debug][9][Store complete: unbase/records/activity/amu2wcc9cv8bgb4b][]
[1789490336.025][2026-09-15 09:38:56][subbas-macbook-air.local][4306][SQLite][debug][9][Fetching SQLite Object: unbase/index/activity/_data/amu2wcc9cv8bgb4b][]
[1789490336.029][2026-09-15 09:38:56][subbas-macbook-air.local][4306][SQLite][debug][9][Cached JSON fetch complete: unbase/index/activity/_id][]
[1789490336.029][2026-09-15 09:38:56][subbas-macbook-air.local][4306][SQLite][debug][9][Cached JSON fetch complete: unbase/index/activity/_id/data][]
[1789490336.035][2026-09-15 09:38:56][subbas-macbook-air.local][4306][SQLite][debug][9][Cached JSON fetch complete: unbase/index/activity/action/word/event_update][]
[1789490336.035][2026-09-15 09:38:56][subbas-macbook-air.local][4306][SQLite][debug][9][Cached JSON fetch complete: unbase/index/activity/keywords/word/1][]
[1789490336.035][2026-09-15 09:38:56][subbas-macbook-air.local][4306][SQLite][debug][9][Cached JSON fetch complete: unbase/index/activity/keywords/word/emu2sckyhuzou1hh][]
[1789490336.035][2026-09-15 09:38:56][subbas-macbook-air.local][4306][SQLite][debug][9][Cached JSON fetch complete: unbase/index/activity/keywords/word/admin][]
[1789490336.035][2026-09-15 09:38:56][subbas-macbook-air.local][4306][SQLite][debug][9][Cached JSON fetch complete: unbase/index/activity/date/summary][]
[1789490336.035][2026-09-15 09:38:56][subbas-macbook-air.local][4306][SQLite][debug][9][Cached JSON fetch complete: unbase/index/activity/date/word/497080][]
[1789490336.035][2026-09-15 09:38:56][subbas-macbook-air.local][4306][SQLite][debug][9][Cached JSON fetch complete: unbase/index/activity/date/word/h497000][]
[1789490336.036][2026-09-15 09:38:56][subbas-macbook-air.local][4306][SQLite][debug][9][Cached JSON fetch complete: unbase/index/activity/date/word/t497000][]
[1789490336.036][2026-09-15 09:38:56][subbas-macbook-air.local][4306][SQLite][debug][9][Cached JSON fetch complete: unbase/index/activity/action/word/event_update/data][]
[1789490336.036][2026-09-15 09:38:56][subbas-macbook-air.local][4306][SQLite][debug][9][Cached JSON fetch complete: unbase/index/activity/keywords/word/1/data][]
[1789490336.036][2026-09-15 09:38:56][subbas-macbook-air.local][4306][SQLite][debug][9][Cached JSON fetch complete: unbase/index/activity/keywords/word/emu2sckyhuzou1hh/data][]
[1789490336.036][2026-09-15 09:38:56][subbas-macbook-air.local][4306][SQLite][debug][9][Cached JSON fetch complete: unbase/index/activity/keywords/word/admin/data][]
[1789490336.036][2026-09-15 09:38:56][subbas-macbook-air.local][4306][SQLite][debug][9][Cached JSON fetch complete: unbase/index/activity/date/word/497080/data][]
[1789490336.036][2026-09-15 09:38:56][subbas-macbook-air.local][4306][SQLite][debug][9][Cached JSON fetch complete: unbase/index/activity/date/word/h497000/data][]
[1789490336.036][2026-09-15 09:38:56][subbas-macbook-air.local][4306][SQLite][debug][9][Cached JSON fetch complete: unbase/index/activity/date/word/t497000/data][]
[1789490336.041][2026-09-15 09:38:56][subbas-macbook-air.local][4306][SQLite][debug][5][Beginning transaction commit: 411][{"path":"unbase/index/activity","actions":18}]
[1789490336.043][2026-09-15 09:38:56][subbas-macbook-air.local][4306][SQLite][debug][5][Transaction commit complete: 411][{"path":"unbase/index/activity"}]
[1789490337.451][2026-09-15 09:38:57][subbas-macbook-air.local][4306][SQLite][debug][9][Cached JSON fetch complete: sessions/8397ca50eb4879dce3d919e8099169f80bc7650ee26249f4066858e5526e7d4a][]
[1789490337.452][2026-09-15 09:38:57][subbas-macbook-air.local][4306][SQLite][debug][9][Cached JSON fetch complete: users/admin][]
[1789490337.453][2026-09-15 09:38:57][subbas-macbook-air.local][4306][SQLite][debug][9][Cached JSON fetch complete: global/events][]
[1789490337.454][2026-09-15 09:38:57][subbas-macbook-air.local][4306][SQLite][debug][9][Cached JSON fetch complete: global/events/0][]
[1789490337.455][2026-09-15 09:38:57][subbas-macbook-air.local][4306][SQLite][debug][9][Cached JSON fetch complete: global/events][]
[1789490337.455][2026-09-15 09:38:57][subbas-macbook-air.local][4306][SQLite][debug][9][Cached JSON fetch complete: global/events/0][]
[1789490337.456][2026-09-15 09:38:57][subbas-macbook-air.local][4306][SQLite][debug][5][Beginning transaction commit: 412][{"path":"global/events","actions":2}]
[1789490337.457][2026-09-15 09:38:57][subbas-macbook-air.local][4306][SQLite][debug][5][Transaction commit complete: 412][{"path":"global/events"}]
[1789490337.46][2026-09-15 09:38:57][subbas-macbook-air.local][4306][SQLite][debug][9][Storing SQLite JSON Object: unbase/records/activity/amu2wcddfvhjhci2][]
[1789490337.461][2026-09-15 09:38:57][subbas-macbook-air.local][4306][SQLite][debug][9][Store complete: unbase/records/activity/amu2wcddfvhjhci2][]
[1789490337.462][2026-09-15 09:38:57][subbas-macbook-air.local][4306][SQLite][debug][9][Fetching SQLite Object: unbase/index/activity/_data/amu2wcddfvhjhci2][]
[1789490337.466][2026-09-15 09:38:57][subbas-macbook-air.local][4306][SQLite][debug][9][Cached JSON fetch complete: unbase/index/activity/_id][]
[1789490337.466][2026-09-15 09:38:57][subbas-macbook-air.local][4306][SQLite][debug][9][Cached JSON fetch complete: unbase/index/activity/_id/data][]
[1789490337.471][2026-09-15 09:38:57][subbas-macbook-air.local][4306][SQLite][debug][9][Cached JSON fetch complete: unbase/index/activity/action/word/event_update][]
[1789490337.472][2026-09-15 09:38:57][subbas-macbook-air.local][4306][SQLite][debug][9][Cached JSON fetch complete: unbase/index/activity/keywords/word/1][]
[1789490337.472][2026-09-15 09:38:57][subbas-macbook-air.local][4306][SQLite][debug][9][Cached JSON fetch complete: unbase/index/activity/keywords/word/emu2sckyhuzou1hh][]
[1789490337.472][2026-09-15 09:38:57][subbas-macbook-air.local][4306][SQLite][debug][9][Cached JSON fetch complete: unbase/index/activity/keywords/word/admin][]
[1789490337.472][2026-09-15 09:38:57][subbas-macbook-air.local][4306][SQLite][debug][9][Cached JSON fetch complete: unbase/index/activity/date/summary][]
[1789490337.472][2026-09-15 09:38:57][subbas-macbook-air.local][4306][SQLite][debug][9][Cached JSON fetch complete: unbase/index/activity/date/word/497080][]
[1789490337.473][2026-09-15 09:38:57][subbas-macbook-air.local][4306][SQLite][debug][9][Cached JSON fetch complete: unbase/index/activity/date/word/h497000][]
[1789490337.473][2026-09-15 09:38:57][subbas-macbook-air.local][4306][SQLite][debug][9][Cached JSON fetch complete: unbase/index/activity/date/word/t497000][]
[1789490337.473][2026-09-15 09:38:57][subbas-macbook-air.local][4306][SQLite][debug][9][Cached JSON fetch complete: unbase/index/activity/action/word/event_update/data][]
[1789490337.473][2026-09-15 09:38:57][subbas-macbook-air.local][4306][SQLite][debug][9][Cached JSON fetch complete: unbase/index/activity/keywords/word/1/data][]
[1789490337.473][2026-09-15 09:38:57][subbas-macbook-air.local][4306][SQLite][debug][9][Cached JSON fetch complete: unbase/index/activity/keywords/word/emu2sckyhuzou1hh/data][]
[1789490337.474][2026-09-15 09:38:57][subbas-macbook-air.local][4306][SQLite][debug][9][Cached JSON fetch complete: unbase/index/activity/keywords/word/admin/data][]
[1789490337.474][2026-09-15 09:38:57][subbas-macbook-air.local][4306][SQLite][debug][9][Cached JSON fetch complete: unbase/index/activity/date/word/497080/data][]
[1789490337.474][2026-09-15 09:38:57][subbas-macbook-air.local][4306][SQLite][debug][9][Cached JSON fetch complete: unbase/index/activity/date/word/h497000/data][]
[1789490337.474][2026-09-15 09:38:57][subbas-macbook-air.local][4306][SQLite][debug][9][Cached JSON fetch complete: unbase/index/activity/date/word/t497000/data][]
[1789490337.48][2026-09-15 09:38:57][subbas-macbook-air.local][4306][SQLite][debug][5][Beginning transaction commit: 413][{"path":"unbase/index/activity","actions":18}]
[1789490337.482][2026-09-15 09:38:57][subbas-macbook-air.local][4306][SQLite][debug][5][Transaction commit complete: 413][{"path":"unbase/index/activity"}]
[1789490343.547][2026-09-15 09:39:03][subbas-macbook-air.local][4306][SQLite][debug][9][Cached JSON fetch complete: hosts/smu2svkrvihxgeos/data][]
[1789490343.55][2026-09-15 09:39:03][subbas-macbook-air.local][4306][SQLite][debug][9][Cached JSON fetch complete: timeline/smu2svkrvihxgeos/hourly][]
[1789490343.55][2026-09-15 09:39:03][subbas-macbook-air.local][4306][SQLite][debug][9][Cached JSON fetch complete: timeline/smu2svkrvihxgeos/hourly][]
[1789490343.551][2026-09-15 09:39:03][subbas-macbook-air.local][4306][SQLite][debug][9][Cached JSON fetch complete: timeline/smu2svkrvihxgeos/hourly/0][]
[1789490343.551][2026-09-15 09:39:03][subbas-macbook-air.local][4306][SQLite][debug][9][Cached JSON fetch complete: timeline/smu2svkrvihxgeos/hourly][]
[1789490343.551][2026-09-15 09:39:03][subbas-macbook-air.local][4306][SQLite][debug][9][Cached JSON fetch complete: timeline/smu2svkrvihxgeos/hourly/0][]
[1789490343.554][2026-09-15 09:39:03][subbas-macbook-air.local][4306][SQLite][debug][5][Beginning transaction commit: 414][{"path":"timeline/smu2svkrvihxgeos/hourly","actions":2}]
[1789490343.556][2026-09-15 09:39:03][subbas-macbook-air.local][4306][SQLite][debug][5][Transaction commit complete: 414][{"path":"timeline/smu2svkrvihxgeos/hourly"}]
[1789490343.556][2026-09-15 09:39:03][subbas-macbook-air.local][4306][SQLite][debug][9][Cached JSON fetch complete: timeline/smu2svkrvihxgeos/daily][]
[1789490343.557][2026-09-15 09:39:03][subbas-macbook-air.local][4306][SQLite][debug][9][Cached JSON fetch complete: timeline/smu2svkrvihxgeos/daily][]
[1789490343.557][2026-09-15 09:39:03][subbas-macbook-air.local][4306][SQLite][debug][9][Cached JSON fetch complete: timeline/smu2svkrvihxgeos/daily/0][]
[1789490343.557][2026-09-15 09:39:03][subbas-macbook-air.local][4306][SQLite][debug][9][Cached JSON fetch complete: timeline/smu2svkrvihxgeos/daily][]
[1789490343.557][2026-09-15 09:39:03][subbas-macbook-air.local][4306][SQLite][debug][9][Cached JSON fetch complete: timeline/smu2svkrvihxgeos/daily/0][]
[1789490343.558][2026-09-15 09:39:03][subbas-macbook-air.local][4306][SQLite][debug][5][Beginning transaction commit: 415][{"path":"timeline/smu2svkrvihxgeos/daily","actions":2}]
[1789490343.559][2026-09-15 09:39:03][subbas-macbook-air.local][4306][SQLite][debug][5][Transaction commit complete: 415][{"path":"timeline/smu2svkrvihxgeos/daily"}]
[1789490343.559][2026-09-15 09:39:03][subbas-macbook-air.local][4306][SQLite][debug][9][Cached JSON fetch complete: timeline/smu2svkrvihxgeos/monthly][]
[1789490343.56][2026-09-15 09:39:03][subbas-macbook-air.local][4306][SQLite][debug][9][Cached JSON fetch complete: timeline/smu2svkrvihxgeos/monthly][]
[1789490343.56][2026-09-15 09:39:03][subbas-macbook-air.local][4306][SQLite][debug][9][Cached JSON fetch complete: timeline/smu2svkrvihxgeos/monthly/0][]
[1789490343.56][2026-09-15 09:39:03][subbas-macbook-air.local][4306][SQLite][debug][9][Cached JSON fetch complete: timeline/smu2svkrvihxgeos/monthly][]
[1789490343.56][2026-09-15 09:39:03][subbas-macbook-air.local][4306][SQLite][debug][9][Cached JSON fetch complete: timeline/smu2svkrvihxgeos/monthly/0][]
[1789490343.562][2026-09-15 09:39:03][subbas-macbook-air.local][4306][SQLite][debug][5][Beginning transaction commit: 416][{"path":"timeline/smu2svkrvihxgeos/monthly","actions":2}]
[1789490343.562][2026-09-15 09:39:03][subbas-macbook-air.local][4306][SQLite][debug][5][Transaction commit complete: 416][{"path":"timeline/smu2svkrvihxgeos/monthly"}]
[1789490343.562][2026-09-15 09:39:03][subbas-macbook-air.local][4306][SQLite][debug][9][Cached JSON fetch complete: timeline/smu2svkrvihxgeos/yearly][]
[1789490343.563][2026-09-15 09:39:03][subbas-macbook-air.local][4306][SQLite][debug][9][Cached JSON fetch complete: timeline/smu2svkrvihxgeos/yearly][]
[1789490343.563][2026-09-15 09:39:03][subbas-macbook-air.local][4306][SQLite][debug][9][Cached JSON fetch complete: timeline/smu2svkrvihxgeos/yearly/0][]
[1789490343.563][2026-09-15 09:39:03][subbas-macbook-air.local][4306][SQLite][debug][9][Cached JSON fetch complete: timeline/smu2svkrvihxgeos/yearly][]
[1789490343.563][2026-09-15 09:39:03][subbas-macbook-air.local][4306][SQLite][debug][9][Cached JSON fetch complete: timeline/smu2svkrvihxgeos/yearly/0][]
[1789490343.564][2026-09-15 09:39:03][subbas-macbook-air.local][4306][SQLite][debug][5][Beginning transaction commit: 417][{"path":"timeline/smu2svkrvihxgeos/yearly","actions":2}]
[1789490343.564][2026-09-15 09:39:03][subbas-macbook-air.local][4306][SQLite][debug][5][Transaction commit complete: 417][{"path":"timeline/smu2svkrvihxgeos/yearly"}]
[1789490343.564][2026-09-15 09:39:03][subbas-macbook-air.local][4306][SQLite][debug][9][Storing SQLite JSON Object: hosts/smu2svkrvihxgeos/data][]
[1789490343.567][2026-09-15 09:39:03][subbas-macbook-air.local][4306][SQLite][debug][9][Store complete: hosts/smu2svkrvihxgeos/data][]
[1789490393.516][2026-09-15 09:39:53][subbas-macbook-air.local][4306][SQLite][debug][9][Cached JSON fetch complete: sessions/8397ca50eb4879dce3d919e8099169f80bc7650ee26249f4066858e5526e7d4a][]
[1789490393.517][2026-09-15 09:39:53][subbas-macbook-air.local][4306][SQLite][debug][9][Cached JSON fetch complete: users/admin][]
[1789490393.52][2026-09-15 09:39:53][subbas-macbook-air.local][4306][SQLite][debug][9][Cached JSON fetch complete: global/events][]
[1789490393.52][2026-09-15 09:39:53][subbas-macbook-air.local][4306][SQLite][debug][9][Cached JSON fetch complete: global/events/0][]
[1789490393.522][2026-09-15 09:39:53][subbas-macbook-air.local][4306][SQLite][debug][9][Cached JSON fetch complete: global/events][]
[1789490393.522][2026-09-15 09:39:53][subbas-macbook-air.local][4306][SQLite][debug][9][Cached JSON fetch complete: global/events/0][]
[1789490393.524][2026-09-15 09:39:53][subbas-macbook-air.local][4306][SQLite][debug][5][Beginning transaction commit: 418][{"path":"global/events","actions":2}]
[1789490393.524][2026-09-15 09:39:53][subbas-macbook-air.local][4306][SQLite][debug][5][Transaction commit complete: 418][{"path":"global/events"}]
[1789490393.527][2026-09-15 09:39:53][subbas-macbook-air.local][4306][SQLite][debug][9][Storing SQLite JSON Object: unbase/records/activity/amu2wdkmuwac87dt][]
[1789490393.528][2026-09-15 09:39:53][subbas-macbook-air.local][4306][SQLite][debug][9][Store complete: unbase/records/activity/amu2wdkmuwac87dt][]
[1789490393.528][2026-09-15 09:39:53][subbas-macbook-air.local][4306][SQLite][debug][9][Fetching SQLite Object: unbase/index/activity/_data/amu2wdkmuwac87dt][]
[1789490393.531][2026-09-15 09:39:53][subbas-macbook-air.local][4306][SQLite][debug][9][Cached JSON fetch complete: unbase/index/activity/_id][]
[1789490393.531][2026-09-15 09:39:53][subbas-macbook-air.local][4306][SQLite][debug][9][Cached JSON fetch complete: unbase/index/activity/_id/data][]
[1789490393.533][2026-09-15 09:39:53][subbas-macbook-air.local][4306][SQLite][debug][9][Cached JSON fetch complete: unbase/index/activity/action/word/event_update][]
[1789490393.533][2026-09-15 09:39:53][subbas-macbook-air.local][4306][SQLite][debug][9][Cached JSON fetch complete: unbase/index/activity/keywords/word/1][]
[1789490393.533][2026-09-15 09:39:53][subbas-macbook-air.local][4306][SQLite][debug][9][Cached JSON fetch complete: unbase/index/activity/keywords/word/emu2sckyhuzou1hh][]
[1789490393.533][2026-09-15 09:39:53][subbas-macbook-air.local][4306][SQLite][debug][9][Cached JSON fetch complete: unbase/index/activity/keywords/word/admin][]
[1789490393.533][2026-09-15 09:39:53][subbas-macbook-air.local][4306][SQLite][debug][9][Cached JSON fetch complete: unbase/index/activity/date/summary][]
[1789490393.533][2026-09-15 09:39:53][subbas-macbook-air.local][4306][SQLite][debug][9][Cached JSON fetch complete: unbase/index/activity/date/word/497080][]
[1789490393.534][2026-09-15 09:39:53][subbas-macbook-air.local][4306][SQLite][debug][9][Cached JSON fetch complete: unbase/index/activity/date/word/h497000][]
[1789490393.534][2026-09-15 09:39:53][subbas-macbook-air.local][4306][SQLite][debug][9][Cached JSON fetch complete: unbase/index/activity/date/word/t497000][]
[1789490393.534][2026-09-15 09:39:53][subbas-macbook-air.local][4306][SQLite][debug][9][Cached JSON fetch complete: unbase/index/activity/action/word/event_update/data][]
[1789490393.534][2026-09-15 09:39:53][subbas-macbook-air.local][4306][SQLite][debug][9][Cached JSON fetch complete: unbase/index/activity/keywords/word/1/data][]
[1789490393.534][2026-09-15 09:39:53][subbas-macbook-air.local][4306][SQLite][debug][9][Cached JSON fetch complete: unbase/index/activity/keywords/word/emu2sckyhuzou1hh/data][]
[1789490393.534][2026-09-15 09:39:53][subbas-macbook-air.local][4306][SQLite][debug][9][Cached JSON fetch complete: unbase/index/activity/keywords/word/admin/data][]
[1789490393.535][2026-09-15 09:39:53][subbas-macbook-air.local][4306][SQLite][debug][9][Cached JSON fetch complete: unbase/index/activity/date/word/497080/data][]
[1789490393.535][2026-09-15 09:39:53][subbas-macbook-air.local][4306][SQLite][debug][9][Cached JSON fetch complete: unbase/index/activity/date/word/h497000/data][]
[1789490393.535][2026-09-15 09:39:53][subbas-macbook-air.local][4306][SQLite][debug][9][Cached JSON fetch complete: unbase/index/activity/date/word/t497000/data][]
[1789490393.538][2026-09-15 09:39:53][subbas-macbook-air.local][4306][SQLite][debug][5][Beginning transaction commit: 419][{"path":"unbase/index/activity","actions":18}]
[1789490393.539][2026-09-15 09:39:53][subbas-macbook-air.local][4306][SQLite][debug][5][Transaction commit complete: 419][{"path":"unbase/index/activity"}]
[1789490400.447][2026-09-15 09:40:00][subbas-macbook-air.local][4306][SQLite][debug][9][Cached JSON fetch complete: hosts/smu2svkrvihxgeos/data][]
[1789490400.448][2026-09-15 09:40:00][subbas-macbook-air.local][4306][SQLite][debug][9][Storing SQLite JSON Object: unbase/records/snapshots/snmu2wdpz4wxxv2t][]
[1789490400.45][2026-09-15 09:40:00][subbas-macbook-air.local][4306][SQLite][debug][9][Store complete: unbase/records/snapshots/snmu2wdpz4wxxv2t][]
[1789490400.45][2026-09-15 09:40:00][subbas-macbook-air.local][4306][SQLite][debug][9][Fetching SQLite Object: unbase/index/snapshots/_data/snmu2wdpz4wxxv2t][]
[1789490400.451][2026-09-15 09:40:00][subbas-macbook-air.local][4306][SQLite][debug][9][Cached JSON fetch complete: unbase/index/snapshots/_id][]
[1789490400.452][2026-09-15 09:40:00][subbas-macbook-air.local][4306][SQLite][debug][9][Cached JSON fetch complete: unbase/index/snapshots/_id/data][]
[1789490400.452][2026-09-15 09:40:00][subbas-macbook-air.local][4306][SQLite][debug][9][Fetching SQLite Object: unbase/index/snapshots/jobs/word/jmu2wdpncwlzoorq][]
[1789490400.452][2026-09-15 09:40:00][subbas-macbook-air.local][4306][SQLite][debug][9][Cached JSON fetch complete: unbase/index/snapshots/type/word/server][]
[1789490400.453][2026-09-15 09:40:00][subbas-macbook-air.local][4306][SQLite][debug][9][Cached JSON fetch complete: unbase/index/snapshots/source/word/job][]
[1789490400.453][2026-09-15 09:40:00][subbas-macbook-air.local][4306][SQLite][debug][9][Cached JSON fetch complete: unbase/index/snapshots/server/word/smu2svkrvihxgeos][]
[1789490400.453][2026-09-15 09:40:00][subbas-macbook-air.local][4306][SQLite][debug][9][Cached JSON fetch complete: unbase/index/snapshots/groups/word/main][]
[1789490400.453][2026-09-15 09:40:00][subbas-macbook-air.local][4306][SQLite][debug][9][Cached JSON fetch complete: unbase/index/snapshots/date/summary][]
[1789490400.453][2026-09-15 09:40:00][subbas-macbook-air.local][4306][SQLite][debug][9][Cached JSON fetch complete: unbase/index/snapshots/date/word/497080][]
[1789490400.453][2026-09-15 09:40:00][subbas-macbook-air.local][4306][SQLite][debug][9][Cached JSON fetch complete: unbase/index/snapshots/date/word/h497000][]
[1789490400.453][2026-09-15 09:40:00][subbas-macbook-air.local][4306][SQLite][debug][9][Cached JSON fetch complete: unbase/index/snapshots/date/word/t497000][]
[1789490400.453][2026-09-15 09:40:00][subbas-macbook-air.local][4306][SQLite][debug][9][Cached JSON fetch complete: unbase/index/snapshots/type/word/server/data][]
[1789490400.453][2026-09-15 09:40:00][subbas-macbook-air.local][4306][SQLite][debug][9][Cached JSON fetch complete: unbase/index/snapshots/source/word/job/data][]
[1789490400.453][2026-09-15 09:40:00][subbas-macbook-air.local][4306][SQLite][debug][9][Cached JSON fetch complete: unbase/index/snapshots/server/word/smu2svkrvihxgeos/data][]
[1789490400.453][2026-09-15 09:40:00][subbas-macbook-air.local][4306][SQLite][debug][9][Cached JSON fetch complete: unbase/index/snapshots/groups/word/main/data][]
[1789490400.453][2026-09-15 09:40:00][subbas-macbook-air.local][4306][SQLite][debug][9][Cached JSON fetch complete: unbase/index/snapshots/date/word/497080/data][]
[1789490400.453][2026-09-15 09:40:00][subbas-macbook-air.local][4306][SQLite][debug][9][Cached JSON fetch complete: unbase/index/snapshots/date/word/h497000/data][]
[1789490400.453][2026-09-15 09:40:00][subbas-macbook-air.local][4306][SQLite][debug][9][Cached JSON fetch complete: unbase/index/snapshots/date/word/t497000/data][]
[1789490400.454][2026-09-15 09:40:00][subbas-macbook-air.local][4306][SQLite][debug][5][Beginning transaction commit: 420][{"path":"unbase/index/snapshots","actions":20}]
[1789490400.455][2026-09-15 09:40:00][subbas-macbook-air.local][4306][SQLite][debug][5][Transaction commit complete: 420][{"path":"unbase/index/snapshots"}]
[1789490400.455][2026-09-15 09:40:00][subbas-macbook-air.local][4306][SQLite][debug][9][Storing SQLite JSON Object: unbase/records/jobs/jmu2wdpncwlzoorq][]
[1789490400.455][2026-09-15 09:40:00][subbas-macbook-air.local][4306][SQLite][debug][9][Store complete: unbase/records/jobs/jmu2wdpncwlzoorq][]
[1789490400.456][2026-09-15 09:40:00][subbas-macbook-air.local][4306][SQLite][debug][9][Fetching SQLite Object: unbase/index/jobs/_data/jmu2wdpncwlzoorq][]
[1789490400.457][2026-09-15 09:40:00][subbas-macbook-air.local][4306][SQLite][debug][9][Cached JSON fetch complete: unbase/index/jobs/_id][]
[1789490400.457][2026-09-15 09:40:00][subbas-macbook-air.local][4306][SQLite][debug][9][Cached JSON fetch complete: unbase/index/jobs/_id/data][]
[1789490400.459][2026-09-15 09:40:00][subbas-macbook-air.local][4306][SQLite][debug][9][Cached JSON fetch complete: unbase/index/jobs/code/word/1][]
[1789490400.459][2026-09-15 09:40:00][subbas-macbook-air.local][4306][SQLite][debug][9][Cached JSON fetch complete: unbase/index/jobs/date/summary][]
[1789490400.459][2026-09-15 09:40:00][subbas-macbook-air.local][4306][SQLite][debug][9][Cached JSON fetch complete: unbase/index/jobs/date/word/497080][]
[1789490400.459][2026-09-15 09:40:00][subbas-macbook-air.local][4306][SQLite][debug][9][Cached JSON fetch complete: unbase/index/jobs/date/word/h497000][]
[1789490400.459][2026-09-15 09:40:00][subbas-macbook-air.local][4306][SQLite][debug][9][Cached JSON fetch complete: unbase/index/jobs/date/word/t497000][]
[1789490400.459][2026-09-15 09:40:00][subbas-macbook-air.local][4306][SQLite][debug][9][Cached JSON fetch complete: unbase/index/jobs/source/word/scheduler][]
[1789490400.459][2026-09-15 09:40:00][subbas-macbook-air.local][4306][SQLite][debug][9][Cached JSON fetch complete: unbase/index/jobs/tags/word/_error][]
[1789490400.459][2026-09-15 09:40:00][subbas-macbook-air.local][4306][SQLite][debug][9][Cached JSON fetch complete: unbase/index/jobs/tags/word/_last][]
[1789490400.459][2026-09-15 09:40:00][subbas-macbook-air.local][4306][SQLite][debug][9][Cached JSON fetch complete: unbase/index/jobs/event/word/emu2t3vr62wcc00v][]
[1789490400.459][2026-09-15 09:40:00][subbas-macbook-air.local][4306][SQLite][debug][9][Cached JSON fetch complete: unbase/index/jobs/category/word/general][]
[1789490400.459][2026-09-15 09:40:00][subbas-macbook-air.local][4306][SQLite][debug][9][Cached JSON fetch complete: unbase/index/jobs/plugin/word/shellplug][]
[1789490400.459][2026-09-15 09:40:00][subbas-macbook-air.local][4306][SQLite][debug][9][Cached JSON fetch complete: unbase/index/jobs/server/word/smu2svkrvihxgeos][]
[1789490400.459][2026-09-15 09:40:00][subbas-macbook-air.local][4306][SQLite][debug][9][Cached JSON fetch complete: unbase/index/jobs/groups/word/main][]
[1789490400.459][2026-09-15 09:40:00][subbas-macbook-air.local][4306][SQLite][debug][9][Cached JSON fetch complete: unbase/index/jobs/code/word/1/data][]
[1789490400.459][2026-09-15 09:40:00][subbas-macbook-air.local][4306][SQLite][debug][9][Cached JSON fetch complete: unbase/index/jobs/date/word/497080/data][]
[1789490400.459][2026-09-15 09:40:00][subbas-macbook-air.local][4306][SQLite][debug][9][Cached JSON fetch complete: unbase/index/jobs/date/word/h497000/data][]
[1789490400.459][2026-09-15 09:40:00][subbas-macbook-air.local][4306][SQLite][debug][9][Cached JSON fetch complete: unbase/index/jobs/date/word/t497000/data][]
[1789490400.459][2026-09-15 09:40:00][subbas-macbook-air.local][4306][SQLite][debug][9][Cached JSON fetch complete: unbase/index/jobs/source/word/scheduler/data][]
[1789490400.459][2026-09-15 09:40:00][subbas-macbook-air.local][4306][SQLite][debug][9][Cached JSON fetch complete: unbase/index/jobs/tags/word/_error/data][]
[1789490400.459][2026-09-15 09:40:00][subbas-macbook-air.local][4306][SQLite][debug][9][Cached JSON fetch complete: unbase/index/jobs/tags/word/_last/data][]
[1789490400.459][2026-09-15 09:40:00][subbas-macbook-air.local][4306][SQLite][debug][9][Cached JSON fetch complete: unbase/index/jobs/event/word/emu2t3vr62wcc00v/data][]
[1789490400.459][2026-09-15 09:40:00][subbas-macbook-air.local][4306][SQLite][debug][9][Cached JSON fetch complete: unbase/index/jobs/category/word/general/data][]
[1789490400.459][2026-09-15 09:40:00][subbas-macbook-air.local][4306][SQLite][debug][9][Cached JSON fetch complete: unbase/index/jobs/plugin/word/shellplug/data][]
[1789490400.459][2026-09-15 09:40:00][subbas-macbook-air.local][4306][SQLite][debug][9][Cached JSON fetch complete: unbase/index/jobs/server/word/smu2svkrvihxgeos/data][]
[1789490400.46][2026-09-15 09:40:00][subbas-macbook-air.local][4306][SQLite][debug][9][Cached JSON fetch complete: unbase/index/jobs/groups/word/main/data][]
[1789490400.461][2026-09-15 09:40:00][subbas-macbook-air.local][4306][SQLite][debug][9][Cached JSON fetch complete: unbase/index/jobs/completed/sort][]
[1789490400.462][2026-09-15 09:40:00][subbas-macbook-air.local][4306][SQLite][debug][9][Cached JSON fetch complete: unbase/index/jobs/elapsed/sort][]
[1789490400.462][2026-09-15 09:40:00][subbas-macbook-air.local][4306][SQLite][debug][9][Cached JSON fetch complete: unbase/index/jobs/completed/sort/data][]
[1789490400.462][2026-09-15 09:40:00][subbas-macbook-air.local][4306][SQLite][debug][9][Cached JSON fetch complete: unbase/index/jobs/elapsed/sort/data][]
[1789490400.462][2026-09-15 09:40:00][subbas-macbook-air.local][4306][SQLite][debug][5][Beginning transaction commit: 421][{"path":"unbase/index/jobs","actions":32}]
[1789490400.462][2026-09-15 09:40:00][subbas-macbook-air.local][4306][SQLite][debug][5][Transaction commit complete: 421][{"path":"unbase/index/jobs"}]
[1789490401.036][2026-09-15 09:40:01][subbas-macbook-air.local][4306][SQLite][debug][9][Storing SQLite JSON Object: global/state][]
[1789490401.037][2026-09-15 09:40:01][subbas-macbook-air.local][4306][SQLite][debug][9][Store complete: global/state][]
[1789490403.489][2026-09-15 09:40:03][subbas-macbook-air.local][4306][SQLite][debug][9][Cached JSON fetch complete: hosts/smu2svkrvihxgeos/data][]
[1789490403.492][2026-09-15 09:40:03][subbas-macbook-air.local][4306][SQLite][debug][9][Cached JSON fetch complete: timeline/smu2svkrvihxgeos/hourly][]
[1789490403.492][2026-09-15 09:40:03][subbas-macbook-air.local][4306][SQLite][debug][9][Cached JSON fetch complete: timeline/smu2svkrvihxgeos/hourly][]
[1789490403.492][2026-09-15 09:40:03][subbas-macbook-air.local][4306][SQLite][debug][9][Cached JSON fetch complete: timeline/smu2svkrvihxgeos/hourly/0][]
[1789490403.493][2026-09-15 09:40:03][subbas-macbook-air.local][4306][SQLite][debug][9][Cached JSON fetch complete: timeline/smu2svkrvihxgeos/hourly][]
[1789490403.493][2026-09-15 09:40:03][subbas-macbook-air.local][4306][SQLite][debug][9][Cached JSON fetch complete: timeline/smu2svkrvihxgeos/hourly/0][]
[1789490403.496][2026-09-15 09:40:03][subbas-macbook-air.local][4306][SQLite][debug][5][Beginning transaction commit: 422][{"path":"timeline/smu2svkrvihxgeos/hourly","actions":2}]
[1789490403.498][2026-09-15 09:40:03][subbas-macbook-air.local][4306][SQLite][debug][5][Transaction commit complete: 422][{"path":"timeline/smu2svkrvihxgeos/hourly"}]
[1789490403.5][2026-09-15 09:40:03][subbas-macbook-air.local][4306][SQLite][debug][9][Cached JSON fetch complete: timeline/smu2svkrvihxgeos/daily][]
[1789490403.5][2026-09-15 09:40:03][subbas-macbook-air.local][4306][SQLite][debug][9][Cached JSON fetch complete: timeline/smu2svkrvihxgeos/daily][]
[1789490403.5][2026-09-15 09:40:03][subbas-macbook-air.local][4306][SQLite][debug][9][Cached JSON fetch complete: timeline/smu2svkrvihxgeos/daily/0][]
[1789490403.501][2026-09-15 09:40:03][subbas-macbook-air.local][4306][SQLite][debug][9][Cached JSON fetch complete: timeline/smu2svkrvihxgeos/daily][]
[1789490403.501][2026-09-15 09:40:03][subbas-macbook-air.local][4306][SQLite][debug][9][Cached JSON fetch complete: timeline/smu2svkrvihxgeos/daily/0][]
[1789490403.502][2026-09-15 09:40:03][subbas-macbook-air.local][4306][SQLite][debug][5][Beginning transaction commit: 423][{"path":"timeline/smu2svkrvihxgeos/daily","actions":2}]
[1789490403.503][2026-09-15 09:40:03][subbas-macbook-air.local][4306][SQLite][debug][5][Transaction commit complete: 423][{"path":"timeline/smu2svkrvihxgeos/daily"}]
[1789490403.503][2026-09-15 09:40:03][subbas-macbook-air.local][4306][SQLite][debug][9][Cached JSON fetch complete: timeline/smu2svkrvihxgeos/monthly][]
[1789490403.504][2026-09-15 09:40:03][subbas-macbook-air.local][4306][SQLite][debug][9][Cached JSON fetch complete: timeline/smu2svkrvihxgeos/monthly][]
[1789490403.504][2026-09-15 09:40:03][subbas-macbook-air.local][4306][SQLite][debug][9][Cached JSON fetch complete: timeline/smu2svkrvihxgeos/monthly/0][]
[1789490403.504][2026-09-15 09:40:03][subbas-macbook-air.local][4306][SQLite][debug][9][Cached JSON fetch complete: timeline/smu2svkrvihxgeos/monthly][]
[1789490403.505][2026-09-15 09:40:03][subbas-macbook-air.local][4306][SQLite][debug][9][Cached JSON fetch complete: timeline/smu2svkrvihxgeos/monthly/0][]
[1789490403.506][2026-09-15 09:40:03][subbas-macbook-air.local][4306][SQLite][debug][5][Beginning transaction commit: 424][{"path":"timeline/smu2svkrvihxgeos/monthly","actions":2}]
[1789490403.506][2026-09-15 09:40:03][subbas-macbook-air.local][4306][SQLite][debug][5][Transaction commit complete: 424][{"path":"timeline/smu2svkrvihxgeos/monthly"}]
[1789490403.506][2026-09-15 09:40:03][subbas-macbook-air.local][4306][SQLite][debug][9][Cached JSON fetch complete: timeline/smu2svkrvihxgeos/yearly][]
[1789490403.507][2026-09-15 09:40:03][subbas-macbook-air.local][4306][SQLite][debug][9][Cached JSON fetch complete: timeline/smu2svkrvihxgeos/yearly][]
[1789490403.507][2026-09-15 09:40:03][subbas-macbook-air.local][4306][SQLite][debug][9][Cached JSON fetch complete: timeline/smu2svkrvihxgeos/yearly/0][]
[1789490403.507][2026-09-15 09:40:03][subbas-macbook-air.local][4306][SQLite][debug][9][Cached JSON fetch complete: timeline/smu2svkrvihxgeos/yearly][]
[1789490403.507][2026-09-15 09:40:03][subbas-macbook-air.local][4306][SQLite][debug][9][Cached JSON fetch complete: timeline/smu2svkrvihxgeos/yearly/0][]
[1789490403.508][2026-09-15 09:40:03][subbas-macbook-air.local][4306][SQLite][debug][5][Beginning transaction commit: 425][{"path":"timeline/smu2svkrvihxgeos/yearly","actions":2}]
[1789490403.508][2026-09-15 09:40:03][subbas-macbook-air.local][4306][SQLite][debug][5][Transaction commit complete: 425][{"path":"timeline/smu2svkrvihxgeos/yearly"}]
[1789490403.508][2026-09-15 09:40:03][subbas-macbook-air.local][4306][SQLite][debug][9][Storing SQLite JSON Object: hosts/smu2svkrvihxgeos/data][]
[1789490403.513][2026-09-15 09:40:03][subbas-macbook-air.local][4306][SQLite][debug][9][Store complete: hosts/smu2svkrvihxgeos/data][]
[1789490463.475][2026-09-15 09:41:03][subbas-macbook-air.local][4306][SQLite][debug][9][Cached JSON fetch complete: hosts/smu2svkrvihxgeos/data][]
[1789490463.478][2026-09-15 09:41:03][subbas-macbook-air.local][4306][SQLite][debug][9][Cached JSON fetch complete: timeline/smu2svkrvihxgeos/hourly][]
[1789490463.478][2026-09-15 09:41:03][subbas-macbook-air.local][4306][SQLite][debug][9][Cached JSON fetch complete: timeline/smu2svkrvihxgeos/hourly][]
[1789490463.48][2026-09-15 09:41:03][subbas-macbook-air.local][4306][SQLite][debug][9][Cached JSON fetch complete: timeline/smu2svkrvihxgeos/hourly/0][]
[1789490463.481][2026-09-15 09:41:03][subbas-macbook-air.local][4306][SQLite][debug][9][Cached JSON fetch complete: timeline/smu2svkrvihxgeos/hourly][]
[1789490463.482][2026-09-15 09:41:03][subbas-macbook-air.local][4306][SQLite][debug][9][Cached JSON fetch complete: timeline/smu2svkrvihxgeos/hourly/0][]
[1789490463.489][2026-09-15 09:41:03][subbas-macbook-air.local][4306][SQLite][debug][5][Beginning transaction commit: 426][{"path":"timeline/smu2svkrvihxgeos/hourly","actions":2}]
[1789490463.492][2026-09-15 09:41:03][subbas-macbook-air.local][4306][SQLite][debug][5][Transaction commit complete: 426][{"path":"timeline/smu2svkrvihxgeos/hourly"}]
[1789490463.494][2026-09-15 09:41:03][subbas-macbook-air.local][4306][SQLite][debug][9][Cached JSON fetch complete: timeline/smu2svkrvihxgeos/daily][]
[1789490463.494][2026-09-15 09:41:03][subbas-macbook-air.local][4306][SQLite][debug][9][Cached JSON fetch complete: timeline/smu2svkrvihxgeos/daily][]
[1789490463.494][2026-09-15 09:41:03][subbas-macbook-air.local][4306][SQLite][debug][9][Cached JSON fetch complete: timeline/smu2svkrvihxgeos/daily/0][]
[1789490463.495][2026-09-15 09:41:03][subbas-macbook-air.local][4306][SQLite][debug][9][Cached JSON fetch complete: timeline/smu2svkrvihxgeos/daily][]
[1789490463.495][2026-09-15 09:41:03][subbas-macbook-air.local][4306][SQLite][debug][9][Cached JSON fetch complete: timeline/smu2svkrvihxgeos/daily/0][]
[1789490463.496][2026-09-15 09:41:03][subbas-macbook-air.local][4306][SQLite][debug][5][Beginning transaction commit: 427][{"path":"timeline/smu2svkrvihxgeos/daily","actions":2}]
[1789490463.496][2026-09-15 09:41:03][subbas-macbook-air.local][4306][SQLite][debug][5][Transaction commit complete: 427][{"path":"timeline/smu2svkrvihxgeos/daily"}]
[1789490463.497][2026-09-15 09:41:03][subbas-macbook-air.local][4306][SQLite][debug][9][Cached JSON fetch complete: timeline/smu2svkrvihxgeos/monthly][]
[1789490463.498][2026-09-15 09:41:03][subbas-macbook-air.local][4306][SQLite][debug][9][Cached JSON fetch complete: timeline/smu2svkrvihxgeos/monthly][]
[1789490463.498][2026-09-15 09:41:03][subbas-macbook-air.local][4306][SQLite][debug][9][Cached JSON fetch complete: timeline/smu2svkrvihxgeos/monthly/0][]
[1789490463.498][2026-09-15 09:41:03][subbas-macbook-air.local][4306][SQLite][debug][9][Cached JSON fetch complete: timeline/smu2svkrvihxgeos/monthly][]
[1789490463.498][2026-09-15 09:41:03][subbas-macbook-air.local][4306][SQLite][debug][9][Cached JSON fetch complete: timeline/smu2svkrvihxgeos/monthly/0][]
[1789490463.499][2026-09-15 09:41:03][subbas-macbook-air.local][4306][SQLite][debug][5][Beginning transaction commit: 428][{"path":"timeline/smu2svkrvihxgeos/monthly","actions":2}]
[1789490463.5][2026-09-15 09:41:03][subbas-macbook-air.local][4306][SQLite][debug][5][Transaction commit complete: 428][{"path":"timeline/smu2svkrvihxgeos/monthly"}]
[1789490463.5][2026-09-15 09:41:03][subbas-macbook-air.local][4306][SQLite][debug][9][Cached JSON fetch complete: timeline/smu2svkrvihxgeos/yearly][]
[1789490463.5][2026-09-15 09:41:03][subbas-macbook-air.local][4306][SQLite][debug][9][Cached JSON fetch complete: timeline/smu2svkrvihxgeos/yearly][]
[1789490463.501][2026-09-15 09:41:03][subbas-macbook-air.local][4306][SQLite][debug][9][Cached JSON fetch complete: timeline/smu2svkrvihxgeos/yearly/0][]
[1789490463.501][2026-09-15 09:41:03][subbas-macbook-air.local][4306][SQLite][debug][9][Cached JSON fetch complete: timeline/smu2svkrvihxgeos/yearly][]
[1789490463.501][2026-09-15 09:41:03][subbas-macbook-air.local][4306][SQLite][debug][9][Cached JSON fetch complete: timeline/smu2svkrvihxgeos/yearly/0][]
[1789490463.502][2026-09-15 09:41:03][subbas-macbook-air.local][4306][SQLite][debug][5][Beginning transaction commit: 429][{"path":"timeline/smu2svkrvihxgeos/yearly","actions":2}]
[1789490463.502][2026-09-15 09:41:03][subbas-macbook-air.local][4306][SQLite][debug][5][Transaction commit complete: 429][{"path":"timeline/smu2svkrvihxgeos/yearly"}]
[1789490463.502][2026-09-15 09:41:03][subbas-macbook-air.local][4306][SQLite][debug][9][Storing SQLite JSON Object: hosts/smu2svkrvihxgeos/data][]
[1789490463.506][2026-09-15 09:41:03][subbas-macbook-air.local][4306][SQLite][debug][9][Store complete: hosts/smu2svkrvihxgeos/data][]
[1789490510.373][2026-09-15 09:41:50][subbas-macbook-air.local][4306][SQLite][debug][2][Shutting down SQLite][]
[1789490510.392][2026-09-15 09:41:50][subbas-macbook-air.local][4306][SQLite][debug][3][Shutdown complete][]
